new.ID_sample,method,PET_annual,TAP_annual,PER,Holdridge
NEF_GloFung-its1_50_2021_1,thornthwaite,772.1971577655286,3246,0.23789191551618255,Wet forest
NEF_GloFung-its1_50_2021_2,thornthwaite,772.1971577655286,3246,0.23789191551618255,Wet forest
NEF_GloFung-its1_50_2021_3,thornthwaite,772.1971577655286,3246,0.23789191551618255,Wet forest
NEF_GloFung-its1_51_2021_1,thornthwaite,729.5225339869644,2422,0.3012066614314469,Moist forest|Wet forest
NEF_GloFung-its1_51_2021_2,thornthwaite,729.5225339869644,2422,0.3012066614314469,Moist forest|Wet forest
NEF_GloFung-its1_51_2021_3,thornthwaite,729.5225339869644,2422,0.3012066614314469,Moist forest|Wet forest
NEF_GloFung-its1_52_2021_1,thornthwaite,729.5209578956744,2422,0.30120601069185565,Moist forest|Wet forest
NEF_GloFung-its1_52_2021_2,thornthwaite,729.5209578956744,2422,0.30120601069185565,Moist forest|Wet forest
NEF_GloFung-its1_52_2021_3,thornthwaite,729.5209578956744,2422,0.30120601069185565,Moist forest|Wet forest
NEF_GloFung-its1_409_2021_1,thornthwaite,1541.7506720098509,1209,1.275228016550745,Dry forest
NEF_GloFung-its1_409_2021_2,thornthwaite,1541.7506720098509,1209,1.275228016550745,Dry forest
NEF_GloFung-its1_409_2021_3,thornthwaite,1541.7506720098509,1209,1.275228016550745,Dry forest
NEF_GloFung-its1_409_2021_4,thornthwaite,1541.7506720098509,1209,1.275228016550745,Dry forest
NEF_GloFung-its1_410_2021_1,thornthwaite,1527.2078998782745,1209,1.2631992554824438,Dry forest
NEF_GloFung-its1_410_2021_2,thornthwaite,1527.2078998782745,1209,1.2631992554824438,Dry forest
NEF_GloFung-its1_410_2021_3,thornthwaite,1527.2078998782745,1209,1.2631992554824438,Dry forest
NEF_GloFung-its1_410_2021_4,thornthwaite,1527.2078998782745,1209,1.2631992554824438,Dry forest
NEF_GloFung-its1_411_2021_1,thornthwaite,1556.9620588303337,1285,1.2116436255488978,Dry forest
NEF_GloFung-its1_411_2021_2,thornthwaite,1556.9620588303337,1285,1.2116436255488978,Dry forest
NEF_GloFung-its1_411_2021_3,thornthwaite,1556.9620588303337,1285,1.2116436255488978,Dry forest
NEF_GloFung-its1_411_2021_4,thornthwaite,1556.9620588303337,1285,1.2116436255488978,Dry forest
NEF_GloFung-its1_412_2021_1,thornthwaite,1565.4164254419584,1294,1.2097499423817297,Dry forest
NEF_GloFung-its1_412_2021_2,thornthwaite,1565.4164254419584,1294,1.2097499423817297,Dry forest
NEF_GloFung-its1_412_2021_3,thornthwaite,1565.4164254419584,1294,1.2097499423817297,Dry forest
NEF_GloFung-its1_412_2021_4,thornthwaite,1565.4164254419584,1294,1.2097499423817297,Dry forest
NEF_GloFung-its1_563_2021_1,thornthwaite,1446.1074852032261,3322,0.43531230740614874,Moist forest|Wet forest
NEF_GloFung-its1_564_2021_1,thornthwaite,1453.1928408461831,3254,0.44658661365893765,Moist forest|Wet forest
NEF_GloFung-its1_565_2021_1,thornthwaite,1485.6623653359397,3014,0.4929204928121897,Moist forest|Wet forest
NEF_GloFung-its1_566_2021_1,thornthwaite,1297.5274673522313,3201,0.4053506614658642,Moist forest|Wet forest
NEF_GloFung-its1_567_2021_1,thornthwaite,1446.1074681714686,3322,0.4353123022791898,Moist forest|Wet forest
NEF_GloFung-its1_567_2021_2,thornthwaite,1446.1074682766027,3322,0.4353123023108377,Moist forest|Wet forest
NEF_GloFung-its1_566_2021_2,thornthwaite,1297.5274765860117,3201,0.40535066435051914,Moist forest|Wet forest
NEF_GloFung-its1_568_2021_1,thornthwaite,1439.47949919198,2891,0.49791750231476306,Moist forest|Wet forest
NEF_GloFung-its1_569_2021_1,thornthwaite,1485.6622770866268,3014,0.4929204635323911,Moist forest|Wet forest
NEF_GloFung-its1_563_2021_2,thornthwaite,1446.1074839678968,3322,0.4353123070342856,Moist forest|Wet forest
NEF_GloFung-its1_563_2021_3,thornthwaite,1446.107486675108,3322,0.43531230784921976,Moist forest|Wet forest
NEF_GloFung-its1_570_2021_1,thornthwaite,1453.1920141148562,3316,0.438236433689643,Moist forest|Wet forest
NEF_GloFung-its1_570_2021_2,thornthwaite,1453.192003425732,3316,0.4382364304661436,Moist forest|Wet forest
NEF_GloFung-its1_567_2021_3,thornthwaite,1446.1074819966275,3322,0.43531230644088725,Moist forest|Wet forest
NEF_GloFung-its1_570_2021_3,thornthwaite,1453.1920032496514,3316,0.4382364304130432,Moist forest|Wet forest
NEF_GloFung-its1_571_2021_1,thornthwaite,1453.1926550099943,3343,0.4346971746963788,Moist forest|Wet forest
NEF_GloFung-its1_565_2021_2,thornthwaite,1485.6623637123027,3014,0.4929204922734913,Moist forest|Wet forest
NEF_GloFung-its1_567_2021_4,thornthwaite,1446.10747298136,3322,0.4353123037270801,Moist forest|Wet forest
NEF_GloFung-its1_572_2021_1,thornthwaite,1453.1926617842068,3254,0.44658655863067204,Moist forest|Wet forest
NEF_GloFung-its1_563_2021_4,thornthwaite,1446.1074744269563,3322,0.4353123041622385,Moist forest|Wet forest
NEF_GloFung-its1_567_2021_5,thornthwaite,1446.1074846249871,3322,0.43531230723208525,Moist forest|Wet forest
NEF_GloFung-its1_569_2021_2,thornthwaite,1485.6622770866268,3014,0.4929204635323911,Moist forest|Wet forest
NEF_GloFung-its1_567_2021_6,thornthwaite,1446.107471772316,3322,0.4353123033631295,Moist forest|Wet forest
NEF_GloFung-its1_573_2021_1,thornthwaite,1441.0568459033102,2901,0.49674486242789045,Moist forest|Wet forest
NEF_GloFung-its1_569_2021_3,thornthwaite,1485.6622595132028,3014,0.49292045770179255,Moist forest|Wet forest
NEF_GloFung-its1_563_2021_5,thornthwaite,1446.107486675108,3322,0.43531230784921976,Moist forest|Wet forest
NEF_GloFung-its1_567_2021_7,thornthwaite,1446.1074789740148,3322,0.43531230553100986,Moist forest|Wet forest
NEF_GloFung-its1_574_2021_1,thornthwaite,1485.6623511052421,3014,0.49292048809065764,Moist forest|Wet forest
NEF_GloFung-its1_575_2021_1,thornthwaite,1475.718517808538,3416,0.43200190802357674,Moist forest|Wet forest
NEF_GloFung-its1_576_2021_1,thornthwaite,1453.1920751838716,3316,0.4382364521061133,Moist forest|Wet forest
NEF_GloFung-its1_573_2021_2,thornthwaite,1441.0568189239193,2901,0.4967448531278591,Moist forest|Wet forest
NEF_GloFung-its1_566_2021_3,thornthwaite,1297.5274564008619,3201,0.4053506580446304,Moist forest|Wet forest
NEF_GloFung-its1_568_2021_2,thornthwaite,1439.4794902364497,2891,0.49791749921703554,Moist forest|Wet forest
NEF_GloFung-its1_565_2021_3,thornthwaite,1485.66237173498,3014,0.49292049493529533,Moist forest|Wet forest
NEF_GloFung-its1_567_2021_8,thornthwaite,1446.1074799202238,3322,0.435312305815841,Moist forest|Wet forest
NEF_GloFung-its1_577_2021_1,thornthwaite,1297.5274578672386,3201,0.40535065850272994,Moist forest|Wet forest
NEF_GloFung-its1_578_2021_1,thornthwaite,1453.1921242381306,3316,0.4382364668993156,Moist forest|Wet forest
NEF_GloFung-its1_575_2021_2,thornthwaite,1480.024686082761,3480,0.4252944500237819,Moist forest|Wet forest
NEF_GloFung-its1_567_2021_9,thornthwaite,1446.1074834159417,3322,0.43531230686813416,Moist forest|Wet forest
NEF_GloFung-its1_579_2021_1,thornthwaite,1435.2600672332424,2882,0.49800835087898765,Moist forest|Wet forest
NEF_GloFung-its1_567_2021_10,thornthwaite,1446.1074818914933,3322,0.4353123064092394,Moist forest|Wet forest
NEF_GloFung-its1_566_2021_4,thornthwaite,1297.5274619073136,3201,0.405350659764859,Moist forest|Wet forest
NEF_GloFung-its1_568_2021_3,thornthwaite,1439.4795035098261,2891,0.4979175038083107,Moist forest|Wet forest
NEF_GloFung-its1_569_2021_4,thornthwaite,1485.662288738577,3014,0.49292046739833345,Moist forest|Wet forest
NEF_GloFung-its1_570_2021_4,thornthwaite,1453.1920040679079,3316,0.43823643065980333,Moist forest|Wet forest
NEF_GloFung-its1_563_2021_6,thornthwaite,1446.1074819440603,3322,0.4353123064250633,Moist forest|Wet forest
NEF_GloFung-its1_568_2021_4,thornthwaite,1439.4794889570885,2891,0.49791749877450314,Moist forest|Wet forest
NEF_GloFung-its1_565_2021_4,thornthwaite,1485.6623636167947,3014,0.4929204922418031,Moist forest|Wet forest
NEF_GloFung-its1_568_2021_5,thornthwaite,1439.479492715212,2891,0.4979175000744421,Moist forest|Wet forest
NEF_GloFung-its1_565_2021_5,thornthwaite,1485.6623716394722,3014,0.49292049490360723,Moist forest|Wet forest
NEF_GloFung-its1_580_2021_1,thornthwaite,1446.107351078942,3322,0.43531226703159,Moist forest|Wet forest
NEF_GloFung-its1_579_2021_2,thornthwaite,1435.260075672051,2882,0.4980083538070961,Moist forest|Wet forest
NEF_GloFung-its1_579_2021_3,thornthwaite,1435.2600711847476,2882,0.49800835225008594,Moist forest|Wet forest
NEF_GloFung-its1_568_2021_6,thornthwaite,1439.4794983124189,2891,0.49791750201052193,Moist forest|Wet forest
NEF_GloFung-its1_569_2021_5,thornthwaite,1485.662274125886,3014,0.49292046255006167,Moist forest|Wet forest
NEF_GloFung-its1_574_2021_2,thornthwaite,1485.6623569312314,3014,0.49292049002363353,Moist forest|Wet forest
NEF_GloFung-its1_568_2021_7,thornthwaite,1439.4794996717405,2891,0.49791750248071276,Moist forest|Wet forest
NEF_GloFung-its1_570_2021_5,thornthwaite,1453.1920047100837,3316,0.4382364308534631,Moist forest|Wet forest
NEF_GloFung-its1_567_2021_11,thornthwaite,1446.1074788425972,3322,0.43531230549145006,Moist forest|Wet forest
NEF_GloFung-its1_568_2021_8,thornthwaite,1439.4794996717405,2891,0.49791750248071276,Moist forest|Wet forest
NEF_GloFung-its1_581_2021_1,thornthwaite,1446.1074677246484,3322,0.4353123021446864,Moist forest|Wet forest
NEF_GloFung-its1_582_2021_1,thornthwaite,1456.9992547795725,3291,0.442722350282459,Moist forest|Wet forest
NEF_GloFung-its1_563_2021_7,thornthwaite,1446.1074808664332,3322,0.43531230610067223,Moist forest|Wet forest
NEF_GloFung-its1_570_2021_6,thornthwaite,1453.1920037848117,3316,0.43823643057443057,Moist forest|Wet forest
NEF_GloFung-its1_567_2021_12,thornthwaite,1446.1074789740148,3322,0.43531230553100986,Moist forest|Wet forest
NEF_GloFung-its1_568_2021_9,thornthwaite,1439.4794824803234,2891,0.49791749653418316,Moist forest|Wet forest
NEF_GloFung-its1_563_2021_8,thornthwaite,1446.1074868853766,3322,0.4353123079125155,Moist forest|Wet forest
NEF_GloFung-its1_573_2021_3,thornthwaite,1441.0568145272803,2901,0.4967448516122993,Moist forest|Wet forest
NEF_GloFung-its1_567_2021_13,thornthwaite,1446.1074849929573,3322,0.4353123073428529,Moist forest|Wet forest
NEF_GloFung-its1_575_2021_3,thornthwaite,1480.0246857755585,3480,0.4252944499355053,Moist forest|Wet forest
NEF_GloFung-its1_565_2021_6,thornthwaite,1485.6623653359397,3014,0.4929204928121897,Moist forest|Wet forest
NEF_GloFung-its1_575_2021_4,thornthwaite,1475.7185179812932,3416,0.43200190807414907,Moist forest|Wet forest
NEF_GloFung-its1_563_2021_9,thornthwaite,1446.1074828377027,3322,0.43531230669407067,Moist forest|Wet forest
NEF_GloFung-its1_566_2021_5,thornthwaite,1297.5274564008619,3201,0.4053506580446304,Moist forest|Wet forest
NEF_GloFung-its1_567_2021_14,thornthwaite,1446.107478711179,3322,0.43531230545189015,Moist forest|Wet forest
NEF_GloFung-its1_568_2021_10,thornthwaite,1439.4795063883905,2891,0.49791750480400915,Moist forest|Wet forest
NEF_GloFung-its1_583_2021_1,thornthwaite,1448.9872852587946,3355,0.43188890767773314,Moist forest|Wet forest
NEF_GloFung-its1_567_2021_15,thornthwaite,1446.107481313254,3322,0.4353123062351758,Moist forest|Wet forest
NEF_GloFung-its1_567_2021_16,thornthwaite,1446.1074834159417,3322,0.43531230686813416,Moist forest|Wet forest
NEF_GloFung-its1_575_2021_5,thornthwaite,1480.0246866971654,3480,0.4252944502003349,Moist forest|Wet forest
NEF_GloFung-its1_566_2021_6,thornthwaite,1297.5274619073136,3201,0.405350659764859,Moist forest|Wet forest
NEF_GloFung-its1_563_2021_10,thornthwaite,1446.1074867539585,3322,0.4353123078729556,Moist forest|Wet forest
NEF_GloFung-its1_566_2021_7,thornthwaite,1297.5274765860117,3201,0.40535066435051914,Moist forest|Wet forest
NEF_GloFung-its1_574_2021_3,thornthwaite,1485.6623511052421,3014,0.49292048809065764,Moist forest|Wet forest
NEF_GloFung-its1_579_2021_4,thornthwaite,1435.260063147788,2882,0.49800834946141154,Moist forest|Wet forest
NEF_GloFung-its1_567_2021_17,thornthwaite,1446.1074788425972,3322,0.43531230549145006,Moist forest|Wet forest
NEF_GloFung-its1_568_2021_11,thornthwaite,1439.4795035098261,2891,0.4979175038083107,Moist forest|Wet forest
NEF_GloFung-its1_563_2021_11,thornthwaite,1446.10748494039,3322,0.43531230732702886,Moist forest|Wet forest
NEF_GloFung-its1_568_2021_12,thornthwaite,1439.479514144525,2891,0.4979175074868644,Moist forest|Wet forest
NEF_GloFung-its1_576_2021_2,thornthwaite,1453.1920622160071,3316,0.4382364481954183,Moist forest|Wet forest
NEF_GloFung-its1_568_2021_13,thornthwaite,1439.4795156637674,2891,0.497917508012372,Moist forest|Wet forest
NEF_GloFung-its1_568_2021_14,thornthwaite,1439.4794824803234,2891,0.49791749653418316,Moist forest|Wet forest
NEF_GloFung-its1_568_2021_15,thornthwaite,1439.4794902364497,2891,0.49791749921703554,Moist forest|Wet forest
NEF_GloFung-its1_579_2021_5,thornthwaite,1435.2600472748036,2882,0.49800834395378335,Moist forest|Wet forest
NEF_GloFung-its1_567_2021_18,thornthwaite,1446.107480682448,3322,0.4353123060452884,Moist forest|Wet forest
NEF_GloFung-its1_565_2021_7,thornthwaite,1485.6623716394722,3014,0.49292049490360723,Moist forest|Wet forest
NEF_GloFung-its1_567_2021_19,thornthwaite,1446.107478711179,3322,0.43531230545189015,Moist forest|Wet forest
NEF_GloFung-its1_563_2021_12,thornthwaite,1446.1074871744963,3322,0.43531230799954734,Moist forest|Wet forest
NEF_GloFung-its1_569_2021_6,thornthwaite,1485.6622792833057,3014,0.4929204642612162,Moist forest|Wet forest
NEF_GloFung-its1_568_2021_16,thornthwaite,1439.479498632259,2891,0.497917502121155,Moist forest|Wet forest
NEF_GloFung-its1_569_2021_7,thornthwaite,1485.6622811934612,3014,0.4929204648949772,Moist forest|Wet forest
NEF_GloFung-its1_584_2021_1,thornthwaite,1444.6560068372057,3254,0.4439631244121714,Moist forest|Wet forest
NEF_GloFung-its1_563_2021_13,thornthwaite,1446.1074839678968,3322,0.4353123070342856,Moist forest|Wet forest
NEF_GloFung-its1_570_2021_7,thornthwaite,1453.192003425732,3316,0.4382364304661436,Moist forest|Wet forest
NEF_GloFung-its1_569_2021_8,thornthwaite,1485.662250535479,3014,0.49292045472311846,Moist forest|Wet forest
NEF_GloFung-its1_567_2021_20,thornthwaite,1446.1074823383142,3322,0.435312306543743,Moist forest|Wet forest
NEF_GloFung-its1_585_2021_1,thornthwaite,1453.1925930651205,3343,0.43469715616665283,Moist forest|Wet forest
NEF_GloFung-its1_584_2021_2,thornthwaite,1444.6560046727134,3254,0.4439631237469924,Moist forest|Wet forest
NEF_GloFung-its1_564_2021_2,thornthwaite,1453.1928472268658,3254,0.4465866156198112,Moist forest|Wet forest
NEF_GloFung-its1_566_2021_8,thornthwaite,1319.857653669755,3127,0.4220843152125856,Moist forest|Wet forest
NEF_GloFung-its1_564_2021_3,thornthwaite,1453.1928408461831,3254,0.44658661365893765,Moist forest|Wet forest
NEF_GloFung-its1_573_2021_4,thornthwaite,1441.0568169254473,2901,0.4967448524389684,Moist forest|Wet forest
NEF_GloFung-its1_581_2021_2,thornthwaite,1446.1074661739185,3322,0.4353123016778803,Moist forest|Wet forest
NEF_GloFung-its1_569_2021_9,thornthwaite,1485.6622551198484,3014,0.4929204562441435,Moist forest|Wet forest
NEF_GloFung-its1_586_2021_1,thornthwaite,1450.3237294359121,3341,0.4340986918395427,Moist forest|Wet forest
NEF_GloFung-its1_577_2021_2,thornthwaite,1297.5274569494763,3201,0.40535065821601884,Moist forest|Wet forest
NEF_GloFung-its1_570_2021_8,thornthwaite,1453.1920036294466,3316,0.4382364305275774,Moist forest|Wet forest
NEF_GloFung-its1_563_2021_14,thornthwaite,1446.1074819440603,3322,0.4353123064250633,Moist forest|Wet forest
NEF_GloFung-its1_579_2021_6,thornthwaite,1435.260066496521,2882,0.49800835062335913,Moist forest|Wet forest
NEF_GloFung-its1_563_2021_15,thornthwaite,1446.1074742692545,3322,0.43531230411476657,Moist forest|Wet forest
NEF_GloFung-its1_570_2021_9,thornthwaite,1453.1920047100837,3316,0.4382364308534631,Moist forest|Wet forest
NEF_GloFung-its1_571_2021_2,thornthwaite,1453.1926550099943,3343,0.4346971746963788,Moist forest|Wet forest
NEF_GloFung-its1_568_2021_17,thornthwaite,1439.47949919198,2891,0.49791750231476306,Moist forest|Wet forest
NEF_GloFung-its1_579_2021_7,thornthwaite,1435.2600724572662,2882,0.498008352691626,Moist forest|Wet forest
NEF_GloFung-its1_567_2021_21,thornthwaite,1446.107479972791,3322,0.43531230583166497,Moist forest|Wet forest
NEF_GloFung-its1_573_2021_5,thornthwaite,1441.0568029361436,2901,0.49674484761673343,Moist forest|Wet forest
NEF_GloFung-its1_570_2021_10,thornthwaite,1453.1920050415297,3316,0.4382364309534167,Moist forest|Wet forest
NEF_GloFung-its1_574_2021_4,thornthwaite,1485.6623589369003,3014,0.4929204906890844,Moist forest|Wet forest
NEF_GloFung-its1_565_2021_8,thornthwaite,1485.6623637123027,3014,0.4929204922734913,Moist forest|Wet forest
NEF_GloFung-its1_569_2021_10,thornthwaite,1485.662250535479,3014,0.49292045472311846,Moist forest|Wet forest
NEF_GloFung-its1_563_2021_16,thornthwaite,1446.1074808664332,3322,0.43531230610067223,Moist forest|Wet forest
NEF_GloFung-its1_573_2021_6,thornthwaite,1441.0568179246832,2901,0.49674485278341374,Moist forest|Wet forest
NEF_GloFung-its1_567_2021_22,thornthwaite,1446.1074720351517,3322,0.43531230344224914,Moist forest|Wet forest
NEF_GloFung-its1_564_2021_4,thornthwaite,1453.1928472268658,3254,0.4465866156198112,Moist forest|Wet forest
NEF_GloFung-its1_568_2021_18,thornthwaite,1439.4795148641663,2891,0.4979175077357891,Moist forest|Wet forest
NEF_GloFung-its1_586_2021_2,thornthwaite,1450.323736049922,3341,0.43409869381919247,Moist forest|Wet forest
NEF_GloFung-its1_573_2021_7,thornthwaite,1441.0568179246832,2901,0.49674485278341374,Moist forest|Wet forest
NEF_GloFung-its1_566_2021_9,thornthwaite,1297.527474263467,3201,0.40535066362495065,Moist forest|Wet forest
NEF_GloFung-its1_573_2021_8,thornthwaite,1441.0568099307943,2901,0.4967448500278505,Moist forest|Wet forest
NEF_GloFung-its1_564_2021_5,thornthwaite,1453.1928472268658,3254,0.4465866156198112,Moist forest|Wet forest
NEF_GloFung-its1_565_2021_9,thornthwaite,1485.66237173498,3014,0.49292049493529533,Moist forest|Wet forest
NEF_GloFung-its1_570_2021_11,thornthwaite,1453.1920032185787,3316,0.4382364304036727,Moist forest|Wet forest
NEF_GloFung-its1_563_2021_17,thornthwaite,1446.1074832582399,3322,0.43531230682066224,Moist forest|Wet forest
NEF_GloFung-its1_564_2021_6,thornthwaite,1453.1928408461831,3254,0.44658661365893765,Moist forest|Wet forest
NEF_GloFung-its1_563_2021_18,thornthwaite,1446.1074769238958,3322,0.4353123049138759,Moist forest|Wet forest
NEF_GloFung-its1_566_2021_10,thornthwaite,1319.857653669755,3127,0.4220843152125856,Moist forest|Wet forest
NEF_GloFung-its1_575_2021_6,thornthwaite,1480.0246873437034,3480,0.4252944503861217,Moist forest|Wet forest
NEF_GloFung-its1_565_2021_10,thornthwaite,1485.662355403103,3014,0.49292048951662343,Moist forest|Wet forest
NEF_GloFung-its1_574_2021_5,thornthwaite,1485.6623589369003,3014,0.4929204906890844,Moist forest|Wet forest
NEF_GloFung-its1_567_2021_23,thornthwaite,1446.1074720351517,3322,0.43531230344224914,Moist forest|Wet forest
NEF_GloFung-its1_579_2021_8,thornthwaite,1435.260067300217,2882,0.4980083509022266,Moist forest|Wet forest
NEF_GloFung-its1_567_2021_24,thornthwaite,1446.1074849929573,3322,0.4353123073428529,Moist forest|Wet forest
NEF_GloFung-its1_568_2021_19,thornthwaite,1439.4795266183123,2891,0.4979175118015608,Moist forest|Wet forest
NEF_GloFung-its1_567_2021_25,thornthwaite,1446.1074695382133,3322,0.43531230269061205,Moist forest|Wet forest
NEF_GloFung-its1_577_2021_3,thornthwaite,1297.5274578672386,3201,0.40535065850272994,Moist forest|Wet forest
NEF_GloFung-its1_573_2021_9,thornthwaite,1441.0568099307943,2901,0.4967448500278505,Moist forest|Wet forest
NEF_GloFung-its1_575_2021_7,thornthwaite,1480.0246884174367,3480,0.4252944506946657,Moist forest|Wet forest
NEF_GloFung-its1_568_2021_20,thornthwaite,1439.4794889570885,2891,0.49791749877450314,Moist forest|Wet forest
NEF_GloFung-its1_563_2021_19,thornthwaite,1446.1074817337917,3322,0.43531230636176754,Moist forest|Wet forest
NEF_GloFung-its1_568_2021_21,thornthwaite,1439.479498632259,2891,0.497917502121155,Moist forest|Wet forest
NEF_GloFung-its1_573_2021_10,thornthwaite,1441.0568099307943,2901,0.4967448500278505,Moist forest|Wet forest
NEF_GloFung-its1_587_2021_1,thornthwaite,1444.6559822129557,3254,0.4439631168447928,Moist forest|Wet forest
NEF_GloFung-its1_575_2021_8,thornthwaite,1480.0246902611113,3480,0.4252944512244573,Moist forest|Wet forest
NEF_GloFung-its1_567_2021_26,thornthwaite,1446.1074695382133,3322,0.43531230269061205,Moist forest|Wet forest
NEF_GloFung-its1_567_2021_27,thornthwaite,1446.107481313254,3322,0.4353123062351758,Moist forest|Wet forest
NEF_GloFung-its1_582_2021_2,thornthwaite,1456.9992547795725,3291,0.442722350282459,Moist forest|Wet forest
NEF_GloFung-its1_566_2021_11,thornthwaite,1297.5274825180131,3201,0.4053506662036904,Moist forest|Wet forest
NEF_GloFung-its1_568_2021_22,thornthwaite,1439.479492715212,2891,0.4979175000744421,Moist forest|Wet forest
NEF_GloFung-its1_577_2021_4,thornthwaite,1297.5274569494763,3201,0.40535065821601884,Moist forest|Wet forest
NEF_GloFung-its1_575_2021_9,thornthwaite,1480.0246903225518,3480,0.42529445124211257,Moist forest|Wet forest
NEF_GloFung-its1_563_2021_20,thornthwaite,1446.1074855186293,3322,0.4353123075010925,Moist forest|Wet forest
NEF_GloFung-its1_564_2021_7,thornthwaite,1453.1928472268658,3254,0.4465866156198112,Moist forest|Wet forest
NEF_GloFung-its1_586_2021_3,thornthwaite,1450.3237371446553,3341,0.4340986941468588,Moist forest|Wet forest
NEF_GloFung-its1_568_2021_23,thornthwaite,1439.4795305363623,2891,0.4979175131568185,Moist forest|Wet forest
NEF_GloFung-its1_587_2021_2,thornthwaite,1444.6559834352538,3254,0.4439631172204222,Moist forest|Wet forest
NEF_GloFung-its1_566_2021_12,thornthwaite,1297.5274673522313,3201,0.4053506614658642,Moist forest|Wet forest
NEF_GloFung-its1_579_2021_9,thornthwaite,1435.260071720545,2882,0.4980083524359976,Moist forest|Wet forest
NEF_GloFung-its1_568_2021_24,thornthwaite,1439.4795035098261,2891,0.4979175038083107,Moist forest|Wet forest
NEF_GloFung-its1_563_2021_21,thornthwaite,1446.1074852032261,3322,0.43531230740614874,Moist forest|Wet forest
NEF_GloFung-its1_564_2021_8,thornthwaite,1453.1928408461831,3254,0.44658661365893765,Moist forest|Wet forest
NEF_GloFung-its1_565_2021_11,thornthwaite,1485.6623636167947,3014,0.4929204922418031,Moist forest|Wet forest
NEF_GloFung-its1_568_2021_25,thornthwaite,1439.4795063883905,2891,0.49791750480400915,Moist forest|Wet forest
NEF_GloFung-its1_568_2021_26,thornthwaite,1439.4794997517008,2891,0.4979175025083711,Moist forest|Wet forest
NEF_GloFung-its1_570_2021_12,thornthwaite,1453.1920141148562,3316,0.438236433689643,Moist forest|Wet forest
NEF_GloFung-its1_569_2021_11,thornthwaite,1485.6622742213938,3014,0.49292046258174976,Moist forest|Wet forest
NEF_GloFung-its1_566_2021_13,thornthwaite,1297.527474263467,3201,0.40535066362495065,Moist forest|Wet forest
NEF_GloFung-its1_568_2021_27,thornthwaite,1439.4795227002628,2891,0.4979175104463033,Moist forest|Wet forest
NEF_GloFung-its1_567_2021_28,thornthwaite,1446.1074682766027,3322,0.4353123023108377,Moist forest|Wet forest
NEF_GloFung-its1_570_2021_13,thornthwaite,1453.1920013127665,3316,0.43823642982894045,Moist forest|Wet forest
NEF_GloFung-its1_581_2021_3,thornthwaite,1446.1074661739185,3322,0.4353123016778803,Moist forest|Wet forest
NEF_GloFung-its1_568_2021_28,thornthwaite,1439.4795294169196,2891,0.49791751276960206,Moist forest|Wet forest
NEF_GloFung-its1_568_2021_29,thornthwaite,1439.479504229467,2891,0.4979175040572352,Moist forest|Wet forest
NEF_GloFung-its1_569_2021_12,thornthwaite,1485.66227823272,3014,0.4929204639126476,Moist forest|Wet forest
NEF_GloFung-its1_567_2021_29,thornthwaite,1446.1074846249871,3322,0.43531230723208525,Moist forest|Wet forest
NEF_GloFung-its1_575_2021_10,thornthwaite,1480.024688448157,3480,0.42529445070349337,Moist forest|Wet forest
NEF_GloFung-its1_567_2021_30,thornthwaite,1446.1074681714686,3322,0.4353123022791898,Moist forest|Wet forest
NEF_GloFung-its1_572_2021_2,thornthwaite,1453.1926617842068,3254,0.44658655863067204,Moist forest|Wet forest
NEF_GloFung-its1_567_2021_31,thornthwaite,1446.1074802619107,3322,0.4353123059186968,Moist forest|Wet forest
NEF_GloFung-its1_567_2021_32,thornthwaite,1446.1074819966275,3322,0.43531230644088725,Moist forest|Wet forest
NEF_GloFung-its1_583_2021_2,thornthwaite,1448.9872852587946,3355,0.43188890767773314,Moist forest|Wet forest
NEF_GloFung-its1_566_2021_14,thornthwaite,1297.5274825180131,3201,0.4053506662036904,Moist forest|Wet forest
NEF_GloFung-its1_585_2021_2,thornthwaite,1453.1925930651205,3343,0.43469715616665283,Moist forest|Wet forest
NEF_GloFung-its1_567_2021_33,thornthwaite,1446.107471772316,3322,0.4353123033631295,Moist forest|Wet forest
NEF_GloFung-its1_568_2021_30,thornthwaite,1439.4794997517008,2891,0.4979175025083711,Moist forest|Wet forest
NEF_GloFung-its1_565_2021_12,thornthwaite,1485.662355403103,3014,0.49292048951662343,Moist forest|Wet forest
NEF_GloFung-its1_588_2021_1,thornthwaite,1444.6559729184003,3254,0.44396311398844507,Moist forest|Wet forest
NEF_GloFung-its1_567_2021_34,thornthwaite,1446.1074800253584,3322,0.435312305847489,Moist forest|Wet forest
NEF_GloFung-its1_579_2021_10,thornthwaite,1435.2600660946728,2882,0.49800835048392533,Moist forest|Wet forest
NEF_GloFung-its1_563_2021_22,thornthwaite,1446.1074864648392,3322,0.4353123077859239,Moist forest|Wet forest
NEF_GloFung-its1_570_2021_14,thornthwaite,1453.192003425732,3316,0.4382364304661436,Moist forest|Wet forest
NEF_GloFung-its1_570_2021_15,thornthwaite,1453.1920033221552,3316,0.43823643043490806,Moist forest|Wet forest
NEF_GloFung-its1_588_2021_2,thornthwaite,1444.6559721035358,3254,0.4439631137380257,Moist forest|Wet forest
NEF_GloFung-its1_563_2021_23,thornthwaite,1446.1074845987034,3322,0.4353123072241732,Moist forest|Wet forest
NEF_GloFung-its1_589_2021_1,thornthwaite,897.4235639639379,1423,0.63065605338295,Dry forest|Moist forest
NEF_GloFung-its1_590_2021_1,thornthwaite,1012.0890126178209,2354,0.4299443554026427,Moist forest|Wet forest
NEF_GloFung-its1_591_2021_1,thornthwaite,1016.0315202080218,2390,0.4251177908820175,Moist forest|Wet forest
NEF_GloFung-its1_592_2021_1,thornthwaite,897.4232517727169,1423,0.6306558339934764,Dry forest|Moist forest
NEF_GloFung-its1_592_2021_2,thornthwaite,897.4231431849096,1423,0.6306557576844058,Dry forest|Moist forest
NEF_GloFung-its1_593_2021_1,thornthwaite,1023.3880360092069,2256,0.45362944858564136,Moist forest|Wet forest
NEF_GloFung-its1_590_2021_2,thornthwaite,1012.0890346179665,2354,0.42994436474849895,Moist forest|Wet forest
NEF_GloFung-its1_594_2021_1,thornthwaite,1506.5018284096786,3028,0.4975237214034606,Moist forest|Wet forest
NEF_GloFung-its1_590_2021_3,thornthwaite,1012.0889759509286,2354,0.4299443398262228,Moist forest|Wet forest
NEF_GloFung-its1_594_2021_2,thornthwaite,1506.501805961533,3028,0.4975237139899382,Moist forest|Wet forest
NEF_GloFung-its1_593_2021_2,thornthwaite,1023.3880360092069,2256,0.45362944858564136,Moist forest|Wet forest
NEF_GloFung-its1_595_2021_1,thornthwaite,1489.0001348958574,3186,0.46735723003636453,Moist forest|Wet forest
NEF_GloFung-its1_589_2021_2,thornthwaite,897.4234010813258,1423,0.630655938918711,Dry forest|Moist forest
NEF_GloFung-its1_592_2021_3,thornthwaite,897.4231974787846,1423,0.630655795838921,Dry forest|Moist forest
NEF_GloFung-its1_591_2021_2,thornthwaite,1016.0314624233715,2390,0.42511776670433954,Moist forest|Wet forest
NEF_GloFung-its1_592_2021_4,thornthwaite,897.4233264269672,1423,0.6306558864560556,Dry forest|Moist forest
NEF_GloFung-its1_596_2021_1,thornthwaite,1613.7517230132153,3070,0.5256520270401353,Moist forest
NEF_GloFung-its1_597_2021_1,thornthwaite,1601.7869158052401,3049,0.5253482833077207,Moist forest
NEF_GloFung-its1_590_2021_4,thornthwaite,1012.0890346179665,2354,0.42994436474849895,Moist forest|Wet forest
NEF_GloFung-its1_594_2021_3,thornthwaite,1506.501805961533,3028,0.4975237139899382,Moist forest|Wet forest
NEF_GloFung-its1_594_2021_4,thornthwaite,1506.5017902478378,3028,0.4975237088004748,Moist forest|Wet forest
NEF_GloFung-its1_596_2021_2,thornthwaite,1613.7517036805043,3070,0.5256520207428352,Moist forest
NEF_GloFung-its1_597_2021_2,thornthwaite,1601.7869158052401,3049,0.5253482833077207,Moist forest
NEF_GloFung-its1_591_2021_3,thornthwaite,1016.0315129849375,2390,0.4251177878598065,Moist forest|Wet forest
NEF_GloFung-its1_593_2021_3,thornthwaite,1023.3880360092069,2256,0.45362944858564136,Moist forest|Wet forest
NEF_GloFung-its1_593_2021_4,thornthwaite,1023.3880360092069,2256,0.45362944858564136,Moist forest|Wet forest
NEF_GloFung-its1_590_2021_5,thornthwaite,1012.0889539508034,2354,0.4299443304803753,Moist forest|Wet forest
NEF_GloFung-its1_596_2021_3,thornthwaite,1613.7517375127543,3070,0.5256520317631121,Moist forest
NEF_GloFung-its1_593_2021_5,thornthwaite,1023.3880360092069,2256,0.45362944858564136,Moist forest|Wet forest
NEF_GloFung-its1_592_2021_5,thornthwaite,897.4233535739942,1423,0.6306559055333761,Dry forest|Moist forest
NEF_GloFung-its1_595_2021_2,thornthwaite,1489.0001150253847,3186,0.4673572237995558,Moist forest|Wet forest
NEF_GloFung-its1_589_2021_3,thornthwaite,897.4234010813258,1423,0.630655938918711,Dry forest|Moist forest
NEF_GloFung-its1_597_2021_3,thornthwaite,1601.786903876778,3049,0.5253482793954667,Moist forest
NEF_GloFung-its1_597_2021_4,thornthwaite,1601.7869014910855,3049,0.5253482786130159,Moist forest
NEF_GloFung-its1_593_2021_6,thornthwaite,1023.3880360092069,2256,0.45362944858564136,Moist forest|Wet forest
NEF_GloFung-its1_589_2021_4,thornthwaite,897.4234010813258,1423,0.630655938918711,Dry forest|Moist forest
NEF_GloFung-its1_591_2021_4,thornthwaite,1016.0314696464499,2390,0.4251177697265481,Moist forest|Wet forest
NEF_GloFung-its1_592_2021_6,thornthwaite,897.4234282283919,1423,0.630655957996059,Dry forest|Moist forest
NEF_GloFung-its1_595_2021_3,thornthwaite,1489.0001393115194,3186,0.4673572314223225,Moist forest|Wet forest
NEF_GloFung-its1_592_2021_7,thornthwaite,897.423360360753,1423,0.6306559103027076,Dry forest|Moist forest
NEF_GloFung-its1_597_2021_5,thornthwaite,1601.7869444335631,3049,0.5253482926971345,Moist forest
NEF_GloFung-its1_594_2021_5,thornthwaite,1506.5018037167188,3028,0.49752371324858613,Moist forest|Wet forest
NEF_GloFung-its1_593_2021_7,thornthwaite,1023.3880360092069,2256,0.45362944858564136,Moist forest|Wet forest
NEF_GloFung-its1_593_2021_8,thornthwaite,1023.3880360092069,2256,0.45362944858564136,Moist forest|Wet forest
NEF_GloFung-its1_589_2021_5,thornthwaite,897.4234825225673,1423,0.6306559961507852,Dry forest|Moist forest
NEF_GloFung-its1_592_2021_8,thornthwaite,897.4235232432364,1423,0.6306560247668562,Dry forest|Moist forest
NEF_GloFung-its1_596_2021_4,thornthwaite,1613.751698847328,3070,0.5256520191685108,Moist forest
NEF_GloFung-its1_598_2021_1,thornthwaite,876.0949565684291,2049,0.42757196513832557,Moist forest|Wet forest
NEF_GloFung-its1_593_2021_9,thornthwaite,1023.3880360092069,2256,0.45362944858564136,Moist forest|Wet forest
NEF_GloFung-its1_590_2021_6,thornthwaite,1012.0889832843054,2354,0.42994434294150613,Moist forest|Wet forest
NEF_GloFung-its1_592_2021_9,thornthwaite,897.423360360753,1423,0.6306559103027076,Dry forest|Moist forest
NEF_GloFung-its1_595_2021_4,thornthwaite,1489.0001282723651,3186,0.46735722795742785,Moist forest|Wet forest
NEF_GloFung-its1_595_2021_5,thornthwaite,1489.000110609725,3186,0.46735722241359856,Moist forest|Wet forest
NEF_GloFung-its1_596_2021_5,thornthwaite,1613.7517133468587,3070,0.5256520238914849,Moist forest
NEF_GloFung-its1_592_2021_10,thornthwaite,897.4231906920472,1423,0.6306557910696046,Dry forest|Moist forest
NEF_GloFung-its1_592_2021_11,thornthwaite,897.4233942945614,1423,0.6306559341493755,Dry forest|Moist forest
NEF_GloFung-its1_592_2021_12,thornthwaite,897.4231906920472,1423,0.6306557910696046,Dry forest|Moist forest
NEF_GloFung-its1_589_2021_6,thornthwaite,897.4234010813258,1423,0.630655938918711,Dry forest|Moist forest
NEF_GloFung-its1_607_2019_1,thornthwaite,0,0,NA,
NEF_GloFung-its1_608_2019_1,thornthwaite,0,0,NA,
NEF_GloFung-its1_607_2019_2,thornthwaite,0,0,NA,
NEF_GloFung-its1_607_2019_3,thornthwaite,2207.9982750346567,712,3.1011211728014842,Very dry forest
NEF_GloFung-its1_607_2019_4,thornthwaite,2207.9982750346567,712,3.1011211728014842,Very dry forest
NEF_GloFung-its1_608_2019_2,thornthwaite,0,0,NA,
NEF_GloFung-its1_607_2019_5,thornthwaite,2207.9982750346567,712,3.1011211728014842,Very dry forest
NEF_GloFung-its1_608_2019_3,thornthwaite,0,0,NA,
NEF_GloFung-its1_607_2019_6,thornthwaite,0,0,NA,
NEF_GloFung-its1_609_2019_1,thornthwaite,1473.848048027729,2436,0.605027934329938,Moist forest
NEF_GloFung-its1_609_2019_2,thornthwaite,1473.8480940072343,2436,0.6050279532049402,Moist forest
NEF_GloFung-its1_609_2019_3,thornthwaite,1473.8480399137009,2436,0.6050279309990562,Moist forest
NEF_GloFung-its1_610_2019_1,thornthwaite,1426.230804925263,2384,0.5982511765626104,Moist forest
NEF_GloFung-its1_611_2019_1,thornthwaite,1369.1229702312353,2284,0.5994408801362676,Moist forest
NEF_GloFung-its1_612_2019_1,thornthwaite,1426.2273597773003,2384,0.5982497314502099,Moist forest
NEF_GloFung-its1_613_2019_1,thornthwaite,1426.2303456512273,2384,0.5982509839141054,Moist forest
NEF_GloFung-its1_614_2019_1,thornthwaite,1426.2306158121737,2384,0.59825109723665,Moist forest
NEF_GloFung-its1_610_2019_2,thornthwaite,1426.2307830550242,2384,0.5982511673888524,Moist forest
NEF_GloFung-its1_611_2019_2,thornthwaite,1369.1228401876297,2284,0.5994408231994875,Moist forest
NEF_GloFung-its1_611_2019_3,thornthwaite,1369.1228664349483,2284,0.5994408346913084,Moist forest
NEF_GloFung-its1_615_2019_1,thornthwaite,1473.8438626232055,2436,0.6050262161835819,Moist forest
NEF_GloFung-its1_609_2019_4,thornthwaite,1473.848181909285,2436,0.6050279892895258,Moist forest
NEF_GloFung-its1_611_2019_4,thornthwaite,1369.1229738104196,2284,0.5994408817033361,Moist forest
NEF_GloFung-its1_609_2019_5,thornthwaite,1473.848226536507,2436,0.6050280076094035,Moist forest
NEF_GloFung-its1_610_2019_3,thornthwaite,1426.2308267955073,2384,0.5982511857363705,Moist forest
NEF_GloFung-its1_612_2019_2,thornthwaite,1426.2274459689002,2384,0.5982497676044044,Moist forest
NEF_GloFung-its1_612_2019_3,thornthwaite,1426.2273572044178,2384,0.5982497303709806,Moist forest
NEF_GloFung-its1_613_2019_2,thornthwaite,1426.2304035427983,2384,0.5982510081974824,Moist forest
NEF_GloFung-its1_611_2019_5,thornthwaite,1369.1229511422546,2284,0.5994408717785703,Moist forest
NEF_GloFung-its1_614_2019_2,thornthwaite,1426.23060809328,2384,0.598251093998859,Moist forest
NEF_GloFung-its1_614_2019_3,thornthwaite,1426.2308383738737,2384,0.5982511905930679,Moist forest
NEF_GloFung-its1_613_2019_3,thornthwaite,1426.2304845910526,2384,0.5982510421942334,Moist forest
NEF_GloFung-its1_609_2019_6,thornthwaite,1473.8480047529185,2436,0.6050279165652375,Moist forest
NEF_GloFung-its1_614_2019_4,thornthwaite,1426.2305103206713,2384,0.5982510529868588,Moist forest
NEF_GloFung-its1_611_2019_6,thornthwaite,1369.1229678451123,2284,0.5994408790915553,Moist forest
NEF_GloFung-its1_611_2019_7,thornthwaite,1369.1229714242968,2284,0.5994408806586238,Moist forest
NEF_GloFung-its1_613_2019_4,thornthwaite,1426.230507747709,2384,0.5982510519075961,Moist forest
NEF_GloFung-its1_612_2019_4,thornthwaite,1426.2273572044178,2384,0.5982497303709806,Moist forest
NEF_GloFung-its1_612_2019_5,thornthwaite,1426.227376501038,2384,0.5982497384652005,Moist forest
NEF_GloFung-its1_611_2019_8,thornthwaite,1369.1229618798056,2284,0.5994408764797748,Moist forest
NEF_GloFung-its1_616_2019_1,thornthwaite,1426.2301385283206,2384,0.5982508970336915,Moist forest
NEF_GloFung-its1_614_2019_5,thornthwaite,1426.2307972063547,2384,0.5982511733248133,Moist forest
NEF_GloFung-its1_609_2019_7,thornthwaite,1473.8480831885256,2436,0.6050279487637625,Moist forest
NEF_GloFung-its1_612_2019_6,thornthwaite,1426.2273353349199,2384,0.5982497211975335,Moist forest
NEF_GloFung-its1_616_2019_2,thornthwaite,1426.2301385283206,2384,0.5982508970336915,Moist forest
NEF_GloFung-its1_611_2019_9,thornthwaite,1369.122998864714,2284,0.599440892672817,Moist forest
NEF_GloFung-its1_609_2019_8,thornthwaite,1473.8482698114071,2436,0.6050280253741409,Moist forest
NEF_GloFung-its1_613_2019_5,thornthwaite,1426.230426699436,2384,0.5982510179108372,Moist forest
NEF_GloFung-its1_610_2019_4,thornthwaite,1426.230849952241,2384,0.5982511954497655,Moist forest
NEF_GloFung-its1_615_2019_2,thornthwaite,1473.8441249668526,2436,0.6050263238780184,Moist forest
NEF_GloFung-its1_615_2019_3,thornthwaite,1473.8440005563832,2436,0.6050262728063971,Moist forest
NEF_GloFung-its1_288_2019_1,thornthwaite,1369.1210637383333,2284,0.5994400454195855,Moist forest
NEF_GloFung-its1_617_2019_1,thornthwaite,1463.7507659113573,2413,0.6066103464199575,Moist forest
NEF_GloFung-its1_615_2019_4,thornthwaite,1473.843992442662,2436,0.6050262694756412,Moist forest
NEF_GloFung-its1_614_2019_6,thornthwaite,1426.230664698517,2384,0.5982511177426666,Moist forest
NEF_GloFung-its1_615_2019_5,thornthwaite,1473.8439951472358,2436,0.6050262705858932,Moist forest
NEF_GloFung-its1_616_2019_3,thornthwaite,1426.2299584217878,2384,0.5982508214856492,Moist forest
NEF_GloFung-its1_617_2019_2,thornthwaite,1463.7507645944363,2413,0.6066103458741966,Moist forest
NEF_GloFung-its1_288_2019_2,thornthwaite,1369.1210518079606,2284,0.5994400401961298,Moist forest
NEF_GloFung-its1_610_2019_5,thornthwaite,1426.2305566340003,2384,0.5982510724135908,Moist forest
NEF_GloFung-its1_611_2019_10,thornthwaite,1369.1229201226688,2284,0.5994408581973156,Moist forest
NEF_GloFung-its1_614_2019_7,thornthwaite,1426.2306338229291,2384,0.5982511047914971,Moist forest
NEF_GloFung-its1_615_2019_6,thornthwaite,1473.843987033515,2436,0.6050262672551375,Moist forest
NEF_GloFung-its1_617_2019_3,thornthwaite,1463.7507672282784,2413,0.6066103469657184,Moist forest
NEF_GloFung-its1_617_2019_4,thornthwaite,1463.7507659113573,2413,0.6066103464199575,Moist forest
NEF_GloFung-its1_612_2019_7,thornthwaite,1426.227362350183,2384,0.5982497325294392,Moist forest
NEF_GloFung-its1_615_2019_7,thornthwaite,1473.8439978518093,2436,0.605026271696145,Moist forest
NEF_GloFung-its1_615_2019_8,thornthwaite,1473.8439789197946,2436,0.605026263924382,Moist forest
NEF_GloFung-its1_612_2019_8,thornthwaite,1426.2273649230654,2384,0.5982497336086684,Moist forest
NEF_GloFung-its1_612_2019_9,thornthwaite,1426.2273404806838,2384,0.5982497233559915,Moist forest
NEF_GloFung-its1_611_2019_11,thornthwaite,1369.1229738104196,2284,0.5994408817033361,Moist forest
NEF_GloFung-its1_614_2019_8,thornthwaite,1426.2305990879038,2384,0.5982510902214362,Moist forest
NEF_GloFung-its1_614_2019_9,thornthwaite,1426.2306415418252,2384,0.598251108029289,Moist forest
NEF_GloFung-its1_617_2019_5,thornthwaite,1463.7507672282784,2413,0.6066103469657184,Moist forest
NEF_GloFung-its1_618_2019_1,thornthwaite,1426.2307650442424,2384,0.5982511598339942,Moist forest
NEF_GloFung-its1_612_2019_10,thornthwaite,1426.2273610637415,2384,0.5982497319898245,Moist forest
NEF_GloFung-its1_615_2019_9,thornthwaite,1473.8439964995227,2436,0.6050262711410191,Moist forest
NEF_GloFung-its1_609_2019_9,thornthwaite,1473.8480304473355,2436,0.6050279271130278,Moist forest
NEF_GloFung-its1_610_2019_6,thornthwaite,1426.2308152171422,2384,0.5982511808796738,Moist forest
NEF_GloFung-its1_614_2019_10,thornthwaite,1426.2306312499638,2384,0.5982511037122331,Moist forest
NEF_GloFung-its1_609_2019_10,thornthwaite,1473.847870871585,2436,0.605027861605741,Moist forest
NEF_GloFung-its1_617_2019_6,thornthwaite,1463.7507659113573,2413,0.6066103464199575,Moist forest
NEF_GloFung-its1_614_2019_11,thornthwaite,1426.2306737038987,2384,0.5982511215200917,Moist forest
NEF_GloFung-its1_614_2019_12,thornthwaite,1426.2306351094119,2384,0.5982511053311291,Moist forest
NEF_GloFung-its1_613_2019_6,thornthwaite,1426.230750892916,2384,0.5982511538980352,Moist forest
NEF_GloFung-its1_612_2019_11,thornthwaite,1426.227380360362,2384,0.5982497400840445,Moist forest
NEF_GloFung-its1_614_2019_13,thornthwaite,1426.230624817551,2384,0.5982511010140734,Moist forest
NEF_GloFung-its1_611_2019_12,thornthwaite,1369.122983354912,2284,0.5994408858821857,Moist forest
NEF_GloFung-its1_288_2019_3,thornthwaite,1369.1210577731467,2284,0.5994400428078576,Moist forest
NEF_GloFung-its1_611_2019_13,thornthwaite,1369.1229714242968,2284,0.5994408806586238,Moist forest
NEF_GloFung-its1_613_2019_7,thornthwaite,1426.2305206125204,2384,0.5982510573039096,Moist forest
NEF_GloFung-its1_610_2019_7,thornthwaite,1426.2308731089806,2384,0.598251205163163,Moist forest
NEF_GloFung-its1_613_2019_8,thornthwaite,1426.2305785041908,2384,0.5982510815873283,Moist forest
NEF_GloFung-its1_617_2019_7,thornthwaite,1463.7507659113573,2413,0.6066103464199575,Moist forest
NEF_GloFung-its1_614_2019_14,thornthwaite,1426.2306338229291,2384,0.5982511047914971,Moist forest
NEF_GloFung-its1_617_2019_8,thornthwaite,1463.7507645944363,2413,0.6066103458741966,Moist forest
NEF_GloFung-its1_613_2019_9,thornthwaite,1426.2302877596892,2384,0.5982509596307422,Moist forest
NEF_GloFung-its1_612_2019_12,thornthwaite,1426.227362350183,2384,0.5982497325294392,Moist forest
NEF_GloFung-its1_611_2019_14,thornthwaite,1369.1229702312353,2284,0.5994408801362676,Moist forest
NEF_GloFung-its1_616_2019_4,thornthwaite,1426.23012823651,2384,0.5982508927166569,Moist forest
NEF_GloFung-its1_612_2019_13,thornthwaite,1426.2273713552725,2384,0.5982497363067418,Moist forest
NEF_GloFung-its1_613_2019_10,thornthwaite,1426.230229868184,2384,0.5982509353473927,Moist forest
NEF_GloFung-its1_616_2019_5,thornthwaite,1426.2301333824153,2384,0.5982508948751741,Moist forest
NEF_GloFung-its1_611_2019_15,thornthwaite,1369.1229738104196,2284,0.5994408817033361,Moist forest
NEF_GloFung-its1_610_2019_8,thornthwaite,1426.2307264497208,2384,0.5982511436450171,Moist forest
NEF_GloFung-its1_615_2019_10,thornthwaite,1473.84408169363,2436,0.6050263061139696,Moist forest
NEF_GloFung-its1_609_2019_11,thornthwaite,1473.8478289491816,2436,0.6050278443962157,Moist forest
NEF_GloFung-its1_611_2019_16,thornthwaite,1369.122977389604,2284,0.5994408832704046,Moist forest
NEF_GloFung-its1_616_2019_6,thornthwaite,1426.2301552525146,2384,0.5982509040488736,Moist forest
NEF_GloFung-its1_614_2019_15,thornthwaite,1426.230629963481,2384,0.5982511031726011,Moist forest
NEF_GloFung-its1_617_2019_9,thornthwaite,1463.7507672282784,2413,0.6066103469657184,Moist forest
NEF_GloFung-its1_288_2019_4,thornthwaite,1369.121060159221,2284,0.5994400438525487,Moist forest
NEF_GloFung-its1_614_2019_16,thornthwaite,1426.2306569796194,2384,0.5982511145048739,Moist forest
NEF_GloFung-its1_617_2019_10,thornthwaite,1463.7507659113573,2413,0.6066103464199575,Moist forest
NEF_GloFung-its1_615_2019_11,thornthwaite,1473.8440357158488,2436,0.6050262872396752,Moist forest
NEF_GloFung-its1_613_2019_11,thornthwaite,1426.2304961693803,2384,0.5982510470509146,Moist forest
NEF_GloFung-its1_288_2019_5,thornthwaite,1369.121062545296,2284,0.5994400448972399,Moist forest
NEF_GloFung-its1_288_2019_6,thornthwaite,1369.1210673174453,2284,0.5994400469866222,Moist forest
NEF_GloFung-its1_288_2019_7,thornthwaite,1369.1210613522585,2284,0.5994400443748943,Moist forest
NEF_GloFung-its1_613_2019_12,thornthwaite,1426.2304151211165,2384,0.5982510130541596,Moist forest
NEF_GloFung-its1_614_2019_17,thornthwaite,1426.2306325364464,2384,0.5982511042518651,Moist forest
NEF_GloFung-its1_613_2019_13,thornthwaite,1426.2304382777568,2384,0.5982510227675154,Moist forest
NEF_GloFung-its1_616_2019_7,thornthwaite,1426.230110225844,2384,0.5982508851618473,Moist forest
NEF_GloFung-its1_611_2019_17,thornthwaite,1369.1229726173583,2284,0.59944088118098,Moist forest
NEF_GloFung-its1_614_2019_18,thornthwaite,1426.230629963481,2384,0.5982511031726011,Moist forest
NEF_GloFung-its1_614_2019_19,thornthwaite,1426.230470439766,2384,0.598251036258291,Moist forest
NEF_GloFung-its1_288_2019_8,thornthwaite,1369.121066124408,2284,0.5994400464642766,Moist forest
NEF_GloFung-its1_613_2019_14,thornthwaite,1426.2306351094119,2384,0.5982511053311291,Moist forest
NEF_GloFung-its1_618_2019_2,thornthwaite,1426.2303610889762,2384,0.5982509903896712,Moist forest
NEF_GloFung-its1_615_2019_12,thornthwaite,1473.844019488402,2436,0.6050262805781618,Moist forest
NEF_GloFung-its1_616_2019_8,thornthwaite,1426.2299133952044,2384,0.5982508025986596,Moist forest
NEF_GloFung-its1_611_2019_18,thornthwaite,1369.1229571075608,2284,0.5994408743903505,Moist forest
NEF_GloFung-its1_615_2019_13,thornthwaite,1473.8440005563832,2436,0.6050262728063971,Moist forest
NEF_GloFung-its1_616_2019_9,thornthwaite,1426.2301333824153,2384,0.5982508948751741,Moist forest
NEF_GloFung-its1_615_2019_14,thornthwaite,1473.8439491694924,2436,0.6050262517116143,Moist forest
NEF_GloFung-its1_615_2019_15,thornthwaite,1473.8439937949488,2436,0.6050262700307671,Moist forest
NEF_GloFung-its1_288_2019_9,thornthwaite,1369.1210565801098,2284,0.5994400422855122,Moist forest
NEF_GloFung-its1_617_2019_11,thornthwaite,1463.7507645944363,2413,0.6066103458741966,Moist forest
NEF_GloFung-its1_615_2019_16,thornthwaite,1473.8439937949488,2436,0.6050262700307671,Moist forest
NEF_GloFung-its1_615_2019_17,thornthwaite,1473.8439045440543,2436,0.605026233392469,Moist forest
NEF_GloFung-its1_615_2019_18,thornthwaite,1473.8440032609574,2436,0.6050262739166492,Moist forest
NEF_GloFung-its1_613_2019_15,thornthwaite,1426.230691714664,2384,0.598251129074943,Moist forest
NEF_GloFung-its1_613_2019_16,thornthwaite,1426.2304498560786,2384,0.598251027624194,Moist forest
NEF_GloFung-its1_612_2019_14,thornthwaite,1426.2274163807306,2384,0.5982497551932595,Moist forest
NEF_GloFung-its1_288_2019_10,thornthwaite,1369.1210649313705,2284,0.599440045941931,Moist forest
NEF_GloFung-its1_612_2019_15,thornthwaite,1426.2273584908594,2384,0.5982497309105954,Moist forest
NEF_GloFung-its1_288_2019_11,thornthwaite,1369.1210589661841,2284,0.5994400433302032,Moist forest
NEF_GloFung-its1_617_2019_12,thornthwaite,1463.7507659113573,2413,0.6066103464199575,Moist forest
NEF_GloFung-its1_609_2019_12,thornthwaite,1473.8481372820806,2436,0.6050279709696554,Moist forest
NEF_GloFung-its1_609_2019_13,thornthwaite,1473.848065608126,2436,0.6050279415468498,Moist forest
NEF_GloFung-its1_615_2019_19,thornthwaite,1473.8438193500886,2436,0.6050261984195766,Moist forest
NEF_GloFung-its1_617_2019_13,thornthwaite,1463.7507659113573,2413,0.6066103464199575,Moist forest
NEF_GloFung-its1_613_2019_17,thornthwaite,1426.2304614344023,2384,0.5982510324808734,Moist forest
NEF_GloFung-its1_617_2019_14,thornthwaite,1463.7507659113573,2413,0.6066103464199575,Moist forest
NEF_GloFung-its1_288_2019_12,thornthwaite,1369.121054194035,2284,0.599440041240821,Moist forest
NEF_GloFung-its1_614_2019_20,thornthwaite,1426.2306351094119,2384,0.5982511053311291,Moist forest
NEF_GloFung-its1_616_2019_10,thornthwaite,1426.2301372418442,2384,0.5982508964940622,Moist forest
NEF_GloFung-its1_611_2019_19,thornthwaite,1369.1229750034809,2284,0.5994408822256921,Moist forest
NEF_GloFung-its1_615_2019_20,thornthwaite,1473.8441682400937,2436,0.6050263416420746,Moist forest
NEF_GloFung-its1_617_2019_15,thornthwaite,1463.7507659113573,2413,0.6066103464199575,Moist forest
NEF_GloFung-its1_614_2019_21,thornthwaite,1426.2307573253365,2384,0.5982511565961982,Moist forest
NEF_GloFung-its1_617_2019_16,thornthwaite,1463.7507659113573,2413,0.6066103464199575,Moist forest
NEF_GloFung-its1_611_2019_20,thornthwaite,1369.12294637001,2284,0.5994408696891462,Moist forest
NEF_GloFung-its1_616_2019_11,thornthwaite,1426.2301192311766,2384,0.5982508889392519,Moist forest
NEF_GloFung-its1_617_2019_17,thornthwaite,1463.7507659113573,2413,0.6066103464199575,Moist forest
NEF_GloFung-its1_288_2019_13,thornthwaite,1369.1210685104827,2284,0.599440047508968,Moist forest
NEF_GloFung-its1_612_2019_16,thornthwaite,1426.2272710128934,2384,0.5982496942168177,Moist forest
NEF_GloFung-its1_288_2019_14,thornthwaite,1369.1210553870724,2284,0.5994400417631666,Moist forest
NEF_GloFung-its1_617_2019_18,thornthwaite,1463.7507659113573,2413,0.6066103464199575,Moist forest
NEF_GloFung-its1_616_2019_12,thornthwaite,1426.2301359553678,2384,0.5982508959544328,Moist forest
NEF_GloFung-its1_610_2019_9,thornthwaite,1426.2308615306101,2384,0.598251200306464,Moist forest
NEF_GloFung-its1_610_2019_10,thornthwaite,1426.2308383738737,2384,0.5982511905930679,Moist forest
NEF_GloFung-its1_610_2019_11,thornthwaite,1426.230613239209,2384,0.5982510961573864,Moist forest
NEF_GloFung-its1_614_2019_22,thornthwaite,1426.2307148713671,2384,0.5982511387883251,Moist forest
NEF_GloFung-its1_615_2019_21,thornthwaite,1473.843999204096,2436,0.6050262722512709,Moist forest
NEF_GloFung-its1_616_2019_13,thornthwaite,1426.2301423877493,2384,0.5982508986525794,Moist forest
NEF_GloFung-its1_616_2019_14,thornthwaite,1426.2301411012734,2384,0.5982508981129503,Moist forest
NEF_GloFung-its1_616_2019_15,thornthwaite,1426.230139814797,2384,0.5982508975733208,Moist forest
NEF_GloFung-its1_614_2019_23,thornthwaite,1426.2306286769985,2384,0.5982511026329692,Moist forest
NEF_GloFung-its1_615_2019_22,thornthwaite,1473.844214217931,2436,0.605026360516392,Moist forest
NEF_GloFung-its1_616_2019_16,thornthwaite,1426.2301012205128,2384,0.5982508813844433,Moist forest
NEF_GloFung-its1_617_2019_19,thornthwaite,1463.7507659113573,2413,0.6066103464199575,Moist forest
NEF_GloFung-its1_614_2019_24,thornthwaite,1426.2305502015925,2384,0.5982510697154331,Moist forest
NEF_GloFung-its1_614_2019_25,thornthwaite,1426.2304279859159,2384,0.598251018450468,Moist forest
NEF_GloFung-its1_617_2019_20,thornthwaite,1463.7507659113573,2413,0.6066103464199575,Moist forest
NEF_GloFung-its1_612_2019_17,thornthwaite,1426.2273597773003,2384,0.5982497314502099,Moist forest
NEF_GloFung-its1_616_2019_17,thornthwaite,1426.2301822685267,2384,0.5982509153810934,Moist forest
NEF_GloFung-its1_612_2019_18,thornthwaite,1426.2272401383354,2384,0.5982496812660804,Moist forest
NEF_GloFung-its1_611_2019_21,thornthwaite,1369.1229881271586,2284,0.5994408879716105,Moist forest
NEF_GloFung-its1_609_2019_14,thornthwaite,1473.8480142192823,2436,0.6050279204512653,Moist forest
NEF_GloFung-its1_615_2019_23,thornthwaite,1473.8440276021252,2436,0.6050262839089183,Moist forest
NEF_GloFung-its1_614_2019_26,thornthwaite,1426.2306363958944,2384,0.598251105870761,Moist forest
NEF_GloFung-its1_614_2019_27,thornthwaite,1426.230591369011,2384,0.5982510869836456,Moist forest
NEF_GloFung-its1_617_2019_21,thornthwaite,1463.7507659113573,2413,0.6066103464199575,Moist forest
NEF_GloFung-its1_611_2019_22,thornthwaite,1369.1229750034809,2284,0.5994408822256921,Moist forest
NEF_GloFung-its1_611_2019_23,thornthwaite,1369.1229726173583,2284,0.59944088118098,Moist forest
NEF_GloFung-its1_612_2019_19,thornthwaite,1426.2273456264477,2384,0.5982497255144495,Moist forest
NEF_GloFung-its1_616_2019_18,thornthwaite,1426.2303147757361,2384,0.5982509709629765,Moist forest
NEF_GloFung-its1_609_2019_15,thornthwaite,1473.847960125789,2436,0.6050278982453978,Moist forest
NEF_GloFung-its1_612_2019_20,thornthwaite,1426.2273584908594,2384,0.5982497309105954,Moist forest
NEF_GloFung-its1_610_2019_12,thornthwaite,1426.230669844449,2384,0.5982511199011951,Moist forest
NEF_GloFung-its1_616_2019_19,thornthwaite,1426.2300021619167,2384,0.5982508398330187,Moist forest
NEF_GloFung-its1_616_2019_20,thornthwaite,1426.2300471885387,2384,0.5982508587200246,Moist forest
NEF_GloFung-its1_609_2019_16,thornthwaite,1473.8480223333083,2436,0.6050279237821463,Moist forest
NEF_GloFung-its1_612_2019_21,thornthwaite,1426.2272993145805,2384,0.5982497060883307,Moist forest
NEF_GloFung-its1_616_2019_21,thornthwaite,1426.2301359553678,2384,0.5982508959544328,Moist forest
NEF_GloFung-its1_616_2019_22,thornthwaite,1426.230271035473,2384,0.5982509526155507,Moist forest
NEF_GloFung-its1_616_2019_23,thornthwaite,1426.230358516018,2384,0.5982509893104102,Moist forest
NEF_GloFung-its1_288_2019_15,thornthwaite,1369.1210530009978,2284,0.5994400407184753,Moist forest
NEF_GloFung-its1_611_2019_24,thornthwaite,1369.1229940924666,2284,0.5994408905833917,Moist forest
NEF_GloFung-its1_616_2019_24,thornthwaite,1426.2301732631884,2384,0.5982509116036864,Moist forest
NEF_GloFung-its1_612_2019_22,thornthwaite,1426.2274742706352,2384,0.5982497794759376,Moist forest
NEF_GloFung-its1_610_2019_13,thornthwaite,1426.2307933469008,2384,0.5982511717059148,Moist forest
NEF_GloFung-its1_613_2019_18,thornthwaite,1426.2301706902347,2384,0.5982509105244272,Moist forest
NEF_GloFung-its1_616_2019_25,thornthwaite,1426.2302260087513,2384,0.598250933728503,Moist forest
NEF_GloFung-its1_617_2019_22,thornthwaite,1463.7507659113573,2413,0.6066103464199575,Moist forest
NEF_GloFung-its1_616_2019_26,thornthwaite,1426.2300922151817,2384,0.5982508776070393,Moist forest
NEF_GloFung-its1_615_2019_24,thornthwaite,1473.8437733724213,2436,0.6050261795453289,Moist forest
NEF_GloFung-its1_612_2019_23,thornthwaite,1426.2273289027153,2384,0.5982497184994611,Moist forest
NEF_GloFung-its1_609_2019_17,thornthwaite,1473.8480750744945,2436,0.6050279454328795,Moist forest
NEF_GloFung-its1_622_2019_1,thornthwaite,989.4094081875576,3120,0.3171184000601146,Moist forest|Wet forest
NEF_GloFung-its1_622_2019_2,thornthwaite,989.4094081875576,3120,0.3171184000601146,Moist forest|Wet forest
NEF_GloFung-its1_622_2019_3,thornthwaite,989.4094081875576,3120,0.3171184000601146,Moist forest|Wet forest
NEF_GloFung-its1_622_2019_4,thornthwaite,989.4094081875576,3120,0.3171184000601146,Moist forest|Wet forest
NEF_GloFung-its1_622_2019_5,thornthwaite,989.4094081875576,3120,0.3171184000601146,Moist forest|Wet forest
NEF_GloFung-its1_622_2019_6,thornthwaite,989.4094081875576,3120,0.3171184000601146,Moist forest|Wet forest
NEF_GloFung-its1_622_2019_7,thornthwaite,989.4094081875576,3120,0.3171184000601146,Moist forest|Wet forest
NEF_GloFung-its1_622_2019_8,thornthwaite,989.4094081875576,3120,0.3171184000601146,Moist forest|Wet forest
NEF_GloFung-its1_622_2019_9,thornthwaite,989.4094081875576,3120,0.3171184000601146,Moist forest|Wet forest
NEF_GloFung-its1_622_2019_10,thornthwaite,989.4094081875576,3120,0.3171184000601146,Moist forest|Wet forest
NEF_GloFung-its1_622_2019_11,thornthwaite,989.4094081875576,3120,0.3171184000601146,Moist forest|Wet forest
NEF_GloFung-its1_622_2019_12,thornthwaite,989.4094081875576,3120,0.3171184000601146,Moist forest|Wet forest
NEF_GloFung-its1_622_2019_13,thornthwaite,989.4094081875576,3120,0.3171184000601146,Moist forest|Wet forest
NEF_GloFung-its1_622_2019_14,thornthwaite,989.4094081875576,3120,0.3171184000601146,Moist forest|Wet forest
NEF_GloFung-its1_622_2019_15,thornthwaite,989.4094081875576,3120,0.3171184000601146,Moist forest|Wet forest
NEF_GloFung-its1_622_2019_16,thornthwaite,989.4094081875576,3120,0.3171184000601146,Moist forest|Wet forest
NEF_GloFung-its1_622_2019_17,thornthwaite,989.4094081875576,3120,0.3171184000601146,Moist forest|Wet forest
NEF_GloFung-its1_622_2019_18,thornthwaite,989.4094081875576,3120,0.3171184000601146,Moist forest|Wet forest
NEF_GloFung-its1_623_2016_1,thornthwaite,1498.3143694304886,1672,0.8961210343483783,Dry forest|Moist forest
NEF_GloFung-its1_624_2016_1,thornthwaite,1491.899137528779,1676,0.8901546166639492,Dry forest|Moist forest
NEF_GloFung-its1_625_2016_1,thornthwaite,1491.8971979604405,1676,0.8901534594036041,Dry forest|Moist forest
NEF_GloFung-its1_624_2016_2,thornthwaite,1491.899137528779,1676,0.8901546166639492,Dry forest|Moist forest
NEF_GloFung-its1_626_2016_1,thornthwaite,1595.4310199412198,1791,0.8908045895819207,Dry forest|Moist forest
NEF_GloFung-its1_627_2016_1,thornthwaite,1505.5103320284531,1710,0.8804153988470487,Dry forest|Moist forest
NEF_GloFung-its1_628_2016_1,thornthwaite,1544.8050714350302,1762,0.8767338657406528,Dry forest|Moist forest
NEF_GloFung-its1_625_2016_2,thornthwaite,1491.8971979604405,1676,0.8901534594036041,Dry forest|Moist forest
NEF_GloFung-its1_629_2016_1,thornthwaite,1498.3149376294239,1672,0.8961213741802775,Dry forest|Moist forest
NEF_GloFung-its1_624_2016_3,thornthwaite,1491.899137528779,1676,0.8901546166639492,Dry forest|Moist forest
NEF_GloFung-its1_626_2016_2,thornthwaite,1595.4310199412198,1791,0.8908045895819207,Dry forest|Moist forest
NEF_GloFung-its1_623_2016_2,thornthwaite,1498.3143694304886,1672,0.8961210343483783,Dry forest|Moist forest
NEF_GloFung-its1_630_2016_1,thornthwaite,1505.5101411774683,1710,0.8804152872382855,Dry forest|Moist forest
NEF_GloFung-its1_624_2016_4,thornthwaite,1491.899137528779,1676,0.8901546166639492,Dry forest|Moist forest
NEF_GloFung-its1_624_2016_5,thornthwaite,1491.899137528779,1676,0.8901546166639492,Dry forest|Moist forest
NEF_GloFung-its1_630_2016_2,thornthwaite,1505.5101411774683,1710,0.8804152872382855,Dry forest|Moist forest
NEF_GloFung-its1_623_2016_3,thornthwaite,1498.3143694304886,1672,0.8961210343483783,Dry forest|Moist forest
NEF_GloFung-its1_630_2016_3,thornthwaite,1505.5101411774683,1710,0.8804152872382855,Dry forest|Moist forest
NEF_GloFung-its1_629_2016_2,thornthwaite,1498.3149376294239,1672,0.8961213741802775,Dry forest|Moist forest
NEF_GloFung-its1_629_2016_3,thornthwaite,1498.3149376294239,1672,0.8961213741802775,Dry forest|Moist forest
NEF_GloFung-its1_625_2016_3,thornthwaite,1491.8971979604405,1676,0.8901534594036041,Dry forest|Moist forest
NEF_GloFung-its1_625_2016_4,thornthwaite,1491.8971979604405,1676,0.8901534594036041,Dry forest|Moist forest
NEF_GloFung-its1_626_2016_3,thornthwaite,1595.4310199412198,1791,0.8908045895819207,Dry forest|Moist forest
NEF_GloFung-its1_624_2016_6,thornthwaite,1491.899137528779,1676,0.8901546166639492,Dry forest|Moist forest
NEF_GloFung-its1_627_2016_2,thornthwaite,1505.5103320284531,1710,0.8804153988470487,Dry forest|Moist forest
NEF_GloFung-its1_629_2016_4,thornthwaite,1498.3149376294239,1672,0.8961213741802775,Dry forest|Moist forest
NEF_GloFung-its1_626_2016_4,thornthwaite,1595.4310199412198,1791,0.8908045895819207,Dry forest|Moist forest
NEF_GloFung-its1_627_2016_3,thornthwaite,1505.5103320284531,1710,0.8804153988470487,Dry forest|Moist forest
NEF_GloFung-its1_623_2016_4,thornthwaite,1498.3143694304886,1672,0.8961210343483783,Dry forest|Moist forest
NEF_GloFung-its1_624_2016_7,thornthwaite,1491.899137528779,1676,0.8901546166639492,Dry forest|Moist forest
NEF_GloFung-its1_625_2016_5,thornthwaite,1491.8971979604405,1676,0.8901534594036041,Dry forest|Moist forest
NEF_GloFung-its1_628_2016_2,thornthwaite,1544.8050714350302,1762,0.8767338657406528,Dry forest|Moist forest
NEF_GloFung-its1_625_2016_6,thornthwaite,1491.8971979604405,1676,0.8901534594036041,Dry forest|Moist forest
NEF_GloFung-its1_626_2016_5,thornthwaite,1595.4310199412198,1791,0.8908045895819207,Dry forest|Moist forest
NEF_GloFung-its1_630_2016_4,thornthwaite,1505.5101411774683,1710,0.8804152872382855,Dry forest|Moist forest
NEF_GloFung-its1_630_2016_5,thornthwaite,1505.5101411774683,1710,0.8804152872382855,Dry forest|Moist forest
NEF_GloFung-its1_627_2016_4,thornthwaite,1505.5103320284531,1710,0.8804153988470487,Dry forest|Moist forest
NEF_GloFung-its1_629_2016_5,thornthwaite,1498.3149376294239,1672,0.8961213741802775,Dry forest|Moist forest
NEF_GloFung-its1_629_2016_6,thornthwaite,1498.3149376294239,1672,0.8961213741802775,Dry forest|Moist forest
NEF_GloFung-its1_630_2016_6,thornthwaite,1505.5101411774683,1710,0.8804152872382855,Dry forest|Moist forest
NEF_GloFung-its1_625_2016_7,thornthwaite,1491.8971979604405,1676,0.8901534594036041,Dry forest|Moist forest
NEF_GloFung-its1_628_2016_3,thornthwaite,1544.8050714350302,1762,0.8767338657406528,Dry forest|Moist forest
NEF_GloFung-its1_630_2016_7,thornthwaite,1505.5101411774683,1710,0.8804152872382855,Dry forest|Moist forest
NEF_GloFung-its1_627_2016_5,thornthwaite,1505.5103320284531,1710,0.8804153988470487,Dry forest|Moist forest
NEF_GloFung-its1_624_2016_8,thornthwaite,1491.899137528779,1676,0.8901546166639492,Dry forest|Moist forest
NEF_GloFung-its1_630_2016_8,thornthwaite,1505.5101411774683,1710,0.8804152872382855,Dry forest|Moist forest
NEF_GloFung-its1_625_2016_8,thornthwaite,1491.8971979604405,1676,0.8901534594036041,Dry forest|Moist forest
NEF_GloFung-its1_629_2016_7,thornthwaite,1498.3149376294239,1672,0.8961213741802775,Dry forest|Moist forest
NEF_GloFung-its1_626_2016_6,thornthwaite,1595.4310199412198,1791,0.8908045895819207,Dry forest|Moist forest
NEF_GloFung-its1_623_2016_5,thornthwaite,1498.3143694304886,1672,0.8961210343483783,Dry forest|Moist forest
NEF_GloFung-its1_626_2016_7,thornthwaite,1595.4310199412198,1791,0.8908045895819207,Dry forest|Moist forest
NEF_GloFung-its1_628_2016_4,thornthwaite,1544.8050714350302,1762,0.8767338657406528,Dry forest|Moist forest
NEF_GloFung-its1_625_2016_9,thornthwaite,1491.8971979604405,1676,0.8901534594036041,Dry forest|Moist forest
NEF_GloFung-its1_630_2016_9,thornthwaite,1505.5101411774683,1710,0.8804152872382855,Dry forest|Moist forest
NEF_GloFung-its1_628_2016_5,thornthwaite,1544.8050714350302,1762,0.8767338657406528,Dry forest|Moist forest
NEF_GloFung-its1_623_2016_6,thornthwaite,1498.3143694304886,1672,0.8961210343483783,Dry forest|Moist forest
NEF_GloFung-its1_623_2016_7,thornthwaite,1498.3143694304886,1672,0.8961210343483783,Dry forest|Moist forest
NEF_GloFung-its1_630_2016_10,thornthwaite,1505.5101411774683,1710,0.8804152872382855,Dry forest|Moist forest
NEF_GloFung-its1_630_2016_11,thornthwaite,1505.5101411774683,1710,0.8804152872382855,Dry forest|Moist forest
NEF_GloFung-its1_628_2016_6,thornthwaite,1544.8050714350302,1762,0.8767338657406528,Dry forest|Moist forest
NEF_GloFung-its1_626_2016_8,thornthwaite,1595.4310199412198,1791,0.8908045895819207,Dry forest|Moist forest
NEF_GloFung-its1_629_2016_8,thornthwaite,1498.3149376294239,1672,0.8961213741802775,Dry forest|Moist forest
NEF_GloFung-its1_624_2016_9,thornthwaite,1491.899137528779,1676,0.8901546166639492,Dry forest|Moist forest
NEF_GloFung-its1_627_2016_6,thornthwaite,1505.5103320284531,1710,0.8804153988470487,Dry forest|Moist forest
NEF_GloFung-its1_628_2016_7,thornthwaite,1544.8050714350302,1762,0.8767338657406528,Dry forest|Moist forest
NEF_GloFung-its1_624_2016_10,thornthwaite,1491.899137528779,1676,0.8901546166639492,Dry forest|Moist forest
NEF_GloFung-its1_627_2016_7,thornthwaite,1505.5103320284531,1710,0.8804153988470487,Dry forest|Moist forest
NEF_GloFung-its1_624_2016_11,thornthwaite,1491.899137528779,1676,0.8901546166639492,Dry forest|Moist forest
NEF_GloFung-its1_629_2016_9,thornthwaite,1498.3149376294239,1672,0.8961213741802775,Dry forest|Moist forest
NEF_GloFung-its1_623_2016_8,thornthwaite,1498.3143694304886,1672,0.8961210343483783,Dry forest|Moist forest
NEF_GloFung-its1_626_2016_9,thornthwaite,1595.4310199412198,1791,0.8908045895819207,Dry forest|Moist forest
NEF_GloFung-its1_627_2016_8,thornthwaite,1505.5103320284531,1710,0.8804153988470487,Dry forest|Moist forest
NEF_GloFung-its1_623_2016_9,thornthwaite,1498.3143694304886,1672,0.8961210343483783,Dry forest|Moist forest
NEF_GloFung-its1_624_2016_12,thornthwaite,1491.899137528779,1676,0.8901546166639492,Dry forest|Moist forest
NEF_GloFung-its1_626_2016_10,thornthwaite,1595.4310199412198,1791,0.8908045895819207,Dry forest|Moist forest
NEF_GloFung-its1_624_2016_13,thornthwaite,1491.899137528779,1676,0.8901546166639492,Dry forest|Moist forest
NEF_GloFung-its1_627_2016_9,thornthwaite,1505.5103320284531,1710,0.8804153988470487,Dry forest|Moist forest
NEF_GloFung-its1_630_2016_12,thornthwaite,1505.5101411774683,1710,0.8804152872382855,Dry forest|Moist forest
NEF_GloFung-its1_627_2016_10,thornthwaite,1505.5103320284531,1710,0.8804153988470487,Dry forest|Moist forest
NEF_GloFung-its1_629_2016_10,thornthwaite,1498.3149376294239,1672,0.8961213741802775,Dry forest|Moist forest
NEF_GloFung-its1_630_2016_13,thornthwaite,1505.5101411774683,1710,0.8804152872382855,Dry forest|Moist forest
NEF_GloFung-its1_623_2016_10,thornthwaite,1498.3143694304886,1672,0.8961210343483783,Dry forest|Moist forest
NEF_GloFung-its1_624_2016_14,thornthwaite,1491.899137528779,1676,0.8901546166639492,Dry forest|Moist forest
NEF_GloFung-its1_627_2016_11,thornthwaite,1505.5103320284531,1710,0.8804153988470487,Dry forest|Moist forest
NEF_GloFung-its1_627_2016_12,thornthwaite,1505.5103320284531,1710,0.8804153988470487,Dry forest|Moist forest
NEF_GloFung-its1_629_2016_11,thornthwaite,1498.3149376294239,1672,0.8961213741802775,Dry forest|Moist forest
NEF_GloFung-its1_630_2016_14,thornthwaite,1505.5101411774683,1710,0.8804152872382855,Dry forest|Moist forest
NEF_GloFung-its1_626_2016_11,thornthwaite,1595.4310199412198,1791,0.8908045895819207,Dry forest|Moist forest
NEF_GloFung-its1_628_2016_8,thornthwaite,1544.8050714350302,1762,0.8767338657406528,Dry forest|Moist forest
NEF_GloFung-its1_628_2016_9,thornthwaite,1544.8050714350302,1762,0.8767338657406528,Dry forest|Moist forest
NEF_GloFung-its1_623_2016_11,thornthwaite,1498.3143694304886,1672,0.8961210343483783,Dry forest|Moist forest
NEF_GloFung-its1_626_2016_12,thornthwaite,1595.4310199412198,1791,0.8908045895819207,Dry forest|Moist forest
NEF_GloFung-its1_628_2016_10,thornthwaite,1544.8050714350302,1762,0.8767338657406528,Dry forest|Moist forest
NEF_GloFung-its1_623_2016_12,thornthwaite,1498.3143694304886,1672,0.8961210343483783,Dry forest|Moist forest
NEF_GloFung-its1_626_2016_13,thornthwaite,1595.4310199412198,1791,0.8908045895819207,Dry forest|Moist forest
NEF_GloFung-its1_626_2016_14,thornthwaite,1595.4310199412198,1791,0.8908045895819207,Dry forest|Moist forest
NEF_GloFung-its1_629_2016_12,thornthwaite,1498.3149376294239,1672,0.8961213741802775,Dry forest|Moist forest
NEF_GloFung-its1_623_2016_13,thornthwaite,1498.3143694304886,1672,0.8961210343483783,Dry forest|Moist forest
NEF_GloFung-its1_629_2016_13,thornthwaite,1498.3149376294239,1672,0.8961213741802775,Dry forest|Moist forest
NEF_GloFung-its1_629_2016_14,thornthwaite,1498.3149376294239,1672,0.8961213741802775,Dry forest|Moist forest
NEF_GloFung-its1_623_2016_14,thornthwaite,1498.3143694304886,1672,0.8961210343483783,Dry forest|Moist forest
NEF_GloFung-its1_627_2016_13,thornthwaite,1505.5103320284531,1710,0.8804153988470487,Dry forest|Moist forest
NEF_GloFung-its1_628_2016_11,thornthwaite,1544.8050714350302,1762,0.8767338657406528,Dry forest|Moist forest
NEF_GloFung-its1_629_2016_15,thornthwaite,1498.3149376294239,1672,0.8961213741802775,Dry forest|Moist forest
NEF_GloFung-its1_627_2016_14,thornthwaite,1505.5103320284531,1710,0.8804153988470487,Dry forest|Moist forest
NEF_GloFung-its1_623_2016_15,thornthwaite,1498.3143694304886,1672,0.8961210343483783,Dry forest|Moist forest
NEF_GloFung-its1_628_2016_12,thornthwaite,1544.8050714350302,1762,0.8767338657406528,Dry forest|Moist forest
NEF_GloFung-its1_626_2016_15,thornthwaite,1595.4310199412198,1791,0.8908045895819207,Dry forest|Moist forest
NEF_GloFung-its1_630_2016_15,thornthwaite,1505.5101411774683,1710,0.8804152872382855,Dry forest|Moist forest
NEF_GloFung-its1_624_2016_15,thornthwaite,1491.899137528779,1676,0.8901546166639492,Dry forest|Moist forest
NEF_GloFung-its1_624_2016_16,thornthwaite,1491.899137528779,1676,0.8901546166639492,Dry forest|Moist forest
NEF_GloFung-its1_630_2016_16,thornthwaite,1505.5101411774683,1710,0.8804152872382855,Dry forest|Moist forest
NEF_GloFung-its1_628_2016_13,thornthwaite,1544.8050714350302,1762,0.8767338657406528,Dry forest|Moist forest
NEF_GloFung-its1_629_2016_16,thornthwaite,1498.3149376294239,1672,0.8961213741802775,Dry forest|Moist forest
NEF_GloFung-its1_623_2016_16,thornthwaite,1498.3143694304886,1672,0.8961210343483783,Dry forest|Moist forest
NEF_GloFung-its1_626_2016_16,thornthwaite,1595.4310199412198,1791,0.8908045895819207,Dry forest|Moist forest
NEF_GloFung-its1_627_2016_15,thornthwaite,1505.5103320284531,1710,0.8804153988470487,Dry forest|Moist forest
NEF_GloFung-its1_628_2016_14,thornthwaite,1544.8050714350302,1762,0.8767338657406528,Dry forest|Moist forest
NEF_GloFung-its1_628_2016_15,thornthwaite,1544.8050714350302,1762,0.8767338657406528,Dry forest|Moist forest
NEF_GloFung-its1_628_2016_16,thornthwaite,1544.8050714350302,1762,0.8767338657406528,Dry forest|Moist forest
NEF_GloFung-its1_627_2016_16,thornthwaite,1505.5103320284531,1710,0.8804153988470487,Dry forest|Moist forest
NEF_GloFung-its1_651_2017_1,thornthwaite,1128.7052740106774,1911,0.5906359361646664,Dry forest|Moist forest
NEF_GloFung-its1_651_2017_2,thornthwaite,1128.7052740106774,1911,0.5906359361646664,Dry forest|Moist forest
NEF_GloFung-its1_651_2017_3,thornthwaite,1128.7052740106774,1911,0.5906359361646664,Dry forest|Moist forest
NEF_GloFung-its1_651_2017_4,thornthwaite,1128.7052740106774,1911,0.5906359361646664,Dry forest|Moist forest
NEF_GloFung-its1_651_2017_5,thornthwaite,1128.7052740106774,1911,0.5906359361646664,Dry forest|Moist forest
NEF_GloFung-its1_651_2017_6,thornthwaite,1128.7052740106774,1911,0.5906359361646664,Dry forest|Moist forest
NEF_GloFung-its1_651_2017_7,thornthwaite,1128.7052740106774,1911,0.5906359361646664,Dry forest|Moist forest
NEF_GloFung-its1_651_2017_8,thornthwaite,1128.7052740106774,1911,0.5906359361646664,Dry forest|Moist forest
NEF_GloFung-its1_651_2017_9,thornthwaite,1128.7052740106774,1911,0.5906359361646664,Dry forest|Moist forest
NEF_GloFung-its1_651_2017_10,thornthwaite,1128.7052740106774,1911,0.5906359361646664,Dry forest|Moist forest
NEF_GloFung-its1_651_2017_11,thornthwaite,1128.7052740106774,1911,0.5906359361646664,Dry forest|Moist forest
NEF_GloFung-its1_651_2017_12,thornthwaite,1128.7052740106774,1911,0.5906359361646664,Dry forest|Moist forest
NEF_GloFung-its1_651_2017_13,thornthwaite,1128.7052740106774,1911,0.5906359361646664,Dry forest|Moist forest
NEF_GloFung-its1_651_2017_14,thornthwaite,1128.7052740106774,1911,0.5906359361646664,Dry forest|Moist forest
NEF_GloFung-its1_651_2017_15,thornthwaite,1128.7052740106774,1911,0.5906359361646664,Dry forest|Moist forest
NEF_GloFung-its1_651_2017_16,thornthwaite,1128.7052740106774,1911,0.5906359361646664,Dry forest|Moist forest
NEF_GloFung-its1_651_2017_17,thornthwaite,1128.7052740106774,1911,0.5906359361646664,Dry forest|Moist forest
NEF_GloFung-its1_651_2017_18,thornthwaite,1128.7052740106774,1911,0.5906359361646664,Dry forest|Moist forest
NEF_GloFung-its1_651_2017_19,thornthwaite,1128.7052740106774,1911,0.5906359361646664,Dry forest|Moist forest
NEF_GloFung-its1_651_2017_20,thornthwaite,1128.7052740106774,1911,0.5906359361646664,Dry forest|Moist forest
NEF_GloFung-its1_651_2017_21,thornthwaite,1128.7052740106774,1911,0.5906359361646664,Dry forest|Moist forest
NEF_GloFung-its1_651_2017_22,thornthwaite,1128.7052740106774,1911,0.5906359361646664,Dry forest|Moist forest
NEF_GloFung-its1_651_2017_23,thornthwaite,1128.7052740106774,1911,0.5906359361646664,Dry forest|Moist forest
NEF_GloFung-its1_651_2017_24,thornthwaite,1128.7052740106774,1911,0.5906359361646664,Dry forest|Moist forest
NEF_GloFung-its1_651_2017_25,thornthwaite,1128.7052740106774,1911,0.5906359361646664,Dry forest|Moist forest
NEF_GloFung-its1_651_2017_26,thornthwaite,1128.7052740106774,1911,0.5906359361646664,Dry forest|Moist forest
NEF_GloFung-its1_651_2017_27,thornthwaite,1128.7052740106774,1911,0.5906359361646664,Dry forest|Moist forest
NEF_GloFung-its1_651_2017_28,thornthwaite,1128.7052740106774,1911,0.5906359361646664,Dry forest|Moist forest
NEF_GloFung-its1_651_2017_29,thornthwaite,1128.7052740106774,1911,0.5906359361646664,Dry forest|Moist forest
NEF_GloFung-its1_651_2017_30,thornthwaite,1128.7052740106774,1911,0.5906359361646664,Dry forest|Moist forest
NEF_GloFung-its1_651_2017_31,thornthwaite,1128.7052740106774,1911,0.5906359361646664,Dry forest|Moist forest
NEF_GloFung-its1_651_2017_32,thornthwaite,1128.7052740106774,1911,0.5906359361646664,Dry forest|Moist forest
NEF_GloFung-its1_651_2017_33,thornthwaite,1128.7052740106774,1911,0.5906359361646664,Dry forest|Moist forest
NEF_GloFung-its1_651_2017_34,thornthwaite,1128.7052740106774,1911,0.5906359361646664,Dry forest|Moist forest
NEF_GloFung-its1_651_2017_35,thornthwaite,1128.7052740106774,1911,0.5906359361646664,Dry forest|Moist forest
NEF_GloFung-its1_651_2017_36,thornthwaite,1128.7052740106774,1911,0.5906359361646664,Dry forest|Moist forest
NEF_GloFung-its1_651_2017_37,thornthwaite,1128.7052740106774,1911,0.5906359361646664,Dry forest|Moist forest
NEF_GloFung-its1_651_2017_38,thornthwaite,1128.7052740106774,1911,0.5906359361646664,Dry forest|Moist forest
NEF_GloFung-its1_651_2017_39,thornthwaite,1128.7052740106774,1911,0.5906359361646664,Dry forest|Moist forest
NEF_GloFung-its1_651_2017_40,thornthwaite,1128.7052740106774,1911,0.5906359361646664,Dry forest|Moist forest
NEF_GloFung-its1_651_2017_41,thornthwaite,1128.7052740106774,1911,0.5906359361646664,Dry forest|Moist forest
NEF_GloFung-its1_651_2017_42,thornthwaite,1128.7052740106774,1911,0.5906359361646664,Dry forest|Moist forest
NEF_GloFung-its1_651_2017_43,thornthwaite,1128.7052740106774,1911,0.5906359361646664,Dry forest|Moist forest
NEF_GloFung-its1_651_2017_44,thornthwaite,1128.7052740106774,1911,0.5906359361646664,Dry forest|Moist forest
NEF_GloFung-its1_651_2017_45,thornthwaite,1128.7052740106774,1911,0.5906359361646664,Dry forest|Moist forest
NEF_GloFung-its1_651_2017_46,thornthwaite,1128.7052740106774,1911,0.5906359361646664,Dry forest|Moist forest
NEF_GloFung-its1_651_2017_47,thornthwaite,1128.7052740106774,1911,0.5906359361646664,Dry forest|Moist forest
NEF_GloFung-its1_651_2017_48,thornthwaite,1128.7052740106774,1911,0.5906359361646664,Dry forest|Moist forest
NEF_GloFung-its1_651_2017_49,thornthwaite,1128.7052740106774,1911,0.5906359361646664,Dry forest|Moist forest
NEF_GloFung-its1_651_2017_50,thornthwaite,1128.7052740106774,1911,0.5906359361646664,Dry forest|Moist forest
NEF_GloFung-its1_651_2017_51,thornthwaite,1128.7052740106774,1911,0.5906359361646664,Dry forest|Moist forest
NEF_GloFung-its1_651_2017_52,thornthwaite,1128.7052740106774,1911,0.5906359361646664,Dry forest|Moist forest
NEF_GloFung-its1_651_2017_53,thornthwaite,1128.7052740106774,1911,0.5906359361646664,Dry forest|Moist forest
NEF_GloFung-its1_651_2017_54,thornthwaite,1128.7052740106774,1911,0.5906359361646664,Dry forest|Moist forest
NEF_GloFung-its1_651_2017_55,thornthwaite,1128.7052740106774,1911,0.5906359361646664,Dry forest|Moist forest
NEF_GloFung-its1_651_2017_56,thornthwaite,1128.7052740106774,1911,0.5906359361646664,Dry forest|Moist forest
NEF_GloFung-its1_651_2017_57,thornthwaite,1128.7052740106774,1911,0.5906359361646664,Dry forest|Moist forest
NEF_GloFung-its1_651_2017_58,thornthwaite,1128.7052740106774,1911,0.5906359361646664,Dry forest|Moist forest
NEF_GloFung-its1_651_2017_59,thornthwaite,1128.7052740106774,1911,0.5906359361646664,Dry forest|Moist forest
NEF_GloFung-its1_651_2017_60,thornthwaite,1128.7052740106774,1911,0.5906359361646664,Dry forest|Moist forest
NEF_GloFung-its1_651_2017_61,thornthwaite,1128.7052740106774,1911,0.5906359361646664,Dry forest|Moist forest
NEF_GloFung-its1_651_2017_62,thornthwaite,1128.7052740106774,1911,0.5906359361646664,Dry forest|Moist forest
NEF_GloFung-its1_651_2017_63,thornthwaite,1128.7052740106774,1911,0.5906359361646664,Dry forest|Moist forest
NEF_GloFung-its1_651_2017_64,thornthwaite,1128.7052740106774,1911,0.5906359361646664,Dry forest|Moist forest
NEF_GloFung-its1_651_2017_65,thornthwaite,1128.7052740106774,1911,0.5906359361646664,Dry forest|Moist forest
NEF_GloFung-its1_651_2017_66,thornthwaite,1128.7052740106774,1911,0.5906359361646664,Dry forest|Moist forest
NEF_GloFung-its1_651_2017_67,thornthwaite,1128.7052740106774,1911,0.5906359361646664,Dry forest|Moist forest
NEF_GloFung-its1_651_2017_68,thornthwaite,1128.7052740106774,1911,0.5906359361646664,Dry forest|Moist forest
NEF_GloFung-its1_651_2017_69,thornthwaite,1128.7052740106774,1911,0.5906359361646664,Dry forest|Moist forest
NEF_GloFung-its1_651_2017_70,thornthwaite,1128.7052740106774,1911,0.5906359361646664,Dry forest|Moist forest
NEF_GloFung-its1_651_2017_71,thornthwaite,1128.7052740106774,1911,0.5906359361646664,Dry forest|Moist forest
NEF_GloFung-its1_651_2017_72,thornthwaite,1128.7052740106774,1911,0.5906359361646664,Dry forest|Moist forest
NEF_GloFung-its1_651_2017_73,thornthwaite,1128.7052740106774,1911,0.5906359361646664,Dry forest|Moist forest
NEF_GloFung-its1_651_2017_74,thornthwaite,1128.7052740106774,1911,0.5906359361646664,Dry forest|Moist forest
NEF_GloFung-its1_651_2017_75,thornthwaite,1128.7052740106774,1911,0.5906359361646664,Dry forest|Moist forest
NEF_GloFung-its1_651_2017_76,thornthwaite,1128.7052740106774,1911,0.5906359361646664,Dry forest|Moist forest
NEF_GloFung-its1_651_2017_77,thornthwaite,1128.7052740106774,1911,0.5906359361646664,Dry forest|Moist forest
NEF_GloFung-its1_651_2017_78,thornthwaite,1128.7052740106774,1911,0.5906359361646664,Dry forest|Moist forest
NEF_GloFung-its1_651_2017_79,thornthwaite,1128.7052740106774,1911,0.5906359361646664,Dry forest|Moist forest
NEF_GloFung-its1_651_2017_80,thornthwaite,1128.7052740106774,1911,0.5906359361646664,Dry forest|Moist forest
NEF_GloFung-its1_288_2018_1,thornthwaite,1369.1210506149237,2284,0.5994400396737845,Moist forest
NEF_GloFung-its1_288_2018_2,thornthwaite,1369.1210506149237,2284,0.5994400396737845,Moist forest
NEF_GloFung-its1_288_2018_3,thornthwaite,1369.1210506149237,2284,0.5994400396737845,Moist forest
NEF_GloFung-its1_288_2018_4,thornthwaite,1369.1210506149237,2284,0.5994400396737845,Moist forest
NEF_GloFung-its1_288_2018_5,thornthwaite,1369.1210506149237,2284,0.5994400396737845,Moist forest
NEF_GloFung-its1_288_2018_6,thornthwaite,1369.1210506149237,2284,0.5994400396737845,Moist forest
NEF_GloFung-its1_288_2018_7,thornthwaite,1369.1210506149237,2284,0.5994400396737845,Moist forest
NEF_GloFung-its1_288_2018_8,thornthwaite,1369.1210506149237,2284,0.5994400396737845,Moist forest
NEF_GloFung-its1_288_2018_9,thornthwaite,1369.1210506149237,2284,0.5994400396737845,Moist forest
NEF_GloFung-its1_288_2018_10,thornthwaite,1369.1210506149237,2284,0.5994400396737845,Moist forest
NEF_GloFung-its1_288_2018_11,thornthwaite,1369.1210506149237,2284,0.5994400396737845,Moist forest
NEF_GloFung-its1_288_2018_12,thornthwaite,1369.1210506149237,2284,0.5994400396737845,Moist forest
NEF_GloFung-its1_288_2018_13,thornthwaite,1369.1210506149237,2284,0.5994400396737845,Moist forest
NEF_GloFung-its1_288_2018_14,thornthwaite,1369.1210506149237,2284,0.5994400396737845,Moist forest
NEF_GloFung-its1_288_2018_15,thornthwaite,1369.1210506149237,2284,0.5994400396737845,Moist forest
NEF_GloFung-its1_288_2018_16,thornthwaite,1369.1210506149237,2284,0.5994400396737845,Moist forest
NEF_GloFung-its1_288_2018_17,thornthwaite,1369.1210506149237,2284,0.5994400396737845,Moist forest
NEF_GloFung-its1_288_2018_18,thornthwaite,1369.1210506149237,2284,0.5994400396737845,Moist forest
NEF_GloFung-its1_288_2018_19,thornthwaite,1369.1210506149237,2284,0.5994400396737845,Moist forest
NEF_GloFung-its1_288_2018_20,thornthwaite,1369.1210506149237,2284,0.5994400396737845,Moist forest
NEF_GloFung-its1_288_2018_21,thornthwaite,1369.1210506149237,2284,0.5994400396737845,Moist forest
NEF_GloFung-its1_288_2018_22,thornthwaite,1369.1210506149237,2284,0.5994400396737845,Moist forest
NEF_GloFung-its1_288_2018_23,thornthwaite,1369.1210506149237,2284,0.5994400396737845,Moist forest
NEF_GloFung-its1_288_2018_24,thornthwaite,1369.1210506149237,2284,0.5994400396737845,Moist forest
NEF_GloFung-its1_288_2018_25,thornthwaite,1369.1210506149237,2284,0.5994400396737845,Moist forest
NEF_GloFung-its1_288_2018_26,thornthwaite,1369.1210506149237,2284,0.5994400396737845,Moist forest
NEF_GloFung-its1_288_2018_27,thornthwaite,1369.1210506149237,2284,0.5994400396737845,Moist forest
NEF_GloFung-its1_288_2018_28,thornthwaite,1369.1210506149237,2284,0.5994400396737845,Moist forest
NEF_GloFung-its1_288_2018_29,thornthwaite,1369.1210506149237,2284,0.5994400396737845,Moist forest
NEF_GloFung-its1_288_2018_30,thornthwaite,1369.1210506149237,2284,0.5994400396737845,Moist forest
NEF_GloFung-its1_288_2018_31,thornthwaite,1369.1210506149237,2284,0.5994400396737845,Moist forest
NEF_GloFung-its1_288_2018_32,thornthwaite,1369.1210506149237,2284,0.5994400396737845,Moist forest
NEF_GloFung-its1_288_2018_33,thornthwaite,1369.1210506149237,2284,0.5994400396737845,Moist forest
NEF_GloFung-its1_288_2018_34,thornthwaite,1369.1210506149237,2284,0.5994400396737845,Moist forest
NEF_GloFung-its1_288_2018_35,thornthwaite,1369.1210506149237,2284,0.5994400396737845,Moist forest
NEF_GloFung-its1_288_2018_36,thornthwaite,1369.1210506149237,2284,0.5994400396737845,Moist forest
NEF_GloFung-its1_288_2018_37,thornthwaite,1369.1210506149237,2284,0.5994400396737845,Moist forest
NEF_GloFung-its1_288_2018_38,thornthwaite,1369.1210506149237,2284,0.5994400396737845,Moist forest
NEF_GloFung-its1_288_2018_39,thornthwaite,1369.1210506149237,2284,0.5994400396737845,Moist forest
NEF_GloFung-its1_288_2018_40,thornthwaite,1369.1210506149237,2284,0.5994400396737845,Moist forest
NEF_GloFung-its1_288_2018_41,thornthwaite,1369.1210506149237,2284,0.5994400396737845,Moist forest
NEF_GloFung-its1_288_2018_42,thornthwaite,1369.1210506149237,2284,0.5994400396737845,Moist forest
NEF_GloFung-its1_288_2018_43,thornthwaite,1369.1210506149237,2284,0.5994400396737845,Moist forest
NEF_GloFung-its1_288_2018_44,thornthwaite,1369.1210506149237,2284,0.5994400396737845,Moist forest
NEF_GloFung-its1_288_2018_45,thornthwaite,1369.1210506149237,2284,0.5994400396737845,Moist forest
NEF_GloFung-its1_288_2018_46,thornthwaite,1369.1210506149237,2284,0.5994400396737845,Moist forest
NEF_GloFung-its1_288_2018_47,thornthwaite,1369.1210506149237,2284,0.5994400396737845,Moist forest
NEF_GloFung-its1_288_2018_48,thornthwaite,1369.1210506149237,2284,0.5994400396737845,Moist forest
NEF_GloFung-its1_288_2018_49,thornthwaite,1369.1210506149237,2284,0.5994400396737845,Moist forest
NEF_GloFung-its1_288_2018_50,thornthwaite,1369.1210506149237,2284,0.5994400396737845,Moist forest
NEF_GloFung-its1_288_2018_51,thornthwaite,1369.1210506149237,2284,0.5994400396737845,Moist forest
NEF_GloFung-its1_288_2018_52,thornthwaite,1369.1210506149237,2284,0.5994400396737845,Moist forest
NEF_GloFung-its1_288_2018_53,thornthwaite,1369.1210506149237,2284,0.5994400396737845,Moist forest
NEF_GloFung-its1_288_2018_54,thornthwaite,1369.1210506149237,2284,0.5994400396737845,Moist forest
NEF_GloFung-its1_288_2018_55,thornthwaite,1369.1210506149237,2284,0.5994400396737845,Moist forest
NEF_GloFung-its1_288_2018_56,thornthwaite,1369.1210506149237,2284,0.5994400396737845,Moist forest
NEF_GloFung-its1_288_2018_57,thornthwaite,1369.1210506149237,2284,0.5994400396737845,Moist forest
NEF_GloFung-its1_288_2018_58,thornthwaite,1369.1210506149237,2284,0.5994400396737845,Moist forest
NEF_GloFung-its1_288_2018_59,thornthwaite,1369.1210506149237,2284,0.5994400396737845,Moist forest
NEF_GloFung-its1_288_2018_60,thornthwaite,1369.1210506149237,2284,0.5994400396737845,Moist forest
NEF_GloFung-its1_288_2018_61,thornthwaite,1369.1210506149237,2284,0.5994400396737845,Moist forest
NEF_GloFung-its1_288_2018_62,thornthwaite,1369.1210506149237,2284,0.5994400396737845,Moist forest
NEF_GloFung-its1_288_2018_63,thornthwaite,1369.1210506149237,2284,0.5994400396737845,Moist forest
NEF_GloFung-its1_288_2018_64,thornthwaite,1369.1210506149237,2284,0.5994400396737845,Moist forest
NEF_GloFung-its1_288_2018_65,thornthwaite,1369.1210506149237,2284,0.5994400396737845,Moist forest
NEF_GloFung-its1_288_2018_66,thornthwaite,1369.1210506149237,2284,0.5994400396737845,Moist forest
NEF_GloFung-its1_288_2018_67,thornthwaite,1369.1210506149237,2284,0.5994400396737845,Moist forest
NEF_GloFung-its1_288_2018_68,thornthwaite,1369.1210506149237,2284,0.5994400396737845,Moist forest
NEF_GloFung-its1_288_2018_69,thornthwaite,1369.1210506149237,2284,0.5994400396737845,Moist forest
NEF_GloFung-its1_288_2018_70,thornthwaite,1369.1210506149237,2284,0.5994400396737845,Moist forest
NEF_GloFung-its1_288_2018_71,thornthwaite,1369.1210506149237,2284,0.5994400396737845,Moist forest
NEF_GloFung-its1_288_2018_72,thornthwaite,1369.1210506149237,2284,0.5994400396737845,Moist forest
NEF_GloFung-its1_288_2018_73,thornthwaite,1369.1210506149237,2284,0.5994400396737845,Moist forest
NEF_GloFung-its1_288_2018_74,thornthwaite,1369.1210506149237,2284,0.5994400396737845,Moist forest
NEF_GloFung-its1_288_2018_75,thornthwaite,1369.1210506149237,2284,0.5994400396737845,Moist forest
NEF_GloFung-its1_288_2018_76,thornthwaite,1369.1210506149237,2284,0.5994400396737845,Moist forest
NEF_GloFung-its1_288_2018_77,thornthwaite,1369.1210506149237,2284,0.5994400396737845,Moist forest
NEF_GloFung-its1_288_2018_78,thornthwaite,1369.1210506149237,2284,0.5994400396737845,Moist forest
NEF_GloFung-its1_288_2018_79,thornthwaite,1369.1210506149237,2284,0.5994400396737845,Moist forest
NEF_GloFung-its1_288_2018_80,thornthwaite,1369.1210506149237,2284,0.5994400396737845,Moist forest
NEF_GloFung-its1_288_2018_81,thornthwaite,1369.1210506149237,2284,0.5994400396737845,Moist forest
NEF_GloFung-its1_288_2018_82,thornthwaite,1369.1210506149237,2284,0.5994400396737845,Moist forest
NEF_GloFung-its1_288_2018_83,thornthwaite,1369.1210506149237,2284,0.5994400396737845,Moist forest
NEF_GloFung-its1_288_2018_84,thornthwaite,1369.1210506149237,2284,0.5994400396737845,Moist forest
NEF_GloFung-its1_288_2018_85,thornthwaite,1369.1210506149237,2284,0.5994400396737845,Moist forest
NEF_GloFung-its1_288_2018_86,thornthwaite,1369.1210506149237,2284,0.5994400396737845,Moist forest
NEF_GloFung-its1_288_2018_87,thornthwaite,1369.1210506149237,2284,0.5994400396737845,Moist forest
NEF_GloFung-its1_288_2018_88,thornthwaite,1369.1210506149237,2284,0.5994400396737845,Moist forest
NEF_GloFung-its1_288_2018_89,thornthwaite,1369.1210506149237,2284,0.5994400396737845,Moist forest
NEF_GloFung-its1_288_2018_90,thornthwaite,1369.1210506149237,2284,0.5994400396737845,Moist forest
NEF_GloFung-its1_288_2018_91,thornthwaite,1369.1210506149237,2284,0.5994400396737845,Moist forest
NEF_GloFung-its1_288_2018_92,thornthwaite,1369.1210506149237,2284,0.5994400396737845,Moist forest
NEF_GloFung-its1_288_2018_93,thornthwaite,1369.1210506149237,2284,0.5994400396737845,Moist forest
NEF_GloFung-its1_288_2018_94,thornthwaite,1369.1210506149237,2284,0.5994400396737845,Moist forest
NEF_GloFung-its1_288_2018_95,thornthwaite,1369.1210506149237,2284,0.5994400396737845,Moist forest
NEF_GloFung-its1_288_2018_96,thornthwaite,1369.1210506149237,2284,0.5994400396737845,Moist forest
NEF_GloFung-its1_288_2018_97,thornthwaite,1369.1210506149237,2284,0.5994400396737845,Moist forest
NEF_GloFung-its1_288_2018_98,thornthwaite,1369.1210506149237,2284,0.5994400396737845,Moist forest
NEF_GloFung-its1_288_2018_99,thornthwaite,1369.1210506149237,2284,0.5994400396737845,Moist forest
NEF_GloFung-its1_288_2018_100,thornthwaite,1369.1210506149237,2284,0.5994400396737845,Moist forest
NEF_GloFung-its1_288_2018_101,thornthwaite,1369.1210506149237,2284,0.5994400396737845,Moist forest
NEF_GloFung-its1_288_2018_102,thornthwaite,1369.1210506149237,2284,0.5994400396737845,Moist forest
NEF_GloFung-its1_288_2018_103,thornthwaite,1369.1210506149237,2284,0.5994400396737845,Moist forest
NEF_GloFung-its1_288_2018_104,thornthwaite,1369.1210506149237,2284,0.5994400396737845,Moist forest
NEF_GloFung-its1_288_2018_105,thornthwaite,1369.1210506149237,2284,0.5994400396737845,Moist forest
NEF_GloFung-its1_288_2018_106,thornthwaite,1369.1210506149237,2284,0.5994400396737845,Moist forest
NEF_GloFung-its1_288_2018_107,thornthwaite,1369.1210506149237,2284,0.5994400396737845,Moist forest
NEF_GloFung-its1_288_2018_108,thornthwaite,1369.1210506149237,2284,0.5994400396737845,Moist forest
NEF_GloFung-its1_288_2018_109,thornthwaite,1369.1210506149237,2284,0.5994400396737845,Moist forest
NEF_GloFung-its1_288_2018_110,thornthwaite,1369.1210506149237,2284,0.5994400396737845,Moist forest
NEF_GloFung-its1_288_2018_111,thornthwaite,1369.1210506149237,2284,0.5994400396737845,Moist forest
NEF_GloFung-its1_288_2018_112,thornthwaite,1369.1210506149237,2284,0.5994400396737845,Moist forest
NEF_GloFung-its1_288_2018_113,thornthwaite,1369.1210506149237,2284,0.5994400396737845,Moist forest
NEF_GloFung-its1_288_2018_114,thornthwaite,1369.1210506149237,2284,0.5994400396737845,Moist forest
NEF_GloFung-its1_288_2018_115,thornthwaite,1369.1210506149237,2284,0.5994400396737845,Moist forest
NEF_GloFung-its1_288_2018_116,thornthwaite,1369.1210506149237,2284,0.5994400396737845,Moist forest
NEF_GloFung-its1_288_2018_117,thornthwaite,1369.1210506149237,2284,0.5994400396737845,Moist forest
NEF_GloFung-its1_288_2018_118,thornthwaite,1369.1210506149237,2284,0.5994400396737845,Moist forest
NEF_GloFung-its1_288_2018_119,thornthwaite,1369.1210506149237,2284,0.5994400396737845,Moist forest
NEF_GloFung-its1_288_2018_120,thornthwaite,1369.1210506149237,2284,0.5994400396737845,Moist forest
NEF_GloFung-its1_288_2018_121,thornthwaite,1369.1210506149237,2284,0.5994400396737845,Moist forest
NEF_GloFung-its1_288_2018_122,thornthwaite,1369.1210506149237,2284,0.5994400396737845,Moist forest
NEF_GloFung-its1_288_2018_123,thornthwaite,1369.1210506149237,2284,0.5994400396737845,Moist forest
NEF_GloFung-its1_288_2018_124,thornthwaite,1369.1210506149237,2284,0.5994400396737845,Moist forest
NEF_GloFung-its1_288_2018_125,thornthwaite,1369.1210506149237,2284,0.5994400396737845,Moist forest
NEF_GloFung-its1_288_2018_126,thornthwaite,1369.1210506149237,2284,0.5994400396737845,Moist forest
NEF_GloFung-its1_288_2018_127,thornthwaite,1369.1210506149237,2284,0.5994400396737845,Moist forest
NEF_GloFung-its1_288_2018_128,thornthwaite,1369.1210506149237,2284,0.5994400396737845,Moist forest
NEF_GloFung-its1_288_2018_129,thornthwaite,1369.1210506149237,2284,0.5994400396737845,Moist forest
NEF_GloFung-its1_288_2018_130,thornthwaite,1369.1210506149237,2284,0.5994400396737845,Moist forest
NEF_GloFung-its1_288_2018_131,thornthwaite,1369.1210506149237,2284,0.5994400396737845,Moist forest
NEF_GloFung-its1_288_2018_132,thornthwaite,1369.1210506149237,2284,0.5994400396737845,Moist forest
NEF_GloFung-its1_288_2018_133,thornthwaite,1369.1210506149237,2284,0.5994400396737845,Moist forest
NEF_GloFung-its1_288_2018_134,thornthwaite,1369.1210506149237,2284,0.5994400396737845,Moist forest
NEF_GloFung-its1_288_2018_135,thornthwaite,1369.1210506149237,2284,0.5994400396737845,Moist forest
NEF_GloFung-its1_288_2018_136,thornthwaite,1369.1210506149237,2284,0.5994400396737845,Moist forest
NEF_GloFung-its1_288_2018_137,thornthwaite,1369.1210506149237,2284,0.5994400396737845,Moist forest
NEF_GloFung-its1_288_2018_138,thornthwaite,1369.1210506149237,2284,0.5994400396737845,Moist forest
NEF_GloFung-its1_288_2018_139,thornthwaite,1369.1210506149237,2284,0.5994400396737845,Moist forest
NEF_GloFung-its1_288_2018_140,thornthwaite,1369.1210506149237,2284,0.5994400396737845,Moist forest
NEF_GloFung-its1_288_2018_141,thornthwaite,1369.1210506149237,2284,0.5994400396737845,Moist forest
NEF_GloFung-its1_288_2018_142,thornthwaite,1369.1210506149237,2284,0.5994400396737845,Moist forest
NEF_GloFung-its1_288_2018_143,thornthwaite,1369.1210506149237,2284,0.5994400396737845,Moist forest
NEF_GloFung-its1_288_2018_144,thornthwaite,1369.1210506149237,2284,0.5994400396737845,Moist forest
NEF_GloFung-its1_288_2018_145,thornthwaite,1369.1210506149237,2284,0.5994400396737845,Moist forest
NEF_GloFung-its1_288_2018_146,thornthwaite,1369.1210506149237,2284,0.5994400396737845,Moist forest
NEF_GloFung-its1_288_2018_147,thornthwaite,1369.1210506149237,2284,0.5994400396737845,Moist forest
NEF_GloFung-its1_288_2018_148,thornthwaite,1369.1210506149237,2284,0.5994400396737845,Moist forest
NEF_GloFung-its1_288_2018_149,thornthwaite,1369.1210506149237,2284,0.5994400396737845,Moist forest
NEF_GloFung-its1_288_2018_150,thornthwaite,1369.1210506149237,2284,0.5994400396737845,Moist forest
NEF_GloFung-its1_288_2018_151,thornthwaite,1369.1210506149237,2284,0.5994400396737845,Moist forest
NEF_GloFung-its1_288_2018_152,thornthwaite,1369.1210506149237,2284,0.5994400396737845,Moist forest
NEF_GloFung-its1_288_2018_153,thornthwaite,1369.1210506149237,2284,0.5994400396737845,Moist forest
NEF_GloFung-its1_288_2018_154,thornthwaite,1369.1210506149237,2284,0.5994400396737845,Moist forest
NEF_GloFung-its1_288_2018_155,thornthwaite,1369.1210506149237,2284,0.5994400396737845,Moist forest
NEF_GloFung-its1_288_2018_156,thornthwaite,1369.1210506149237,2284,0.5994400396737845,Moist forest
NEF_GloFung-its1_288_2018_157,thornthwaite,1369.1210506149237,2284,0.5994400396737845,Moist forest
NEF_GloFung-its1_288_2018_158,thornthwaite,1369.1210506149237,2284,0.5994400396737845,Moist forest
NEF_GloFung-its1_288_2018_159,thornthwaite,1369.1210506149237,2284,0.5994400396737845,Moist forest
NEF_GloFung-its1_288_2018_160,thornthwaite,1369.1210506149237,2284,0.5994400396737845,Moist forest
NEF_GloFung-its1_288_2018_161,thornthwaite,1369.1210506149237,2284,0.5994400396737845,Moist forest
NEF_GloFung-its1_652_2017_1,thornthwaite,1596.2568407744345,2418,0.6601558481283848,Moist forest
NEF_GloFung-its1_653_2017_1,thornthwaite,1584.2684035110858,2637,0.6007843775165286,Moist forest
NEF_GloFung-its1_654_2017_1,thornthwaite,1486.7605296995398,2585,0.5751491410829941,Moist forest
NEF_GloFung-its1_655_2013_1,thornthwaite,1557.890681909137,2712,0.5744434667806552,Moist forest
NEF_GloFung-its1_656_2013_1,thornthwaite,1568.982240889738,2574,0.6095502101358734,Moist forest
NEF_GloFung-its1_657_2013_1,thornthwaite,1580.352911305351,2666,0.592780536873725,Moist forest
NEF_GloFung-its1_658_2013_1,thornthwaite,1600.274283205308,2574,0.6217071807324429,Moist forest
NEF_GloFung-its1_658_2013_2,thornthwaite,1600.274283205308,2574,0.6217071807324429,Moist forest
NEF_GloFung-its1_659_2013_1,thornthwaite,1631.8493364069375,2542,0.6419548923709432,Moist forest
NEF_GloFung-its1_655_2013_2,thornthwaite,1557.890681909137,2712,0.5744434667806552,Moist forest
NEF_GloFung-its1_660_2013_1,thornthwaite,1587.1446322406944,2588,0.6132707234314894,Moist forest
NEF_GloFung-its1_656_2013_2,thornthwaite,1568.982240889738,2574,0.6095502101358734,Moist forest
NEF_GloFung-its1_657_2013_2,thornthwaite,1580.352911305351,2666,0.592780536873725,Moist forest
NEF_GloFung-its1_656_2013_3,thornthwaite,1568.982240889738,2574,0.6095502101358734,Moist forest
NEF_GloFung-its1_655_2013_3,thornthwaite,1557.890681909137,2712,0.5744434667806552,Moist forest
NEF_GloFung-its1_658_2013_3,thornthwaite,1600.274283205308,2574,0.6217071807324429,Moist forest
NEF_GloFung-its1_655_2013_4,thornthwaite,1557.890681909137,2712,0.5744434667806552,Moist forest
NEF_GloFung-its1_660_2013_2,thornthwaite,1587.1446322406944,2588,0.6132707234314894,Moist forest
NEF_GloFung-its1_656_2013_4,thornthwaite,1568.982240889738,2574,0.6095502101358734,Moist forest
NEF_GloFung-its1_657_2013_3,thornthwaite,1580.352911305351,2666,0.592780536873725,Moist forest
NEF_GloFung-its1_659_2013_2,thornthwaite,1631.8493364069375,2542,0.6419548923709432,Moist forest
NEF_GloFung-its1_656_2013_5,thornthwaite,1568.982240889738,2574,0.6095502101358734,Moist forest
NEF_GloFung-its1_656_2013_6,thornthwaite,1568.982240889738,2574,0.6095502101358734,Moist forest
NEF_GloFung-its1_657_2013_4,thornthwaite,1580.352911305351,2666,0.592780536873725,Moist forest
NEF_GloFung-its1_656_2013_7,thornthwaite,1568.982240889738,2574,0.6095502101358734,Moist forest
NEF_GloFung-its1_661_2013_1,thornthwaite,1542.610596396777,2644,0.5834381983346358,Moist forest
NEF_GloFung-its1_658_2013_4,thornthwaite,1600.274283205308,2574,0.6217071807324429,Moist forest
NEF_GloFung-its1_657_2013_5,thornthwaite,1580.352911305351,2666,0.592780536873725,Moist forest
NEF_GloFung-its1_655_2013_5,thornthwaite,1557.890681909137,2712,0.5744434667806552,Moist forest
NEF_GloFung-its1_660_2013_3,thornthwaite,1587.1446322406944,2588,0.6132707234314894,Moist forest
NEF_GloFung-its1_656_2013_8,thornthwaite,1568.982240889738,2574,0.6095502101358734,Moist forest
NEF_GloFung-its1_661_2013_2,thornthwaite,1542.610596396777,2644,0.5834381983346358,Moist forest
NEF_GloFung-its1_660_2013_4,thornthwaite,1587.1446322406944,2588,0.6132707234314894,Moist forest
NEF_GloFung-its1_658_2013_5,thornthwaite,1600.274283205308,2574,0.6217071807324429,Moist forest
NEF_GloFung-its1_659_2013_3,thornthwaite,1631.8493364069375,2542,0.6419548923709432,Moist forest
NEF_GloFung-its1_657_2013_6,thornthwaite,1580.352911305351,2666,0.592780536873725,Moist forest
NEF_GloFung-its1_658_2013_6,thornthwaite,1600.274283205308,2574,0.6217071807324429,Moist forest
NEF_GloFung-its1_659_2013_4,thornthwaite,1631.8493364069375,2542,0.6419548923709432,Moist forest
NEF_GloFung-its1_660_2013_5,thornthwaite,1587.1446322406944,2588,0.6132707234314894,Moist forest
NEF_GloFung-its1_661_2013_3,thornthwaite,1542.610596396777,2644,0.5834381983346358,Moist forest
NEF_GloFung-its1_660_2013_6,thornthwaite,1587.1446322406944,2588,0.6132707234314894,Moist forest
NEF_GloFung-its1_659_2013_5,thornthwaite,1631.8493364069375,2542,0.6419548923709432,Moist forest
NEF_GloFung-its1_661_2013_4,thornthwaite,1542.610596396777,2644,0.5834381983346358,Moist forest
NEF_GloFung-its1_661_2013_5,thornthwaite,1542.610596396777,2644,0.5834381983346358,Moist forest
NEF_GloFung-its1_656_2013_9,thornthwaite,1568.982240889738,2574,0.6095502101358734,Moist forest
NEF_GloFung-its1_659_2013_6,thornthwaite,1631.8493364069375,2542,0.6419548923709432,Moist forest
NEF_GloFung-its1_657_2013_7,thornthwaite,1580.352911305351,2666,0.592780536873725,Moist forest
NEF_GloFung-its1_655_2013_6,thornthwaite,1557.890681909137,2712,0.5744434667806552,Moist forest
NEF_GloFung-its1_655_2013_7,thornthwaite,1557.890681909137,2712,0.5744434667806552,Moist forest
NEF_GloFung-its1_658_2013_7,thornthwaite,1600.274283205308,2574,0.6217071807324429,Moist forest
NEF_GloFung-its1_657_2013_8,thornthwaite,1580.352911305351,2666,0.592780536873725,Moist forest
NEF_GloFung-its1_659_2013_7,thornthwaite,1631.8493364069375,2542,0.6419548923709432,Moist forest
NEF_GloFung-its1_659_2013_8,thornthwaite,1631.8493364069375,2542,0.6419548923709432,Moist forest
NEF_GloFung-its1_655_2013_8,thornthwaite,1557.890681909137,2712,0.5744434667806552,Moist forest
NEF_GloFung-its1_661_2013_6,thornthwaite,1542.610596396777,2644,0.5834381983346358,Moist forest
NEF_GloFung-its1_658_2013_8,thornthwaite,1600.274283205308,2574,0.6217071807324429,Moist forest
NEF_GloFung-its1_660_2013_7,thornthwaite,1587.1446322406944,2588,0.6132707234314894,Moist forest
NEF_GloFung-its1_656_2013_10,thornthwaite,1568.982240889738,2574,0.6095502101358734,Moist forest
NEF_GloFung-its1_660_2013_8,thornthwaite,1587.1446322406944,2588,0.6132707234314894,Moist forest
NEF_GloFung-its1_661_2013_7,thornthwaite,1542.610596396777,2644,0.5834381983346358,Moist forest
NEF_GloFung-its1_661_2013_8,thornthwaite,1542.610596396777,2644,0.5834381983346358,Moist forest
NEF_GloFung-its1_655_2013_9,thornthwaite,1557.890681909137,2712,0.5744434667806552,Moist forest
NEF_GloFung-its1_659_2013_9,thornthwaite,1631.8493364069375,2542,0.6419548923709432,Moist forest
NEF_GloFung-its1_661_2013_9,thornthwaite,1542.610596396777,2644,0.5834381983346358,Moist forest
NEF_GloFung-its1_661_2013_10,thornthwaite,1542.610596396777,2644,0.5834381983346358,Moist forest
NEF_GloFung-its1_658_2013_9,thornthwaite,1600.274283205308,2574,0.6217071807324429,Moist forest
NEF_GloFung-its1_660_2013_9,thornthwaite,1587.1446322406944,2588,0.6132707234314894,Moist forest
NEF_GloFung-its1_657_2013_9,thornthwaite,1580.352911305351,2666,0.592780536873725,Moist forest
NEF_GloFung-its1_660_2013_10,thornthwaite,1587.1446322406944,2588,0.6132707234314894,Moist forest
NEF_GloFung-its2_1_2023_1,thornthwaite,1155.3877010408498,1920,0.6017644276254426,Dry forest|Moist forest
NEF_GloFung-its2_2_2023_1,thornthwaite,1155.3877880216407,1920,0.6017644729279379,Dry forest|Moist forest
NEF_GloFung-its2_3_2023_1,thornthwaite,1139.2992822878923,1913,0.5955563420218988,Dry forest|Moist forest
NEF_GloFung-its2_3_2023_2,thornthwaite,1139.2993315365452,1913,0.5955563677660979,Dry forest|Moist forest
NEF_GloFung-its2_4_2023_1,thornthwaite,1108.1120072258832,1950,0.5682625678081452,Dry forest|Moist forest
NEF_GloFung-its2_5_2023_1,thornthwaite,1108.1119782786957,1950,0.5682625529634336,Dry forest|Moist forest
NEF_GloFung-its2_5_2023_2,thornthwaite,1108.1119319631214,1950,0.5682625292118572,Dry forest|Moist forest
NEF_GloFung-its2_6_2023_1,thornthwaite,1108.1120950321306,1950,0.5682626128369901,Dry forest|Moist forest
NEF_GloFung-its2_7_2023_1,thornthwaite,1092.6946016744066,1960,0.5574972457522482,Dry forest|Moist forest
NEF_GloFung-its2_8_2023_1,thornthwaite,1092.6945039628717,1960,0.5574971958994244,Dry forest|Moist forest
NEF_GloFung-its2_8_2023_2,thornthwaite,1092.6945317524355,1960,0.5574972100777732,Dry forest|Moist forest
NEF_GloFung-its2_7_2023_2,thornthwaite,1092.694642910335,1960,0.5574972667909872,Dry forest|Moist forest
NEF_GloFung-its2_2_2023_2,thornthwaite,1155.3877880216407,1920,0.6017644729279379,Dry forest|Moist forest
NEF_GloFung-its2_9_2023_1,thornthwaite,1110.5967237941106,1944,0.571294611005201,Dry forest|Moist forest
NEF_GloFung-its2_10_2023_1,thornthwaite,1110.5966597344,1944,0.5712945780526749,Dry forest|Moist forest
NEF_GloFung-its2_10_2023_2,thornthwaite,1089.5156434764262,1943,0.5607388798128802,Dry forest|Moist forest
NEF_GloFung-its2_11_2023_1,thornthwaite,1089.5155973310134,1943,0.5607388560633111,Dry forest|Moist forest
NEF_GloFung-its2_12_2023_1,thornthwaite,1116.8967610904501,1948,0.5733556268431469,Dry forest|Moist forest
NEF_GloFung-its2_13_2023_1,thornthwaite,1116.8966119886293,1948,0.5733555503021711,Dry forest|Moist forest
NEF_GloFung-its2_14_2023_1,thornthwaite,1116.8965054867263,1948,0.5733554956297363,Dry forest|Moist forest
NEF_GloFung-its2_15_2023_1,thornthwaite,1146.7109844189708,1949,0.5883586374648389,Dry forest|Moist forest
NEF_GloFung-its2_16_2023_1,thornthwaite,1116.894303099839,1952,0.5721794585552453,Dry forest|Moist forest
NEF_GloFung-its2_17_2023_1,thornthwaite,1116.8942651257623,1952,0.5721794391013126,Dry forest|Moist forest
NEF_GloFung-its2_18_2023_1,thornthwaite,1155.387959959554,1920,0.6017645624789344,Dry forest|Moist forest
NEF_GloFung-its2_17_2023_2,thornthwaite,1116.894291985482,1952,0.5721794528614149,Dry forest|Moist forest
NEF_GloFung-its2_19_2023_1,thornthwaite,1116.8941993656244,1952,0.5721794054127174,Dry forest|Moist forest
NEF_GloFung-its2_20_2023_1,thornthwaite,1127.4504358760435,1954,0.5769961289027858,Dry forest|Moist forest
NEF_GloFung-its2_21_2023_1,thornthwaite,1127.4504783951484,1954,0.5769961506628191,Dry forest|Moist forest
NEF_GloFung-its2_20_2023_2,thornthwaite,1127.4504774063328,1954,0.5769961501567722,Dry forest|Moist forest
NEF_GloFung-its2_22_2023_1,thornthwaite,1127.4503478711458,1954,0.5769960838644553,Dry forest|Moist forest
NEF_GloFung-its2_23_2023_1,thornthwaite,1141.0044280156685,1890,0.6037060465691367,Dry forest|Moist forest
NEF_GloFung-its2_24_2023_1,thornthwaite,1141.9042604203958,1870,0.6106439895296234,Dry forest|Moist forest
NEF_GloFung-its2_25_2023_1,thornthwaite,1144.4768856731773,1889,0.6058638886570552,Dry forest|Moist forest
NEF_GloFung-its2_25_2023_2,thornthwaite,1141.9042497312316,1870,0.6106439838134928,Dry forest|Moist forest
NEF_GloFung-its2_26_2023_1,thornthwaite,1142.7441058131474,1921,0.5948693939683224,Dry forest|Moist forest
NEF_GloFung-its2_27_2023_1,thornthwaite,1131.8636789744003,1880,0.6020551483906385,Dry forest|Moist forest
NEF_GloFung-its2_28_2023_1,thornthwaite,1131.86368483812,1880,0.6020551515096383,Dry forest|Moist forest
NEF_GloFung-its2_28_2023_2,thornthwaite,1131.8637305750933,1880,0.6020551758378155,Dry forest|Moist forest
NEF_GloFung-its2_27_2023_2,thornthwaite,1131.8636191643893,1880,0.6020551165768029,Dry forest|Moist forest
NEF_GloFung-its2_29_2023_1,thornthwaite,1144.2976518682824,1888,0.6060898579810817,Dry forest|Moist forest
NEF_GloFung-its2_30_2023_1,thornthwaite,1144.2977413514386,1888,0.6060899053768213,Dry forest|Moist forest
NEF_GloFung-its2_31_2023_1,thornthwaite,1127.6671208682608,1890,0.5966492703006671,Dry forest|Moist forest
NEF_GloFung-its2_32_2023_1,thornthwaite,1144.2979119277584,1888,0.6060899957244483,Dry forest|Moist forest
NEF_GloFung-its2_33_2023_1,thornthwaite,1148.6001019715109,1913,0.6004182446270313,Dry forest|Moist forest
NEF_GloFung-its2_26_2023_2,thornthwaite,1142.7441134306337,1921,0.5948693979336979,Dry forest|Moist forest
NEF_GloFung-its2_34_2023_1,thornthwaite,1142.7444039817617,1921,0.5948695491836344,Dry forest|Moist forest
NEF_GloFung-its2_35_2023_1,thornthwaite,1139.2992511305329,1913,0.595556325734727,Dry forest|Moist forest
NEF_GloFung-its2_3_2023_3,thornthwaite,1139.2993456075715,1913,0.5955563751215742,Dry forest|Moist forest
NEF_GloFung-its2_36_2023_1,thornthwaite,863.0837799083006,1478,0.5839538429690803,Dry forest|Moist forest
NEF_GloFung-its2_36_2023_2,thornthwaite,863.0837799083006,1478,0.5839538429690803,Dry forest|Moist forest
NEF_GloFung-its2_36_2023_3,thornthwaite,863.0837799083006,1478,0.5839538429690803,Dry forest|Moist forest
NEF_GloFung-its2_36_2023_4,thornthwaite,863.0837799083006,1478,0.5839538429690803,Dry forest|Moist forest
NEF_GloFung-its2_36_2023_5,thornthwaite,863.0837799083006,1478,0.5839538429690803,Dry forest|Moist forest
NEF_GloFung-its2_36_2023_6,thornthwaite,863.0837799083006,1478,0.5839538429690803,Dry forest|Moist forest
NEF_GloFung-its2_36_2023_7,thornthwaite,863.0837799083006,1478,0.5839538429690803,Dry forest|Moist forest
NEF_GloFung-its2_36_2023_8,thornthwaite,863.0837799083006,1478,0.5839538429690803,Dry forest|Moist forest
NEF_GloFung-its2_36_2023_9,thornthwaite,863.0837799083006,1478,0.5839538429690803,Dry forest|Moist forest
NEF_GloFung-its2_36_2023_10,thornthwaite,863.0837799083006,1478,0.5839538429690803,Dry forest|Moist forest
NEF_GloFung-its2_36_2023_11,thornthwaite,863.0837799083006,1478,0.5839538429690803,Dry forest|Moist forest
NEF_GloFung-its2_36_2023_12,thornthwaite,863.0837799083006,1478,0.5839538429690803,Dry forest|Moist forest
NEF_GloFung-its2_36_2023_13,thornthwaite,863.0837799083006,1478,0.5839538429690803,Dry forest|Moist forest
NEF_GloFung-its2_36_2023_14,thornthwaite,863.0837799083006,1478,0.5839538429690803,Dry forest|Moist forest
NEF_GloFung-its2_36_2023_15,thornthwaite,863.0837799083006,1478,0.5839538429690803,Dry forest|Moist forest
NEF_GloFung-its2_36_2023_16,thornthwaite,863.0837799083006,1478,0.5839538429690803,Dry forest|Moist forest
NEF_GloFung-its2_36_2023_17,thornthwaite,863.0837799083006,1478,0.5839538429690803,Dry forest|Moist forest
NEF_GloFung-its2_36_2023_18,thornthwaite,863.0837799083006,1478,0.5839538429690803,Dry forest|Moist forest
NEF_GloFung-its2_36_2023_19,thornthwaite,863.0837799083006,1478,0.5839538429690803,Dry forest|Moist forest
NEF_GloFung-its2_36_2023_20,thornthwaite,863.0837799083006,1478,0.5839538429690803,Dry forest|Moist forest
NEF_GloFung-its2_36_2023_21,thornthwaite,863.0837799083006,1478,0.5839538429690803,Dry forest|Moist forest
NEF_GloFung-its2_36_2023_22,thornthwaite,863.0837799083006,1478,0.5839538429690803,Dry forest|Moist forest
NEF_GloFung-its2_36_2023_23,thornthwaite,863.0837799083006,1478,0.5839538429690803,Dry forest|Moist forest
NEF_GloFung-its2_36_2023_24,thornthwaite,863.0837799083006,1478,0.5839538429690803,Dry forest|Moist forest
NEF_GloFung-its2_36_2023_25,thornthwaite,863.0837799083006,1478,0.5839538429690803,Dry forest|Moist forest
NEF_GloFung-its2_36_2023_26,thornthwaite,863.0837799083006,1478,0.5839538429690803,Dry forest|Moist forest
NEF_GloFung-its2_36_2023_27,thornthwaite,863.0837799083006,1478,0.5839538429690803,Dry forest|Moist forest
NEF_GloFung-its2_36_2023_28,thornthwaite,863.0837799083006,1478,0.5839538429690803,Dry forest|Moist forest
NEF_GloFung-its2_36_2023_29,thornthwaite,863.0837799083006,1478,0.5839538429690803,Dry forest|Moist forest
NEF_GloFung-its2_36_2023_30,thornthwaite,863.0837799083006,1478,0.5839538429690803,Dry forest|Moist forest
NEF_GloFung-its2_36_2023_31,thornthwaite,863.0837799083006,1478,0.5839538429690803,Dry forest|Moist forest
NEF_GloFung-its2_36_2023_32,thornthwaite,863.0837799083006,1478,0.5839538429690803,Dry forest|Moist forest
NEF_GloFung-its2_36_2023_33,thornthwaite,863.0837799083006,1478,0.5839538429690803,Dry forest|Moist forest
NEF_GloFung-its2_36_2023_34,thornthwaite,863.0837799083006,1478,0.5839538429690803,Dry forest|Moist forest
NEF_GloFung-its2_36_2023_35,thornthwaite,863.0837799083006,1478,0.5839538429690803,Dry forest|Moist forest
NEF_GloFung-its2_36_2023_36,thornthwaite,863.0837799083006,1478,0.5839538429690803,Dry forest|Moist forest
NEF_GloFung-its2_65_2022_1,thornthwaite,760.7032694623831,827,0.9198346668227123,Dry forest|Moist forest
NEF_GloFung-its2_65_2022_2,thornthwaite,760.7032676330934,827,0.9198346646107539,Dry forest|Moist forest
NEF_GloFung-its2_65_2022_3,thornthwaite,760.7032676371362,827,0.9198346646156422,Dry forest|Moist forest
NEF_GloFung-its2_65_2022_4,thornthwaite,760.7032676337673,827,0.9198346646115686,Dry forest|Moist forest
NEF_GloFung-its2_65_2022_5,thornthwaite,760.7032718980669,827,0.9198346697679164,Dry forest|Moist forest
NEF_GloFung-its2_65_2022_6,thornthwaite,760.7032743357723,827,0.9198346727155651,Dry forest|Moist forest
NEF_GloFung-its2_65_2022_7,thornthwaite,760.7032597964594,827,0.9198346551347756,Dry forest|Moist forest
NEF_GloFung-its2_65_2022_8,thornthwaite,760.7032597809625,827,0.9198346551160369,Dry forest|Moist forest
NEF_GloFung-its2_65_2022_9,thornthwaite,760.7032597978068,827,0.9198346551364048,Dry forest|Moist forest
NEF_GloFung-its2_65_2022_10,thornthwaite,760.7032555375519,827,0.9198346499849478,Dry forest|Moist forest
NEF_GloFung-its2_65_2022_11,thornthwaite,760.7032579557165,827,0.9198346529089679,Dry forest|Moist forest
NEF_GloFung-its2_65_2022_12,thornthwaite,760.7032610045311,827,0.9198346565955636,Dry forest|Moist forest
NEF_GloFung-its2_66_2022_1,thornthwaite,760.7031800564342,827,0.919834558713947,Dry forest|Moist forest
NEF_GloFung-its2_66_2022_2,thornthwaite,760.7031800261143,827,0.9198345586772845,Dry forest|Moist forest
NEF_GloFung-its2_66_2022_3,thornthwaite,760.7031800328524,827,0.9198345586854322,Dry forest|Moist forest
NEF_GloFung-its2_66_2022_4,thornthwaite,760.7031788173726,827,0.9198345572156864,Dry forest|Moist forest
NEF_GloFung-its2_66_2022_5,thornthwaite,760.7031818621355,827,0.9198345608973827,Dry forest|Moist forest
NEF_GloFung-its2_66_2022_6,thornthwaite,760.7031867489837,827,0.91983456680651,Dry forest|Moist forest
NEF_GloFung-its2_66_2022_7,thornthwaite,760.7032068219266,827,0.9198345910785086,Dry forest|Moist forest
NEF_GloFung-its2_66_2022_8,thornthwaite,760.7032056192472,827,0.9198345896242409,Dry forest|Moist forest
NEF_GloFung-its2_66_2022_9,thornthwaite,760.7032056253113,827,0.9198345896315735,Dry forest|Moist forest
NEF_GloFung-its2_66_2022_10,thornthwaite,760.7031995250003,827,0.9198345822551394,Dry forest|Moist forest
NEF_GloFung-its2_66_2022_11,thornthwaite,760.7032031761582,827,0.9198345866700826,Dry forest|Moist forest
NEF_GloFung-its2_66_2022_12,thornthwaite,760.7032062229451,827,0.9198345903542263,Dry forest|Moist forest
NEF_GloFung-its2_67_2022_1,thornthwaite,760.7031648669875,827,0.9198345403470224,Dry forest|Moist forest
NEF_GloFung-its2_67_2022_2,thornthwaite,760.7031648494694,827,0.9198345403258397,Dry forest|Moist forest
NEF_GloFung-its2_67_2022_3,thornthwaite,773.0809924610523,802,0.963941387108544,Dry forest|Moist forest
NEF_GloFung-its2_67_2022_4,thornthwaite,760.7031599680154,827,0.919834534423235,Dry forest|Moist forest
NEF_GloFung-its2_67_2022_5,thornthwaite,760.7031624495055,827,0.9198345374238277,Dry forest|Moist forest
NEF_GloFung-its2_67_2022_6,thornthwaite,760.7031666969433,827,0.9198345425597864,Dry forest|Moist forest
NEF_GloFung-its2_67_2022_7,thornthwaite,773.0809769323718,802,0.9639413677460994,Dry forest|Moist forest
NEF_GloFung-its2_67_2022_8,thornthwaite,773.0809769760026,802,0.963941367800502,Dry forest|Moist forest
NEF_GloFung-its2_67_2022_9,thornthwaite,773.0809769442711,802,0.9639413677609365,Dry forest|Moist forest
NEF_GloFung-its2_67_2022_10,thornthwaite,773.0809775233737,802,0.9639413684830096,Dry forest|Moist forest
NEF_GloFung-its2_67_2022_11,thornthwaite,773.0809787219047,802,0.9639413699774373,Dry forest|Moist forest
NEF_GloFung-its2_67_2022_12,thornthwaite,773.0809817099687,802,0.9639413737032029,Dry forest|Moist forest
NEF_GloFung-its2_68_2022_1,thornthwaite,773.0809405335522,802,0.9639413223610376,Dry forest|Moist forest
NEF_GloFung-its2_68_2022_2,thornthwaite,773.0809405434683,802,0.9639413223734018,Dry forest|Moist forest
NEF_GloFung-its2_68_2022_3,thornthwaite,773.0809405930489,802,0.9639413224352231,Dry forest|Moist forest
NEF_GloFung-its2_68_2022_4,thornthwaite,773.0809375402043,802,0.9639413186286837,Dry forest|Moist forest
NEF_GloFung-its2_68_2022_5,thornthwaite,773.0809405804883,802,0.9639413224195615,Dry forest|Moist forest
NEF_GloFung-its2_68_2022_6,thornthwaite,773.0809440960859,802,0.9639413268030996,Dry forest|Moist forest
NEF_GloFung-its2_68_2022_7,thornthwaite,773.0809536796944,802,0.9639413387527361,Dry forest|Moist forest
NEF_GloFung-its2_68_2022_8,thornthwaite,773.0809536631675,802,0.9639413387321291,Dry forest|Moist forest
NEF_GloFung-its2_68_2022_9,thornthwaite,773.0809536922549,802,0.9639413387683976,Dry forest|Moist forest
NEF_GloFung-its2_68_2022_10,thornthwaite,773.0809495360742,802,0.9639413335861274,Dry forest|Moist forest
NEF_GloFung-its2_68_2022_11,thornthwaite,773.0809531157971,802,0.9639413380496223,Dry forest|Moist forest
NEF_GloFung-its2_68_2022_12,thornthwaite,773.0809572567737,802,0.9639413432129348,Dry forest|Moist forest
NEF_GloFung-its2_69_2022_1,thornthwaite,664.0670990756659,1713,0.38766322187721297,Moist forest|Wet forest
NEF_GloFung-its2_70_2022_1,thornthwaite,658.0630060199696,1726,0.381264777531848,Moist forest|Wet forest
NEF_GloFung-its2_71_2022_1,thornthwaite,639.8904724259188,1781,0.3592871827208977,Moist forest|Wet forest
NEF_GloFung-its2_72_2022_1,thornthwaite,649.9957054271413,1749,0.3716384822339287,Moist forest|Wet forest
NEF_GloFung-its2_73_2022_1,thornthwaite,799.4030743471228,1639,0.48773830039482785,Moist forest|Wet forest
NEF_GloFung-its2_74_2022_1,thornthwaite,780.5427173719906,1623,0.48092588870732633,Moist forest|Wet forest
NEF_GloFung-its2_75_2022_1,thornthwaite,775.1009026350943,1620,0.47845734730561373,Moist forest|Wet forest
NEF_GloFung-its2_76_2022_1,thornthwaite,918.7085870446955,1535,0.5985072228304206,Dry forest|Moist forest
NEF_GloFung-its2_77_2022_1,thornthwaite,907.0124425853709,1542,0.5882052156844169,Dry forest|Moist forest
NEF_GloFung-its2_78_2022_1,thornthwaite,915.5773386376203,1591,0.575472871550987,Dry forest|Moist forest
NEF_GloFung-its2_79_2022_1,thornthwaite,915.576668651227,1591,0.5754724504407461,Dry forest|Moist forest
NEF_GloFung-its2_80_2022_1,thornthwaite,626.3655334951047,2668,0.2347696902155565,Wet forest
NEF_GloFung-its2_80_2022_2,thornthwaite,626.3655648186169,2668,0.23476970195600333,Wet forest
NEF_GloFung-its2_81_2022_1,thornthwaite,626.3652933499859,2668,0.23476960020614165,Wet forest
NEF_GloFung-its2_81_2022_2,thornthwaite,626.3653037910116,2668,0.23476960411956954,Wet forest
NEF_GloFung-its2_82_2022_1,thornthwaite,642.4385264274815,2711,0.23697474231924806,Wet forest
NEF_GloFung-its2_83_2022_1,thornthwaite,642.4385876843346,2711,0.236974764914915,Wet forest
NEF_GloFung-its2_83_2022_2,thornthwaite,642.4386081033329,2711,0.2369747724468214,Wet forest
NEF_GloFung-its2_84_2022_1,thornthwaite,885.4344350689502,3637,0.243451865567487,Wet forest
NEF_GloFung-its2_84_2022_2,thornthwaite,885.4344350689502,3637,0.243451865567487,Wet forest
NEF_GloFung-its2_85_2022_1,thornthwaite,1115.1281611109666,2589,0.43071771383196855,Moist forest|Wet forest
NEF_GloFung-its2_86_2022_1,thornthwaite,1107.8671030464297,2367,0.46804693833816213,Moist forest|Wet forest
NEF_GloFung-its2_87_2022_1,thornthwaite,1613.273756743132,2455,0.6571379864534143,Moist forest
NEF_GloFung-its2_88_2022_1,thornthwaite,1529.4093136704475,2718,0.562696583396044,Moist forest
NEF_GloFung-its2_88_2022_2,thornthwaite,1529.4092843227172,2718,0.5626965725984979,Moist forest
NEF_GloFung-its2_89_2022_1,thornthwaite,0,0,NA,
NEF_GloFung-its2_89_2022_2,thornthwaite,0,0,NA,
NEF_GloFung-its2_107_2022_1,thornthwaite,666.0028056261758,744,0.8951650613255051,Dry forest|Moist forest
NEF_GloFung-its2_107_2022_2,thornthwaite,666.0028056261758,744,0.8951650613255051,Dry forest|Moist forest
NEF_GloFung-its2_107_2022_3,thornthwaite,666.0028056261758,744,0.8951650613255051,Dry forest|Moist forest
NEF_GloFung-its2_107_2022_4,thornthwaite,666.0028056261758,744,0.8951650613255051,Dry forest|Moist forest
NEF_GloFung-its2_107_2022_5,thornthwaite,666.0028056261758,744,0.8951650613255051,Dry forest|Moist forest
NEF_GloFung-its2_107_2022_6,thornthwaite,666.0028056261758,744,0.8951650613255051,Dry forest|Moist forest
NEF_GloFung-its2_107_2022_7,thornthwaite,666.0028056261758,744,0.8951650613255051,Dry forest|Moist forest
NEF_GloFung-its2_107_2022_8,thornthwaite,666.0028056261758,744,0.8951650613255051,Dry forest|Moist forest
NEF_GloFung-its2_107_2022_9,thornthwaite,666.0028056261758,744,0.8951650613255051,Dry forest|Moist forest
NEF_GloFung-its2_107_2022_10,thornthwaite,666.0028056261758,744,0.8951650613255051,Dry forest|Moist forest
NEF_GloFung-its2_107_2022_11,thornthwaite,666.0028056261758,744,0.8951650613255051,Dry forest|Moist forest
NEF_GloFung-its2_107_2022_12,thornthwaite,666.0028056261758,744,0.8951650613255051,Dry forest|Moist forest
NEF_GloFung-its2_107_2022_13,thornthwaite,666.0028056261758,744,0.8951650613255051,Dry forest|Moist forest
NEF_GloFung-its2_107_2022_14,thornthwaite,666.0028056261758,744,0.8951650613255051,Dry forest|Moist forest
NEF_GloFung-its2_107_2022_15,thornthwaite,666.0028056261758,744,0.8951650613255051,Dry forest|Moist forest
NEF_GloFung-its2_107_2022_16,thornthwaite,666.0028056261758,744,0.8951650613255051,Dry forest|Moist forest
NEF_GloFung-its2_107_2022_17,thornthwaite,666.0028056261758,744,0.8951650613255051,Dry forest|Moist forest
NEF_GloFung-its2_107_2022_18,thornthwaite,666.0028056261758,744,0.8951650613255051,Dry forest|Moist forest
NEF_GloFung-its2_107_2022_19,thornthwaite,666.0028056261758,744,0.8951650613255051,Dry forest|Moist forest
NEF_GloFung-its2_107_2022_20,thornthwaite,666.0028056261758,744,0.8951650613255051,Dry forest|Moist forest
NEF_GloFung-its2_107_2022_21,thornthwaite,666.0028056261758,744,0.8951650613255051,Dry forest|Moist forest
NEF_GloFung-its2_107_2022_22,thornthwaite,666.0028056261758,744,0.8951650613255051,Dry forest|Moist forest
NEF_GloFung-its2_107_2022_23,thornthwaite,666.0028056261758,744,0.8951650613255051,Dry forest|Moist forest
NEF_GloFung-its2_107_2022_24,thornthwaite,666.0028056261758,744,0.8951650613255051,Dry forest|Moist forest
NEF_GloFung-its2_107_2022_25,thornthwaite,666.0028056261758,744,0.8951650613255051,Dry forest|Moist forest
NEF_GloFung-its2_107_2022_26,thornthwaite,666.0028056261758,744,0.8951650613255051,Dry forest|Moist forest
NEF_GloFung-its2_107_2022_27,thornthwaite,666.0028056261758,744,0.8951650613255051,Dry forest|Moist forest
NEF_GloFung-its2_107_2022_28,thornthwaite,666.0028056261758,744,0.8951650613255051,Dry forest|Moist forest
NEF_GloFung-its2_107_2022_29,thornthwaite,666.0028056261758,744,0.8951650613255051,Dry forest|Moist forest
NEF_GloFung-its2_107_2022_30,thornthwaite,666.0028056261758,744,0.8951650613255051,Dry forest|Moist forest
NEF_GloFung-its2_107_2022_31,thornthwaite,666.0028056261758,744,0.8951650613255051,Dry forest|Moist forest
NEF_GloFung-its2_107_2022_32,thornthwaite,666.0028056261758,744,0.8951650613255051,Dry forest|Moist forest
NEF_GloFung-its2_107_2022_33,thornthwaite,666.0028056261758,744,0.8951650613255051,Dry forest|Moist forest
NEF_GloFung-its2_107_2022_34,thornthwaite,666.0028056261758,744,0.8951650613255051,Dry forest|Moist forest
NEF_GloFung-its2_107_2022_35,thornthwaite,666.0028056261758,744,0.8951650613255051,Dry forest|Moist forest
NEF_GloFung-its2_107_2022_36,thornthwaite,666.0028056261758,744,0.8951650613255051,Dry forest|Moist forest
NEF_GloFung-its2_108_2021_1,thornthwaite,729.5209578956744,2422,0.30120601069185565,Moist forest|Wet forest
NEF_GloFung-its2_182_2021_1,thornthwaite,745.1148306134229,1469,0.5072258887770067,Dry forest|Moist forest
NEF_GloFung-its2_182_2021_2,thornthwaite,745.1148306134229,1469,0.5072258887770067,Dry forest|Moist forest
NEF_GloFung-its2_182_2021_3,thornthwaite,745.1148306134229,1469,0.5072258887770067,Dry forest|Moist forest
NEF_GloFung-its2_183_2020_1,thornthwaite,1599.84932538665,2404,0.6654947276982737,Moist forest
NEF_GloFung-its2_183_2020_2,thornthwaite,1599.84932538665,2404,0.6654947276982737,Moist forest
NEF_GloFung-its2_183_2020_3,thornthwaite,1599.84932538665,2404,0.6654947276982737,Moist forest
NEF_GloFung-its2_183_2020_4,thornthwaite,1599.84932538665,2404,0.6654947276982737,Moist forest
NEF_GloFung-its2_183_2020_5,thornthwaite,1599.84932538665,2404,0.6654947276982737,Moist forest
NEF_GloFung-its2_183_2020_6,thornthwaite,1599.84932538665,2404,0.6654947276982737,Moist forest
NEF_GloFung-its2_183_2020_7,thornthwaite,1599.84932538665,2404,0.6654947276982737,Moist forest
NEF_GloFung-its2_183_2020_8,thornthwaite,1599.84932538665,2404,0.6654947276982737,Moist forest
NEF_GloFung-its2_183_2020_9,thornthwaite,1599.84932538665,2404,0.6654947276982737,Moist forest
NEF_GloFung-its2_183_2020_10,thornthwaite,1599.84932538665,2404,0.6654947276982737,Moist forest
NEF_GloFung-its2_183_2020_11,thornthwaite,1599.84932538665,2404,0.6654947276982737,Moist forest
NEF_GloFung-its2_183_2020_12,thornthwaite,1599.84932538665,2404,0.6654947276982737,Moist forest
NEF_GloFung-its2_183_2020_13,thornthwaite,1599.84932538665,2404,0.6654947276982737,Moist forest
NEF_GloFung-its2_183_2020_14,thornthwaite,1599.84932538665,2404,0.6654947276982737,Moist forest
NEF_GloFung-its2_183_2020_15,thornthwaite,1599.84932538665,2404,0.6654947276982737,Moist forest
NEF_GloFung-its2_183_2020_16,thornthwaite,1599.84932538665,2404,0.6654947276982737,Moist forest
NEF_GloFung-its2_183_2020_17,thornthwaite,1599.84932538665,2404,0.6654947276982737,Moist forest
NEF_GloFung-its2_183_2020_18,thornthwaite,1599.84932538665,2404,0.6654947276982737,Moist forest
NEF_GloFung-its2_183_2020_19,thornthwaite,1599.84932538665,2404,0.6654947276982737,Moist forest
NEF_GloFung-its2_183_2020_20,thornthwaite,1599.84932538665,2404,0.6654947276982737,Moist forest
NEF_GloFung-its2_183_2020_21,thornthwaite,1599.84932538665,2404,0.6654947276982737,Moist forest
NEF_GloFung-its2_184_2020_1,thornthwaite,949.5002808268157,2022,0.4695847086186032,Moist forest|Wet forest
NEF_GloFung-its2_184_2020_2,thornthwaite,949.5002808268157,2022,0.4695847086186032,Moist forest|Wet forest
NEF_GloFung-its2_184_2020_3,thornthwaite,949.5002808268157,2022,0.4695847086186032,Moist forest|Wet forest
NEF_GloFung-its2_184_2020_4,thornthwaite,949.5002808268157,2022,0.4695847086186032,Moist forest|Wet forest
NEF_GloFung-its2_184_2020_5,thornthwaite,949.5002808268157,2022,0.4695847086186032,Moist forest|Wet forest
NEF_GloFung-its2_184_2020_6,thornthwaite,949.5002808268157,2022,0.4695847086186032,Moist forest|Wet forest
NEF_GloFung-its2_184_2020_7,thornthwaite,949.5002808268157,2022,0.4695847086186032,Moist forest|Wet forest
NEF_GloFung-its2_184_2020_8,thornthwaite,949.5002808268157,2022,0.4695847086186032,Moist forest|Wet forest
NEF_GloFung-its2_184_2020_9,thornthwaite,949.5002808268157,2022,0.4695847086186032,Moist forest|Wet forest
NEF_GloFung-its2_184_2020_10,thornthwaite,949.5002808268157,2022,0.4695847086186032,Moist forest|Wet forest
NEF_GloFung-its2_184_2020_11,thornthwaite,949.5002808268157,2022,0.4695847086186032,Moist forest|Wet forest
NEF_GloFung-its2_184_2020_12,thornthwaite,949.5002808268157,2022,0.4695847086186032,Moist forest|Wet forest
NEF_GloFung-its2_184_2020_13,thornthwaite,949.5002808268157,2022,0.4695847086186032,Moist forest|Wet forest
NEF_GloFung-its2_184_2020_14,thornthwaite,949.5002808268157,2022,0.4695847086186032,Moist forest|Wet forest
NEF_GloFung-its2_184_2020_15,thornthwaite,949.5002808268157,2022,0.4695847086186032,Moist forest|Wet forest
NEF_GloFung-its2_184_2020_16,thornthwaite,949.5002808268157,2022,0.4695847086186032,Moist forest|Wet forest
NEF_GloFung-its2_184_2020_17,thornthwaite,949.5002808268157,2022,0.4695847086186032,Moist forest|Wet forest
NEF_GloFung-its2_184_2020_18,thornthwaite,949.5002808268157,2022,0.4695847086186032,Moist forest|Wet forest
NEF_GloFung-its2_184_2020_19,thornthwaite,949.5002808268157,2022,0.4695847086186032,Moist forest|Wet forest
NEF_GloFung-its2_184_2020_20,thornthwaite,949.5002808268157,2022,0.4695847086186032,Moist forest|Wet forest
NEF_GloFung-its2_184_2020_21,thornthwaite,949.5002808268157,2022,0.4695847086186032,Moist forest|Wet forest
NEF_GloFung-its2_185_2021_1,thornthwaite,967.9886734799333,1277,0.7580177552701122,Dry forest|Moist forest
NEF_GloFung-its2_186_2021_1,thornthwaite,967.9884126751825,1277,0.758017551037731,Dry forest|Moist forest
NEF_GloFung-its2_185_2021_2,thornthwaite,967.9888402246165,1277,0.7580178858454318,Dry forest|Moist forest
NEF_GloFung-its2_185_2021_3,thornthwaite,967.988626449475,1277,0.758017718441249,Dry forest|Moist forest
NEF_GloFung-its2_187_2021_1,thornthwaite,984.375534671497,1250,0.7875004277371976,Dry forest|Moist forest
NEF_GloFung-its2_188_2021_1,thornthwaite,984.3760889448272,1250,0.7875008711558618,Dry forest|Moist forest
NEF_GloFung-its2_189_2021_1,thornthwaite,984.3757996447218,1250,0.7875006397157774,Dry forest|Moist forest
NEF_GloFung-its2_188_2021_2,thornthwaite,984.3759690545073,1250,0.7875007752436058,Dry forest|Moist forest
NEF_GloFung-its2_190_2021_1,thornthwaite,971.8230781890945,1260,0.7712881572929322,Dry forest|Moist forest
NEF_GloFung-its2_190_2021_2,thornthwaite,971.8231973370172,1260,0.7712882518547756,Dry forest|Moist forest
NEF_GloFung-its2_190_2021_3,thornthwaite,971.8228398940406,1260,0.7712879681698736,Dry forest|Moist forest
NEF_GloFung-its2_190_2021_4,thornthwaite,971.8231021900937,1260,0.7712881763413442,Dry forest|Moist forest
NEF_GloFung-its2_191_2021_1,thornthwaite,859.3589942370589,1327,0.6475953234642494,Dry forest|Moist forest
NEF_GloFung-its2_191_2021_2,thornthwaite,859.3587787152011,1327,0.6475951610513949,Dry forest|Moist forest
NEF_GloFung-its2_192_2021_1,thornthwaite,859.3580720935275,1327,0.6475946285557856,Dry forest|Moist forest
NEF_GloFung-its2_193_2021_1,thornthwaite,881.8223706436247,1349,0.6536859678603593,Dry forest|Moist forest
NEF_GloFung-its2_194_2021_1,thornthwaite,877.1333311908575,1346,0.6516592356544261,Dry forest|Moist forest
NEF_GloFung-its2_191_2021_3,thornthwaite,859.3589942370589,1327,0.6475953234642494,Dry forest|Moist forest
NEF_GloFung-its2_191_2021_4,thornthwaite,859.3587787152011,1327,0.6475951610513949,Dry forest|Moist forest
NEF_GloFung-its2_192_2021_2,thornthwaite,859.3580720935275,1327,0.6475946285557856,Dry forest|Moist forest
NEF_GloFung-its2_194_2021_2,thornthwaite,877.1333311908575,1346,0.6516592356544261,Dry forest|Moist forest
NEF_GloFung-its2_193_2021_2,thornthwaite,881.8223706436247,1349,0.6536859678603593,Dry forest|Moist forest
NEF_GloFung-its2_195_2021_1,thornthwaite,956.4562119376963,1286,0.743745110371459,Dry forest|Moist forest
NEF_GloFung-its2_195_2021_2,thornthwaite,956.4566295883121,1286,0.7437454351386564,Dry forest|Moist forest
NEF_GloFung-its2_196_2021_1,thornthwaite,956.4559797253901,1286,0.743744929802014,Dry forest|Moist forest
NEF_GloFung-its2_196_2021_2,thornthwaite,956.455701573151,1286,0.7437447135094487,Dry forest|Moist forest
NEF_GloFung-its2_197_2021_1,thornthwaite,862.0332092161558,1319,0.6535505755998149,Dry forest|Moist forest
NEF_GloFung-its2_197_2021_2,thornthwaite,862.0333262808883,1319,0.6535506643524551,Dry forest|Moist forest
NEF_GloFung-its2_197_2021_3,thornthwaite,862.0332092161558,1319,0.6535505755998149,Dry forest|Moist forest
NEF_GloFung-its2_197_2021_4,thornthwaite,862.0333262808883,1319,0.6535506643524551,Dry forest|Moist forest
NEF_GloFung-its2_198_2021_1,thornthwaite,984.3750273165195,1250,0.7875000218532157,Dry forest|Moist forest
NEF_GloFung-its2_198_2021_2,thornthwaite,984.3745686160802,1250,0.7874996548928641,Dry forest|Moist forest
NEF_GloFung-its2_199_2021_1,thornthwaite,895.3849394142646,1316,0.6803836925640309,Dry forest|Moist forest
NEF_GloFung-its2_199_2021_2,thornthwaite,895.3849820987216,1316,0.6803837249990285,Dry forest|Moist forest
NEF_GloFung-its2_199_2021_3,thornthwaite,895.3851299701715,1316,0.6803838373633523,Dry forest|Moist forest
NEF_GloFung-its2_198_2021_3,thornthwaite,984.3750273165195,1250,0.7875000218532157,Dry forest|Moist forest
NEF_GloFung-its2_198_2021_4,thornthwaite,984.3745686160802,1250,0.7874996548928641,Dry forest|Moist forest
NEF_GloFung-its2_199_2021_4,thornthwaite,895.3849394142646,1316,0.6803836925640309,Dry forest|Moist forest
NEF_GloFung-its2_199_2021_5,thornthwaite,895.3849820987216,1316,0.6803837249990285,Dry forest|Moist forest
NEF_GloFung-its2_199_2021_6,thornthwaite,895.3851299701715,1316,0.6803838373633523,Dry forest|Moist forest
NEF_GloFung-its2_200_2021_1,thornthwaite,896.6402164202882,1318,0.6803036543401276,Dry forest|Moist forest
NEF_GloFung-its2_200_2021_2,thornthwaite,896.640195110586,1318,0.6803036381719165,Dry forest|Moist forest
NEF_GloFung-its2_200_2021_3,thornthwaite,896.6402164202882,1318,0.6803036543401276,Dry forest|Moist forest
NEF_GloFung-its2_200_2021_4,thornthwaite,896.640195110586,1318,0.6803036381719165,Dry forest|Moist forest
NEF_GloFung-its2_650_2021_1,thornthwaite,610.9504338632587,925,0.6604869555278472,Dry forest|Moist forest
NEF_GloFung-its2_651_2021_1,thornthwaite,610.6359934502598,962,0.634756749948295,Dry forest|Moist forest
NEF_GloFung-its2_652_2021_1,thornthwaite,610.6359934502598,951,0.6420988364356044,Dry forest|Moist forest
NEF_GloFung-its2_654_2019_1,thornthwaite,0,0,NA,
NEF_GloFung-its2_654_2019_2,thornthwaite,2207.9982750346567,712,3.1011211728014842,Very dry forest
NEF_GloFung-its2_654_2019_3,thornthwaite,2207.9982750346567,712,3.1011211728014842,Very dry forest
NEF_GloFung-its2_655_2019_1,thornthwaite,0,0,NA,
NEF_GloFung-its2_654_2019_4,thornthwaite,0,0,NA,
NEF_GloFung-its2_659_2019_1,thornthwaite,989.4094081875576,3120,0.3171184000601146,Moist forest|Wet forest
NEF_GloFung-its2_659_2019_2,thornthwaite,989.4094081875576,3120,0.3171184000601146,Moist forest|Wet forest
NEF_GloFung-its2_659_2019_3,thornthwaite,989.4094081875576,3120,0.3171184000601146,Moist forest|Wet forest
NEF_GloFung-its2_659_2019_4,thornthwaite,989.4094081875576,3120,0.3171184000601146,Moist forest|Wet forest
NEF_GloFung-its2_659_2019_5,thornthwaite,989.4094081875576,3120,0.3171184000601146,Moist forest|Wet forest
NEF_GloFung-its2_659_2019_6,thornthwaite,989.4094081875576,3120,0.3171184000601146,Moist forest|Wet forest
NEF_GloFung-its2_659_2019_7,thornthwaite,989.4094081875576,3120,0.3171184000601146,Moist forest|Wet forest
NEF_GloFung-its2_659_2019_8,thornthwaite,989.4094081875576,3120,0.3171184000601146,Moist forest|Wet forest
NEF_GloFung-its2_659_2019_9,thornthwaite,989.4094081875576,3120,0.3171184000601146,Moist forest|Wet forest
NEF_GloFung-its2_659_2019_10,thornthwaite,989.4094081875576,3120,0.3171184000601146,Moist forest|Wet forest
NEF_GloFung-its2_659_2019_11,thornthwaite,989.4094081875576,3120,0.3171184000601146,Moist forest|Wet forest
NEF_GloFung-its2_659_2019_12,thornthwaite,989.4094081875576,3120,0.3171184000601146,Moist forest|Wet forest
NEF_GloFung-its2_659_2019_13,thornthwaite,989.4094081875576,3120,0.3171184000601146,Moist forest|Wet forest
NEF_GloFung-its2_659_2019_14,thornthwaite,989.4094081875576,3120,0.3171184000601146,Moist forest|Wet forest
NEF_GloFung-its2_659_2019_15,thornthwaite,989.4094081875576,3120,0.3171184000601146,Moist forest|Wet forest
NEF_GloFung-its2_659_2019_16,thornthwaite,989.4094081875576,3120,0.3171184000601146,Moist forest|Wet forest
NEF_GloFung-its2_659_2019_17,thornthwaite,989.4094081875576,3120,0.3171184000601146,Moist forest|Wet forest
NEF_GloFung-its2_659_2019_18,thornthwaite,989.4094081875576,3120,0.3171184000601146,Moist forest|Wet forest
NEF_GloFung-its2_660_2019_1,thornthwaite,585.8789652093233,1119,0.523573695450691,Dry forest|Moist forest
NEF_GloFung-its2_661_2019_1,thornthwaite,579.4365313934376,1169,0.4956685469576027,Moist forest|Wet forest
NEF_GloFung-its2_661_2019_2,thornthwaite,579.4365313934376,1169,0.4956685469576027,Moist forest|Wet forest
NEF_GloFung-its2_661_2019_3,thornthwaite,579.4365313934376,1169,0.4956685469576027,Moist forest|Wet forest
NEF_GloFung-its2_662_2019_1,thornthwaite,571.5918396516518,1215,0.4704459585610303,Moist forest|Wet forest
NEF_GloFung-its2_660_2019_2,thornthwaite,585.8789652093233,1119,0.523573695450691,Dry forest|Moist forest
NEF_GloFung-its2_660_2019_3,thornthwaite,585.8789652093233,1119,0.523573695450691,Dry forest|Moist forest
NEF_GloFung-its2_660_2019_4,thornthwaite,585.8789652093233,1119,0.523573695450691,Dry forest|Moist forest
NEF_GloFung-its2_661_2019_4,thornthwaite,579.4365313934376,1169,0.4956685469576027,Moist forest|Wet forest
NEF_GloFung-its2_660_2019_5,thornthwaite,585.8789652093233,1119,0.523573695450691,Dry forest|Moist forest
NEF_GloFung-its2_660_2019_6,thornthwaite,585.8789652093233,1119,0.523573695450691,Dry forest|Moist forest
NEF_GloFung-its2_662_2019_2,thornthwaite,571.5918396516518,1215,0.4704459585610303,Moist forest|Wet forest
NEF_GloFung-its2_662_2019_3,thornthwaite,571.5918396516518,1215,0.4704459585610303,Moist forest|Wet forest
NEF_GloFung-its2_661_2019_5,thornthwaite,579.4365313934376,1169,0.4956685469576027,Moist forest|Wet forest
NEF_GloFung-its2_662_2019_4,thornthwaite,571.5918396516518,1215,0.4704459585610303,Moist forest|Wet forest
NEF_GloFung-its2_661_2019_6,thornthwaite,579.4365313934376,1169,0.4956685469576027,Moist forest|Wet forest
NEF_GloFung-its2_660_2019_7,thornthwaite,585.8789652093233,1119,0.523573695450691,Dry forest|Moist forest
NEF_GloFung-its2_663_2019_1,thornthwaite,585.8787911101456,1119,0.5235735398660818,Dry forest|Moist forest
NEF_GloFung-its2_663_2019_2,thornthwaite,585.8787911101456,1119,0.5235735398660818,Dry forest|Moist forest
NEF_GloFung-its2_660_2019_8,thornthwaite,585.8789652093233,1119,0.523573695450691,Dry forest|Moist forest
NEF_GloFung-its2_661_2019_7,thornthwaite,579.4365313934376,1169,0.4956685469576027,Moist forest|Wet forest
NEF_GloFung-its2_660_2019_9,thornthwaite,585.8789652093233,1119,0.523573695450691,Dry forest|Moist forest
NEF_GloFung-its2_662_2019_5,thornthwaite,571.5918396516518,1215,0.4704459585610303,Moist forest|Wet forest
NEF_GloFung-its2_661_2019_8,thornthwaite,579.4365313934376,1169,0.4956685469576027,Moist forest|Wet forest
NEF_GloFung-its2_663_2019_3,thornthwaite,585.8787911101456,1119,0.5235735398660818,Dry forest|Moist forest
NEF_GloFung-its2_662_2019_6,thornthwaite,571.5918396516518,1215,0.4704459585610303,Moist forest|Wet forest
NEF_GloFung-its2_662_2019_7,thornthwaite,571.5918396516518,1215,0.4704459585610303,Moist forest|Wet forest
NEF_GloFung-its2_662_2019_8,thornthwaite,571.5918396516518,1215,0.4704459585610303,Moist forest|Wet forest
NEF_GloFung-its2_662_2019_9,thornthwaite,571.5918396516518,1215,0.4704459585610303,Moist forest|Wet forest
NEF_GloFung-its2_663_2019_4,thornthwaite,585.8787911101456,1119,0.5235735398660818,Dry forest|Moist forest
NEF_GloFung-its2_662_2019_10,thornthwaite,571.5918396516518,1215,0.4704459585610303,Moist forest|Wet forest
NEF_GloFung-its2_660_2019_10,thornthwaite,585.8789652093233,1119,0.523573695450691,Dry forest|Moist forest
NEF_GloFung-its2_663_2019_5,thornthwaite,585.8787911101456,1119,0.5235735398660818,Dry forest|Moist forest
NEF_GloFung-its2_663_2019_6,thornthwaite,585.8787911101456,1119,0.5235735398660818,Dry forest|Moist forest
NEF_GloFung-its2_663_2019_7,thornthwaite,585.8787911101456,1119,0.5235735398660818,Dry forest|Moist forest
NEF_GloFung-its2_663_2019_8,thornthwaite,585.8787911101456,1119,0.5235735398660818,Dry forest|Moist forest
NEF_GloFung-its2_663_2019_9,thornthwaite,585.8787911101456,1119,0.5235735398660818,Dry forest|Moist forest
NEF_GloFung-its2_663_2019_10,thornthwaite,585.8787911101456,1119,0.5235735398660818,Dry forest|Moist forest
NEF_GloFung-its2_661_2019_9,thornthwaite,579.4365313934376,1169,0.4956685469576027,Moist forest|Wet forest
NEF_GloFung-its2_663_2019_11,thornthwaite,585.8787911101456,1119,0.5235735398660818,Dry forest|Moist forest
NEF_GloFung-its2_661_2019_10,thornthwaite,579.4365313934376,1169,0.4956685469576027,Moist forest|Wet forest
NEF_GloFung-its2_662_2019_11,thornthwaite,571.5918396516518,1215,0.4704459585610303,Moist forest|Wet forest
NEF_GloFung-its2_662_2019_12,thornthwaite,571.5918396516518,1215,0.4704459585610303,Moist forest|Wet forest
NEF_GloFung-its2_662_2019_13,thornthwaite,571.5918396516518,1215,0.4704459585610303,Moist forest|Wet forest
NEF_GloFung-its2_661_2019_11,thornthwaite,579.4365313934376,1169,0.4956685469576027,Moist forest|Wet forest
NEF_GloFung-its2_660_2019_11,thornthwaite,585.8789652093233,1119,0.523573695450691,Dry forest|Moist forest
NEF_GloFung-its2_662_2019_14,thornthwaite,571.5918396516518,1215,0.4704459585610303,Moist forest|Wet forest
NEF_GloFung-its2_662_2019_15,thornthwaite,571.5918396516518,1215,0.4704459585610303,Moist forest|Wet forest
NEF_GloFung-its2_663_2019_12,thornthwaite,585.8787911101456,1119,0.5235735398660818,Dry forest|Moist forest
NEF_GloFung-its2_662_2019_16,thornthwaite,571.5918396516518,1215,0.4704459585610303,Moist forest|Wet forest
NEF_GloFung-its2_663_2019_13,thornthwaite,585.8787911101456,1119,0.5235735398660818,Dry forest|Moist forest
NEF_GloFung-its2_663_2019_14,thornthwaite,585.8787911101456,1119,0.5235735398660818,Dry forest|Moist forest
NEF_GloFung-its2_663_2019_15,thornthwaite,585.8787911101456,1119,0.5235735398660818,Dry forest|Moist forest
NEF_GloFung-its2_660_2019_12,thornthwaite,585.8789652093233,1119,0.523573695450691,Dry forest|Moist forest
NEF_GloFung-its2_661_2019_12,thornthwaite,579.4365313934376,1169,0.4956685469576027,Moist forest|Wet forest
NEF_GloFung-its2_663_2019_16,thornthwaite,585.8787911101456,1119,0.5235735398660818,Dry forest|Moist forest
NEF_GloFung-its2_660_2019_13,thornthwaite,585.8789652093233,1119,0.523573695450691,Dry forest|Moist forest
NEF_GloFung-its2_660_2019_14,thornthwaite,585.8789652093233,1119,0.523573695450691,Dry forest|Moist forest
NEF_GloFung-its2_660_2019_15,thornthwaite,585.8789652093233,1119,0.523573695450691,Dry forest|Moist forest
NEF_GloFung-its2_663_2019_17,thornthwaite,585.8787911101456,1119,0.5235735398660818,Dry forest|Moist forest
NEF_GloFung-its2_662_2019_17,thornthwaite,571.5918396516518,1215,0.4704459585610303,Moist forest|Wet forest
NEF_GloFung-its2_663_2019_18,thornthwaite,585.8787911101456,1119,0.5235735398660818,Dry forest|Moist forest
NEF_GloFung-its2_661_2019_13,thornthwaite,579.4365313934376,1169,0.4956685469576027,Moist forest|Wet forest
NEF_GloFung-its2_663_2019_19,thornthwaite,585.8787911101456,1119,0.5235735398660818,Dry forest|Moist forest
NEF_GloFung-its2_662_2019_18,thornthwaite,571.5918396516518,1215,0.4704459585610303,Moist forest|Wet forest
NEF_GloFung-its2_660_2019_16,thornthwaite,585.8789652093233,1119,0.523573695450691,Dry forest|Moist forest
NEF_GloFung-its2_660_2019_17,thornthwaite,585.8789652093233,1119,0.523573695450691,Dry forest|Moist forest
NEF_GloFung-its2_661_2019_14,thornthwaite,579.4365313934376,1169,0.4956685469576027,Moist forest|Wet forest
NEF_GloFung-its2_663_2019_20,thornthwaite,585.8787911101456,1119,0.5235735398660818,Dry forest|Moist forest
NEF_GloFung-its2_661_2019_15,thornthwaite,579.4365313934376,1169,0.4956685469576027,Moist forest|Wet forest
NEF_GloFung-its2_661_2019_16,thornthwaite,579.4365313934376,1169,0.4956685469576027,Moist forest|Wet forest
NEF_GloFung-its2_663_2019_21,thornthwaite,585.8787911101456,1119,0.5235735398660818,Dry forest|Moist forest
NEF_GloFung-its2_662_2019_19,thornthwaite,571.5918396516518,1215,0.4704459585610303,Moist forest|Wet forest
NEF_GloFung-its2_660_2019_18,thornthwaite,585.8789652093233,1119,0.523573695450691,Dry forest|Moist forest
NEF_GloFung-its2_660_2019_19,thornthwaite,585.8789652093233,1119,0.523573695450691,Dry forest|Moist forest
NEF_GloFung-its2_661_2019_17,thornthwaite,579.4365313934376,1169,0.4956685469576027,Moist forest|Wet forest
NEF_GloFung-its2_662_2019_20,thornthwaite,571.5918396516518,1215,0.4704459585610303,Moist forest|Wet forest
NEF_GloFung-its2_660_2019_20,thornthwaite,585.8789652093233,1119,0.523573695450691,Dry forest|Moist forest
NEF_GloFung-its2_662_2019_21,thornthwaite,571.5918396516518,1215,0.4704459585610303,Moist forest|Wet forest
NEF_GloFung-its2_660_2019_21,thornthwaite,585.8789652093233,1119,0.523573695450691,Dry forest|Moist forest
NEF_GloFung-its2_661_2019_18,thornthwaite,579.4365313934376,1169,0.4956685469576027,Moist forest|Wet forest
NEF_GloFung-its2_661_2019_19,thornthwaite,579.4365313934376,1169,0.4956685469576027,Moist forest|Wet forest
NEF_GloFung-its2_662_2019_22,thornthwaite,571.5918396516518,1215,0.4704459585610303,Moist forest|Wet forest
NEF_GloFung-its2_672_2019_1,thornthwaite,792.4923684195071,420,1.8868865914750168,Thorn steppe
NEF_GloFung-its2_677_2019_1,thornthwaite,1054.2333001567142,960,1.098159687663244,Very dry forest|Dry forest
NEF_GloFung-its2_678_2019_1,thornthwaite,737.7264371815345,537,1.3737922480103064,Very dry forest|Dry forest
NEF_GloFung-its2_680_2019_1,thornthwaite,1011.051986769608,1572,0.6431628414564936,Dry forest|Moist forest
NEF_GloFung-its2_681_2019_1,thornthwaite,1330.9554453071364,3483,0.3821290397091979,Moist forest|Wet forest
NEF_GloFung-its2_686_2017_1,thornthwaite,802.6813908612821,812,0.9885238803710371,Dry forest|Moist forest
NEF_GloFung-its2_687_2017_1,thornthwaite,879.0798147322105,667,1.317960741727452,Very dry forest|Dry forest
NEF_GloFung-its2_688_2017_1,thornthwaite,908.5831123588259,876,1.037195333742952,Very dry forest|Dry forest
NEF_GloFung-its2_689_2017_1,thornthwaite,814.6904670411211,737,1.1054144735971791,Very dry forest|Dry forest
NEF_GloFung-its2_690_2017_1,thornthwaite,838.7226978392671,778,1.0780497401532996,Very dry forest|Dry forest
NEF_GloFung-its2_691_2017_1,thornthwaite,878.8547058883221,865,1.016017001026962,Very dry forest|Dry forest
NEF_GloFung-its2_692_2017_1,thornthwaite,989.2207071839582,903,1.095482510724206,Very dry forest|Dry forest
NEF_GloFung-its2_693_2017_1,thornthwaite,697.2937695258429,476,1.4649028771551322,Thorn steppe
NEF_GloFung-its2_694_2017_1,thornthwaite,989.2243475655,903,1.095486542154485,Very dry forest|Dry forest
NEF_GloFung-its2_695_2017_1,thornthwaite,981.5866186884483,912,1.0763011169829477,Very dry forest|Dry forest
NEF_GloFung-its2_696_2017_1,thornthwaite,742.3134353463438,642,1.1562514569257691,Very dry forest|Dry forest
NEF_GloFung-its2_697_2017_1,thornthwaite,850.1005061321146,796,1.067965459964968,Very dry forest|Dry forest
NEF_GloFung-its2_698_2017_1,thornthwaite,841.8813605806441,781,1.0779530865309144,Very dry forest|Dry forest
NEF_GloFung-its2_699_2017_1,thornthwaite,910.4812660514418,849,1.0724160966448077,Very dry forest|Dry forest
NEF_GloFung-its2_700_2017_1,thornthwaite,836.1221141936708,773,1.0816586212078536,Very dry forest|Dry forest
NEF_GloFung-its2_701_2017_1,thornthwaite,819.3618510242571,846,0.9685128262698075,Dry forest|Moist forest
NEF_GloFung-its2_702_2017_1,thornthwaite,878.8569390397214,865,1.0160195827048801,Very dry forest|Dry forest
NEF_GloFung-its2_703_2017_1,thornthwaite,984.786041775795,780,1.2625462074048652,Very dry forest|Dry forest
NEF_GloFung-its2_704_2017_1,thornthwaite,984.7933954998241,780,1.2625556352561846,Very dry forest|Dry forest
NEF_GloFung-its2_705_2017_1,thornthwaite,902.3206808925311,700,1.2890295441321873,Very dry forest|Dry forest
NEF_GloFung-its2_706_2017_1,thornthwaite,800.2888473127304,794,1.0079204626104916,Very dry forest|Dry forest
NEF_GloFung-its2_707_2017_1,thornthwaite,984.7908441396829,780,1.2625523642816447,Very dry forest|Dry forest
NEF_GloFung-its2_160_2017_1,thornthwaite,958.6878137554623,734,1.3061141876777416,Very dry forest|Dry forest
NEF_GloFung-its2_708_2017_1,thornthwaite,805.4047067228071,541,1.4887332841456693,Very dry forest|Dry forest
NEF_GloFung-its2_709_2016_1,thornthwaite,1151.7237683702747,2115,0.5445502450923284,Moist forest
NEF_GloFung-its2_710_2016_1,thornthwaite,1601.5048726264758,965,1.6595905415818402,Very dry forest|Dry forest
NEF_GloFung-its2_711_2016_1,thornthwaite,1412.52373002556,1157,1.2208502420272775,Dry forest
NEF_GloFung-its2_712_2016_1,thornthwaite,1601.5050907510729,965,1.6595907676176922,Very dry forest|Dry forest
NEF_GloFung-its2_713_2016_1,thornthwaite,1420.3190008107915,1149,1.2361349006186175,Dry forest
NEF_GloFung-its2_714_2016_1,thornthwaite,1076.5955710315484,2033,0.5295600447769544,Moist forest
NEF_GloFung-its2_715_2016_1,thornthwaite,1040.7829143492265,2198,0.4735136098040157,Moist forest|Wet forest
NEF_GloFung-its2_716_2016_1,thornthwaite,1397.993181154116,1203,1.162089094891202,Dry forest
NEF_GloFung-its2_717_2016_1,thornthwaite,949.498285390002,2022,0.46958372175568847,Moist forest|Wet forest
NEF_GloFung-its2_718_2016_1,thornthwaite,971.4748828650484,2043,0.47551389273864336,Moist forest|Wet forest
NEF_GloFung-its2_719_2016_1,thornthwaite,972.7794989904652,2043,0.4761524713609717,Moist forest|Wet forest
NEF_GloFung-its2_720_2016_1,thornthwaite,1104.445371118596,2055,0.537443002977419,Moist forest
NEF_GloFung-its2_721_2016_1,thornthwaite,1028.099318691322,2190,0.4694517436946676,Moist forest|Wet forest
NEF_GloFung-its2_722_2016_1,thornthwaite,1490.2490122676895,1607,0.9273484830539449,Dry forest|Moist forest
NEF_GloFung-its2_723_2016_1,thornthwaite,0,0,NA,
NEF_GloFung-its2_724_2016_1,thornthwaite,1258.1724523391435,1965,0.6402913243456201,Dry forest|Moist forest
NEF_GloFung-its2_725_2016_1,thornthwaite,1487.4723817594386,1610,0.9238958892915767,Dry forest|Moist forest
NEF_GloFung-its2_726_2016_1,thornthwaite,1071.240205904563,2177,0.49207175282708454,Moist forest|Wet forest
NEF_GloFung-its2_727_2016_1,thornthwaite,1601.5053574344665,965,1.6595910439735404,Very dry forest|Dry forest
NEF_GloFung-its2_728_2016_1,thornthwaite,1242.8576081622539,2011,0.6180296410553227,Moist forest
NEF_GloFung-its2_729_2016_1,thornthwaite,1216.0846333693846,2076,0.5857825786943086,Moist forest
NEF_GloFung-its2_175_2014_1,thornthwaite,1474.445396257944,1232,1.196790094365214,Dry forest
NEF_GloFung-its2_731_2014_1,thornthwaite,1645.4296371458377,3016,0.5455668558175855,Moist forest
NEF_GloFung-its2_733_2014_1,thornthwaite,1544.7568186800343,2757,0.5603035250925043,Moist forest
NEF_GloFung-its2_734_2014_1,thornthwaite,1546.4405129557995,2774,0.5574767530482334,Moist forest
NEF_GloFung-its2_177_2014_1,thornthwaite,1099.5970721007384,2189,0.502328493421991,Moist forest
NEF_GloFung-its2_737_2014_1,thornthwaite,1554.0699177244303,2777,0.5596218645028557,Moist forest
NEF_GloFung-its2_739_2014_1,thornthwaite,1631.012449861033,2747,0.593743156119779,Moist forest
NEF_GloFung-its2_740_2014_1,thornthwaite,1544.758967661485,2755,0.5607110590422814,Moist forest
NEF_GloFung-its2_741_2014_1,thornthwaite,1162.1397060861377,2123,0.5474044776665745,Moist forest
NEF_GloFung-its2_737_2014_2,thornthwaite,1554.0699495012834,2777,0.5596218759457269,Moist forest
NEF_GloFung-its2_743_2014_1,thornthwaite,1115.5402353307466,1712,0.6516006047492678,Dry forest|Moist forest
NEF_GloFung-its2_745_2014_1,thornthwaite,878.8330932524572,3299,0.26639378395042657,Moist forest|Wet forest
NEF_GloFung-its2_746_2014_1,thornthwaite,1122.7400945160796,1763,0.6368349940533633,Dry forest|Moist forest
NEF_GloFung-its2_747_2014_1,thornthwaite,875.6006587613549,2614,0.3349658220204112,Moist forest|Wet forest
NEF_GloFung-its2_748_2014_1,thornthwaite,706.2579925691022,2243,0.3148720430535453,Moist forest|Wet forest
NEF_GloFung-its2_158_2014_1,thornthwaite,674.7698947444857,2653,0.2543422143778687,Moist forest|Wet forest
NEF_GloFung-its2_749_2014_1,thornthwaite,612.6882267019334,1872,0.32729071939205845,Moist forest|Wet forest
NEF_GloFung-its2_746_2014_2,thornthwaite,1124.3933876989017,1636,0.6872820218208446,Dry forest|Moist forest
NEF_GloFung-its2_750_2014_1,thornthwaite,1641.6738029072283,2922,0.5618322391879631,Moist forest
NEF_GloFung-its2_753_2014_1,thornthwaite,1501.891087562543,2908,0.5164687371260464,Moist forest
NEF_GloFung-its2_284_2014_1,thornthwaite,573.6885917664073,1350,0.42495451241956095,Moist forest|Wet forest
NEF_GloFung-its2_754_2014_1,thornthwaite,1636.6822099754827,2937,0.5572632652282883,Moist forest
NEF_GloFung-its2_756_2014_1,thornthwaite,1544.7482227890923,2787,0.554269186504877,Moist forest
NEF_GloFung-its2_757_2014_1,thornthwaite,1641.6753343584508,2945,0.5574449352660275,Moist forest
NEF_GloFung-its2_758_2014_1,thornthwaite,1540.1184647223786,2758,0.5584185876440821,Moist forest
NEF_GloFung-its2_149_2014_1,thornthwaite,1641.675389712735,2949,0.5566888401874314,Moist forest
NEF_GloFung-its2_761_2014_1,thornthwaite,1121.1364898876054,1855,0.6043862479178466,Dry forest|Moist forest
NEF_GloFung-its2_762_2014_1,thornthwaite,691.1514865685386,2046,0.33780620066888495,Moist forest|Wet forest
NEF_GloFung-its2_763_2014_1,thornthwaite,1099.5970094079926,2189,0.5023284647820889,Moist forest
NEF_GloFung-its2_119_2014_1,thornthwaite,860.8746570149016,3496,0.24624561127428535,Wet forest
NEF_GloFung-its2_764_2014_1,thornthwaite,1641.675389712735,2949,0.5566888401874314,Moist forest
NEF_GloFung-its2_176_2014_1,thornthwaite,1162.1377021014262,2123,0.5474035337265314,Moist forest
NEF_GloFung-its2_767_2014_1,thornthwaite,1569.8024237164336,2745,0.5718770213903219,Moist forest
NEF_GloFung-its2_768_2014_1,thornthwaite,1129.8231803155968,2922,0.38666091044339385,Moist forest|Wet forest
NEF_GloFung-its2_770_2014_1,thornthwaite,1704.0779811964762,2459,0.6929963323287825,Moist forest
NEF_GloFung-its2_771_2014_1,thornthwaite,921.0028643136112,3088,0.2982522228994855,Moist forest|Wet forest
NEF_GloFung-its2_772_2014_1,thornthwaite,1635.1698387129934,2952,0.553919322057247,Moist forest
NEF_GloFung-its2_773_2014_1,thornthwaite,1539.740908107168,2858,0.53874769352945,Moist forest
NEF_GloFung-its2_774_2014_1,thornthwaite,1370.068408287287,2184,0.6273206997652413,Moist forest
NEF_GloFung-its2_155_2014_1,thornthwaite,533.3379733861367,1248,0.42735414534145566,Moist forest|Wet forest
NEF_GloFung-its2_120_2014_1,thornthwaite,679.1244732298571,634,1.07117424799662,Very dry forest|Dry forest
NEF_GloFung-its2_777_2014_1,thornthwaite,1641.6761093224097,2949,0.5566890842056323,Moist forest
NEF_GloFung-its2_336_2014_1,thornthwaite,1067.397285139087,2152,0.4960024559196501,Moist forest|Wet forest
NEF_GloFung-its2_778_2014_1,thornthwaite,1659.2668499082656,2543,0.6524840149069074,Moist forest
NEF_GloFung-its2_783_2014_1,thornthwaite,636.2959480584591,914,0.696166245140546,Dry forest|Moist forest
NEF_GloFung-its2_786_2017_1,thornthwaite,1128.7052740106774,1911,0.5906359361646664,Dry forest|Moist forest
NEF_GloFung-its2_786_2017_2,thornthwaite,1128.7052740106774,1911,0.5906359361646664,Dry forest|Moist forest
NEF_GloFung-its2_786_2017_3,thornthwaite,1128.7052740106774,1911,0.5906359361646664,Dry forest|Moist forest
NEF_GloFung-its2_786_2017_4,thornthwaite,1128.7052740106774,1911,0.5906359361646664,Dry forest|Moist forest
NEF_GloFung-its2_786_2017_5,thornthwaite,1128.7052740106774,1911,0.5906359361646664,Dry forest|Moist forest
NEF_GloFung-its2_786_2017_6,thornthwaite,1128.7052740106774,1911,0.5906359361646664,Dry forest|Moist forest
NEF_GloFung-its2_786_2017_7,thornthwaite,1128.7052740106774,1911,0.5906359361646664,Dry forest|Moist forest
NEF_GloFung-its2_786_2017_8,thornthwaite,1128.7052740106774,1911,0.5906359361646664,Dry forest|Moist forest
NEF_GloFung-its2_786_2017_9,thornthwaite,1128.7052740106774,1911,0.5906359361646664,Dry forest|Moist forest
NEF_GloFung-its2_786_2017_10,thornthwaite,1128.7052740106774,1911,0.5906359361646664,Dry forest|Moist forest
NEF_GloFung-its2_786_2017_11,thornthwaite,1128.7052740106774,1911,0.5906359361646664,Dry forest|Moist forest
NEF_GloFung-its2_786_2017_12,thornthwaite,1128.7052740106774,1911,0.5906359361646664,Dry forest|Moist forest
NEF_GloFung-its2_786_2017_13,thornthwaite,1128.7052740106774,1911,0.5906359361646664,Dry forest|Moist forest
NEF_GloFung-its2_786_2017_14,thornthwaite,1128.7052740106774,1911,0.5906359361646664,Dry forest|Moist forest
NEF_GloFung-its2_786_2017_15,thornthwaite,1128.7052740106774,1911,0.5906359361646664,Dry forest|Moist forest
NEF_GloFung-its2_786_2017_16,thornthwaite,1128.7052740106774,1911,0.5906359361646664,Dry forest|Moist forest
NEF_GloFung-its2_786_2017_17,thornthwaite,1128.7052740106774,1911,0.5906359361646664,Dry forest|Moist forest
NEF_GloFung-its2_786_2017_18,thornthwaite,1128.7052740106774,1911,0.5906359361646664,Dry forest|Moist forest
NEF_GloFung-its2_786_2017_19,thornthwaite,1128.7052740106774,1911,0.5906359361646664,Dry forest|Moist forest
NEF_GloFung-its2_786_2017_20,thornthwaite,1128.7052740106774,1911,0.5906359361646664,Dry forest|Moist forest
NEF_GloFung-its2_786_2017_21,thornthwaite,1128.7052740106774,1911,0.5906359361646664,Dry forest|Moist forest
NEF_GloFung-its2_786_2017_22,thornthwaite,1128.7052740106774,1911,0.5906359361646664,Dry forest|Moist forest
NEF_GloFung-its2_786_2017_23,thornthwaite,1128.7052740106774,1911,0.5906359361646664,Dry forest|Moist forest
NEF_GloFung-its2_786_2017_24,thornthwaite,1128.7052740106774,1911,0.5906359361646664,Dry forest|Moist forest
NEF_GloFung-its2_786_2017_25,thornthwaite,1128.7052740106774,1911,0.5906359361646664,Dry forest|Moist forest
NEF_GloFung-its2_788_2013_1,thornthwaite,1587.1446322406944,2588,0.6132707234314894,Moist forest
NEF_GloFung-its2_789_2013_1,thornthwaite,1568.982240889738,2574,0.6095502101358734,Moist forest
NEF_GloFung-its2_789_2013_2,thornthwaite,1568.982240889738,2574,0.6095502101358734,Moist forest
NEF_GloFung-its2_790_2013_1,thornthwaite,1557.890681909137,2712,0.5744434667806552,Moist forest
NEF_GloFung-its2_791_2013_1,thornthwaite,1600.274283205308,2574,0.6217071807324429,Moist forest
NEF_GloFung-its2_788_2013_2,thornthwaite,1587.1446322406944,2588,0.6132707234314894,Moist forest
NEF_GloFung-its2_789_2013_3,thornthwaite,1568.982240889738,2574,0.6095502101358734,Moist forest
NEF_GloFung-its2_792_2013_1,thornthwaite,1580.352911305351,2666,0.592780536873725,Moist forest
NEF_GloFung-its2_789_2013_4,thornthwaite,1568.982240889738,2574,0.6095502101358734,Moist forest
NEF_GloFung-its2_789_2013_5,thornthwaite,1568.982240889738,2574,0.6095502101358734,Moist forest
NEF_GloFung-its2_792_2013_2,thornthwaite,1580.352911305351,2666,0.592780536873725,Moist forest
NEF_GloFung-its2_789_2013_6,thornthwaite,1568.982240889738,2574,0.6095502101358734,Moist forest
NEF_GloFung-its2_793_2013_1,thornthwaite,1542.610596396777,2644,0.5834381983346358,Moist forest
NEF_GloFung-its2_791_2013_2,thornthwaite,1600.274283205308,2574,0.6217071807324429,Moist forest
NEF_GloFung-its2_792_2013_3,thornthwaite,1580.352911305351,2666,0.592780536873725,Moist forest
NEF_GloFung-its2_790_2013_2,thornthwaite,1557.890681909137,2712,0.5744434667806552,Moist forest
NEF_GloFung-its2_788_2013_3,thornthwaite,1587.1446322406944,2588,0.6132707234314894,Moist forest
NEF_GloFung-its2_789_2013_7,thornthwaite,1568.982240889738,2574,0.6095502101358734,Moist forest
NEF_GloFung-its2_793_2013_2,thornthwaite,1542.610596396777,2644,0.5834381983346358,Moist forest
NEF_GloFung-its2_788_2013_4,thornthwaite,1587.1446322406944,2588,0.6132707234314894,Moist forest
NEF_GloFung-its2_791_2013_3,thornthwaite,1600.274283205308,2574,0.6217071807324429,Moist forest
NEF_GloFung-its2_794_2013_1,thornthwaite,1631.8493364069375,2542,0.6419548923709432,Moist forest
NEF_GloFung-its2_792_2013_4,thornthwaite,1580.352911305351,2666,0.592780536873725,Moist forest
NEF_GloFung-its2_791_2013_4,thornthwaite,1600.274283205308,2574,0.6217071807324429,Moist forest
NEF_GloFung-its2_794_2013_2,thornthwaite,1631.8493364069375,2542,0.6419548923709432,Moist forest
NEF_GloFung-its2_788_2013_5,thornthwaite,1587.1446322406944,2588,0.6132707234314894,Moist forest
NEF_GloFung-its2_793_2013_3,thornthwaite,1542.610596396777,2644,0.5834381983346358,Moist forest
NEF_GloFung-its2_788_2013_6,thornthwaite,1587.1446322406944,2588,0.6132707234314894,Moist forest
NEF_GloFung-its2_794_2013_3,thornthwaite,1631.8493364069375,2542,0.6419548923709432,Moist forest
NEF_GloFung-its2_793_2013_4,thornthwaite,1542.610596396777,2644,0.5834381983346358,Moist forest
NEF_GloFung-its2_793_2013_5,thornthwaite,1542.610596396777,2644,0.5834381983346358,Moist forest
NEF_GloFung-its2_789_2013_8,thornthwaite,1568.982240889738,2574,0.6095502101358734,Moist forest
NEF_GloFung-its2_794_2013_4,thornthwaite,1631.8493364069375,2542,0.6419548923709432,Moist forest
NEF_GloFung-its2_792_2013_5,thornthwaite,1580.352911305351,2666,0.592780536873725,Moist forest
NEF_GloFung-its2_790_2013_3,thornthwaite,1557.890681909137,2712,0.5744434667806552,Moist forest
NEF_GloFung-its2_790_2013_4,thornthwaite,1557.890681909137,2712,0.5744434667806552,Moist forest
NEF_GloFung-its2_791_2013_5,thornthwaite,1600.274283205308,2574,0.6217071807324429,Moist forest
NEF_GloFung-its2_792_2013_6,thornthwaite,1580.352911305351,2666,0.592780536873725,Moist forest
NEF_GloFung-its2_794_2013_5,thornthwaite,1631.8493364069375,2542,0.6419548923709432,Moist forest
NEF_GloFung-its2_794_2013_6,thornthwaite,1631.8493364069375,2542,0.6419548923709432,Moist forest
NEF_GloFung-its2_790_2013_5,thornthwaite,1557.890681909137,2712,0.5744434667806552,Moist forest
NEF_GloFung-its2_793_2013_6,thornthwaite,1542.610596396777,2644,0.5834381983346358,Moist forest
NEF_GloFung-its2_791_2013_6,thornthwaite,1600.274283205308,2574,0.6217071807324429,Moist forest
NEF_GloFung-its2_788_2013_7,thornthwaite,1587.1446322406944,2588,0.6132707234314894,Moist forest
NEF_GloFung-its2_789_2013_9,thornthwaite,1568.982240889738,2574,0.6095502101358734,Moist forest
NEF_GloFung-its2_788_2013_8,thornthwaite,1587.1446322406944,2588,0.6132707234314894,Moist forest
NEF_GloFung-its2_793_2013_7,thornthwaite,1542.610596396777,2644,0.5834381983346358,Moist forest
NEF_GloFung-its2_793_2013_8,thornthwaite,1542.610596396777,2644,0.5834381983346358,Moist forest
NEF_GloFung-its2_790_2013_6,thornthwaite,1557.890681909137,2712,0.5744434667806552,Moist forest
NEF_GloFung-its2_794_2013_7,thornthwaite,1631.8493364069375,2542,0.6419548923709432,Moist forest
NEF_GloFung-its2_793_2013_9,thornthwaite,1542.610596396777,2644,0.5834381983346358,Moist forest
NEF_GloFung-its2_793_2013_10,thornthwaite,1542.610596396777,2644,0.5834381983346358,Moist forest
NEF_GloFung-its2_791_2013_7,thornthwaite,1600.274283205308,2574,0.6217071807324429,Moist forest
NEF_GloFung-its2_788_2013_9,thornthwaite,1587.1446322406944,2588,0.6132707234314894,Moist forest
NEF_GloFung-its2_792_2013_7,thornthwaite,1580.352911305351,2666,0.592780536873725,Moist forest
NEF_GloFung-its2_788_2013_10,thornthwaite,1587.1446322406944,2588,0.6132707234314894,Moist forest
NEF_GloFung-its2_796_2017_1,thornthwaite,1485.663817094788,2873,0.5171123623720112,Moist forest
NEF_GloFung-its2_797_2017_1,thornthwaite,1561.7155860473881,2310,0.6760673532672676,Moist forest
NEF_GloFung-its2_796_2017_2,thornthwaite,1485.663817094788,2873,0.5171123623720112,Moist forest
NEF_GloFung-its2_798_2017_1,thornthwaite,1532.44987484867,2522,0.6076327814625971,Moist forest
NEF_GloFung-its2_799_2017_1,thornthwaite,1472.3687937207937,2860,0.514814263538739,Moist forest
NEF_GloFung-its2_800_2017_1,thornthwaite,1464.6631439434136,3035,0.4825908217276486,Moist forest|Wet forest
NEF_GloFung-its2_801_2017_1,thornthwaite,1532.449671363634,2522,0.6076327007786019,Moist forest
NEF_GloFung-its2_796_2017_3,thornthwaite,1485.663817094788,2873,0.5171123623720112,Moist forest
NEF_GloFung-its2_798_2017_2,thornthwaite,1532.44987484867,2522,0.6076327814625971,Moist forest
NEF_GloFung-its2_802_2017_1,thornthwaite,1062.5589022771885,1049,1.0129255503119052,Dry forest
NEF_GloFung-its2_803_2017_1,thornthwaite,1453.1920382137623,3316,0.4382364409571056,Moist forest|Wet forest
NEF_GloFung-its2_796_2017_4,thornthwaite,1485.663817094788,2873,0.5171123623720112,Moist forest
NEF_GloFung-its2_804_2017_1,thornthwaite,1491.3050386713778,2893,0.5154873967063179,Moist forest
NEF_GloFung-its2_802_2017_2,thornthwaite,1062.5589022771885,1049,1.0129255503119052,Dry forest
NEF_GloFung-its2_805_2017_1,thornthwaite,1238.0951834894533,2013,0.6150497682510946,Moist forest
NEF_GloFung-its2_796_2017_5,thornthwaite,1485.663817094788,2873,0.5171123623720112,Moist forest
NEF_GloFung-its2_806_2017_1,thornthwaite,1532.4317120240767,2642,0.5800271430825422,Moist forest
NEF_GloFung-its2_798_2017_3,thornthwaite,1532.44987484867,2522,0.6076327814625971,Moist forest
NEF_GloFung-its2_798_2017_4,thornthwaite,1532.44987484867,2522,0.6076327814625971,Moist forest
NEF_GloFung-its2_800_2017_2,thornthwaite,1464.6631439434136,3035,0.4825908217276486,Moist forest|Wet forest
NEF_GloFung-its2_799_2017_2,thornthwaite,1472.3687937207937,2860,0.514814263538739,Moist forest
NEF_GloFung-its2_800_2017_3,thornthwaite,1464.6631439434136,3035,0.4825908217276486,Moist forest|Wet forest
NEF_GloFung-its2_807_2017_1,thornthwaite,956.6594010055121,1466,0.6525643935917546,Dry forest|Moist forest
NEF_GloFung-its2_797_2017_2,thornthwaite,1561.7155860473881,2310,0.6760673532672676,Moist forest
NEF_GloFung-its2_808_2017_1,thornthwaite,1262.3013998367712,1816,0.6950998897779577,Dry forest|Moist forest
NEF_GloFung-its2_800_2017_4,thornthwaite,1464.6631439434136,3035,0.4825908217276486,Moist forest|Wet forest
NEF_GloFung-its2_803_2017_2,thornthwaite,1453.1920382137623,3316,0.4382364409571056,Moist forest|Wet forest
NEF_GloFung-its2_805_2017_2,thornthwaite,1238.0951834894533,2013,0.6150497682510946,Moist forest
NEF_GloFung-its2_800_2017_5,thornthwaite,1464.6631439434136,3035,0.4825908217276486,Moist forest|Wet forest
NEF_GloFung-its2_799_2017_3,thornthwaite,1472.3687937207937,2860,0.514814263538739,Moist forest
NEF_GloFung-its2_809_2017_1,thornthwaite,1552.179264856123,2453,0.6327677394439963,Moist forest
NEF_GloFung-its2_796_2017_6,thornthwaite,1485.663817094788,2873,0.5171123623720112,Moist forest
NEF_GloFung-its2_799_2017_4,thornthwaite,1472.3687937207937,2860,0.514814263538739,Moist forest
NEF_GloFung-its2_799_2017_5,thornthwaite,1472.3687937207937,2860,0.514814263538739,Moist forest
NEF_GloFung-its2_809_2017_2,thornthwaite,1552.179264856123,2453,0.6327677394439963,Moist forest
NEF_GloFung-its2_808_2017_2,thornthwaite,1262.3013998367712,1816,0.6950998897779577,Dry forest|Moist forest
NEF_GloFung-its2_800_2017_6,thornthwaite,1464.6631439434136,3035,0.4825908217276486,Moist forest|Wet forest
NEF_GloFung-its2_810_2017_1,thornthwaite,1138.8676600000852,828,1.375444033816528,Very dry forest|Dry forest
NEF_GloFung-its2_801_2017_2,thornthwaite,1532.449671363634,2522,0.6076327007786019,Moist forest
NEF_GloFung-its2_800_2017_7,thornthwaite,1464.6631439434136,3035,0.4825908217276486,Moist forest|Wet forest
NEF_GloFung-its2_800_2017_8,thornthwaite,1464.6631439434136,3035,0.4825908217276486,Moist forest|Wet forest
NEF_GloFung-its2_803_2017_3,thornthwaite,1453.1920382137623,3316,0.4382364409571056,Moist forest|Wet forest
NEF_GloFung-its2_801_2017_3,thornthwaite,1532.449671363634,2522,0.6076327007786019,Moist forest
NEF_GloFung-its2_801_2017_4,thornthwaite,1532.449671363634,2522,0.6076327007786019,Moist forest
NEF_GloFung-its2_801_2017_5,thornthwaite,1532.449671363634,2522,0.6076327007786019,Moist forest
NEF_GloFung-its2_801_2017_6,thornthwaite,1532.449671363634,2522,0.6076327007786019,Moist forest
NEF_GloFung-its2_801_2017_7,thornthwaite,1532.449671363634,2522,0.6076327007786019,Moist forest
NEF_GloFung-its2_801_2017_8,thornthwaite,1532.449671363634,2522,0.6076327007786019,Moist forest
NEF_GloFung-its2_798_2017_5,thornthwaite,1532.44987484867,2522,0.6076327814625971,Moist forest
NEF_GloFung-its2_801_2017_9,thornthwaite,1532.449671363634,2522,0.6076327007786019,Moist forest
NEF_GloFung-its2_798_2017_6,thornthwaite,1532.44987484867,2522,0.6076327814625971,Moist forest
NEF_GloFung-its2_803_2017_4,thornthwaite,1453.1920382137623,3316,0.4382364409571056,Moist forest|Wet forest
NEF_GloFung-its2_803_2017_5,thornthwaite,1453.1920382137623,3316,0.4382364409571056,Moist forest|Wet forest
NEF_GloFung-its2_803_2017_6,thornthwaite,1453.1920382137623,3316,0.4382364409571056,Moist forest|Wet forest
NEF_GloFung-its2_807_2017_2,thornthwaite,956.6594010055121,1466,0.6525643935917546,Dry forest|Moist forest
NEF_GloFung-its2_801_2017_10,thornthwaite,1532.449671363634,2522,0.6076327007786019,Moist forest
NEF_GloFung-its2_811_2017_1,thornthwaite,967.8104177527324,1493,0.6482320279656614,Dry forest|Moist forest
NEF_GloFung-its2_811_2017_2,thornthwaite,967.8104177527324,1493,0.6482320279656614,Dry forest|Moist forest
NEF_GloFung-its2_796_2017_7,thornthwaite,1485.663817094788,2873,0.5171123623720112,Moist forest
NEF_GloFung-its2_812_2017_1,thornthwaite,1625.0931471733634,2033,0.7993571801147877,Moist forest
NEF_GloFung-its2_808_2017_3,thornthwaite,1262.3013998367712,1816,0.6950998897779577,Dry forest|Moist forest
NEF_GloFung-its2_803_2017_7,thornthwaite,1453.1920382137623,3316,0.4382364409571056,Moist forest|Wet forest
NEF_GloFung-its2_803_2017_8,thornthwaite,1453.1920382137623,3316,0.4382364409571056,Moist forest|Wet forest
NEF_GloFung-its2_808_2017_4,thornthwaite,1262.3013998367712,1816,0.6950998897779577,Dry forest|Moist forest
NEF_GloFung-its2_813_2017_1,thornthwaite,1162.0509709174166,2019,0.575557687428141,Moist forest
NEF_GloFung-its2_798_2017_7,thornthwaite,1532.44987484867,2522,0.6076327814625971,Moist forest
NEF_GloFung-its2_805_2017_3,thornthwaite,1238.0951834894533,2013,0.6150497682510946,Moist forest
NEF_GloFung-its2_803_2017_9,thornthwaite,1453.1920382137623,3316,0.4382364409571056,Moist forest|Wet forest
NEF_GloFung-its2_803_2017_10,thornthwaite,1453.1920382137623,3316,0.4382364409571056,Moist forest|Wet forest
NEF_GloFung-its2_813_2017_2,thornthwaite,1162.0509709174166,2019,0.575557687428141,Moist forest
NEF_GloFung-its2_807_2017_3,thornthwaite,956.6594010055121,1466,0.6525643935917546,Dry forest|Moist forest
NEF_GloFung-its2_808_2017_5,thornthwaite,1262.3013998367712,1816,0.6950998897779577,Dry forest|Moist forest
NEF_GloFung-its2_805_2017_4,thornthwaite,1238.0951834894533,2013,0.6150497682510946,Moist forest
NEF_GloFung-its2_813_2017_3,thornthwaite,1162.0509709174166,2019,0.575557687428141,Moist forest
NEF_GloFung-its2_803_2017_11,thornthwaite,1453.1920382137623,3316,0.4382364409571056,Moist forest|Wet forest
NEF_GloFung-its2_805_2017_5,thornthwaite,1238.0951834894533,2013,0.6150497682510946,Moist forest
NEF_GloFung-its2_813_2017_4,thornthwaite,1162.0509709174166,2019,0.575557687428141,Moist forest
NEF_GloFung-its2_806_2017_2,thornthwaite,1532.4317120240767,2642,0.5800271430825422,Moist forest
NEF_GloFung-its2_800_2017_9,thornthwaite,1464.6631439434136,3035,0.4825908217276486,Moist forest|Wet forest
NEF_GloFung-its2_801_2017_11,thornthwaite,1532.449671363634,2522,0.6076327007786019,Moist forest
NEF_GloFung-its2_796_2017_8,thornthwaite,1485.663817094788,2873,0.5171123623720112,Moist forest
NEF_GloFung-its2_813_2017_5,thornthwaite,1162.0509709174166,2019,0.575557687428141,Moist forest
NEF_GloFung-its2_811_2017_3,thornthwaite,967.8104177527324,1493,0.6482320279656614,Dry forest|Moist forest
NEF_GloFung-its2_803_2017_12,thornthwaite,1453.1920382137623,3316,0.4382364409571056,Moist forest|Wet forest
NEF_GloFung-its2_809_2017_3,thornthwaite,1552.179264856123,2453,0.6327677394439963,Moist forest
NEF_GloFung-its2_807_2017_4,thornthwaite,956.6594010055121,1466,0.6525643935917546,Dry forest|Moist forest
NEF_GloFung-its2_802_2017_3,thornthwaite,1062.5589022771885,1049,1.0129255503119052,Dry forest
NEF_GloFung-its2_796_2017_9,thornthwaite,1485.663817094788,2873,0.5171123623720112,Moist forest
NEF_GloFung-its2_811_2017_4,thornthwaite,967.8104177527324,1493,0.6482320279656614,Dry forest|Moist forest
NEF_GloFung-its2_813_2017_6,thornthwaite,1162.0509709174166,2019,0.575557687428141,Moist forest
NEF_GloFung-its2_801_2017_12,thornthwaite,1532.449671363634,2522,0.6076327007786019,Moist forest
NEF_GloFung-its2_798_2017_8,thornthwaite,1532.44987484867,2522,0.6076327814625971,Moist forest
NEF_GloFung-its2_798_2017_9,thornthwaite,1532.44987484867,2522,0.6076327814625971,Moist forest
NEF_GloFung-its2_804_2017_2,thornthwaite,1491.3050386713778,2893,0.5154873967063179,Moist forest
NEF_GloFung-its2_801_2017_13,thornthwaite,1532.449671363634,2522,0.6076327007786019,Moist forest
NEF_GloFung-its2_801_2017_14,thornthwaite,1532.449671363634,2522,0.6076327007786019,Moist forest
NEF_GloFung-its2_801_2017_15,thornthwaite,1532.449671363634,2522,0.6076327007786019,Moist forest
NEF_GloFung-its2_813_2017_7,thornthwaite,1162.0509709174166,2019,0.575557687428141,Moist forest
NEF_GloFung-its2_803_2017_13,thornthwaite,1453.1920382137623,3316,0.4382364409571056,Moist forest|Wet forest
NEF_GloFung-its2_813_2017_8,thornthwaite,1162.0509709174166,2019,0.575557687428141,Moist forest
NEF_GloFung-its2_798_2017_10,thornthwaite,1532.44987484867,2522,0.6076327814625971,Moist forest
NEF_GloFung-its2_800_2017_10,thornthwaite,1464.6631439434136,3035,0.4825908217276486,Moist forest|Wet forest
NEF_GloFung-its2_801_2017_16,thornthwaite,1532.449671363634,2522,0.6076327007786019,Moist forest
NEF_GloFung-its2_808_2017_6,thornthwaite,1262.3013998367712,1816,0.6950998897779577,Dry forest|Moist forest
NEF_GloFung-its2_807_2017_5,thornthwaite,956.6594010055121,1466,0.6525643935917546,Dry forest|Moist forest
NEF_GloFung-its2_811_2017_5,thornthwaite,967.8104177527324,1493,0.6482320279656614,Dry forest|Moist forest
NEF_GloFung-its2_811_2017_6,thornthwaite,967.8104177527324,1493,0.6482320279656614,Dry forest|Moist forest
NEF_GloFung-its2_801_2017_17,thornthwaite,1532.449671363634,2522,0.6076327007786019,Moist forest
NEF_GloFung-its2_800_2017_11,thornthwaite,1464.6631439434136,3035,0.4825908217276486,Moist forest|Wet forest
NEF_GloFung-its2_807_2017_6,thornthwaite,956.6594010055121,1466,0.6525643935917546,Dry forest|Moist forest
NEF_GloFung-its2_800_2017_12,thornthwaite,1464.6631439434136,3035,0.4825908217276486,Moist forest|Wet forest
NEF_GloFung-its2_805_2017_6,thornthwaite,1238.0951834894533,2013,0.6150497682510946,Moist forest
NEF_GloFung-its2_798_2017_11,thornthwaite,1532.44987484867,2522,0.6076327814625971,Moist forest
NEF_GloFung-its2_807_2017_7,thornthwaite,956.6594010055121,1466,0.6525643935917546,Dry forest|Moist forest
NEF_GloFung-its2_799_2017_6,thornthwaite,1472.3687937207937,2860,0.514814263538739,Moist forest
NEF_GloFung-its2_799_2017_7,thornthwaite,1472.3687937207937,2860,0.514814263538739,Moist forest
NEF_GloFung-its2_803_2017_14,thornthwaite,1453.1920382137623,3316,0.4382364409571056,Moist forest|Wet forest
NEF_GloFung-its2_814_2017_1,thornthwaite,1502.0430849276756,2978,0.5043798136090247,Moist forest
NEF_GloFung-its2_812_2017_2,thornthwaite,1625.0931471733634,2033,0.7993571801147877,Moist forest
NEF_GloFung-its2_800_2017_13,thornthwaite,1464.6631439434136,3035,0.4825908217276486,Moist forest|Wet forest
NEF_GloFung-its2_799_2017_8,thornthwaite,1472.3687937207937,2860,0.514814263538739,Moist forest
NEF_GloFung-its2_807_2017_8,thornthwaite,956.6594010055121,1466,0.6525643935917546,Dry forest|Moist forest
NEF_GloFung-its2_801_2017_18,thornthwaite,1532.449671363634,2522,0.6076327007786019,Moist forest
NEF_GloFung-its2_801_2017_19,thornthwaite,1532.449671363634,2522,0.6076327007786019,Moist forest
NEF_GloFung-its2_800_2017_14,thornthwaite,1464.6631439434136,3035,0.4825908217276486,Moist forest|Wet forest
NEF_GloFung-its2_807_2017_9,thornthwaite,956.6594010055121,1466,0.6525643935917546,Dry forest|Moist forest
NEF_GloFung-its2_815_2017_1,thornthwaite,1497.3385971936398,2152,0.6957893109635872,Moist forest
NEF_GloFung-its2_798_2017_12,thornthwaite,1532.44987484867,2522,0.6076327814625971,Moist forest
NEF_GloFung-its2_807_2017_10,thornthwaite,956.6594010055121,1466,0.6525643935917546,Dry forest|Moist forest
NEF_GloFung-its2_811_2017_7,thornthwaite,967.8104177527324,1493,0.6482320279656614,Dry forest|Moist forest
NEF_GloFung-its2_803_2017_15,thornthwaite,1453.1920382137623,3316,0.4382364409571056,Moist forest|Wet forest
NEF_GloFung-its2_796_2017_10,thornthwaite,1485.663817094788,2873,0.5171123623720112,Moist forest
NEF_GloFung-its2_796_2017_11,thornthwaite,1485.663817094788,2873,0.5171123623720112,Moist forest
NEF_GloFung-its2_805_2017_7,thornthwaite,1238.0951834894533,2013,0.6150497682510946,Moist forest
NEF_GloFung-its2_808_2017_7,thornthwaite,1262.3013998367712,1816,0.6950998897779577,Dry forest|Moist forest
NEF_GloFung-its2_798_2017_13,thornthwaite,1532.44987484867,2522,0.6076327814625971,Moist forest
NEF_GloFung-its2_808_2017_8,thornthwaite,1262.3013998367712,1816,0.6950998897779577,Dry forest|Moist forest
NEF_GloFung-its2_798_2017_14,thornthwaite,1532.44987484867,2522,0.6076327814625971,Moist forest
NEF_GloFung-its2_807_2017_11,thornthwaite,956.6594010055121,1466,0.6525643935917546,Dry forest|Moist forest
NEF_GloFung-its2_808_2017_9,thornthwaite,1262.3013998367712,1816,0.6950998897779577,Dry forest|Moist forest
NEF_GloFung-its2_678_2015_1,thornthwaite,737.7264371815345,537,1.3737922480103064,Very dry forest|Dry forest
NEF_GloFung-its2_827_2015_1,thornthwaite,1382.496845166858,981,1.4092730327898655,Very dry forest|Dry forest
NEF_GloFung-its2_678_2015_2,thornthwaite,737.7264371815345,537,1.3737922480103064,Very dry forest|Dry forest
NEF_GloFung-its2_677_2015_1,thornthwaite,1054.2333001567142,960,1.098159687663244,Very dry forest|Dry forest
NEF_GloFung-its2_672_2015_1,thornthwaite,792.4923684195071,420,1.8868865914750168,Thorn steppe
NEF_GloFung-its2_830_2015_1,thornthwaite,1303.6713648557425,1177,1.1076222301238254,Dry forest
NEF_GloFung-its2_672_2015_2,thornthwaite,792.4923684195071,420,1.8868865914750168,Thorn steppe
NEF_GloFung-its2_827_2015_2,thornthwaite,1382.496845166858,981,1.4092730327898655,Very dry forest|Dry forest
NEF_GloFung-its2_677_2015_2,thornthwaite,1054.2333001567142,960,1.098159687663244,Very dry forest|Dry forest
NEF_GloFung-its2_830_2015_2,thornthwaite,1303.6713648557425,1177,1.1076222301238254,Dry forest
NEF_GloFung-its2_841_2016_1,thornthwaite,860.8748752692123,1209,0.7120553145320201,Dry forest|Moist forest
NEF_GloFung-its2_842_2016_1,thornthwaite,1222.340073899173,1751,0.6980811387202587,Dry forest|Moist forest
NEF_GloFung-its2_843_2016_1,thornthwaite,975.6344307035654,1271,0.7676116685315227,Dry forest|Moist forest
NEF_GloFung-its2_844_2016_1,thornthwaite,628.7244593380331,784,0.8019444634413687,Dry forest|Moist forest
NEF_GloFung-its2_845_2016_1,thornthwaite,833.3124160495344,1199,0.6950061851956083,Dry forest|Moist forest
NEF_GloFung-its2_846_2016_1,thornthwaite,843.1705761019014,1206,0.6991464146781935,Dry forest|Moist forest
NEF_GloFung-its2_847_2016_1,thornthwaite,1038.1595280086688,1320,0.7864844909156582,Dry forest|Moist forest
NEF_GloFung-its2_848_2016_1,thornthwaite,862.8799187617842,1158,0.7451467346820244,Dry forest|Moist forest
NEF_GloFung-its2_849_2016_1,thornthwaite,567.0589254369561,710,0.7986745428689522,Dry forest|Moist forest
NEF_GloFung-its2_850_2016_1,thornthwaite,904.339192615023,1191,0.7593108250336045,Dry forest|Moist forest
NEF_GloFung-its2_851_2016_1,thornthwaite,1038.161712449938,1320,0.7864861457954075,Dry forest|Moist forest
NEF_GloFung-its2_852_2016_1,thornthwaite,822.350632647367,1121,0.7335866482135298,Dry forest|Moist forest
NEF_GloFung-its2_853_2016_1,thornthwaite,843.1704101425335,1206,0.6991462770667773,Dry forest|Moist forest
NEF_GloFung-its2_854_2016_1,thornthwaite,966.6846479929906,1261,0.7666016241022923,Dry forest|Moist forest
NEF_GloFung-its2_855_2016_1,thornthwaite,590.4597979204782,393,1.5024422338943466,Thorn steppe
NEF_GloFung-its2_856_2016_1,thornthwaite,631.5006557897965,786,0.8034359488419803,Dry forest|Moist forest
NEF_GloFung-its2_857_2016_1,thornthwaite,969.8954424483474,1250,0.7759163539586779,Dry forest|Moist forest
NEF_GloFung-its2_858_2016_1,thornthwaite,817.093863116369,1115,0.7328196081761157,Dry forest|Moist forest
NEF_GloFung-its2_859_2016_1,thornthwaite,801.3396803046945,1108,0.7232307583977388,Dry forest|Moist forest
NEF_GloFung-its2_860_2016_1,thornthwaite,1010.5033541881395,1294,0.780914493190216,Dry forest|Moist forest
NEF_GloFung-its2_861_2016_1,thornthwaite,958.6770926177337,1231,0.7787791166675335,Dry forest|Moist forest
NEF_GloFung-its1_64_2022_1,thornthwaite,860.8746107204389,3496,0.24624559803216217,Wet forest
NEF_GloFung-its1_65_2022_1,thornthwaite,679.1244732298571,634,1.07117424799662,Very dry forest|Dry forest
NEF_GloFung-its1_66_2022_1,thornthwaite,834.9964810207679,505,1.6534583782589463,Very dry forest|Dry forest
NEF_GloFung-its1_68_2022_1,thornthwaite,1303.676931096331,3192,0.4084200911955924,Moist forest|Wet forest
NEF_GloFung-its1_69_2022_1,thornthwaite,673.6227440466945,534,1.2614658128215253,Very dry forest|Dry forest
NEF_GloFung-its1_70_2022_1,thornthwaite,955.867139870476,1633,0.5853442375201935,Dry forest|Moist forest
NEF_GloFung-its1_71_2022_1,thornthwaite,991.1667064689394,1696,0.5844143316444218,Dry forest|Moist forest
NEF_GloFung-its1_72_2022_1,thornthwaite,1482.7943858834333,2518,0.5888778339489409,Moist forest
NEF_GloFung-its1_74_2022_1,thornthwaite,1303.676953929567,3192,0.40842009834886184,Moist forest|Wet forest
NEF_GloFung-its1_75_2022_1,thornthwaite,838.209234016533,1256,0.6673640398220804,Dry forest|Moist forest
NEF_GloFung-its1_76_2022_1,thornthwaite,643.3371316779647,1112,0.5785405860413352,Dry forest|Moist forest
NEF_GloFung-its1_77_2022_1,thornthwaite,1295.2565660829698,2357,0.5495360908285829,Moist forest
NEF_GloFung-its1_78_2022_1,thornthwaite,1611.9214802843542,1002,1.608704072140074,Dry forest
NEF_GloFung-its1_79_2022_1,thornthwaite,1171.1722764552305,1039,1.1272110456739466,Dry forest
NEF_GloFung-its1_80_2022_1,thornthwaite,788.817093592231,596,1.3235186134097836,Very dry forest|Dry forest
NEF_GloFung-its1_81_2022_1,thornthwaite,1493.6132194023257,1633,0.9146437350902178,Dry forest|Moist forest
NEF_GloFung-its1_83_2022_1,thornthwaite,1260.8729439590013,1539,0.8192806653404817,Dry forest|Moist forest
NEF_GloFung-its1_84_2022_1,thornthwaite,660.1141126200505,694,0.951173072939554,Dry forest|Moist forest
NEF_GloFung-its1_85_2022_1,thornthwaite,876.1203625830748,1807,0.4848480147111648,Moist forest|Wet forest
NEF_GloFung-its1_86_2022_1,thornthwaite,1561.680871318772,2763,0.5652120417367977,Moist forest
NEF_GloFung-its1_87_2022_1,thornthwaite,1019.6696688490929,2198,0.46390794761105225,Moist forest|Wet forest
NEF_GloFung-its1_88_2022_1,thornthwaite,1250.7546444992636,1303,0.9599037947039628,Dry forest|Moist forest
NEF_GloFung-its1_89_2022_1,thornthwaite,1008.5878567766209,1880,0.5364829025407558,Dry forest|Moist forest
NEF_GloFung-its1_90_2022_1,thornthwaite,1167.4167540165527,1559,0.7488240885288985,Dry forest|Moist forest
NEF_GloFung-its1_91_2022_1,thornthwaite,1538.9974432764134,1009,1.5252700131579915,Dry forest
NEF_GloFung-its1_92_2022_1,thornthwaite,1293.5409443585663,1319,0.9806982140701792,Dry forest|Moist forest
NEF_GloFung-its1_93_2022_1,thornthwaite,1371.799945208505,498,2.7546183638725,Thorn woodland
NEF_GloFung-its1_94_2022_1,thornthwaite,1641.675389712735,2949,0.5566888401874314,Moist forest
NEF_GloFung-its1_95_2022_1,thornthwaite,1401.3371440714334,1562,0.8971428579202518,Dry forest|Moist forest
NEF_GloFung-its1_96_2022_1,thornthwaite,606.7412098585921,2259,0.26858840631190445,Moist forest|Wet forest
NEF_GloFung-its1_97_2022_1,thornthwaite,998.9734271031094,1754,0.5695401522822745,Dry forest|Moist forest
NEF_GloFung-its1_98_2022_1,thornthwaite,816.6396111876253,797,1.0246419211889903,Very dry forest|Dry forest
NEF_GloFung-its1_99_2022_1,thornthwaite,1463.05248557481,928,1.5765651784211314,Very dry forest|Dry forest
NEF_GloFung-its1_100_2022_1,thornthwaite,533.33797361785,1248,0.4273541455271234,Moist forest|Wet forest
NEF_GloFung-its1_101_2022_1,thornthwaite,1052.4059526219605,2262,0.4652546209646156,Moist forest|Wet forest
NEF_GloFung-its1_102_2022_1,thornthwaite,769.5531049612814,1754,0.43874179302239535,Moist forest|Wet forest
NEF_GloFung-its1_96_2022_2,thornthwaite,606.7413583244542,2259,0.26858847203384423,Moist forest|Wet forest
NEF_GloFung-its1_103_2022_1,thornthwaite,674.7698947444857,2653,0.2543422143778687,Moist forest|Wet forest
NEF_GloFung-its1_104_2022_1,thornthwaite,1002.9344228442021,1519,0.6602596595419369,Dry forest|Moist forest
NEF_GloFung-its1_105_2022_1,thornthwaite,958.6875210699984,734,1.3061137889237036,Very dry forest|Dry forest
NEF_GloFung-its1_106_2022_1,thornthwaite,1152.9487848340534,1590,0.7251250219082097,Dry forest|Moist forest
NEF_GloFung-its1_107_2022_1,thornthwaite,1451.3685014984737,1132,1.2821276515004185,Dry forest
NEF_GloFung-its1_108_2022_1,thornthwaite,1549.5032724722703,1185,1.3075976982888358,Dry forest
NEF_GloFung-its1_109_2022_1,thornthwaite,1036.064559113792,417,2.484567288042667,Thorn woodland
NEF_GloFung-its1_111_2022_1,thornthwaite,962.3076427061048,338,2.8470640316748663,Thorn woodland
NEF_GloFung-its1_112_2022_1,thornthwaite,987.165444652711,3485,0.28326124667222696,Moist forest|Wet forest
NEF_GloFung-its1_113_2022_1,thornthwaite,1630.5003658219453,993,1.641994326104678,Very dry forest|Dry forest
NEF_GloFung-its1_114_2022_1,thornthwaite,1653.880474458,2939,0.56273578579721,Moist forest
NEF_GloFung-its1_93_2022_2,thornthwaite,1371.799945208505,498,2.7546183638725,Thorn woodland
NEF_GloFung-its1_115_2022_1,thornthwaite,1029.8622132258952,1684,0.6115571337445933,Dry forest|Moist forest
NEF_GloFung-its1_116_2022_1,thornthwaite,1647.2358024575083,3067,0.5370837308306189,Moist forest
NEF_GloFung-its1_117_2022_1,thornthwaite,686.4244304604371,1057,0.6494081650524476,Dry forest|Moist forest
NEF_GloFung-its1_70_2022_2,thornthwaite,955.867139870476,1633,0.5853442375201935,Dry forest|Moist forest
NEF_GloFung-its1_118_2022_1,thornthwaite,809.9066026285868,1857,0.4361371042695675,Moist forest|Wet forest
NEF_GloFung-its1_120_2022_1,thornthwaite,1474.4451738831044,1232,1.1967899138661562,Dry forest
NEF_GloFung-its1_121_2022_1,thornthwaite,1162.1377021014262,2123,0.5474035337265314,Moist forest
NEF_GloFung-its1_122_2022_1,thornthwaite,1099.5970696226111,2189,0.5023284922899092,Moist forest
NEF_GloFung-its1_141_2021_1,thornthwaite,1171.1730822793193,1039,1.127211821250548,Dry forest
NEF_GloFung-its1_142_2021_1,thornthwaite,1390.3535922592241,2419,0.5747637834887244,Moist forest
NEF_GloFung-its1_143_2021_1,thornthwaite,1087.4161884386094,910,1.1949628444380322,Very dry forest|Dry forest
NEF_GloFung-its1_144_2021_1,thornthwaite,663.6038516864581,706,0.9399487984227453,Dry forest|Moist forest
NEF_GloFung-its1_145_2021_1,thornthwaite,542.8421952787945,631,0.8602887405369168,Dry forest|Moist forest
NEF_GloFung-its1_146_2021_1,thornthwaite,793.8023597411258,589,1.3477119859781421,Very dry forest|Dry forest
NEF_GloFung-its1_147_2021_1,thornthwaite,1278.3543775763499,3470,0.3684018379182564,Moist forest|Wet forest
NEF_GloFung-its1_148_2021_1,thornthwaite,1417.8034525232538,3869,0.36645217175581646,Moist forest|Wet forest
NEF_GloFung-its1_149_2021_1,thornthwaite,1611.9235426112982,1002,1.608706130350597,Dry forest
NEF_GloFung-its1_150_2021_1,thornthwaite,1574.7794589692198,896,1.7575663604567187,Very dry forest|Dry forest
NEF_GloFung-its1_151_2021_1,thornthwaite,2011.43160005542,1006,1.9994349901147315,Dry forest
NEF_GloFung-its1_152_2021_1,thornthwaite,1883.4711611719679,788,2.3901918288984363,Very dry forest
NEF_GloFung-its1_153_2021_1,thornthwaite,1735.2330699883673,999,1.7369700400283958,Very dry forest|Dry forest
NEF_GloFung-its1_154_2021_1,thornthwaite,1345.9828695901422,771,1.7457624767706124,Very dry forest|Dry forest
NEF_GloFung-its1_155_2021_1,thornthwaite,876.969340035916,2642,0.33193389100526727,Moist forest|Wet forest
NEF_GloFung-its1_156_2021_1,thornthwaite,1539.215235680717,3025,0.5088314828696585,Moist forest
NEF_GloFung-its1_157_2021_1,thornthwaite,1529.2059694360648,3038,0.5033594369440635,Moist forest
NEF_GloFung-its1_158_2021_1,thornthwaite,1295.2580829285944,2340,0.55352909526863,Moist forest
NEF_GloFung-its1_159_2021_1,thornthwaite,715.1359315610765,857,0.834464330876402,Dry forest|Moist forest
NEF_GloFung-its1_160_2021_1,thornthwaite,643.3364290807416,1112,0.5785399542093,Dry forest|Moist forest
NEF_GloFung-its1_160_2021_2,thornthwaite,643.3364290807416,1112,0.5785399542093,Dry forest|Moist forest
NEF_GloFung-its1_161_2021_1,thornthwaite,831.794707473468,1057,0.7869391745255137,Dry forest|Moist forest
NEF_GloFung-its1_162_2021_1,thornthwaite,1162.1392544746425,2123,0.54740426494330785,Moist forest
NEF_GloFung-its1_163_2021_1,thornthwaite,919.4673976347841,1504,0.611348003746532,Dry forest|Moist forest
NEF_GloFung-its1_164_2021_1,thornthwaite,991.1672639191313,1696,0.5844146603296765,Dry forest|Moist forest
NEF_GloFung-its1_165_2021_1,thornthwaite,1062.0671636961129,1612,0.6588505978263728,Dry forest|Moist forest
NEF_GloFung-its1_166_2021_1,thornthwaite,952.8203939081113,1633,0.5834785020870247,Dry forest|Moist forest
NEF_GloFung-its1_169_2021_1,thornthwaite,749.2520036342038,432,1.7343796380421383,Thorn steppe
NEF_GloFung-its1_170_2021_1,thornthwaite,686.4925922091395,570,1.204372968787964,Very dry forest|Dry forest
NEF_GloFung-its1_171_2021_1,thornthwaite,796.3820827837911,503,1.5832645780989882,Very dry forest|Dry forest
NEF_GloFung-its1_173_2021_1,thornthwaite,720.4106277250179,459,1.5695220647603876,Thorn steppe
NEF_GloFung-its1_174_2021_1,thornthwaite,689.5569287580713,516,1.3363506371280451,Very dry forest|Dry forest
NEF_GloFung-its1_175_2021_1,thornthwaite,698.8496888167274,504,1.3866065254300146,Very dry forest|Dry forest
NEF_GloFung-its1_176_2021_1,thornthwaite,673.6253476621122,534,1.261470688505828,Very dry forest|Dry forest
NEF_GloFung-its1_178_2021_1,thornthwaite,626.979606345026,656,0.9557615950381494,Dry forest|Moist forest
NEF_GloFung-its1_179_2021_1,thornthwaite,1549.5078627703954,1185,1.3076015719581395,Dry forest
NEF_GloFung-its1_180_2021_1,thornthwaite,1456.291666056119,1132,1.2864767367986918,Dry forest
NEF_GloFung-its1_181_2021_1,thornthwaite,1668.2163823065039,801,2.0826671439531883,Very dry forest
NEF_GloFung-its1_182_2021_1,thornthwaite,1665.4891974288712,690,2.4137524600418425,Very dry forest
NEF_GloFung-its1_183_2021_1,thornthwaite,0,0,NA,
NEF_GloFung-its1_184_2021_1,thornthwaite,987.1652435385607,3485,0.283261188963719,Moist forest|Wet forest
NEF_GloFung-its1_185_2021_1,thornthwaite,593.7087728037915,2340,0.25372169777939807,Moist forest|Wet forest
NEF_GloFung-its1_186_2021_1,thornthwaite,989.2210712156821,903,1.095482913860113,Very dry forest|Dry forest
NEF_GloFung-its1_187_2021_1,thornthwaite,908.5829645454465,876,1.0371951650062174,Very dry forest|Dry forest
NEF_GloFung-its1_188_2021_1,thornthwaite,942.1108059727881,752,1.2528069228361542,Very dry forest|Dry forest
NEF_GloFung-its1_189_2021_1,thornthwaite,879.0757021426158,667,1.3179545759259608,Very dry forest|Dry forest
NEF_GloFung-its1_190_2021_1,thornthwaite,870.0776912262644,285,3.0529041797412786,Thorn woodland
NEF_GloFung-its1_191_2021_1,thornthwaite,872.8038465915133,289,3.0200825141574854,Thorn woodland
NEF_GloFung-its1_192_2021_1,thornthwaite,1045.8630932035182,479,2.1834302572098503,Thorn woodland
NEF_GloFung-its1_193_2021_1,thornthwaite,1046.7867124461281,475,2.2037614998865855,Thorn woodland
NEF_GloFung-its1_194_2021_1,thornthwaite,1033.1134283218146,388,2.662663475056223,Thorn woodland
NEF_GloFung-its1_195_2021_1,thornthwaite,855.8672692494915,578,1.4807392201548297,Very dry forest|Dry forest
NEF_GloFung-its1_184_2021_2,thornthwaite,987.1652435385607,3485,0.283261188963719,Moist forest|Wet forest
NEF_GloFung-its1_185_2021_2,thornthwaite,593.7087728037915,2340,0.25372169777939807,Moist forest|Wet forest
NEF_GloFung-its1_196_2021_1,thornthwaite,1545.4796261205302,2639,0.5856307791286587,Moist forest
NEF_GloFung-its1_183_2021_2,thornthwaite,0,0,NA,
NEF_GloFung-its1_199_2021_1,thornthwaite,831.5510456780244,1917,0.4337772799572375,Moist forest|Wet forest
NEF_GloFung-its1_200_2021_1,thornthwaite,0,0,NA,
NEF_GloFung-its1_201_2021_1,thornthwaite,824.108700988915,2094,0.39355716379604344,Moist forest|Wet forest
NEF_GloFung-its1_202_2021_1,thornthwaite,669.7682161290651,2482,0.26985020794885783,Moist forest|Wet forest
NEF_GloFung-its1_217_2021_1,thornthwaite,1350.0401509415096,3243,0.4162936018937742,Moist forest|Wet forest
NEF_GloFung-its1_218_2021_1,thornthwaite,1361.9927747201289,3191,0.42682318230025973,Moist forest|Wet forest
NEF_GloFung-its1_219_2021_1,thornthwaite,1298.3179631610287,3397,0.38219545574360575,Moist forest|Wet forest
NEF_GloFung-its1_221_2021_1,thornthwaite,683.9588713953599,632,1.082213404106582,Very dry forest|Dry forest
NEF_GloFung-its1_222_2021_1,thornthwaite,619.1335853657168,970,0.6382820467687802,Dry forest|Moist forest
NEF_GloFung-its1_223_2021_1,thornthwaite,564.0177389290178,1423,0.39635821428602797,Moist forest|Wet forest
NEF_GloFung-its1_224_2021_1,thornthwaite,919.9517225411277,2896,0.3176628876177927,Moist forest|Wet forest
NEF_GloFung-its1_225_2021_1,thornthwaite,837.3119024533648,3664,0.22852399084425895,Wet forest
NEF_GloFung-its1_226_2021_1,thornthwaite,919.5485673686289,3191,0.2881694037507455,Moist forest|Wet forest
NEF_GloFung-its1_227_2021_1,thornthwaite,975.26841666162,2974,0.3279315456158776,Moist forest|Wet forest
NEF_GloFung-its1_228_2021_1,thornthwaite,864.5243855587689,2738,0.31575032343271325,Moist forest|Wet forest
NEF_GloFung-its1_229_2021_1,thornthwaite,1563.363335625154,3249,0.48118292878582763,Moist forest|Wet forest
NEF_GloFung-its1_230_2021_1,thornthwaite,860.8744872689282,3496,0.24624556271994513,Wet forest
NEF_GloFung-its1_232_2021_1,thornthwaite,1890.8420395769786,1419,1.3325172935708094,Dry forest
NEF_GloFung-its1_233_2021_1,thornthwaite,1928.3143347548128,1417,1.3608428615065722,Dry forest
NEF_GloFung-its1_234_2021_1,thornthwaite,1912.9404950090047,1782,1.073479514595401,Dry forest
NEF_GloFung-its1_235_2021_1,thornthwaite,1933.3652089384884,2757,0.701256876655237,Moist forest
NEF_GloFung-its1_236_2021_1,thornthwaite,1930.9738354822064,2705,0.7138535436163425,Moist forest
NEF_GloFung-its1_237_2021_1,thornthwaite,1728.8096104530744,1319,1.3106972027695787,Dry forest
NEF_GloFung-its1_238_2021_1,thornthwaite,1283.145168251505,3572,0.3592231714029969,Moist forest|Wet forest
NEF_GloFung-its1_239_2021_1,thornthwaite,1489.2017838389445,3493,0.42633890175749917,Moist forest|Wet forest
NEF_GloFung-its1_240_2021_1,thornthwaite,1566.1014556318287,2731,0.5734534806414605,Moist forest
NEF_GloFung-its1_269_2021_1,thornthwaite,1124.3935860986246,1652,0.6806256574446881,Dry forest|Moist forest
NEF_GloFung-its1_270_2021_1,thornthwaite,1119.4607993641623,1732,0.6463399534435117,Dry forest|Moist forest
NEF_GloFung-its1_271_2021_1,thornthwaite,1121.1366435686732,1855,0.6043863307647834,Dry forest|Moist forest
NEF_GloFung-its1_272_2021_1,thornthwaite,1123.5824926918415,1694,0.663271837480426,Dry forest|Moist forest
NEF_GloFung-its1_273_2021_1,thornthwaite,1084.3780536160052,2300,0.4714687189634805,Moist forest|Wet forest
NEF_GloFung-its1_274_2021_1,thornthwaite,1099.5972323665637,2189,0.5023285666361643,Moist forest
NEF_GloFung-its1_275_2021_1,thornthwaite,1067.397288312733,2152,0.4960024573943927,Moist forest|Wet forest
NEF_GloFung-its1_162_2021_2,thornthwaite,1162.1392544746425,2123,0.54740426494330785,Moist forest
NEF_GloFung-its1_162_2021_3,thornthwaite,1162.1392544746425,2123,0.54740426494330785,Moist forest
NEF_GloFung-its1_276_2021_1,thornthwaite,1370.065523783142,2184,0.6273193790215852,Moist forest
NEF_GloFung-its1_162_2021_4,thornthwaite,1162.1392544746425,2123,0.54740426494330785,Moist forest
NEF_GloFung-its1_162_2021_5,thornthwaite,1162.1392544746425,2123,0.54740426494330785,Moist forest
NEF_GloFung-its1_277_2021_1,thornthwaite,1473.493559933518,1230,1.1979622438483888,Dry forest
NEF_GloFung-its1_278_2021_1,thornthwaite,801.2979365362417,880,0.9105658369730019,Dry forest|Moist forest
NEF_GloFung-its1_279_2021_1,thornthwaite,727.3682094118581,979,0.7429705918405087,Dry forest|Moist forest
NEF_GloFung-its1_280_2021_1,thornthwaite,733.9372565019648,973,0.7543034496423071,Dry forest|Moist forest
NEF_GloFung-its1_281_2021_1,thornthwaite,628.924479526342,1129,0.5570633122465385,Dry forest|Moist forest
NEF_GloFung-its1_282_2021_1,thornthwaite,582.2482383070725,1042,0.5587794993350024,Dry forest|Moist forest
NEF_GloFung-its1_283_2021_1,thornthwaite,862.6361553426736,1711,0.5041707512230705,Dry forest|Moist forest
NEF_GloFung-its1_284_2021_1,thornthwaite,965.36001300723,1692,0.5705437429120744,Dry forest|Moist forest
NEF_GloFung-its1_285_2021_1,thornthwaite,1463.2226138606718,1090,1.3424060677620842,Dry forest
NEF_GloFung-its1_286_2021_1,thornthwaite,890.1142284370177,2697,0.33003864606489347,Moist forest|Wet forest
NEF_GloFung-its1_287_2021_1,thornthwaite,886.4232635102421,2700,0.3283049124112008,Moist forest|Wet forest
NEF_GloFung-its1_288_2021_1,thornthwaite,1369.1210506149237,2284,0.5994400396737845,Moist forest
NEF_GloFung-its1_289_2021_1,thornthwaite,1337.4152105761782,2718,0.4920585763709265,Moist forest|Wet forest
NEF_GloFung-its1_290_2021_1,thornthwaite,666.1164120719544,522,1.2760850805976138,Very dry forest|Dry forest
NEF_GloFung-its1_292_2021_1,thornthwaite,647.2699531291174,1252,0.5169887804545666,Dry forest|Moist forest
NEF_GloFung-its1_293_2021_1,thornthwaite,1584.7838683133082,3051,0.5194309630656533,Moist forest
NEF_GloFung-its1_294_2021_1,thornthwaite,1442.4710957774064,1175,1.2276349751297075,Dry forest
NEF_GloFung-its1_295_2021_1,thornthwaite,987.9147595647282,2840,0.34785730970589024,Moist forest|Wet forest
NEF_GloFung-its1_297_2021_1,thornthwaite,868.3441265296867,1955,0.44416579362132314,Moist forest|Wet forest
NEF_GloFung-its1_298_2021_1,thornthwaite,1094.1455386245445,1170,0.9351671270295252,Dry forest|Moist forest
NEF_GloFung-its1_299_2021_1,thornthwaite,1597.0712109803,867,1.8420659872898502,Very dry forest|Dry forest
NEF_GloFung-its1_300_2021_1,thornthwaite,569.4168616517161,1227,0.4640724218840392,Moist forest|Wet forest
NEF_GloFung-its1_301_2021_1,thornthwaite,613.801031533898,1189,0.5162329954027738,Dry forest|Moist forest
NEF_GloFung-its1_302_2021_1,thornthwaite,610.9265042210333,1198,0.5099553457604619,Dry forest|Moist forest
NEF_GloFung-its1_303_2021_1,thornthwaite,925.4726909649073,611,1.514685255261714,Very dry forest|Dry forest
NEF_GloFung-its1_304_2021_1,thornthwaite,1471.8028795219295,922,1.5963154875508998,Very dry forest|Dry forest
NEF_GloFung-its1_305_2021_1,thornthwaite,758.5214428017866,1214,0.6248117321266776,Dry forest|Moist forest
NEF_GloFung-its1_306_2021_1,thornthwaite,693.9076905172669,691,1.0042079457558133,Very dry forest|Dry forest
NEF_GloFung-its1_307_2021_1,thornthwaite,1192.947598763306,371,3.2154921799550022,Thorn woodland
NEF_GloFung-its1_308_2021_1,thornthwaite,689.6916268164027,1079,0.6391952055759061,Dry forest|Moist forest
NEF_GloFung-its1_309_2021_1,thornthwaite,1810.6342594230298,1190,1.5215413944731342,Dry forest
NEF_GloFung-its1_310_2021_1,thornthwaite,1122.4162018203406,1183,0.9487879981575152,Dry forest|Moist forest
NEF_GloFung-its1_293_2021_2,thornthwaite,1584.7838683133082,3051,0.5194309630656533,Moist forest
NEF_GloFung-its1_288_2021_2,thornthwaite,1369.1210506149237,2284,0.5994400396737845,Moist forest
NEF_GloFung-its1_311_2021_1,thornthwaite,762.1393459814849,1494,0.5101334310451706,Dry forest|Moist forest
NEF_GloFung-its1_313_2021_1,thornthwaite,603.7621557184992,1066,0.566381009116791,Dry forest|Moist forest
NEF_GloFung-its1_321_2021_1,thornthwaite,653.6543551439466,1724,0.3791498579721268,Moist forest|Wet forest
NEF_GloFung-its1_322_2021_1,thornthwaite,594.8356595835606,1661,0.35811900035133093,Moist forest|Wet forest
NEF_GloFung-its1_323_2021_1,thornthwaite,1848.6212865465388,1950,0.9480109161777123,Dry forest|Moist forest
NEF_GloFung-its1_324_2021_1,thornthwaite,1829.7410665496675,1952,0.9373673496668379,Dry forest|Moist forest
NEF_GloFung-its1_325_2021_1,thornthwaite,1842.3755150455152,1776,1.0373736008139163,Dry forest
NEF_GloFung-its1_326_2021_1,thornthwaite,998.5123236499185,1543,0.6471239945884112,Dry forest|Moist forest
NEF_GloFung-its1_327_2021_1,thornthwaite,0,0,NA,
NEF_GloFung-its1_328_2021_1,thornthwaite,1543.7979386823604,1246,1.2390031610612844,Dry forest
NEF_GloFung-its1_329_2021_1,thornthwaite,1549.0704765738287,1218,1.2718148411936196,Dry forest
NEF_GloFung-its1_330_2021_1,thornthwaite,0,0,NA,
NEF_GloFung-its1_331_2021_1,thornthwaite,1654.4330263340598,1184,1.3973251911605236,Dry forest
NEF_GloFung-its1_332_2021_1,thornthwaite,1666.2944074186141,809,2.0596964244976688,Very dry forest
NEF_GloFung-its1_333_2021_1,thornthwaite,998.9719312839997,1754,0.5695392994777649,Dry forest|Moist forest
NEF_GloFung-its1_334_2021_1,thornthwaite,881.2743233739021,1870,0.47126969164379795,Moist forest|Wet forest
NEF_GloFung-its1_335_2021_1,thornthwaite,869.2668458867953,1839,0.4726845273990187,Moist forest|Wet forest
NEF_GloFung-its1_336_2021_1,thornthwaite,816.2959188234116,1842,0.4431573934980519,Moist forest|Wet forest
NEF_GloFung-its1_337_2021_1,thornthwaite,790.8663204955533,1455,0.5435507357357755,Dry forest|Moist forest
NEF_GloFung-its1_338_2021_1,thornthwaite,760.3825866946983,1538,0.4943970004516894,Moist forest|Wet forest
NEF_GloFung-its1_339_2021_1,thornthwaite,0,0,NA,
NEF_GloFung-its1_340_2021_1,thornthwaite,955.5592694370657,1827,0.5230209465993791,Dry forest|Moist forest
NEF_GloFung-its1_341_2021_1,thornthwaite,1128.1318289199737,1620,0.6963776721728233,Dry forest|Moist forest
NEF_GloFung-its1_342_2021_1,thornthwaite,1113.9941394642544,1999,0.5572757075859202,Dry forest|Moist forest
NEF_GloFung-its1_343_2021_1,thornthwaite,712.4159572132927,1793,0.39733182220484814,Moist forest|Wet forest
NEF_GloFung-its1_344_2021_1,thornthwaite,645.2562445328832,2175,0.29666953771626814,Moist forest|Wet forest
NEF_GloFung-its1_345_2021_1,thornthwaite,634.0790437457028,2195,0.2888742796107986,Moist forest|Wet forest
NEF_GloFung-its1_346_2021_1,thornthwaite,1096.7832477146846,1868,0.5871430662284179,Dry forest|Moist forest
NEF_GloFung-its1_347_2021_1,thornthwaite,1138.6728708778232,1153,0.9875740423918675,Dry forest|Moist forest
NEF_GloFung-its1_348_2021_1,thornthwaite,1216.7093815087271,1152,1.0561713381152145,Dry forest
NEF_GloFung-its1_349_2021_1,thornthwaite,1210.0002248316673,1124,1.076512655544188,Dry forest
NEF_GloFung-its1_350_2021_1,thornthwaite,1222.0403163275635,1135,1.0766875033723027,Dry forest
NEF_GloFung-its1_351_2021_1,thornthwaite,1177.9141729331734,1080,1.09066127123442,Dry forest
NEF_GloFung-its1_352_2021_1,thornthwaite,1171.4743898132388,1052,1.1135688116095426,Dry forest
NEF_GloFung-its1_353_2021_1,thornthwaite,1193.9376340222914,1156,1.0328180225106327,Dry forest
NEF_GloFung-its1_354_2021_1,thornthwaite,1229.4154477324946,1259,0.9765015470472554,Dry forest|Moist forest
NEF_GloFung-its1_355_2021_1,thornthwaite,1211.3466371574884,1204,1.0061018581042263,Dry forest
NEF_GloFung-its1_356_2021_1,thornthwaite,1273.5596340985194,1316,0.9677504818377807,Dry forest|Moist forest
NEF_GloFung-its1_357_2021_1,thornthwaite,1293.3464258417287,1172,1.1035379060083008,Dry forest
NEF_GloFung-its1_358_2021_1,thornthwaite,1138.6124466830609,1081,1.0532955103451072,Dry forest
NEF_GloFung-its1_359_2021_1,thornthwaite,1252.5018626323306,2042,0.613370157998203,Moist forest
NEF_GloFung-its1_360_2021_1,thornthwaite,1334.7796263426242,2350,0.5679913303585635,Moist forest
NEF_GloFung-its1_361_2021_1,thornthwaite,1295.1709044035165,2207,0.5868468076137365,Moist forest
NEF_GloFung-its1_362_2021_1,thornthwaite,1158.8061859542754,1105,1.0486933809540955,Dry forest
NEF_GloFung-its1_363_2021_1,thornthwaite,1302.762744888647,1537,0.8476010051324964,Dry forest|Moist forest
NEF_GloFung-its1_364_2021_1,thornthwaite,1401.3342464142756,1562,0.8971410028260407,Dry forest|Moist forest
NEF_GloFung-its1_365_2021_1,thornthwaite,1382.55336686384,1666,0.8298639657045859,Dry forest|Moist forest
NEF_GloFung-its1_366_2021_1,thornthwaite,1374.475513199669,1680,0.8181401864283744,Dry forest|Moist forest
NEF_GloFung-its1_367_2021_1,thornthwaite,1413.8712754080552,1477,0.9572588188273902,Dry forest|Moist forest
NEF_GloFung-its1_368_2021_1,thornthwaite,1428.6386422564583,1432,0.9976526831399849,Dry forest|Moist forest
NEF_GloFung-its1_369_2021_1,thornthwaite,1418.048411288875,1362,1.0411515501386748,Dry forest
NEF_GloFung-its1_370_2021_1,thornthwaite,1420.1187575470224,1338,1.0613742582563694,Dry forest
NEF_GloFung-its1_371_2021_1,thornthwaite,1491.7243687209345,1472,1.0133997070115044,Dry forest
NEF_GloFung-its1_372_2021_1,thornthwaite,1460.814871954885,1512,0.9661474020865641,Dry forest|Moist forest
NEF_GloFung-its1_373_2021_1,thornthwaite,1454.3077727082848,1610,0.9032967532349595,Dry forest|Moist forest
NEF_GloFung-its1_374_2021_1,thornthwaite,1317.5815701649576,1524,0.8645548360662452,Dry forest|Moist forest
NEF_GloFung-its1_375_2021_1,thornthwaite,1238.6835067887985,968,1.2796317218892546,Very dry forest|Dry forest
NEF_GloFung-its1_376_2021_1,thornthwaite,1267.2670520364866,566,2.238987724446089,Very dry forest
NEF_GloFung-its1_377_2021_1,thornthwaite,1324.412465522804,434,3.0516416256285805,Thorn woodland
NEF_GloFung-its1_378_2021_1,thornthwaite,1380.7742187325061,488,2.8294553662551354,Thorn woodland
NEF_GloFung-its1_379_2021_1,thornthwaite,1357.0853648552816,503,2.6979828327142776,Very dry forest
NEF_GloFung-its1_380_2021_1,thornthwaite,1460.1692894871487,926,1.5768566841113918,Very dry forest|Dry forest
NEF_GloFung-its1_381_2021_1,thornthwaite,1774.2001934236619,803,2.2094647489709365,Very dry forest
NEF_GloFung-its1_382_2021_1,thornthwaite,1645.047475234487,864,1.9039901333732487,Very dry forest|Dry forest
NEF_GloFung-its1_383_2021_1,thornthwaite,1538.998673710188,1009,1.5252712326166384,Dry forest
NEF_GloFung-its1_384_2021_1,thornthwaite,1443.4971451449396,1062,1.3592251837522973,Dry forest
NEF_GloFung-its1_385_2021_1,thornthwaite,1158.2295915835855,1540,0.7520971373919386,Dry forest|Moist forest
NEF_GloFung-its1_386_2021_1,thornthwaite,1119.2602332439265,1731,0.6465974773217368,Dry forest|Moist forest
NEF_GloFung-its1_387_2021_1,thornthwaite,1213.4910098765088,1572,0.7719408459774229,Dry forest|Moist forest
NEF_GloFung-its1_388_2021_1,thornthwaite,1576.2075714642067,1483,1.0628506887823377,Dry forest
NEF_GloFung-its1_389_2021_1,thornthwaite,1556.224238529289,2096,0.7424733962448898,Moist forest
NEF_GloFung-its1_390_2021_1,thornthwaite,1088.6427057856156,1891,0.5756968301351748,Dry forest|Moist forest
NEF_GloFung-its1_391_2021_1,thornthwaite,1291.7059181771367,1925,0.6710160613907203,Dry forest|Moist forest
NEF_GloFung-its1_392_2021_1,thornthwaite,932.0551186638513,1948,0.4784677200533118,Moist forest|Wet forest
NEF_GloFung-its1_393_2021_1,thornthwaite,0,0,NA,
NEF_GloFung-its1_394_2021_1,thornthwaite,1665.199236436594,1117,1.490778188394444,Dry forest
NEF_GloFung-its1_395_2021_1,thornthwaite,1441.8659783063392,1237,1.1656151805225055,Dry forest
NEF_GloFung-its1_396_2021_1,thornthwaite,0,0,NA,
NEF_GloFung-its1_397_2021_1,thornthwaite,1040.7843828431514,2198,0.4735142779086221,Moist forest|Wet forest
NEF_GloFung-its1_398_2021_1,thornthwaite,1553.9845280205927,833,1.8655276446825844,Very dry forest|Dry forest
NEF_GloFung-its1_399_2021_1,thornthwaite,908.2751298106076,1911,0.47528787535876904,Moist forest|Wet forest
NEF_GloFung-its1_400_2021_1,thornthwaite,1059.743608894332,1801,0.5884195496359423,Dry forest|Moist forest
NEF_GloFung-its1_401_2021_1,thornthwaite,1183.7735790781949,2196,0.539059006866209,Moist forest
NEF_GloFung-its1_402_2021_1,thornthwaite,0,0,NA,
NEF_GloFung-its1_413_2021_1,thornthwaite,1658.156612207726,1137,1.4583611365063553,Dry forest
NEF_GloFung-its1_414_2021_1,thornthwaite,1595.6444562864215,1154,1.38270750111475,Dry forest
NEF_GloFung-its1_415_2021_1,thornthwaite,888.1102415872987,1783,0.4980988455340991,Moist forest|Wet forest
NEF_GloFung-its1_416_2021_1,thornthwaite,889.7596995768769,1789,0.4973503071978071,Moist forest|Wet forest
NEF_GloFung-its1_417_2021_1,thornthwaite,1442.1001723046315,1081,1.334042712585228,Dry forest
NEF_GloFung-its1_418_2021_1,thornthwaite,1553.9108190211825,987,1.5743777295047443,Very dry forest|Dry forest
NEF_GloFung-its1_419_2021_1,thornthwaite,1549.6572578441983,1203,1.288160646587031,Dry forest
NEF_GloFung-its1_420_2021_1,thornthwaite,1106.7736455507697,1492,0.7418053924603014,Dry forest|Moist forest
NEF_GloFung-its1_421_2021_1,thornthwaite,1272.99853963402,1360,0.9360283379661912,Dry forest|Moist forest
NEF_GloFung-its1_422_2021_1,thornthwaite,1585.0292266895112,1062,1.4924945637377696,Dry forest
NEF_GloFung-its1_423_2021_1,thornthwaite,1471.0753898515968,1203,1.2228390605582684,Dry forest
NEF_GloFung-its1_424_2021_1,thornthwaite,1478.748283170755,1330,1.1118408144141014,Dry forest
NEF_GloFung-its1_425_2021_1,thornthwaite,1446.1362227864265,1280,1.1297939240518957,Dry forest
NEF_GloFung-its1_426_2021_1,thornthwaite,0,0,NA,
NEF_GloFung-its1_427_2021_1,thornthwaite,1455.8172736435815,1276,1.140922628247321,Dry forest
NEF_GloFung-its1_428_2021_1,thornthwaite,1459.7111503005772,1296,1.1263203320220503,Dry forest
NEF_GloFung-its1_429_2021_1,thornthwaite,1146.445495400518,1553,0.7382134548618918,Dry forest|Moist forest
NEF_GloFung-its1_430_2021_1,thornthwaite,1297.347727557309,1526,0.8501623378488264,Dry forest|Moist forest
NEF_GloFung-its1_431_2021_1,thornthwaite,1264.1037205514474,1542,0.8197819199425729,Dry forest|Moist forest
NEF_GloFung-its1_432_2021_1,thornthwaite,1459.6176711625149,1356,1.076414211771766,Dry forest
NEF_GloFung-its1_438_2021_1,thornthwaite,1719.6681374304787,1095,1.5704731848680171,Dry forest
NEF_GloFung-its1_439_2021_1,thornthwaite,1675.6921968919464,992,1.689205843641075,Very dry forest|Dry forest
NEF_GloFung-its1_440_2021_1,thornthwaite,0,0,NA,
NEF_GloFung-its1_441_2021_1,thornthwaite,1902.9683159736906,1065,1.7868247098344512,Dry forest
NEF_GloFung-its1_442_2021_1,thornthwaite,0,0,NA,
NEF_GloFung-its1_443_2021_1,thornthwaite,0,0,NA,
NEF_GloFung-its1_444_2021_1,thornthwaite,2111.5541453528895,951,2.2203513620955726,Very dry forest
NEF_GloFung-its1_445_2021_1,thornthwaite,0,0,NA,
NEF_GloFung-its1_446_2021_1,thornthwaite,1622.2783285165956,2358,0.6879891130265461,Moist forest
NEF_GloFung-its1_447_2021_1,thornthwaite,1618.7631065180462,2372,0.6824465035910819,Moist forest
NEF_GloFung-its1_448_2021_1,thornthwaite,1623.913010378731,2360,0.6880987332113268,Moist forest
NEF_GloFung-its1_452_2021_1,thornthwaite,1659.534100371297,2348,0.7067862437697177,Moist forest
NEF_GloFung-its1_453_2021_1,thornthwaite,1659.533074436415,2350,0.7061842869942192,Moist forest
NEF_GloFung-its1_453_2021_2,thornthwaite,1659.533074436415,2350,0.7061842869942192,Moist forest
NEF_GloFung-its1_454_2021_1,thornthwaite,1664.9338520527554,2346,0.7096904740207823,Moist forest
NEF_GloFung-its1_453_2021_3,thornthwaite,1659.533074436415,2350,0.7061842869942192,Moist forest
NEF_GloFung-its1_453_2021_4,thornthwaite,1659.533074436415,2350,0.7061842869942192,Moist forest
NEF_GloFung-its1_455_2021_1,thornthwaite,1634.8034566665528,2341,0.6983355218567078,Moist forest
NEF_GloFung-its1_456_2021_1,thornthwaite,1633.145523329916,2351,0.6946599418672548,Moist forest
NEF_GloFung-its1_457_2021_1,thornthwaite,1626.4218261063845,2379,0.6836577663330746,Moist forest
NEF_GloFung-its1_458_2021_1,thornthwaite,1625.5841606962315,2607,0.6235458997684049,Moist forest
NEF_GloFung-its1_459_2021_1,thornthwaite,1622.229968863751,2606,0.6224980694028208,Moist forest
NEF_GloFung-its1_460_2021_1,thornthwaite,1639.2565094731463,2580,0.6353707401058707,Moist forest
NEF_GloFung-its1_461_2021_1,thornthwaite,1640.9128558900752,2568,0.6389847569665402,Moist forest
NEF_GloFung-its1_462_2021_1,thornthwaite,1644.4193828911748,2558,0.6428535507784108,Moist forest
NEF_GloFung-its1_463_2021_1,thornthwaite,1646.1653177097746,2546,0.6465692528318047,Moist forest
NEF_GloFung-its1_464_2021_1,thornthwaite,1570.2985320834646,2108,0.744923402316634,Moist forest
NEF_GloFung-its1_464_2021_2,thornthwaite,1570.2985320834646,2108,0.744923402316634,Moist forest
NEF_GloFung-its1_464_2021_3,thornthwaite,1570.2985320834646,2108,0.744923402316634,Moist forest
NEF_GloFung-its1_465_2021_1,thornthwaite,1571.8954903644817,2096,0.7499501385326726,Moist forest
NEF_GloFung-its1_466_2021_1,thornthwaite,1576.7038032871524,2119,0.7440791898476415,Moist forest
NEF_GloFung-its1_467_2021_1,thornthwaite,1586.3036446437143,2103,0.7543051091981523,Moist forest
NEF_GloFung-its1_468_2021_1,thornthwaite,1546.6636116754726,2195,0.7046303470047711,Moist forest
NEF_GloFung-its1_468_2021_2,thornthwaite,1546.6636116754726,2195,0.7046303470047711,Moist forest
NEF_GloFung-its1_468_2021_3,thornthwaite,1546.6636116754726,2195,0.7046303470047711,Moist forest
NEF_GloFung-its1_469_2021_1,thornthwaite,1541.7395549350745,2211,0.6973041858593734,Moist forest
NEF_GloFung-its1_469_2021_2,thornthwaite,1541.7395549350745,2211,0.6973041858593734,Moist forest
NEF_GloFung-its1_470_2021_1,thornthwaite,1551.4885597157802,2189,0.708765902108625,Moist forest
NEF_GloFung-its1_471_2021_1,thornthwaite,1647.2798219428832,2598,0.6340568983613869,Moist forest
NEF_GloFung-its1_472_2021_1,thornthwaite,1637.0406596500832,2600,0.6296310229423396,Moist forest
NEF_GloFung-its1_473_2021_1,thornthwaite,1638.5949645645708,2636,0.6216217619744199,Moist forest
NEF_GloFung-its1_474_2021_1,thornthwaite,1610.0701355797946,2579,0.6243001688948409,Moist forest
NEF_GloFung-its1_475_2021_1,thornthwaite,1611.7078012327215,2585,0.6234846426432191,Moist forest
NEF_GloFung-its1_476_2021_1,thornthwaite,1620.0594709874567,2573,0.6296383486154127,Moist forest
NEF_GloFung-its1_477_2021_1,thornthwaite,1640.2940961422587,2662,0.6161886161315773,Moist forest
NEF_GloFung-its1_477_2021_2,thornthwaite,1640.2940961422587,2662,0.6161886161315773,Moist forest
NEF_GloFung-its1_478_2021_1,thornthwaite,1638.592814377497,2651,0.6181036644200291,Moist forest
NEF_GloFung-its1_479_2021_1,thornthwaite,666.8151686245949,2842,0.23462884188057526,Wet forest
NEF_GloFung-its1_480_2021_1,thornthwaite,708.9574410071315,2403,0.29503014607038347,Moist forest|Wet forest
NEF_GloFung-its1_481_2021_1,thornthwaite,1559.5936162743283,2356,0.661966730167372,Moist forest
NEF_GloFung-its1_482_2021_1,thornthwaite,2002.2841415407943,771,2.5969962925302132,Very dry forest
NEF_GloFung-its1_483_2021_1,thornthwaite,1628.2952396104026,2937,0.5544076403167867,Moist forest
NEF_GloFung-its1_484_2021_1,thornthwaite,1641.6738029072283,2933,0.5597251288466513,Moist forest
NEF_GloFung-its1_485_2021_1,thornthwaite,1640.4570018612671,3013,0.5444596753605268,Moist forest
NEF_GloFung-its1_486_2021_1,thornthwaite,1636.6822702888958,2955,0.5538687885918429,Moist forest
NEF_GloFung-its1_487_2021_1,thornthwaite,1631.7200955387705,2958,0.551629511676393,Moist forest
NEF_GloFung-its1_486_2021_2,thornthwaite,1636.6822702888958,2955,0.5538687885918429,Moist forest
NEF_GloFung-its1_488_2021_1,thornthwaite,672.6058268562961,1115,0.6032339254316557,Dry forest|Moist forest
NEF_GloFung-its1_489_2021_1,thornthwaite,568.4285747436883,906,0.6274046078848656,Dry forest|Moist forest
NEF_GloFung-its1_490_2021_1,thornthwaite,603.3660431393375,1811,0.33316733469869547,Moist forest|Wet forest
NEF_GloFung-its1_491_2021_1,thornthwaite,596.5858078069662,1714,0.34806639895388924,Moist forest|Wet forest
NEF_GloFung-its1_492_2021_1,thornthwaite,714.9935837672526,2216,0.3226505341909985,Moist forest|Wet forest
NEF_GloFung-its1_493_2021_1,thornthwaite,767.4932733941733,2523,0.3041986814879799,Moist forest|Wet forest
NEF_GloFung-its1_494_2021_1,thornthwaite,528.1880588572735,1274,0.414590313074783,Moist forest|Wet forest
NEF_GloFung-its1_495_2021_1,thornthwaite,616.2054246989784,1909,0.32278964101570373,Moist forest|Wet forest
NEF_GloFung-its1_495_2021_2,thornthwaite,616.2054246989784,1909,0.32278964101570373,Moist forest|Wet forest
NEF_GloFung-its1_496_2021_1,thornthwaite,654.4214597382041,1096,0.5970998720239089,Dry forest|Moist forest
NEF_GloFung-its1_497_2021_1,thornthwaite,1515.9507218033186,2729,0.5554967833650856,Moist forest
NEF_GloFung-its1_498_2021_1,thornthwaite,1482.4016877504391,2737,0.5416155234747677,Moist forest
NEF_GloFung-its1_498_2021_2,thornthwaite,1482.4016877504391,2737,0.5416155234747677,Moist forest
NEF_GloFung-its1_499_2021_1,thornthwaite,1535.4231668852074,2764,0.5555076580626654,Moist forest
NEF_GloFung-its1_500_2021_1,thornthwaite,1554.0964531342356,2752,0.5647152809354054,Moist forest
NEF_GloFung-its1_501_2021_1,thornthwaite,1561.6799890230627,2763,0.565211722411532,Moist forest
NEF_GloFung-its1_499_2021_2,thornthwaite,1535.4231668852074,2764,0.5555076580626654,Moist forest
NEF_GloFung-its1_502_2021_1,thornthwaite,681.0339377899654,2585,0.2634560687775495,Moist forest|Wet forest
NEF_GloFung-its1_503_2021_1,thornthwaite,674.7702290845494,2440,0.27654517585432353,Moist forest|Wet forest
NEF_GloFung-its1_504_2021_1,thornthwaite,662.775177026564,2610,0.25393684943546513,Moist forest|Wet forest
NEF_GloFung-its1_505_2021_1,thornthwaite,691.1516157983964,2046,0.33780626383108325,Moist forest|Wet forest
NEF_GloFung-its1_506_2021_1,thornthwaite,612.6882867756592,1872,0.32729075148272396,Moist forest|Wet forest
NEF_GloFung-its1_507_2021_1,thornthwaite,533.3379664347007,1248,0.42735413977139475,Moist forest|Wet forest
NEF_GloFung-its1_485_2021_2,thornthwaite,1640.4570018612671,3013,0.5444596753605268,Moist forest
NEF_GloFung-its1_486_2021_3,thornthwaite,1636.6822702888958,2955,0.5538687885918429,Moist forest
NEF_GloFung-its1_484_2021_2,thornthwaite,1641.6738029072283,2933,0.5597251288466513,Moist forest
NEF_GloFung-its1_486_2021_4,thornthwaite,1636.6822702888958,2955,0.5538687885918429,Moist forest
NEF_GloFung-its1_487_2021_2,thornthwaite,1631.7200955387705,2958,0.551629511676393,Moist forest
NEF_GloFung-its1_487_2021_3,thornthwaite,1631.7200955387705,2958,0.551629511676393,Moist forest
NEF_GloFung-its1_487_2021_4,thornthwaite,1631.7200955387705,2958,0.551629511676393,Moist forest
NEF_GloFung-its1_487_2021_5,thornthwaite,1631.7200955387705,2958,0.551629511676393,Moist forest
NEF_GloFung-its1_508_2021_1,thornthwaite,1569.11013577526,2835,0.5534780020371287,Moist forest
NEF_GloFung-its1_499_2021_3,thornthwaite,1535.4231668852074,2764,0.5555076580626654,Moist forest
NEF_GloFung-its1_499_2021_4,thornthwaite,1535.4231668852074,2764,0.5555076580626654,Moist forest
NEF_GloFung-its1_509_2021_1,thornthwaite,1534.0807215293858,2755,0.5568351076331709,Moist forest
NEF_GloFung-its1_510_2021_1,thornthwaite,1529.5143111066934,2725,0.5612896554519976,Moist forest
NEF_GloFung-its1_511_2021_1,thornthwaite,1465.4092989399855,2761,0.5307530963201686,Moist forest
NEF_GloFung-its1_512_2021_1,thornthwaite,1495.427583887396,2747,0.5443857240216221,Moist forest
NEF_GloFung-its1_483_2021_2,thornthwaite,1628.2952396104026,2937,0.5544076403167867,Moist forest
NEF_GloFung-its1_486_2021_5,thornthwaite,1636.6822702888958,2955,0.5538687885918429,Moist forest
NEF_GloFung-its1_486_2021_6,thornthwaite,1636.6822702888958,2955,0.5538687885918429,Moist forest
NEF_GloFung-its1_501_2021_2,thornthwaite,1561.6799890230627,2763,0.565211722411532,Moist forest
NEF_GloFung-its1_500_2021_2,thornthwaite,1554.0964531342356,2752,0.5647152809354054,Moist forest
NEF_GloFung-its1_498_2021_3,thornthwaite,1482.4016877504391,2737,0.5416155234747677,Moist forest
NEF_GloFung-its1_498_2021_4,thornthwaite,1482.4016877504391,2737,0.5416155234747677,Moist forest
NEF_GloFung-its1_447_2020_1,thornthwaite,1618.7631850670523,2372,0.6824465367061772,Moist forest
NEF_GloFung-its1_526_2020_1,thornthwaite,1638.5908183403444,2672,0.6132450667441409,Moist forest
NEF_GloFung-its1_527_2020_1,thornthwaite,1633.145469812468,2351,0.6946599191035594,Moist forest
NEF_GloFung-its1_528_2020_1,thornthwaite,1546.6636101289364,2195,0.7046303463001988,Moist forest
NEF_GloFung-its1_529_2020_1,thornthwaite,1640.2953722414784,2647,0.6196809113114765,Moist forest
NEF_GloFung-its1_530_2020_1,thornthwaite,1620.0583982146254,2573,0.6296379316807716,Moist forest
NEF_GloFung-its1_531_2020_1,thornthwaite,1633.9147773369152,2590,0.6308551263849094,Moist forest
NEF_GloFung-its1_532_2020_1,thornthwaite,1610.0693374591156,2579,0.6242998594257912,Moist forest
NEF_GloFung-its1_533_2020_1,thornthwaite,1560.393180376523,2190,0.7125083015417913,Moist forest
NEF_GloFung-its1_534_2020_1,thornthwaite,1548.2956856473506,2217,0.6983742380006093,Moist forest
NEF_GloFung-its1_535_2020_1,thornthwaite,1586.3036331541723,2103,0.7543051037347467,Moist forest
NEF_GloFung-its1_531_2020_2,thornthwaite,1633.9147773369152,2590,0.6308551263849094,Moist forest
NEF_GloFung-its1_536_2020_1,thornthwaite,1582.7837319410196,2098,0.75442503905673,Moist forest
NEF_GloFung-its1_537_2020_1,thornthwaite,1638.5940758117401,2636,0.6216214248147724,Moist forest
NEF_GloFung-its1_538_2020_1,thornthwaite,1661.260917038536,2351,0.7066188502928694,Moist forest
NEF_GloFung-its1_539_2020_1,thornthwaite,1639.2564280370323,2580,0.6353707085414854,Moist forest
NEF_GloFung-its1_540_2020_1,thornthwaite,1615.4617246632017,2483,0.6506088299086595,Moist forest
NEF_GloFung-its1_538_2020_2,thornthwaite,1661.260917038536,2351,0.7066188502928694,Moist forest
NEF_GloFung-its1_541_2020_1,thornthwaite,1557.371966018051,2192,0.7104799115045852,Moist forest
NEF_GloFung-its1_542_2020_1,thornthwaite,1633.1461053338853,2381,0.6859076460873101,Moist forest
NEF_GloFung-its1_543_2020_1,thornthwaite,1642.669743102776,2571,0.6389224982896834,Moist forest
NEF_GloFung-its1_536_2020_2,thornthwaite,1582.783749410277,2098,0.7544250473833541,Moist forest
NEF_GloFung-its1_536_2020_3,thornthwaite,1582.7837401296329,2098,0.7544250429597869,Moist forest
NEF_GloFung-its1_533_2020_2,thornthwaite,1560.393180376523,2190,0.7125083015417913,Moist forest
NEF_GloFung-its1_544_2020_1,thornthwaite,1643.7379570564353,2617,0.6281000982256153,Moist forest
NEF_GloFung-its1_545_2020_1,thornthwaite,1548.2956529954865,2217,0.6983742232726597,Moist forest
NEF_GloFung-its1_546_2020_1,thornthwaite,1639.0632627629334,2600,0.6304089472165129,Moist forest
NEF_GloFung-its1_547_2020_1,thornthwaite,1661.2610243175188,2351,0.7066188959240829,Moist forest
NEF_GloFung-its1_546_2020_2,thornthwaite,1639.0632627629334,2600,0.6304089472165129,Moist forest
NEF_GloFung-its1_534_2020_2,thornthwaite,1548.2956856473506,2217,0.6983742380006093,Moist forest
NEF_GloFung-its1_532_2020_2,thornthwaite,1610.0693374591156,2579,0.6242998594257912,Moist forest
NEF_GloFung-its1_548_2020_1,thornthwaite,1664.9341652645378,2346,0.709690607529641,Moist forest
NEF_GloFung-its1_549_2020_1,thornthwaite,1644.419795562218,2558,0.6428537121040727,Moist forest
NEF_GloFung-its1_528_2020_2,thornthwaite,1546.6636101289364,2195,0.7046303463001988,Moist forest
NEF_GloFung-its1_550_2020_1,thornthwaite,1659.5331103438452,2350,0.7061843022739767,Moist forest
NEF_GloFung-its1_547_2020_2,thornthwaite,1661.2610243175188,2351,0.7066188959240829,Moist forest
NEF_GloFung-its1_543_2020_2,thornthwaite,1642.669743102776,2571,0.6389224982896834,Moist forest
NEF_GloFung-its1_536_2020_4,thornthwaite,1582.7837319410196,2098,0.75442503905673,Moist forest
NEF_GloFung-its1_455_2020_1,thornthwaite,1634.803448123858,2341,0.6983355182075429,Moist forest
NEF_GloFung-its1_537_2020_2,thornthwaite,1638.5940758117401,2636,0.6216214248147724,Moist forest
NEF_GloFung-its1_551_2020_1,thornthwaite,1661.2610710359945,2351,0.70661891579582925,Moist forest
NEF_GloFung-its1_536_2020_5,thornthwaite,1582.783749410277,2098,0.7544250473833541,Moist forest
NEF_GloFung-its1_455_2020_2,thornthwaite,1634.803448123858,2341,0.6983355182075429,Moist forest
NEF_GloFung-its1_447_2020_2,thornthwaite,1618.7631850670523,2372,0.6824465367061772,Moist forest
NEF_GloFung-its1_552_2020_1,thornthwaite,1623.9128080010562,2360,0.6880986474580747,Moist forest
NEF_GloFung-its1_553_2020_1,thornthwaite,1659.5336899952795,2350,0.7061845489341615,Moist forest
NEF_GloFung-its1_536_2020_6,thornthwaite,1582.7837401296329,2098,0.7544250429597869,Moist forest
NEF_GloFung-its1_554_2020_1,thornthwaite,1647.2804547310398,2598,0.6340571419288067,Moist forest
NEF_GloFung-its1_541_2020_2,thornthwaite,1557.371966018051,2192,0.7104799115045852,Moist forest
NEF_GloFung-its1_555_2020_1,thornthwaite,1546.6636108703137,2195,0.7046303466379561,Moist forest
NEF_GloFung-its1_544_2020_2,thornthwaite,1643.7379570564353,2617,0.6281000982256153,Moist forest
NEF_GloFung-its1_539_2020_2,thornthwaite,1639.2564280370323,2580,0.6353707085414854,Moist forest
NEF_GloFung-its1_556_2020_1,thornthwaite,1638.5913845368796,2672,0.6132452786440418,Moist forest
NEF_GloFung-its1_557_2020_1,thornthwaite,1620.0583982146254,2575,0.6291488925105342,Moist forest
NEF_GloFung-its1_557_2020_2,thornthwaite,1620.0583982146254,2575,0.6291488925105342,Moist forest
NEF_GloFung-its1_540_2020_2,thornthwaite,1615.4617246632017,2483,0.6506088299086595,Moist forest
NEF_GloFung-its1_558_2020_1,thornthwaite,1571.8953865768763,2096,0.7499500890156853,Moist forest
NEF_GloFung-its1_554_2020_2,thornthwaite,1647.2804547310398,2598,0.6340571419288067,Moist forest
NEF_GloFung-its1_542_2020_2,thornthwaite,1633.1461053338853,2381,0.6859076460873101,Moist forest
NEF_GloFung-its1_549_2020_2,thornthwaite,1644.419795562218,2558,0.6428537121040727,Moist forest
NEF_GloFung-its1_550_2020_2,thornthwaite,1659.5331103438452,2350,0.7061843022739767,Moist forest
NEF_GloFung-its1_551_2020_2,thornthwaite,1661.2610710359945,2351,0.70661891579582925,Moist forest
NEF_GloFung-its1_526_2020_2,thornthwaite,1638.5908183403444,2672,0.6132450667441409,Moist forest
NEF_GloFung-its1_555_2020_2,thornthwaite,1546.6636108703137,2195,0.7046303466379561,Moist forest
NEF_GloFung-its1_548_2020_2,thornthwaite,1664.9341652645378,2346,0.709690607529641,Moist forest
NEF_GloFung-its1_535_2020_2,thornthwaite,1586.3036331541723,2103,0.7543051037347467,Moist forest
NEF_GloFung-its1_545_2020_2,thornthwaite,1548.2956529954865,2217,0.6983742232726597,Moist forest
NEF_GloFung-its1_527_2020_2,thornthwaite,1633.145469812468,2351,0.6946599191035594,Moist forest
NEF_GloFung-its1_529_2020_2,thornthwaite,1640.2953722414784,2647,0.6196809113114765,Moist forest
NEF_GloFung-its1_530_2020_2,thornthwaite,1620.0583982146254,2573,0.6296379316807716,Moist forest
NEF_GloFung-its1_552_2020_2,thornthwaite,1623.9128080010562,2360,0.6880986474580747,Moist forest
NEF_GloFung-its1_559_2020_1,thornthwaite,1586.3039044082973,2083,0.7615477217514629,Moist forest
NEF_GloFung-its1_559_2020_2,thornthwaite,1586.3039044082973,2083,0.7615477217514629,Moist forest
NEF_GloFung-its1_558_2020_2,thornthwaite,1571.8953865768763,2096,0.7499500890156853,Moist forest
NEF_GloFung-its1_556_2020_2,thornthwaite,1638.5913845368796,2672,0.6132452786440418,Moist forest
NEF_GloFung-its1_560_2020_1,thornthwaite,1622.2784724857122,2358,0.6879891740821511,Moist forest
NEF_long_P1_2025_1,thornthwaite,1472.590758089378,3079,0.4782691646928801,Moist forest|Wet forest
NEF_long_P2_2025_1,thornthwaite,1472.590758089378,3079,0.4782691646928801,Moist forest|Wet forest
NEF_long_P3_2025_1,thornthwaite,1472.5908203208312,3079,0.47826918490445963,Moist forest|Wet forest
NEF_long_P4_2025_1,thornthwaite,1472.5911314805412,3072,0.479359092278822,Moist forest|Wet forest
NEF_long_P5_2025_1,thornthwaite,1472.5913181783235,3072,0.47935915305283966,Moist forest|Wet forest
NEF_long_P6_2025_1,thornthwaite,1472.5913804112442,3072,0.4793591733109519,Moist forest|Wet forest
NEF_long_P7_2025_1,thornthwaite,1465.5024548418687,3172,0.4620121232162259,Moist forest|Wet forest
NEF_long_P9_2025_1,thornthwaite,1393.5689731569191,3091,0.4508472899245937,Moist forest|Wet forest
NEF_long_P10_2025_1,thornthwaite,1393.5690975398165,3091,0.4508473301649358,Moist forest|Wet forest
NEF_long_P11_2025_1,thornthwaite,1393.5689731569191,3091,0.4508472899245937,Moist forest|Wet forest
NEF_long_P12_2025_1,thornthwaite,1393.569221923372,3091,0.4508473704054908,Moist forest|Wet forest
NEF_spun_Riz2_2025_1,thornthwaite,1488.4886469610099,3308,0.4499663382590719,Moist forest|Wet forest
NEF_spun_Riz1_2025_1,thornthwaite,1491.2316239755903,3287,0.4536755777230272,Moist forest|Wet forest
NEF_spun_Riz3_2025_1,thornthwaite,1472.6898408236227,3311,0.4447870253167088,Moist forest|Wet forest
NEF_spun_Riz4_2025_1,thornthwaite,1489.8391031317299,3301,0.4513296283343623,Moist forest|Wet forest
NEF_spun_Riz5_2025_1,thornthwaite,1899.6262258370716,2762,0.6877719861828645,Moist forest
NEF_spun_Riz6_2025_1,thornthwaite,1956.0714936217694,2525,0.7746817796521859,Moist forest
NEF_spun_Riz7_2025_1,thornthwaite,1899.6262258370716,2822,0.6731489106438949,Moist forest
NEF_spun_Riz8_2025_1,thornthwaite,1830.417987354264,2531,0.7231995208827593,Moist forest
NEF_spun_Riz9_2025_1,thornthwaite,1603.0334742296807,2745,0.5839830507211952,Moist forest
NEF_spun_Riz10_2025_1,thornthwaite,1603.0334742296807,2745,0.5839830507211952,Moist forest
NEF_spun_Riz11_2025_1,thornthwaite,1645.422986785547,3063,0.5371932702531985,Moist forest
NEF_spun_Riz12_2025_1,thornthwaite,1645.422986785547,3063,0.5371932702531985,Moist forest
NEF_spun_Riz13_2025_1,thornthwaite,1647.2493792942803,3025,0.5445452493534811,Moist forest
NEF_spun_Riz14_2025_1,thornthwaite,1647.2493792942803,3025,0.5445452493534811,Moist forest
NEF_spun_Riz15_2025_1,thornthwaite,1647.2493792942803,3025,0.5445452493534811,Moist forest
NEF_spun_Riz16_2025_1,thornthwaite,1358.154989965159,3589,0.3784215630997936,Moist forest|Wet forest
NEF_spun_Riz17_2025_1,thornthwaite,1092.614492883997,4606,0.2372154782640028,Wet forest
NEF_spun_Riz18_2025_1,thornthwaite,1152.8899542479526,4665,0.2471361102353596,Wet forest
NEF_spun_Riz19_2025_1,thornthwaite,1325.4078735163735,4081,0.3247752691782341,Wet forest
NEF_spun_Riz20_2025_1,thornthwaite,1209.118561800267,3660,0.3303602627869582,Moist forest|Wet forest
NEF_dryf_TAM_2025_1,thornthwaite,1307.8780559697846,1563,0.8367741880804763,Dry forest|Moist forest
NEF_dryf_TAM_2025_2,thornthwaite,1307.8780559697846,1563,0.8367741880804763,Dry forest|Moist forest
NEF_dryf_TAM_2025_3,thornthwaite,1307.8780559697846,1563,0.8367741880804763,Dry forest|Moist forest
NEF_dryf_TAM_2025_4,thornthwaite,1307.8780559697846,1563,0.8367741880804763,Dry forest|Moist forest
NEF_dryf_TAM_2025_5,thornthwaite,1307.8780559697846,1563,0.8367741880804763,Dry forest|Moist forest
NEF_dryf_VINC_2025_1,thornthwaite,1133.8349959232917,1481,0.7655874381656257,Dry forest|Moist forest
NEF_dryf_VINC_2025_2,thornthwaite,1133.8349959232917,1481,0.7655874381656257,Dry forest|Moist forest
NEF_dryf_VINC_2025_3,thornthwaite,1133.8349959232917,1481,0.7655874381656257,Dry forest|Moist forest
NEF_dryf_VINC_2025_4,thornthwaite,1133.8349959232917,1481,0.7655874381656257,Dry forest|Moist forest
NEF_dryf_VINC_2025_5,thornthwaite,1133.8349959232917,1481,0.7655874381656257,Dry forest|Moist forest
NEF_dryf_VINC_2025_6,thornthwaite,1133.8349959232917,1481,0.7655874381656257,Dry forest|Moist forest
NEF_dryf_VINC_2025_7,thornthwaite,1133.8349959232917,1481,0.7655874381656257,Dry forest|Moist forest
NEF_dryf_VINC_2025_8,thornthwaite,1133.8349959232917,1481,0.7655874381656257,Dry forest|Moist forest
NEF_dryf_VINC_2025_9,thornthwaite,1133.8349959232917,1481,0.7655874381656257,Dry forest|Moist forest
NEF_dryf_VINC_2025_10,thornthwaite,1133.8349959232917,1481,0.7655874381656257,Dry forest|Moist forest
NEF_dryf_VINC_2025_11,thornthwaite,1133.8349959232917,1481,0.7655874381656257,Dry forest|Moist forest
NEF_dryf_VINC_2025_12,thornthwaite,1133.8349959232917,1481,0.7655874381656257,Dry forest|Moist forest
NEF_dryf_VINC_2025_13,thornthwaite,1133.8349959232917,1481,0.7655874381656257,Dry forest|Moist forest
NEF_dryf_MATGUA_2025_1,thornthwaite,1050.1385048706397,1533,0.685021855753842,Dry forest|Moist forest
NEF_dryf_MATGUA_2025_2,thornthwaite,1050.1385048706397,1533,0.685021855753842,Dry forest|Moist forest
NEF_dryf_MATGUA_2025_3,thornthwaite,1050.1385048706397,1533,0.685021855753842,Dry forest|Moist forest
NEF_dryf_MATGUA_2025_4,thornthwaite,1050.1385048706397,1533,0.685021855753842,Dry forest|Moist forest
NEF_dryf_MATGUA_2025_5,thornthwaite,1050.1385048706397,1533,0.685021855753842,Dry forest|Moist forest
NEF_dryf_MATGUA_2025_6,thornthwaite,1050.1385048706397,1533,0.685021855753842,Dry forest|Moist forest
NEF_dryf_MATGUA_2025_7,thornthwaite,1050.1385048706397,1533,0.685021855753842,Dry forest|Moist forest
NEF_dryf_MATGUA_2025_8,thornthwaite,1050.1385048706397,1533,0.685021855753842,Dry forest|Moist forest
NEF_dryf_MATGUA_2025_9,thornthwaite,1050.1385048706397,1533,0.685021855753842,Dry forest|Moist forest
NEF_dryf_MATGUA_2025_10,thornthwaite,1050.1385048706397,1533,0.685021855753842,Dry forest|Moist forest
NEF_dryf_MATGUA_2025_11,thornthwaite,1050.1385048706397,1533,0.685021855753842,Dry forest|Moist forest
NEF_dryf_MATGUA_2025_12,thornthwaite,1050.1385048706397,1533,0.685021855753842,Dry forest|Moist forest
NEF_dryf_MATGUA_2025_13,thornthwaite,1050.1385048706397,1533,0.685021855753842,Dry forest|Moist forest
NEF_dryf_MATGUA_2025_14,thornthwaite,1050.1385048706397,1533,0.685021855753842,Dry forest|Moist forest
NEF_dryf_MATGUA_2025_15,thornthwaite,1050.1385048706397,1533,0.685021855753842,Dry forest|Moist forest
NEF_dryf_TAME_2025_1,thornthwaite,1378.4955946165533,2130,0.64718103033641,Moist forest
NEF_dryf_TAME_2025_2,thornthwaite,1378.4955946165533,2130,0.64718103033641,Moist forest
NEF_dryf_TAME_2025_3,thornthwaite,1378.4955946165533,2130,0.64718103033641,Moist forest
NEF_dryf_TAME_2025_4,thornthwaite,1378.4955946165533,2130,0.64718103033641,Moist forest
NEF_dryf_TAME_2025_5,thornthwaite,1378.4955946165533,2130,0.64718103033641,Moist forest
NEF_dryf_TAME_2025_6,thornthwaite,1378.4955946165533,2130,0.64718103033641,Moist forest
NEF_dryf_TAME_2025_7,thornthwaite,1378.4955946165533,2130,0.64718103033641,Moist forest
NEF_dryf_TAME_2025_8,thornthwaite,1378.4955946165533,2130,0.64718103033641,Moist forest
NEF_dryf_TAME_2025_9,thornthwaite,1378.4955946165533,2130,0.64718103033641,Moist forest
NEF_dryf_TAME_2025_10,thornthwaite,1378.4955946165533,2130,0.64718103033641,Moist forest
NEF_dryf_COTO_2025_1,thornthwaite,1492.9555604687164,1364,1.0945421997571234,Dry forest
NEF_dryf_COTO_2025_2,thornthwaite,1492.9555604687164,1364,1.0945421997571234,Dry forest
NEF_dryf_COTO_2025_3,thornthwaite,1492.9555604687164,1364,1.0945421997571234,Dry forest
NEF_dryf_COTO_2025_4,thornthwaite,1492.9555604687164,1364,1.0945421997571234,Dry forest
NEF_dryf_COTO_2025_5,thornthwaite,1492.9555604687164,1364,1.0945421997571234,Dry forest
NEF_dryf_COTO_2025_6,thornthwaite,1492.9555604687164,1364,1.0945421997571234,Dry forest
NEF_dryf_COTO_2025_7,thornthwaite,1492.9555604687164,1364,1.0945421997571234,Dry forest
NEF_dryf_COTO_2025_8,thornthwaite,1492.9555604687164,1364,1.0945421997571234,Dry forest
NEF_dryf_COTO_2025_9,thornthwaite,1492.9555604687164,1364,1.0945421997571234,Dry forest
NEF_dryf_COTO_2025_10,thornthwaite,1492.9555604687164,1364,1.0945421997571234,Dry forest
NEF_dryf_COTO_2025_11,thornthwaite,1492.9555604687164,1364,1.0945421997571234,Dry forest
NEF_dryf_COTO_2025_12,thornthwaite,1492.9555604687164,1364,1.0945421997571234,Dry forest
NEF_dryf_COTO_2025_13,thornthwaite,1492.9555604687164,1364,1.0945421997571234,Dry forest
NEF_dryf_JABI_2025_1,thornthwaite,1755.3766229018422,2262,0.776028568922123,Moist forest
NEF_dryf_JABI_2025_2,thornthwaite,1755.3766229018422,2262,0.776028568922123,Moist forest
NEF_dryf_JABI_2025_3,thornthwaite,1755.3766229018422,2262,0.776028568922123,Moist forest
NEF_dryf_JABI_2025_4,thornthwaite,1755.3766229018422,2262,0.776028568922123,Moist forest
NEF_dryf_JABI_2025_5,thornthwaite,1755.3766229018422,2262,0.776028568922123,Moist forest
NEF_dryf_JABI_2025_6,thornthwaite,1755.3766229018422,2262,0.776028568922123,Moist forest
NEF_dryf_JABI_2025_7,thornthwaite,1755.3766229018422,2262,0.776028568922123,Moist forest
NEF_dryf_JABI_2025_8,thornthwaite,1755.3766229018422,2262,0.776028568922123,Moist forest
NEF_dryf_JABI_2025_9,thornthwaite,1755.3766229018422,2262,0.776028568922123,Moist forest
NEF_dryf_JABI_2025_10,thornthwaite,1755.3766229018422,2262,0.776028568922123,Moist forest
NEF_dryf_JABI_2025_11,thornthwaite,1755.3766229018422,2262,0.776028568922123,Moist forest
NEF_dryf_JABI_2025_12,thornthwaite,1755.3766229018422,2262,0.776028568922123,Moist forest
NEF_dryf_JABI_2025_13,thornthwaite,1755.3766229018422,2262,0.776028568922123,Moist forest
NEF_dryf_JABI_2025_14,thornthwaite,1755.3766229018422,2262,0.776028568922123,Moist forest
NEF_dryf_JABI_2025_15,thornthwaite,1755.3766229018422,2262,0.776028568922123,Moist forest
NEF_dryf_TAMBO_2025_1,thornthwaite,1516.2310200275188,2161,0.701633975024303,Moist forest
NEF_dryf_TAMBO_2025_2,thornthwaite,1516.2310200275188,2161,0.701633975024303,Moist forest
NEF_dryf_TAMBO_2025_3,thornthwaite,1516.2310200275188,2161,0.701633975024303,Moist forest
NEF_dryf_TAMBO_2025_4,thornthwaite,1516.2310200275188,2161,0.701633975024303,Moist forest
NEF_dryf_TAMBO_2025_5,thornthwaite,1516.2310200275188,2161,0.701633975024303,Moist forest
NEF_dryf_TAMBO_2025_6,thornthwaite,1516.2310200275188,2161,0.701633975024303,Moist forest
NEF_dryf_TAMBO_2025_7,thornthwaite,1516.2310200275188,2161,0.701633975024303,Moist forest
NEF_dryf_TAMBO_2025_8,thornthwaite,1516.2310200275188,2161,0.701633975024303,Moist forest
NEF_dryf_CARDL_2025_1,thornthwaite,1742.1243126689078,1959,0.8892926557779008,Dry forest|Moist forest
NEF_dryf_CARDL_2025_2,thornthwaite,1742.1243126689078,1959,0.8892926557779008,Dry forest|Moist forest
NEF_dryf_CARDL_2025_3,thornthwaite,1742.1243126689078,1959,0.8892926557779008,Dry forest|Moist forest
NEF_dryf_CARDL_2025_4,thornthwaite,1742.1243126689078,1959,0.8892926557779008,Dry forest|Moist forest
NEF_dryf_CARDL_2025_5,thornthwaite,1742.1243126689078,1959,0.8892926557779008,Dry forest|Moist forest
NEF_dryf_CARDL_2025_6,thornthwaite,1742.1243126689078,1959,0.8892926557779008,Dry forest|Moist forest
NEF_dryf_CARDL_2025_7,thornthwaite,1742.1243126689078,1959,0.8892926557779008,Dry forest|Moist forest
NEF_dryf_CARDL_2025_8,thornthwaite,1742.1243126689078,1959,0.8892926557779008,Dry forest|Moist forest
NEF_dryf_CARDL_2025_9,thornthwaite,1742.1243126689078,1959,0.8892926557779008,Dry forest|Moist forest
NEF_dryf_CARDL_2025_10,thornthwaite,1742.1243126689078,1959,0.8892926557779008,Dry forest|Moist forest
NEF_dryf_CARDL_2025_11,thornthwaite,1742.1243126689078,1959,0.8892926557779008,Dry forest|Moist forest
NEF_dryf_CARDL_2025_12,thornthwaite,1742.1243126689078,1959,0.8892926557779008,Dry forest|Moist forest
NEF_dryf_CARDP_2025_1,thornthwaite,1702.9773212676605,2327,0.7318338295090935,Moist forest
NEF_dryf_CARDP_2025_2,thornthwaite,1702.9773212676605,2327,0.7318338295090935,Moist forest
NEF_dryf_CARDP_2025_3,thornthwaite,1702.9773212676605,2327,0.7318338295090935,Moist forest
NEF_dryf_CARDP_2025_4,thornthwaite,1702.9773212676605,2327,0.7318338295090935,Moist forest
NEF_dryf_CARDP_2025_5,thornthwaite,1702.9773212676605,2327,0.7318338295090935,Moist forest
NEF_dryf_CARDP_2025_6,thornthwaite,1702.9773212676605,2327,0.7318338295090935,Moist forest
NEF_dryf_CARDP_2025_7,thornthwaite,1702.9773212676605,2327,0.7318338295090935,Moist forest
NEF_dryf_CARDP_2025_8,thornthwaite,1702.9773212676605,2327,0.7318338295090935,Moist forest
NEF_dryf_MATIT_2025_1,thornthwaite,2069.1913990836138,1029,2.010875995222171,
NEF_dryf_MATIT_2025_2,thornthwaite,2069.1913990836138,1029,2.010875995222171,
NEF_dryf_MATIT_2025_3,thornthwaite,2069.1913990836138,1029,2.010875995222171,
NEF_dryf_MATIT_2025_4,thornthwaite,2069.1913990836138,1029,2.010875995222171,
NEF_dryf_MATIT_2025_5,thornthwaite,2069.1913990836138,1029,2.010875995222171,
NEF_dryf_MATIT_2025_6,thornthwaite,2069.1913990836138,1029,2.010875995222171,
NEF_dryf_MATIT_2025_7,thornthwaite,2069.1913990836138,1029,2.010875995222171,
NEF_dryf_MATIT_2025_8,thornthwaite,2069.1913990836138,1029,2.010875995222171,
NEF_dryf_MATIT_2025_9,thornthwaite,2069.1913990836138,1029,2.010875995222171,
NEF_dryf_MATIT_2025_10,thornthwaite,2069.1913990836138,1029,2.010875995222171,
NEF_dryf_MACUI_2025_1,thornthwaite,1945.84689589335,593,3.2813607013378583,Very dry forest
NEF_dryf_MACUI_2025_2,thornthwaite,1945.84689589335,593,3.2813607013378583,Very dry forest
NEF_dryf_MACUI_2025_3,thornthwaite,1945.84689589335,593,3.2813607013378583,Very dry forest
NEF_dryf_MACUI_2025_4,thornthwaite,1945.84689589335,593,3.2813607013378583,Very dry forest
NEF_dryf_MACUI_2025_5,thornthwaite,1945.84689589335,593,3.2813607013378583,Very dry forest
NEF_dryf_MACUI_2025_6,thornthwaite,1945.84689589335,593,3.2813607013378583,Very dry forest
NEF_dryf_MACUI_2025_7,thornthwaite,1945.84689589335,593,3.2813607013378583,Very dry forest
NEF_dryf_MACUI_2025_8,thornthwaite,1945.84689589335,593,3.2813607013378583,Very dry forest
NEF_dryf_MACUI_2025_9,thornthwaite,1945.84689589335,593,3.2813607013378583,Very dry forest
NEF_dryf_MACUI_2025_10,thornthwaite,1945.84689589335,593,3.2813607013378583,Very dry forest
NEF_dryf_MACUI_2025_11,thornthwaite,1945.84689589335,593,3.2813607013378583,Very dry forest
NEF_dryf_MACUI_2025_12,thornthwaite,1945.84689589335,593,3.2813607013378583,Very dry forest
NEF_dryf_MACUI_2025_13,thornthwaite,1945.84689589335,593,3.2813607013378583,Very dry forest
NEF_dryf_MACUI_2025_14,thornthwaite,1945.84689589335,593,3.2813607013378583,Very dry forest
NEF_dryf_MACUI_2025_15,thornthwaite,1945.84689589335,593,3.2813607013378583,Very dry forest
NEF_dryf_MACUI_2025_16,thornthwaite,1945.84689589335,593,3.2813607013378583,Very dry forest
NEF_diam_BAF1_2025_1,thornthwaite,1572.9708251755007,2370,0.6637007701162451,Moist forest
NEF_diam_BAF3_2025_1,thornthwaite,1572.9707714363,2370,0.6637007474414768,Moist forest
NEF_diam_BALBF_2025_1,thornthwaite,1426.6329586664297,2873,0.4965655964728262,Moist forest|Wet forest
NEF_diam_BALTF_2025_1,thornthwaite,1429.3225231496522,2922,0.4891589743838645,Moist forest|Wet forest
NEF_diam_BLATF_2025_1,thornthwaite,1535.3356299098866,2477,0.6198367500645485,Moist forest
NEF_diam_CAM_2025_1,thornthwaite,1303.6770249666884,3192,0.4084201206035991,Moist forest|Wet forest
NEF_diam_CAMPK_2025_1,thornthwaite,1502.060676216524,2627,0.5717779505963166,Moist forest
NEF_diam_CAY2_2025_1,thornthwaite,1543.8343584666202,2659,0.5806071299235127,Moist forest
NEF_diam_CAY3_2025_1,thornthwaite,1525.8644197772246,2710,0.5630496013938098,Moist forest
NEF_diam_CGBF_2025_1,thornthwaite,1492.13836734421,2799,0.5330969515341943,Moist forest
NEF_diam_CGTF_2025_1,thornthwaite,1492.1380956104024,2799,0.5330968544517336,Moist forest
NEF_diam_CNBF_2025_1,thornthwaite,1517.4269916831538,2659,0.5706758148488732,Moist forest
NEF_diam_CNTF_2025_1,thornthwaite,1526.301355344723,2631,0.5801221419022132,Moist forest
NEF_diam_COOTF_2025_1,thornthwaite,1462.2002718868948,3062,0.4775311142674379,Moist forest|Wet forest
NEF_diam_CRLBF_2025_1,thornthwaite,1483.5128332730783,2750,0.5394592120993011,Moist forest
NEF_diam_CRLTF_2025_1,thornthwaite,1483.5124778479276,2750,0.5394590828537918,Moist forest
NEF_diam_CSG1_2025_1,thornthwaite,1452.7144010744191,2880,0.5044147225952844,Moist forest
NEF_diam_CSG2_2025_1,thornthwaite,1458.0216900273554,2740,0.5321247043895457,Moist forest
NEF_diam_CSG3_2025_1,thornthwaite,1458.021599083071,2740,0.5321246711982011,Moist forest
NEF_diam_CSG4_2025_1,thornthwaite,1447.137671093166,2903,0.4984973031667813,Moist forest|Wet forest
NEF_diam_CSG5_2025_1,thornthwaite,1455.4560565355623,3102,0.46919924453112904,Moist forest|Wet forest
NEF_diam_CSG6_2025_1,thornthwaite,1452.713614654655,3136,0.4632377597750813,Moist forest|Wet forest
NEF_diam_CSG7_2025_1,thornthwaite,1451.235563097398,3055,0.4750361908665787,Moist forest|Wet forest
NEF_diam_CSG8_2025_1,thornthwaite,1452.7141763792688,3073,0.4727348442496807,Moist forest|Wet forest
NEF_diam_FRG_2025_1,thornthwaite,1461.1620680559013,3244,0.4504198730135331,Moist forest|Wet forest
NEF_diam_GALP1_2025_1,thornthwaite,1187.837455642853,2690,0.4415752623207632,Moist forest|Wet forest
NEF_diam_GALP2_2025_1,thornthwaite,1187.837520638263,2688,0.4419038395231633,Moist forest|Wet forest
NEF_diam_GALP3_2025_1,thornthwaite,1187.837715625402,2688,0.4419039120630216,Moist forest|Wet forest
NEF_diam_GALP4_2025_1,thornthwaite,1136.0496674000308,2663,0.426605207435235,Moist forest|Wet forest
NEF_diam_GALP5_2025_1,thornthwaite,1136.8955260714426,2671,0.4256441505321762,Moist forest|Wet forest
NEF_diam_GALP6_2025_1,thornthwaite,1136.89511052964,2692,0.4223235923215602,Moist forest|Wet forest
NEF_diam_GALP7_2025_1,thornthwaite,1183.3369553008995,2673,0.4426999458664046,Moist forest|Wet forest
NEF_diam_GALP8_2025_1,thornthwaite,1136.8954221852657,2671,0.4256441116380628,Moist forest|Wet forest
NEF_diam_GUY_2025_1,thornthwaite,1335.8350012383512,3221,0.41472679330591466,Moist forest|Wet forest
NEF_diam_IT01_2025_1,thornthwaite,1088.6473984474014,2648,0.4111206187490187,Moist forest|Wet forest
NEF_diam_IT02_2025_1,thornthwaite,1106.3772896047537,2645,0.4182900905878086,Moist forest|Wet forest
NEF_diam_IT03_2025_1,thornthwaite,1102.4688348042873,2666,0.41352919535044536,Moist forest|Wet forest
NEF_diam_IT04_2025_1,thornthwaite,1184.305488775829,2676,0.4425655787652575,Moist forest|Wet forest
NEF_diam_IT05_2025_1,thornthwaite,1159.5585416618574,2663,0.435433173737085,Moist forest|Wet forest
NEF_diam_IT06_2025_1,thornthwaite,1147.4148809957735,2655,0.43217132994191093,Moist forest|Wet forest
NEF_diam_IT07_2025_1,thornthwaite,1235.089650059759,2644,0.46712921711791183,Moist forest|Wet forest
NEF_diam_IT08_2025_1,thornthwaite,1229.9957726280152,2606,0.47198609847583084,Moist forest|Wet forest
NEF_diam_IT09_2025_1,thornthwaite,1229.9954484114821,2606,0.4719859740642679,Moist forest|Wet forest
NEF_diam_KAPTF_2025_1,thornthwaite,1464.0426022662552,3202,0.4572275459919598,Moist forest|Wet forest
NEF_diam_KAPBF_2025_1,thornthwaite,1470.9280198550018,3327,0.4421184309753537,Moist forest|Wet forest
NEF_diam_KAW70-C_2025_1,thornthwaite,1303.6770249666884,3192,0.4084201206035991,Moist forest|Wet forest
NEF_diam_KAW71-G_2025_1,thornthwaite,1335.8350012383512,3221,0.41472679330591466,Moist forest|Wet forest
NEF_diam_KAW72-T_2025_1,thornthwaite,1369.315678459435,3315,0.4130665696710211,Moist forest|Wet forest
NEF_diam_KOT1_2025_1,thornthwaite,1117.3778035419894,2590,0.4314200013675635,Moist forest|Wet forest
NEF_diam_KOT10_2025_1,thornthwaite,1159.9791355150987,2662,0.43575474662475533,Moist forest|Wet forest
NEF_diam_KOT2_2025_1,thornthwaite,1107.8129614548993,2611,0.4242868485081958,Moist forest|Wet forest
NEF_diam_KOT3_2025_1,thornthwaite,1119.6160683876021,2556,0.4380344555507051,Moist forest|Wet forest
NEF_diam_KOT4_2025_1,thornthwaite,1166.0209280941858,2617,0.4455563347704187,Moist forest|Wet forest
NEF_diam_KOT5_2025_1,thornthwaite,1192.3620165428044,2513,0.47447752349494804,Moist forest|Wet forest
NEF_diam_KOT6_2025_1,thornthwaite,1107.81291555936,2611,0.42428683093043273,Moist forest|Wet forest
NEF_diam_KOT7_2025_1,thornthwaite,1252.6861635385917,2449,0.5115092542011399,Moist forest
NEF_diam_KOT8_2025_1,thornthwaite,1192.362006367747,2513,0.4744775194459797,Moist forest|Wet forest
NEF_diam_KOT9_2025_1,thornthwaite,1166.0209531479836,2617,0.44555634434389896,Moist forest|Wet forest
NEF_diam_LAU1_2025_1,thornthwaite,1532.4504388004104,2595,0.5905396681311793,Moist forest
NEF_diam_LAU2_2025_1,thornthwaite,1529.451980342051,2635,0.5804371841905317,Moist forest
NEF_diam_LAU21_2025_1,thornthwaite,1533.961163504944,2573,0.5961761226214317,Moist forest
NEF_diam_LAU3_2025_1,thornthwaite,1529.4510582532073,2569,0.5953487965174026,Moist forest
NEF_diam_LAU4_2025_1,thornthwaite,1527.7957300039584,2495,0.6123429779574984,Moist forest
NEF_diam_LAU5_2025_1,thornthwaite,1529.4520827981937,2635,0.5804372230733182,Moist forest
NEF_diam_LAU6_2025_1,thornthwaite,1532.4493923006303,2522,0.6076325901271333,Moist forest
NEF_diam_LAU7_2025_1,thornthwaite,1532.4496015976085,2522,0.6076326731156259,Moist forest
NEF_diam_LAU8_2025_1,thornthwaite,1532.4497062466558,2589,0.5919079591528218,Moist forest
NEF_diam_LAU9_2025_1,thornthwaite,1536.8819543897905,2522,0.6093901484495601,Moist forest
NEF_diam_MAIBF_2025_1,thornthwaite,1476.631554775243,2596,0.5688103061537917,Moist forest
NEF_diam_MAITF_2025_1,thornthwaite,1476.631471472926,2596,0.5688102740650717,Moist forest
NEF_diam_MIT1_2025_1,thornthwaite,1385.3125226323043,2183,0.6345911693230895,Moist forest
NEF_diam_MIT2_2025_1,thornthwaite,1387.947556669998,2179,0.6369653770858182,Moist forest
NEF_diam_MIT3_2025_1,thornthwaite,1385.3125226323043,2183,0.6345911693230895,Moist forest
NEF_diam_MIT7_2025_1,thornthwaite,1378.8104304594722,2189,0.6298814209499645,Moist forest
NEF_diam_MIT8_2025_1,thornthwaite,1378.8104764358206,2189,0.6298814419533214,Moist forest
NEF_diam_MIT9_2025_1,thornthwaite,1378.8106603418832,2189,0.6298815259670549,Moist forest
NEF_diam_MIT10_2025_1,thornthwaite,1343.8916318537767,2168,0.61987621395469406,Moist forest
NEF_diam_MIT11_2025_1,thornthwaite,1387.9468906740626,2171,0.639312248122553,Moist forest
NEF_diam_MIT12_2025_1,thornthwaite,1387.9472539432547,2179,0.6369652381566107,Moist forest
NEF_diam_MRA_2025_1,thornthwaite,1544.35465060731,2525,0.6116256042009148,Moist forest
NEF_diam_MTO_2025_1,thornthwaite,1379.3283093700295,3244,0.4251936835296022,Moist forest|Wet forest
NEF_diam_NOU31_2025_1,thornthwaite,1409.0002158538364,3056,0.46106028005688365,Moist forest|Wet forest
NEF_diam_NOU32_2025_1,thornthwaite,1440.8623048627644,3106,0.4638964278373356,Moist forest|Wet forest
NEF_diam_NOU33_2025_1,thornthwaite,1397.4664619781727,3129,0.4466175973084604,Moist forest|Wet forest
NEF_diam_NOU34_2025_1,thornthwaite,1397.4661912513463,3129,0.44661751078662393,Moist forest|Wet forest
NEF_diam_NOU35_2025_1,thornthwaite,1397.4663942961977,3129,0.44661757567791555,Moist forest|Wet forest
NEF_diam_NOU36_2025_1,thornthwaite,1397.4666650251716,3129,0.44661766220043836,Moist forest|Wet forest
NEF_diam_NOU37_2025_1,thornthwaite,1440.8619144823172,3106,0.46389630215142214,Moist forest|Wet forest
NEF_diam_NOU38_2025_1,thornthwaite,1297.5275190374828,3201,0.40535067761245946,Moist forest|Wet forest
NEF_diam_ORG0_2025_1,thornthwaite,1521.8711743486647,2651,0.5740743773476668,Moist forest
NEF_diam_ORG1_2025_1,thornthwaite,1521.87130127043,2651,0.5740744252246058,Moist forest
NEF_diam_PAR-A-BF_2025_1,thornthwaite,1478.233998300204,2892,0.5111459191909419,Moist forest
NEF_diam_PAR-A-PL_2025_1,thornthwaite,1478.2336316860055,2813,0.5255007577980824,Moist forest
NEF_diam_PAR-A-PT_2025_1,thornthwaite,1475.279358592898,2814,0.5242641643898003,Moist forest
NEF_diam_PAR-B-BF_2025_1,thornthwaite,1475.2776469169548,2777,0.5312487025268112,Moist forest
NEF_diam_PAR-B-PL_2025_1,thornthwaite,1470.9511821709289,2780,0.5291191302773125,Moist forest
NEF_diam_PAR-B-PT_2025_1,thornthwaite,1462.7617078200806,2776,0.5269314509438331,Moist forest
NEF_diam_PAT_2025_1,thornthwaite,1517.49034420661,2675,0.5672861099837794,Moist forest
NEF_diam_PE1_2025_1,thornthwaite,1542.6104053546944,2644,0.5834381260796877,Moist forest
NEF_diam_PE2_2025_1,thornthwaite,1542.6106441573595,2644,0.5834382163983962,Moist forest
NEF_diam_PE3_2025_1,thornthwaite,1565.979938671988,2658,0.5891572380255786,Moist forest
NEF_diam_PE4_2025_1,thornthwaite,1580.3529607640978,2671,0.5916708950820284,Moist forest
NEF_diam_PE5_2025_1,thornthwaite,1580.3529607640978,2666,0.592780555425393,Moist forest
NEF_diam_PE6_2025_1,thornthwaite,1594.9192164421515,2674,0.5964544564106775,Moist forest
NEF_diam_PE7_2025_1,thornthwaite,1585.0969376072576,2695,0.5881621289822848,Moist forest
NEF_diam_PE8_2025_1,thornthwaite,1594.9194706353449,2674,0.5964545514717071,Moist forest
NEF_diam_PE9_2025_1,thornthwaite,1573.7712529906457,2697,0.5835266047425457,Moist forest
NEF_diam_PE10_2025_1,thornthwaite,1557.890681909137,2712,0.5744434667806552,Moist forest
NEF_diam_PE11_2025_1,thornthwaite,1557.890681909137,2712,0.5744434667806552,Moist forest
NEF_diam_PE12_2025_1,thornthwaite,1585.116813918953,2798,0.5665178034020562,Moist forest
NEF_diam_PE13_2025_1,thornthwaite,1585.118560483899,2794,0.5673294776248744,Moist forest
NEF_diam_PE14_2025_1,thornthwaite,1591.8620732133322,2593,0.6139074713510729,Moist forest
NEF_diam_PE15_2025_1,thornthwaite,1582.1876018108205,2616,0.6048117743925155,Moist forest
NEF_diam_PE16_2025_1,thornthwaite,1582.1857636990935,2607,0.6068990271189465,Moist forest
NEF_diam_PE17_2025_1,thornthwaite,1600.2744520887652,2574,0.6217072463437316,Moist forest
NEF_diam_PE18_2025_1,thornthwaite,1621.7304895890263,2541,0.6382253009008368,Moist forest
NEF_diam_PE19_2025_1,thornthwaite,1633.5099663196977,2504,0.6523602101915725,Moist forest
NEF_diam_PE20_2025_1,thornthwaite,1562.878437769049,2744,0.5695621128895951,Moist forest
NEF_diam_PE21_2025_1,thornthwaite,1573.7568367932752,2721,0.5783744346906561,Moist forest
NEF_diam_PE22_2025_1,thornthwaite,1582.0095651071704,2725,0.580553968846668,Moist forest
NEF_diam_PE23_2025_1,thornthwaite,1568.9822182791406,2574,0.6095502013516475,Moist forest
NEF_diam_PE24_2025_1,thornthwaite,1580.2655023453383,2567,0.6156079089775374,Moist forest
NEF_diam_PE25_2025_1,thornthwaite,1581.0142905825433,2386,0.662621245005257,Moist forest
NEF_diam_PE26_2025_1,thornthwaite,1584.3053041418239,2375,0.6670759175333996,Moist forest
NEF_diam_PE27_2025_1,thornthwaite,1595.418542502941,2359,0.6763113787634341,Moist forest
NEF_diam_PE28_2025_1,thornthwaite,1593.718889757875,2361,0.6750185894781343,Moist forest
NEF_diam_PE29_2025_1,thornthwaite,1626.972564678271,2373,0.6856184427637046,Moist forest
NEF_diam_PE30_2025_1,thornthwaite,1626.9592803785679,2393,0.679882691340814,Moist forest
NEF_diam_PE31_2025_1,thornthwaite,1610.094968802155,2531,0.6361497308582201,Moist forest
NEF_diam_PE32_2025_1,thornthwaite,1613.427854018703,2495,0.6466644705485785,Moist forest
NEF_diam_PE33_2025_1,thornthwaite,1728.8844653238941,2263,0.7639789948404304,Moist forest
NEF_diam_PE34_2025_1,thornthwaite,1746.169021409981,2258,0.7733255187820997,Moist forest
NEF_diam_PE35_2025_1,thornthwaite,1746.0852951454071,2255,0.7743172040556129,Moist forest
NEF_diam_PE36_2025_1,thornthwaite,1746.0851130044898,2255,0.7743171232835875,Moist forest
NEF_diam_PE37_2025_1,thornthwaite,1738.59924145938,2267,0.766916295306299,Moist forest
NEF_diam_PE38_2025_1,thornthwaite,1715.9660507479348,2316,0.7409179839153431,Moist forest
NEF_diam_PMT10_2025_1,thornthwaite,1445.9665244821072,3274,0.44165135139954403,Moist forest|Wet forest
NEF_diam_PMT11_2025_1,thornthwaite,1415.210842900732,3271,0.4326538804343418,Moist forest|Wet forest
NEF_diam_PMT12_2025_1,thornthwaite,1445.9666392954025,3274,0.44165138646774665,Moist forest|Wet forest
NEF_diam_PMT13_2025_1,thornthwaite,1439.0756085989492,3322,0.4331955474409841,Moist forest|Wet forest
NEF_diam_PMT14_2025_1,thornthwaite,1454.1965136092142,3369,0.4316404017836789,Moist forest|Wet forest
NEF_diam_PMT15_2025_1,thornthwaite,1466.492620334856,3323,0.44131586528283356,Moist forest|Wet forest
NEF_diam_PMT16_2025_1,thornthwaite,1466.4930616655815,3286,0.4462851678836219,Moist forest|Wet forest
NEF_diam_PMT17_2025_1,thornthwaite,1454.1981356245453,3231,0.450076798398188,Moist forest|Wet forest
NEF_diam_PMT18_2025_1,thornthwaite,1401.0243740778196,3347,0.41859108875943224,Moist forest|Wet forest
NEF_diam_ROR_2025_1,thornthwaite,1395.4686711751772,2584,0.5400420554083503,Moist forest
NEF_diam_SL1_2025_1,thornthwaite,1383.8402496217957,2645,0.5231910206509625,Moist forest
NEF_diam_SL2_2025_1,thornthwaite,1370.1392094377732,2621,0.5227543721624468,Moist forest
NEF_diam_SL3_2025_1,thornthwaite,1390.0239505492439,2700,0.5148236853886088,Moist forest
NEF_diam_SL4_2025_1,thornthwaite,1385.069962615416,2660,0.5207029934644422,Moist forest
NEF_diam_SL5_2025_1,thornthwaite,1383.8400202213911,2645,0.5231909339211308,Moist forest
NEF_diam_SL6_2025_1,thornthwaite,1385.0698113872782,2666,0.5195310620357383,Moist forest
NEF_diam_SL7_2025_1,thornthwaite,1355.5184363087237,2622,0.5169788086608404,Moist forest
NEF_diam_SL8_2025_1,thornthwaite,1355.5182160636873,2622,0.5169787246619707,Moist forest
NEF_diam_SL9_2025_1,thornthwaite,1387.3857280702753,2659,0.5217697360174033,Moist forest
NEF_diam_SL10_2025_1,thornthwaite,1387.3858605636296,2659,0.5217697858456675,Moist forest
NEF_diam_SL11_2025_1,thornthwaite,1385.0713993175004,2690,0.5148964309730485,Moist forest
NEF_diam_SL12_2025_1,thornthwaite,1387.3861917996953,2659,0.5217699104173356,Moist forest
NEF_diam_SUR101_2025_1,thornthwaite,1680.7295772015325,2194,0.766057236646095,Moist forest
NEF_diam_SUR102_2025_1,thornthwaite,1654.0108439772343,2231,0.7413764428405354,Moist forest
NEF_diam_TRI_INS_2025_1,thornthwaite,1298.8099179427531,2830,0.4589434339020329,Moist forest|Wet forest
NEF_diam_TRI41_2025_1,thornthwaite,1427.5387953680963,2854,0.5001887860434815,Moist forest
NEF_diam_TRI42_2025_1,thornthwaite,1381.27367756238,2803,0.49278404479571175,Moist forest|Wet forest
NEF_diam_TRI43_2025_1,thornthwaite,1414.5038717003765,2816,0.5023096135299633,Moist forest
NEF_diam_TRI44_2025_1,thornthwaite,1427.5385918294849,2854,0.5001887147265188,Moist forest
NEF_diam_TRI45_2025_1,thornthwaite,1427.5391346031518,2786,0.5123973921762928,Moist forest
NEF_diam_TRI46_2025_1,thornthwaite,1298.809849061511,2830,0.45894340956237134,Moist forest|Wet forest
NEF_diam_TRI48_2025_1,thornthwaite,1298.809849061511,2830,0.45894340956237134,Moist forest|Wet forest
NEF_diam_TRIFT_2025_1,thornthwaite,1288.950826632834,2735,0.47128000973778206,Moist forest|Wet forest
NEF_mymo_MYMO1_2025_1,thornthwaite,675.6739708780988,145,4.659820488814474,Desert scrub
NEF_mymo_MYMO10_2025_1,thornthwaite,798.9941775100546,240,3.329142406291894,Desert scrub
NEF_mymo_MYMO11_2025_1,thornthwaite,782.8444330975449,248,3.1566307786191325,Desert scrub
NEF_mymo_MYMO12_2025_1,thornthwaite,755.535270174974,254,2.974548307775488,Thorn woodland
NEF_mymo_MYMO13_2025_1,thornthwaite,668.9774055765836,278,2.406393545239509,Thorn woodland
NEF_mymo_MYMO15_2025_1,thornthwaite,688.6396707488104,276,2.4950712708290235,Thorn woodland
NEF_mymo_MYMO16_2025_1,thornthwaite,604.1295967357523,275,2.1968348972209175,Thorn woodland
NEF_mymo_MYMO17_2025_1,thornthwaite,694.4489375542236,315,2.2045998017594397,Thorn woodland
NEF_mymo_MYMO18_2025_1,thornthwaite,818.5945323622435,224,3.6544398766171584,Desert scrub
NEF_mymo_MYMO19_2025_1,thornthwaite,765.3668014825457,247,3.0986510181479585,Desert scrub
NEF_mymo_MYMO2_2025_1,thornthwaite,689.0473603823021,139,4.957175254548936,Desert scrub
NEF_mymo_MYMO20_2025_1,thornthwaite,765.6148051128482,254,3.0142315161923157,Thorn woodland
NEF_mymo_MYMO21_2025_1,thornthwaite,719.0745336023605,305,2.3576214216470834,Thorn woodland
NEF_mymo_MYMO22_2025_1,thornthwaite,725.6739735658034,303,2.394963609128064,Thorn woodland
NEF_mymo_MYMO23_2025_1,thornthwaite,716.6394890371174,300,2.3887982967903914,Thorn woodland
NEF_mymo_MYMO24_2025_1,thornthwaite,689.9504275508959,313,2.204314465018837,Thorn woodland
NEF_mymo_MYMO25_2025_1,thornthwaite,720.086257113667,340,2.1179007562166676,Thorn woodland
NEF_mymo_MYMO26_2025_1,thornthwaite,699.4095728666541,350,1.9983130653332974,Thorn steppe
NEF_mymo_MYMO27_2025_1,thornthwaite,722.2544967832127,329,2.1953024218334733,Thorn woodland
NEF_mymo_MYMO28_2025_1,thornthwaite,702.3768482710349,349,2.0125411125244552,Thorn woodland
NEF_mymo_MYMO29_2025_1,thornthwaite,725.7491466930546,329,2.205924458033601,Thorn woodland
NEF_mymo_MYMO3_2025_1,thornthwaite,696.644706951052,117,5.954228264538905,Desert
NEF_mymo_MYMO30_2025_1,thornthwaite,717.4471191310502,337,2.1289232021692883,Thorn woodland
NEF_mymo_MYMO31_2025_1,thornthwaite,946.2401379710132,278,3.403741503492853,Thorn woodland
NEF_mymo_MYMO32_2025_1,thornthwaite,945.1601354591069,274,3.449489545471193,Thorn woodland
NEF_mymo_MYMO33_2025_1,thornthwaite,957.2236919926997,288,3.323693374974652,Thorn woodland
NEF_mymo_MYMO34_2025_1,thornthwaite,944.5013672817561,275,3.434550426479113,Thorn woodland
NEF_mymo_MYMO4_2025_1,thornthwaite,665.4002078549581,112,5.941073284419269,Desert
NEF_mymo_MYMO5_2025_1,thornthwaite,706.4590679963221,121,5.83850469418448,Desert
NEF_mymo_MYMO6_2025_1,thornthwaite,669.1337020803221,146,4.583107548495357,Desert scrub
NEF_mymo_MymoNS200_2025_1,thornthwaite,798.8416952630141,153,5.221187550738654,Desert scrub
NEF_mymo_MymoNS202_2025_1,thornthwaite,748.2134703327832,213,3.5127392973370104,Desert scrub
NEF_mymo_MymoNS203_2025_1,thornthwaite,751.8263294413495,214,3.513207146922194,Desert scrub
NEF_mymo_MymoNS204_2025_1,thornthwaite,797.3560766076278,157,5.078701124889348,Desert scrub
NEF_mymo_MymoNS205_2025_1,thornthwaite,801.6795658185247,191,4.1972752137095535,Desert scrub
NEF_mymo_MymoNS206_2025_1,thornthwaite,813.1063966089223,195,4.169776392866268,Desert scrub
NEF_mymo_MymoNS207_2025_1,thornthwaite,900.8129312364149,271,3.324032956591937,Thorn woodland
NEF_mymo_MymoNS208_2025_1,thornthwaite,899.4127968943197,264,3.4068666549027262,Thorn woodland
NEF_mymo_MymoNS209_2025_1,thornthwaite,862.0754815510472,201,4.288932744035061,Desert scrub
NEF_mymo_MymoNS18_2025_1,thornthwaite,708.4727820779983,350,2.024207948794281,Thorn woodland
NEF_mymo_MymoNS22_2025_1,thornthwaite,707.3034822513625,321,2.2034376394123445,Thorn woodland
NEF_mymo_MymoNS29_2025_1,thornthwaite,731.7176539550583,305,2.3990742752624863,Thorn woodland
NEF_mymo_MymoNS39_2025_1,thornthwaite,735.615495057473,310,2.3729532098628163,Thorn woodland
NEF_mymo_MymoNS44_2025_1,thornthwaite,676.0629790339636,327,2.0674708838959135,Thorn woodland
NEF_mymo_MymoNS52_2025_1,thornthwaite,750.6536630929432,292,2.5707317229210385,Thorn woodland
NEF_mymo_MymoNS81_2025_1,thornthwaite,711.7074985416954,295,2.412567791666764,Thorn woodland
NEF_GNETS_ARB1_2025_1,thornthwaite,1485.6640053142016,2873,0.5171124278852076,Moist forest
NEF_GNETS_ARB1_2025_2,thornthwaite,1485.6640235858292,2873,0.5171124342449805,Moist forest
NEF_GNETS_ARB1_2025_3,thornthwaite,1485.6640418575828,2873,0.5171124406047973,Moist forest
NEF_GNETS_ARB1_2025_4,thornthwaite,1485.664060234037,2873,0.5171124470010571,Moist forest
NEF_GNETS_ARB1_2025_5,thornthwaite,1485.6640500224985,2873,0.517112443446745,Moist forest
NEF_GNETS_ARB1_2025_6,thornthwaite,1485.66403164605,2873,0.5171124370504873,Moist forest
NEF_GNETS_ARB1_2025_7,thornthwaite,1485.66401337465,2873,0.5171124306907936,Moist forest
NEF_GNETS_ARB1_2025_8,thornthwaite,1485.663995103028,2873,0.5171124243310226,Moist forest
NEF_GNETS_ARB1_2025_9,thornthwaite,1485.6639848915092,2873,0.5171124207767175,Moist forest
NEF_GNETS_ARB1_2025_10,thornthwaite,1485.6640031632417,2873,0.5171124271365268,Moist forest
NEF_GNETS_ARB1_2025_11,thornthwaite,1485.6640215396746,2873,0.5171124335327792,Moist forest
NEF_GNETS_ARB1_2025_12,thornthwaite,1485.6640398114268,2873,0.5171124398925955,Moist forest
NEF_GNETS_ARB1_2025_13,thornthwaite,1485.664029599895,2873,0.5171124363382857,Moist forest
NEF_GNETS_ARB1_2025_14,thornthwaite,1485.664011328148,2873,0.5171124299784713,Moist forest
NEF_GNETS_ARB1_2025_15,thornthwaite,1485.6639929517207,2873,0.517112423582221,Moist forest
NEF_GNETS_ARB1_2025_16,thornthwaite,1485.6639746803414,2873,0.5171124172225344,Moist forest
NEF_GNETS_ARB2_2025_1,thornthwaite,1485.6639686664016,2873,0.5171124151292731,Moist forest
NEF_GNETS_ARB2_2025_2,thornthwaite,1485.663950289882,2873,0.5171124087329906,Moist forest
NEF_GNETS_ARB2_2025_3,thornthwaite,1485.663932018294,2873,0.5171124023732314,Moist forest
NEF_GNETS_ARB2_2025_4,thornthwaite,1485.6639136417941,2873,0.5171123959769558,Moist forest
NEF_GNETS_ARB2_2025_5,thornthwaite,1485.663903535222,2873,0.5171123924591793,Moist forest
NEF_GNETS_ARB2_2025_6,thornthwaite,1485.6639218067944,2873,0.517112398818933,Moist forest
NEF_GNETS_ARB2_2025_7,thornthwaite,1485.663940078377,2873,0.5171124051786902,Moist forest
NEF_GNETS_ARB2_2025_8,thornthwaite,1485.6639584548911,2873,0.5171124115749708,Moist forest
NEF_GNETS_ARB2_2025_9,thornthwaite,1485.6639482433839,2873,0.5171124080206696,Moist forest
NEF_GNETS_ARB2_2025_10,thornthwaite,1485.6639299717972,2873,0.517112401660911,Moist forest
NEF_GNETS_ARB2_2025_11,thornthwaite,1485.6639115956461,2873,0.5171123952647567,Moist forest
NEF_GNETS_ARB2_2025_12,thornthwaite,1485.6638933240793,2873,0.517112388905005,Moist forest
NEF_GNETS_ARB2_2025_13,thornthwaite,1485.6638831125915,2873,0.5171123853507106,Moist forest
NEF_GNETS_ARB2_2025_14,thornthwaite,1485.663901384269,2873,0.5171123917105008,Moist forest
NEF_GNETS_ARB2_2025_15,thornthwaite,1485.663919760646,2873,0.5171123981067337,Moist forest
NEF_GNETS_ARB2_2025_16,thornthwaite,1485.6639380322274,2873,0.5171124044664905,Moist forest
NEF_GNETS_NBA1_2025_1,thornthwaite,1394.8066458374858,3072,0.4540386216918899,Moist forest|Wet forest
NEF_GNETS_NBA1_2025_2,thornthwaite,1394.8066557707602,3072,0.45403862492537767,Moist forest|Wet forest
NEF_GNETS_NBA1_2025_3,thornthwaite,1394.8066657040397,3072,0.4540386281588671,Moist forest|Wet forest
NEF_GNETS_NBA1_2025_4,thornthwaite,1394.8066656832787,3072,0.45403862815210894,Moist forest|Wet forest
NEF_GNETS_NBA1_2025_5,thornthwaite,1394.8066458167248,3072,0.45403862168513176,Moist forest|Wet forest
NEF_GNETS_NBA1_2025_6,thornthwaite,1394.806635883455,3072,0.45403861845164556,Moist forest|Wet forest
NEF_GNETS_NBA1_2025_7,thornthwaite,1394.8066358626943,3072,0.45403861844488747,Moist forest|Wet forest
NEF_GNETS_NBA1_2025_8,thornthwaite,1394.806665662518,3072,0.45403862814535095,Moist forest|Wet forest
NEF_GNETS_NBA1_2025_9,thornthwaite,1394.806665641757,3072,0.4540386281385928,Moist forest|Wet forest
NEF_GNETS_NBA1_2025_10,thornthwaite,1394.8066557084776,3072,0.4540386249051034,Moist forest|Wet forest
NEF_GNETS_NBA1_2025_11,thornthwaite,1394.8066358419335,3072,0.45403861843812937,Moist forest|Wet forest
NEF_GNETS_NBA2_2025_1,thornthwaite,1394.8066160376907,3072,0.45403861199143575,Moist forest|Wet forest
NEF_GNETS_NBA2_2025_2,thornthwaite,1394.8066061044349,3072,0.45403860875795404,Moist forest|Wet forest
NEF_GNETS_NBA2_2025_3,thornthwaite,1394.8065862379376,3072,0.4540386022909953,Moist forest|Wet forest
NEF_GNETS_NBA2_2025_4,thornthwaite,1394.806596150423,3072,0.45403860551771585,Moist forest|Wet forest
NEF_GNETS_NBA2_2025_5,thornthwaite,1394.806606083674,3072,0.454038608751196,Moist forest|Wet forest
NEF_GNETS_NBA2_2025_6,thornthwaite,1394.8066160169296,3072,0.4540386119846776,Moist forest|Wet forest
NEF_GNETS_NBA2_2025_7,thornthwaite,1394.8066060629133,3072,0.4540386087444379,Moist forest|Wet forest
NEF_GNETS_NBA2_2025_8,thornthwaite,1394.8065961296622,3072,0.45403860551095776,Moist forest|Wet forest
NEF_GNETS_NBA2_2025_9,thornthwaite,1394.806586196416,3072,0.45403860227747916,Moist forest|Wet forest
NEF_GNETS_NBA2_2025_10,thornthwaite,1394.8065861756552,3072,0.45403860227072107,Moist forest|Wet forest
NEF_GNETS_NBA2_2025_11,thornthwaite,1394.8065961089014,3072,0.45403860550419967,Moist forest|Wet forest
NEF_GNETS_NBA2_2025_12,thornthwaite,1394.8066060421525,3072,0.4540386087376798,Moist forest|Wet forest
NEF_GNETS_NBA2_2025_13,thornthwaite,1394.806615975408,3072,0.45403861197116147,Moist forest|Wet forest
NEF_GNETS_NBA3_2025_1,thornthwaite,1297.5275199099217,3201,0.40535067788501145,Moist forest|Wet forest
NEF_GNETS_NBA3_2025_2,thornthwaite,1297.5274989054508,3201,0.4053506713231649,Moist forest|Wet forest
NEF_GNETS_NBA3_2025_3,thornthwaite,1297.5274919653978,3201,0.40535066915507584,Moist forest|Wet forest
NEF_GNETS_NBA3_2025_4,thornthwaite,1297.5275024122095,3201,0.4053506724186846,Moist forest|Wet forest
NEF_GNETS_NBA3_2025_5,thornthwaite,1297.527523416745,3201,0.4053506789805514,Moist forest|Wet forest
NEF_GNETS_NBA3_2025_6,thornthwaite,1297.5275269236297,3201,0.40535068007611047,Moist forest|Wet forest
NEF_GNETS_NBA3_2025_7,thornthwaite,1297.527495472094,3201,0.4053506702505761,Moist forest|Wet forest
NEF_GNETS_NBA3_2025_8,thornthwaite,1297.5274989789136,3201,0.40535067134611485,Moist forest|Wet forest
NEF_GNETS_NBA3_2025_9,thornthwaite,1297.527509481208,3201,0.40535067462705654,Moist forest|Wet forest
NEF_GNETS_NBA3_2025_10,thornthwaite,1297.5275199835073,3201,0.4053506779079998,Moist forest|Wet forest
NEF_GNETS_NBA3_2025_11,thornthwaite,1297.5275304303316,3201,0.4053506811716125,Moist forest|Wet forest
NEF_GNETS_NF21_2025_1,thornthwaite,1409.0002320736123,3056,0.4610602853644019,Moist forest|Wet forest
NEF_GNETS_NF21_2025_2,thornthwaite,1409.0002220725398,3056,0.46106028209179967,Moist forest|Wet forest
NEF_GNETS_NF21_2025_3,thornthwaite,1409.0002120142792,3056,0.46106027880048406,Moist forest|Wet forest
NEF_GNETS_NF21_2025_4,thornthwaite,1409.0002019560864,3056,0.46106027550919054,Moist forest|Wet forest
NEF_GNETS_NF21_2025_5,thornthwaite,1409.0002074151312,3056,0.46106027729552723,Moist forest|Wet forest
NEF_GNETS_NF21_2025_6,thornthwaite,1367.4045633018948,3125,0.4375694602566063,Moist forest|Wet forest
NEF_GNETS_NF21_2025_7,thornthwaite,1367.404568924735,3125,0.43756946205591524,Moist forest|Wet forest
NEF_GNETS_NF21_2025_8,thornthwaite,1409.0002328764454,3056,0.4610602856271091,Moist forest|Wet forest
NEF_GNETS_NF21_2025_9,thornthwaite,1409.0002282772934,3056,0.461060284122151,Moist forest|Wet forest
NEF_GNETS_NF21_2025_10,thornthwaite,1367.404564137597,3125,0.437569460524031,Moist forest|Wet forest
NEF_GNETS_NH20_2025_1,thornthwaite,1440.8623230106612,3106,0.4638964336801871,Moist forest|Wet forest
NEF_GNETS_NH20_2025_2,thornthwaite,1440.8623023354214,3106,0.4638964270236386,Moist forest|Wet forest
NEF_GNETS_NH20_2025_3,thornthwaite,1440.862291968464,3106,0.4638964236859189,Moist forest|Wet forest
NEF_GNETS_NH20_2025_4,thornthwaite,1440.8622975363073,3106,0.4638964254785278,Moist forest|Wet forest
NEF_GNETS_NH20_2025_5,thornthwaite,1440.8623182703607,3106,0.46389643215401183,Moist forest|Wet forest
NEF_GNETS_NH20_2025_6,thornthwaite,1440.86232383821,3106,0.46389643394662267,Moist forest|Wet forest
NEF_GNETS_NH20_2025_7,thornthwaite,1440.8623135300613,3106,0.46389643062783686,Moist forest|Wet forest
NEF_GNETS_NH20_2025_8,thornthwaite,1440.8623031629693,3106,0.4638964272900738,Moist forest|Wet forest
NEF_GNETS_NH21_2025_1,thornthwaite,1440.8622768610894,3106,0.4638964188219863,Moist forest|Wet forest
NEF_GNETS_NH21_2025_2,thornthwaite,1440.8622561270706,3106,0.4638964121465134,Moist forest|Wet forest
NEF_GNETS_NH21_2025_3,thornthwaite,1440.8622458189507,3106,0.46389640882773686,Moist forest|Wet forest
NEF_GNETS_NH21_2025_4,thornthwaite,1440.862251386783,3106,0.46389641062034226,Moist forest|Wet forest
NEF_GNETS_NH21_2025_5,thornthwaite,1440.8622617538533,3106,0.4638964139580983,Moist forest|Wet forest
NEF_GNETS_NH21_2025_6,thornthwaite,1440.8622721207976,3106,0.46389641729581377,Moist forest|Wet forest
NEF_GNETS_NL11_2025_1,thornthwaite,1397.4664928173208,3129,0.44661760716437227,Moist forest|Wet forest
NEF_GNETS_NL11_2025_2,thornthwaite,1397.4664986092885,3129,0.44661760901543257,Moist forest|Wet forest
NEF_GNETS_NL11_2025_3,thornthwaite,1397.4664663179472,3129,0.44661759869541295,Moist forest|Wet forest
NEF_GNETS_NL11_2025_4,thornthwaite,1424.7621088815406,3119,0.45680093263274785,Moist forest|Wet forest
NEF_GNETS_NL11_2025_5,thornthwaite,1424.7621190925029,3119,0.45680093590654147,Moist forest|Wet forest
NEF_GNETS_NL11_2025_6,thornthwaite,1424.7621347873053,3119,0.4568009409385397,Moist forest|Wet forest
NEF_GNETS_NL11_2025_7,thornthwaite,1424.7621144235593,3119,0.4568009344096054,Moist forest|Wet forest
NEF_GNETS_NL12_2025_1,thornthwaite,1397.4664389576178,3129,0.4466175899513,Moist forest|Wet forest
NEF_GNETS_NL12_2025_2,thornthwaite,1424.762067280907,3119,0.45680091929493655,Moist forest|Wet forest
NEF_GNETS_NL12_2025_3,thornthwaite,1424.762046917346,3119,0.45680091276606155,Moist forest|Wet forest
NEF_GNETS_NL12_2025_4,thornthwaite,1424.7620626121654,3119,0.4568009177980652,Moist forest|Wet forest
NEF_GNETS_NL12_2025_5,thornthwaite,1424.7620728230443,3119,0.45680092107183207,Moist forest|Wet forest
NEF_GNETS_NL12_2025_6,thornthwaite,1424.762078307059,3119,0.45680092283009266,Moist forest|Wet forest
NEF_GNETS_NL12_2025_7,thornthwaite,1424.7620680961777,3119,0.456800919556325,Moist forest|Wet forest
NEF_GNETS_NL12_2025_8,thornthwaite,1424.7620578854292,3119,0.45680091628259994,Moist forest|Wet forest
NEF_GNETS_NL12_2025_9,thornthwaite,1424.762094001899,3119,0.4568009278621029,Moist forest|Wet forest
NEF_GNETS_NO13_2025_1,thornthwaite,1397.466356015623,3129,0.4466175634437913,Moist forest|Wet forest
NEF_GNETS_NO13_2025_2,thornthwaite,1397.4663452313448,3129,0.4466175599972339,Moist forest|Wet forest
NEF_GNETS_NO13_2025_3,thornthwaite,1397.4663344472744,3129,0.44661755655074287,Moist forest|Wet forest
NEF_GNETS_NO13_2025_4,thornthwaite,1397.4663237243253,3129,0.44661755312378565,Moist forest|Wet forest
NEF_GNETS_NO13_2025_5,thornthwaite,1424.7619738691405,3119,0.45680088934566865,Moist forest|Wet forest
NEF_GNETS_NO13_2025_6,thornthwaite,1397.4663403004586,3129,0.4466175584213674,Moist forest|Wet forest
NEF_GNETS_NO13_2025_7,thornthwaite,1397.4663510845312,3129,0.4466175618678591,Moist forest|Wet forest
NEF_GNETS_NO13_2025_8,thornthwaite,1397.4663618075597,3129,0.4466175652948417,Moist forest|Wet forest
NEF_GNETS_NO13_2025_9,thornthwaite,1424.761999774889,3119,0.4568008976514553,Moist forest|Wet forest
NEF_GNETS_NO13_2025_10,thornthwaite,1424.7619895640407,3119,0.4568008943776982,Moist forest|Wet forest
NEF_GNETS_NO13_2025_11,thornthwaite,1424.7619793533256,3119,0.45680089110398386,Moist forest|Wet forest
NEF_GNETS_NO13_2025_12,thornthwaite,1424.7619848952504,3119,0.45680089288081127,Moist forest|Wet forest
NEF_GNETS_NO13_2025_13,thornthwaite,1424.7619951059685,3119,0.4568008961545266,Moist forest|Wet forest
NEF_GNETS_NO13_2025_14,thornthwaite,1424.7620052588873,3119,0.4568008994097106,Moist forest|Wet forest
NEF_GNETS_NO13_2025_15,thornthwaite,1424.762015469614,3119,0.45680090268342866,Moist forest|Wet forest
NEF_GNETS_NPA5_2025_1,thornthwaite,1472.5915297200127,3072,0.4793592219140666,Moist forest|Wet forest
NEF_GNETS_NPA5_2025_2,thornthwaite,1472.591533287542,3072,0.47935922307537177,Moist forest|Wet forest
NEF_GNETS_NPA5_2025_3,thornthwaite,1472.5915369113939,3072,0.47935922425501104,Moist forest|Wet forest
NEF_GNETS_NPA5_2025_4,thornthwaite,1472.5915404789864,3072,0.47935922541633674,Moist forest|Wet forest
NEF_GNETS_NPA5_2025_5,thornthwaite,1472.591529793635,3072,0.4793592219380322,Moist forest|Wet forest
NEF_GNETS_NPA5_2025_6,thornthwaite,1472.5915262260435,3072,0.47935922077670684,Moist forest|Wet forest
NEF_GNETS_NPA5_2025_7,thornthwaite,1472.5915226585773,3072,0.4793592196154223,Moist forest|Wet forest
NEF_GNETS_NPA5_2025_8,thornthwaite,1472.5915084056448,3072,0.47935921497579587,Moist forest|Wet forest
NEF_GNETS_NPA5_2025_9,thornthwaite,1472.5915119732333,3072,0.47935921613712024,Moist forest|Wet forest
NEF_GNETS_NPA5_2025_10,thornthwaite,1472.5915155408225,3072,0.47935921729844483,Moist forest|Wet forest
NEF_GNETS_NPA5_2025_11,thornthwaite,1472.5915191082877,3072,0.47935921845972906,Moist forest|Wet forest
NEF_GNETS_NPA5_2025_12,thornthwaite,1472.5915084793291,3072,0.4793592149997816,Moist forest|Wet forest
NEF_GNETS_NPA5_2025_13,thornthwaite,1472.5915048554823,3072,0.47935921382014396,Moist forest|Wet forest
NEF_GNETS_NPA5_2025_14,thornthwaite,1472.5915012878945,3072,0.4793592126588198,Moist forest|Wet forest
NEF_GNETS_NPA5_2025_15,thornthwaite,1472.5914977203074,3072,0.4793592114974959,Moist forest|Wet forest
NEF_GNETS_NPA6_2025_1,thornthwaite,1472.5915225848303,3072,0.4793592195914161,Moist forest|Wet forest
NEF_GNETS_NPA6_2025_2,thornthwaite,1472.5915189611057,3072,0.4793592184118183,Moist forest|Wet forest
NEF_GNETS_NPA6_2025_3,thornthwaite,1472.591511825865,3072,0.4793592160891487,Moist forest|Wet forest
NEF_GNETS_NPA6_2025_4,thornthwaite,1472.5915011405261,3072,0.47935921261084835,Moist forest|Wet forest
NEF_GNETS_NPA6_2025_5,thornthwaite,1472.5915047081758,3072,0.47935921377219265,Moist forest|Wet forest
NEF_GNETS_NPA6_2025_6,thornthwaite,1472.5915083320228,3072,0.47935921495183037,Moist forest|Wet forest
NEF_GNETS_NPA6_2025_7,thornthwaite,1472.5915118996113,3072,0.47935921611315474,Moist forest|Wet forest
NEF_GNETS_NPA6_2025_8,thornthwaite,1472.5915012142723,3072,0.47935921263485426,Moist forest|Wet forest
NEF_GNETS_NPA6_2025_9,thornthwaite,1472.5914976466856,3072,0.4793592114735305,Moist forest|Wet forest
NEF_GNETS_NPA6_2025_10,thornthwaite,1472.5914940790992,3072,0.4793592103122068,Moist forest|Wet forest
NEF_GNETS_NPA6_2025_11,thornthwaite,1472.591490455379,3072,0.4793592091326104,Moist forest|Wet forest
NEF_GNETS_NPA6_2025_12,thornthwaite,1472.5914798263086,3072,0.4793592056726265,Moist forest|Wet forest
NEF_GNETS_NPA6_2025_13,thornthwaite,1472.5914833938925,3072,0.4793592068339494,Moist forest|Wet forest
NEF_GNETS_NPA6_2025_14,thornthwaite,1472.5914869613532,3072,0.4793592079952322,Moist forest|Wet forest
NEF_GNETS_NPAC_2025_1,thornthwaite,1440.86228317404,3106,0.46389642085448807,Moist forest|Wet forest
NEF_GNETS_NPAC_2025_2,thornthwaite,1440.8622719792838,3106,0.4638964172502524,Moist forest|Wet forest
NEF_GNETS_NPAC_2025_3,thornthwaite,1440.8622664113818,3106,0.46389641545762456,Moist forest|Wet forest
NEF_GNETS_NPAC_2025_4,thornthwaite,1440.8622767195102,3106,0.4638964187764038,Moist forest|Wet forest
NEF_GNETS_NPAC_2025_5,thornthwaite,1440.8622823462324,3106,0.4638964205879692,Moist forest|Wet forest
NEF_GNETS_NPAC_2025_6,thornthwaite,1440.8622879142683,3106,0.46389642238064016,Moist forest|Wet forest
NEF_GNETS_NPAC_2025_7,thornthwaite,1440.8622935409935,3106,0.46389642419220656,Moist forest|Wet forest
NEF_GNETS_NPAC_2025_8,thornthwaite,1440.8623038491335,3106,0.46389642751098953,Moist forest|Wet forest
NEF_GNETS_NPAC_2025_9,thornthwaite,1440.8622927133156,3106,0.46389642392572944,Moist forest|Wet forest
NEF_GNETS_NPAC_2025_10,thornthwaite,1440.862287086526,3106,0.46389642211414234,Moist forest|Wet forest
NEF_GNETS_NPAC_2025_11,thornthwaite,1440.8622974535463,3106,0.46389642545188225,Moist forest|Wet forest
NEF_GNETS_NPAC_2025_12,thornthwaite,1440.8623030214555,3106,0.4638964272445124,Moist forest|Wet forest
NEF_GNETS_NPAC_2025_13,thornthwaite,1440.8623086483137,3106,0.4638964290561216,Moist forest|Wet forest
NEF_GNETS_NPAC_2025_14,thornthwaite,1440.8623142162257,3106,0.46389643084875265,Moist forest|Wet forest
NEF_GNETS_PA01_2025_1,thornthwaite,1475.279199851176,2814,0.5242641079783852,Moist forest
NEF_GNETS_PA01_2025_2,thornthwaite,1475.279195870007,2814,0.524264106563613,Moist forest
NEF_GNETS_PA01_2025_3,thornthwaite,1475.279191888762,2814,0.5242641051488137,Moist forest
NEF_GNETS_PA01_2025_4,thornthwaite,1475.2791879075949,2814,0.5242641037340422,Moist forest
NEF_GNETS_PA01_2025_5,thornthwaite,1475.2791744131182,2814,0.5242640989385636,Moist forest
NEF_GNETS_PA01_2025_6,thornthwaite,1475.2791783942828,2814,0.5242641003533344,Moist forest
NEF_GNETS_PA01_2025_7,thornthwaite,1475.279182375448,2814,0.5242641017681052,Moist forest
NEF_GNETS_PA01_2025_8,thornthwaite,1475.279186356692,2814,0.5242641031829041,Moist forest
NEF_GNETS_PA01_2025_9,thornthwaite,1475.2791728621385,2814,0.5242640983873982,Moist forest
NEF_GNETS_PA01_2025_10,thornthwaite,1475.2791688809748,2814,0.5242640969726279,Moist forest
NEF_GNETS_PA01_2025_11,thornthwaite,1475.2791648998116,2814,0.5242640955578577,Moist forest
NEF_GNETS_PA01_2025_12,thornthwaite,1475.2791609185717,2814,0.5242640941430603,Moist forest
NEF_GNETS_PA01_2025_13,thornthwaite,1475.2791474243443,2814,0.5242640893476703,Moist forest
NEF_GNETS_PA01_2025_14,thornthwaite,1475.2791514052708,2814,0.5242640907623564,Moist forest
NEF_GNETS_PA01_2025_15,thornthwaite,1475.2791553864313,2814,0.5242640921771256,Moist forest
NEF_GNETS_PA01_2025_16,thornthwaite,1475.2791593676711,2814,0.5242640935919229,Moist forest
NEF_GNETS_PA02_2025_1,thornthwaite,1475.2780291079632,2777,0.5312488401541099,Moist forest
NEF_GNETS_PA02_2025_2,thornthwaite,1475.2780251974098,2777,0.5312488387459163,Moist forest
NEF_GNETS_PA02_2025_3,thornthwaite,1475.2780212165242,2777,0.5312488373123961,Moist forest
NEF_GNETS_PA02_2025_4,thornthwaite,1475.278034710396,2777,0.5312488421715506,Moist forest
NEF_GNETS_PA02_2025_5,thornthwaite,1475.2780386915174,2777,0.5312488436051557,Moist forest
NEF_GNETS_PA02_2025_6,thornthwaite,1475.278042602073,2777,0.53124884501335,Moist forest
NEF_GNETS_PA02_2025_7,thornthwaite,1475.2780465829624,2777,0.5312488464468715,Moist forest
NEF_GNETS_PA02_2025_8,thornthwaite,1475.2780600767715,2777,0.5312488513060034,Moist forest
NEF_GNETS_PA02_2025_9,thornthwaite,1475.2780561662903,2777,0.5312488498978359,Moist forest
NEF_GNETS_PA02_2025_10,thornthwaite,1475.2780521853995,2777,0.5312488484643139,Moist forest
NEF_GNETS_PA02_2025_11,thornthwaite,1475.2780482748424,2777,0.531248847056119,Moist forest
NEF_GNETS_PA02_2025_12,thornthwaite,1475.2780656794453,2777,0.5312488533235309,Moist forest
NEF_GNETS_PA02_2025_13,thornthwaite,1475.2780696603386,2777,0.5312488547570539,Moist forest
NEF_GNETS_PA02_2025_14,thornthwaite,1475.2780735708993,2777,0.53124885616525,Moist forest
NEF_GNETS_PA03_2025_1,thornthwaite,1475.2792078135144,2814,0.5242641108079298,Moist forest
NEF_GNETS_PA03_2025_2,thornthwaite,1475.2792117947627,2814,0.5242641122227302,Moist forest
NEF_GNETS_PA03_2025_3,thornthwaite,1475.279215775934,2814,0.5242641136375032,Moist forest
NEF_GNETS_PA03_2025_4,thornthwaite,1475.279219757106,2814,0.5242641150522764,Moist forest
NEF_GNETS_PA03_2025_5,thornthwaite,1475.279206262533,2814,0.5242641102567637,Moist forest
NEF_GNETS_PA03_2025_6,thornthwaite,1475.279202281363,2814,0.52426410884199115,Moist forest
NEF_GNETS_PA03_2025_7,thornthwaite,1475.279194319026,2814,0.524264106012447,Moist forest
NEF_GNETS_PA03_2025_8,thornthwaite,1475.2791808244679,2814,0.5242641012169396,Moist forest
NEF_GNETS_PA03_2025_9,thornthwaite,1475.279184805634,2814,0.5242641026317107,Moist forest
NEF_GNETS_PA03_2025_10,thornthwaite,1475.2791887868002,2814,0.5242641040464819,Moist forest
NEF_GNETS_PA03_2025_11,thornthwaite,1475.2791927680453,2814,0.5242641054612812,Moist forest
NEF_GNETS_PA03_2025_12,thornthwaite,1475.2791793438246,2814,0.5242641006907692,Moist forest
NEF_GNETS_PA03_2025_13,thornthwaite,1475.279175292323,2814,0.5242640992510033,Moist forest
NEF_GNETS_PA03_2025_14,thornthwaite,1475.279171311159,2814,0.5242640978362327,Moist forest
NEF_GNETS_PA03_2025_15,thornthwaite,1475.2791673299957,2814,0.5242640964214625,Moist forest
NEF_GNETS_PA11_2025_1,thornthwaite,1475.2780005396137,2777,0.5312488298666236,Moist forest
NEF_GNETS_PA11_2025_2,thornthwaite,1475.2779958558715,2777,0.5312488281800042,Moist forest
NEF_GNETS_PA11_2025_3,thornthwaite,1475.277991172442,2777,0.5312488264934973,Moist forest
NEF_GNETS_PA11_2025_4,thornthwaite,1475.2779864887016,2777,0.5312488248068785,Moist forest
NEF_GNETS_PA11_2025_5,thornthwaite,1475.2779997692983,2777,0.5312488295892324,Moist forest
NEF_GNETS_PA11_2025_6,thornthwaite,1475.2780044530411,2777,0.5312488312758521,Moist forest
NEF_GNETS_PA11_2025_7,thornthwaite,1475.2780091367074,2777,0.5312488329624442,Moist forest
NEF_GNETS_PA11_2025_8,thornthwaite,1475.2780138202186,2777,0.5312488346489804,Moist forest
NEF_GNETS_PA11_2025_9,thornthwaite,1475.278027101065,2777,0.5312488394314242,Moist forest
NEF_GNETS_PA11_2025_10,thornthwaite,1475.278022417317,2777,0.5312488377448027,Moist forest
NEF_GNETS_PA11_2025_11,thornthwaite,1475.2780177336488,2777,0.5312488360582098,Moist forest
NEF_GNETS_PA11_2025_12,thornthwaite,1475.2780130499032,2777,0.5312488343715892,Moist forest
NEF_GNETS_PA11_2025_13,thornthwaite,1475.2780263305156,2777,0.5312488391539487,Moist forest
NEF_GNETS_PA11_2025_14,thornthwaite,1475.278031014264,2777,0.5312488408405703,Moist forest
NEF_GNETS_PA11_2025_15,thornthwaite,1475.2780356979351,2777,0.5312488425271643,Moist forest
NEF_GNETS_PA12_2025_1,thornthwaite,1475.2780409804484,2777,0.5312488444294017,Moist forest
NEF_GNETS_PA12_2025_2,thornthwaite,1475.2780448910048,2777,0.5312488458375962,Moist forest
NEF_GNETS_PA12_2025_3,thornthwaite,1475.2780488718163,2777,0.5312488472710898,Moist forest
NEF_GNETS_PA12_2025_4,thornthwaite,1475.2780527823738,2777,0.5312488486792848,Moist forest
NEF_GNETS_PA12_2025_5,thornthwaite,1475.2780662764976,2777,0.5312488535385299,Moist forest
NEF_GNETS_PA12_2025_6,thornthwaite,1475.2780623659378,2777,0.5312488521303341,Moist forest
NEF_GNETS_PA12_2025_7,thornthwaite,1475.2780583848905,2777,0.5312488506967556,Moist forest
NEF_GNETS_PA12_2025_8,thornthwaite,1475.278054474332,2777,0.5312488492885603,Moist forest
NEF_GNETS_PA12_2025_9,thornthwaite,1475.2780679684572,2777,0.531248854147806,Moist forest
NEF_GNETS_PA12_2025_10,thornthwaite,1475.27807187894,2777,0.531248855555974,Moist forest
NEF_GNETS_PA12_2025_11,thornthwaite,1475.2780758598346,2777,0.5312488569894975,Moist forest
NEF_GNETS_PA12_2025_12,thornthwaite,1475.2780797703963,2777,0.531248858397694,Moist forest
NEF_GNETS_PA12_2025_13,thornthwaite,1475.2780932645362,2777,0.531248863256945,Moist forest
NEF_GNETS_PA12_2025_14,thornthwaite,1475.278089353972,2777,0.5312488618487476,Moist forest
NEF_GNETS_PA12_2025_15,thornthwaite,1475.2780854432526,2777,0.5312488604404942,Moist forest
NEF_GNETS_PA12_2025_16,thornthwaite,1475.2780814623568,2777,0.5312488590069704,Moist forest
NEF_NEBEDIV_CSG61_2025_1,thornthwaite,1452.7144010744191,2880,0.5044147225952844,Moist forest
NEF_NEBEDIV_CSG61_2025_2,thornthwaite,1452.7144010744191,2880,0.5044147225952844,Moist forest
NEF_NEBEDIV_CSG61_2025_3,thornthwaite,1452.7144010744191,2880,0.5044147225952844,Moist forest
NEF_NEBEDIV_CSG61_2025_4,thornthwaite,1452.7144010744191,2880,0.5044147225952844,Moist forest
NEF_NEBEDIV_CSG61_2025_5,thornthwaite,1452.7144010744191,2880,0.5044147225952844,Moist forest
NEF_NEBEDIV_CSG61_2025_6,thornthwaite,1452.7144010744191,2880,0.5044147225952844,Moist forest
NEF_NEBEDIV_CSG61_2025_7,thornthwaite,1452.7144010744191,2880,0.5044147225952844,Moist forest
NEF_NEBEDIV_CSG61_2025_8,thornthwaite,1452.7144010744191,2880,0.5044147225952844,Moist forest
NEF_NEBEDIV_CSG61_2025_9,thornthwaite,1452.7144010744191,2880,0.5044147225952844,Moist forest
NEF_NEBEDIV_CSG61_2025_10,thornthwaite,1452.7144010744191,2880,0.5044147225952844,Moist forest
NEF_NEBEDIV_CSG61_2025_11,thornthwaite,1452.7144010744191,2880,0.5044147225952844,Moist forest
NEF_NEBEDIV_CSG61_2025_12,thornthwaite,1452.7144010744191,2880,0.5044147225952844,Moist forest
NEF_NEBEDIV_CSG61_2025_13,thornthwaite,1452.7144010744191,2880,0.5044147225952844,Moist forest
NEF_NEBEDIV_CSG61_2025_14,thornthwaite,1452.7144010744191,2880,0.5044147225952844,Moist forest
NEF_NEBEDIV_CSG61_2025_15,thornthwaite,1452.7144010744191,2880,0.5044147225952844,Moist forest
NEF_NEBEDIV_CSG61_2025_16,thornthwaite,1452.7144010744191,2880,0.5044147225952844,Moist forest
NEF_NEBEDIV_CSG61_2025_17,thornthwaite,1452.7144010744191,2880,0.5044147225952844,Moist forest
NEF_NEBEDIV_CSG61_2025_18,thornthwaite,1452.7144010744191,2880,0.5044147225952844,Moist forest
NEF_NEBEDIV_CSG61_2025_19,thornthwaite,1452.7144010744191,2880,0.5044147225952844,Moist forest
NEF_NEBEDIV_CSG61_2025_20,thornthwaite,1452.7144010744191,2880,0.5044147225952844,Moist forest
NEF_NEBEDIV_CSG61_2025_21,thornthwaite,1452.7144010744191,2880,0.5044147225952844,Moist forest
NEF_NEBEDIV_CSG61_2025_22,thornthwaite,1452.7144010744191,2880,0.5044147225952844,Moist forest
NEF_NEBEDIV_CSG61_2025_23,thornthwaite,1452.7144010744191,2880,0.5044147225952844,Moist forest
NEF_NEBEDIV_CSG61_2025_24,thornthwaite,1452.7144010744191,2880,0.5044147225952844,Moist forest
NEF_NEBEDIV_CSG61_2025_25,thornthwaite,1452.7144010744191,2880,0.5044147225952844,Moist forest
NEF_NEBEDIV_CSG61_2025_26,thornthwaite,1452.7144010744191,2880,0.5044147225952844,Moist forest
NEF_NEBEDIV_CSG61_2025_27,thornthwaite,1452.7144010744191,2880,0.5044147225952844,Moist forest
NEF_NEBEDIV_CSG61_2025_28,thornthwaite,1452.7144010744191,2880,0.5044147225952844,Moist forest
NEF_NEBEDIV_CSG61_2025_29,thornthwaite,1452.7144010744191,2880,0.5044147225952844,Moist forest
NEF_NEBEDIV_CSG61_2025_30,thornthwaite,1452.7144010744191,2880,0.5044147225952844,Moist forest
NEF_NEBEDIV_CSG61_2025_31,thornthwaite,1452.7144010744191,2880,0.5044147225952844,Moist forest
NEF_NEBEDIV_CSG61_2025_32,thornthwaite,1452.7144010744191,2880,0.5044147225952844,Moist forest
NEF_NEBEDIV_CSG61_2025_33,thornthwaite,1452.7144010744191,2880,0.5044147225952844,Moist forest
NEF_NEBEDIV_CSG61_2025_34,thornthwaite,1452.7144010744191,2880,0.5044147225952844,Moist forest
NEF_NEBEDIV_CSG61_2025_35,thornthwaite,1452.7144010744191,2880,0.5044147225952844,Moist forest
NEF_NEBEDIV_CSG61_2025_36,thornthwaite,1452.7144010744191,2880,0.5044147225952844,Moist forest
NEF_NEBEDIV_CSG61_2025_37,thornthwaite,1452.7144010744191,2880,0.5044147225952844,Moist forest
NEF_NEBEDIV_CSG61_2025_38,thornthwaite,1452.7144010744191,2880,0.5044147225952844,Moist forest
NEF_NEBEDIV_CSG61_2025_39,thornthwaite,1452.7144010744191,2880,0.5044147225952844,Moist forest
NEF_NEBEDIV_CSG61_2025_40,thornthwaite,1452.7144010744191,2880,0.5044147225952844,Moist forest
NEF_NEBEDIV_CSG61_2025_41,thornthwaite,1452.7144010744191,2880,0.5044147225952844,Moist forest
NEF_NEBEDIV_CSG61_2025_42,thornthwaite,1452.7144010744191,2880,0.5044147225952844,Moist forest
NEF_NEBEDIV_CSG61_2025_43,thornthwaite,1452.7144010744191,2880,0.5044147225952844,Moist forest
NEF_NEBEDIV_CSG61_2025_44,thornthwaite,1452.7144010744191,2880,0.5044147225952844,Moist forest
NEF_NEBEDIV_CSG61_2025_45,thornthwaite,1452.7144010744191,2880,0.5044147225952844,Moist forest
NEF_NEBEDIV_CSG61_2025_46,thornthwaite,1452.7144010744191,2880,0.5044147225952844,Moist forest
NEF_NEBEDIV_CSG61_2025_47,thornthwaite,1452.7144010744191,2880,0.5044147225952844,Moist forest
NEF_NEBEDIV_CSG61_2025_48,thornthwaite,1452.7144010744191,2880,0.5044147225952844,Moist forest
NEF_NEBEDIV_CSG61_2025_49,thornthwaite,1452.7144010744191,2880,0.5044147225952844,Moist forest
NEF_NEBEDIV_CSG62_2025_1,thornthwaite,1458.0217091257334,2740,0.5321247113597567,Moist forest
NEF_NEBEDIV_CSG62_2025_2,thornthwaite,1458.0217091257334,2740,0.5321247113597567,Moist forest
NEF_NEBEDIV_CSG62_2025_3,thornthwaite,1458.0217091257334,2740,0.5321247113597567,Moist forest
NEF_NEBEDIV_CSG62_2025_4,thornthwaite,1458.0217091257334,2740,0.5321247113597567,Moist forest
NEF_NEBEDIV_CSG62_2025_5,thornthwaite,1458.0217091257334,2740,0.5321247113597567,Moist forest
NEF_NEBEDIV_CSG62_2025_6,thornthwaite,1458.0217091257334,2740,0.5321247113597567,Moist forest
NEF_NEBEDIV_CSG62_2025_7,thornthwaite,1458.0217091257334,2740,0.5321247113597567,Moist forest
NEF_NEBEDIV_CSG62_2025_8,thornthwaite,1458.0217091257334,2740,0.5321247113597567,Moist forest
NEF_NEBEDIV_CSG62_2025_9,thornthwaite,1458.0217091257334,2740,0.5321247113597567,Moist forest
NEF_NEBEDIV_CSG62_2025_10,thornthwaite,1458.0217091257334,2740,0.5321247113597567,Moist forest
NEF_NEBEDIV_CSG62_2025_11,thornthwaite,1458.0217091257334,2740,0.5321247113597567,Moist forest
NEF_NEBEDIV_CSG62_2025_12,thornthwaite,1458.0217091257334,2740,0.5321247113597567,Moist forest
NEF_NEBEDIV_CSG62_2025_13,thornthwaite,1458.0217091257334,2740,0.5321247113597567,Moist forest
NEF_NEBEDIV_CSG62_2025_14,thornthwaite,1458.0217091257334,2740,0.5321247113597567,Moist forest
NEF_NEBEDIV_CSG62_2025_15,thornthwaite,1458.0217091257334,2740,0.5321247113597567,Moist forest
NEF_NEBEDIV_CSG62_2025_16,thornthwaite,1458.0217091257334,2740,0.5321247113597567,Moist forest
NEF_NEBEDIV_CSG62_2025_17,thornthwaite,1458.0217091257334,2740,0.5321247113597567,Moist forest
NEF_NEBEDIV_CSG62_2025_18,thornthwaite,1458.0217091257334,2740,0.5321247113597567,Moist forest
NEF_NEBEDIV_CSG62_2025_19,thornthwaite,1458.0217091257334,2740,0.5321247113597567,Moist forest
NEF_NEBEDIV_CSG62_2025_20,thornthwaite,1458.0217091257334,2740,0.5321247113597567,Moist forest
NEF_NEBEDIV_CSG62_2025_21,thornthwaite,1458.0217091257334,2740,0.5321247113597567,Moist forest
NEF_NEBEDIV_CSG62_2025_22,thornthwaite,1458.0217091257334,2740,0.5321247113597567,Moist forest
NEF_NEBEDIV_CSG62_2025_23,thornthwaite,1458.0217091257334,2740,0.5321247113597567,Moist forest
NEF_NEBEDIV_CSG62_2025_24,thornthwaite,1458.0217091257334,2740,0.5321247113597567,Moist forest
NEF_NEBEDIV_CSG62_2025_25,thornthwaite,1458.0217091257334,2740,0.5321247113597567,Moist forest
NEF_NEBEDIV_CSG62_2025_26,thornthwaite,1458.0217091257334,2740,0.5321247113597567,Moist forest
NEF_NEBEDIV_CSG62_2025_27,thornthwaite,1458.0217091257334,2740,0.5321247113597567,Moist forest
NEF_NEBEDIV_CSG62_2025_28,thornthwaite,1458.0217091257334,2740,0.5321247113597567,Moist forest
NEF_NEBEDIV_CSG62_2025_29,thornthwaite,1458.0217091257334,2740,0.5321247113597567,Moist forest
NEF_NEBEDIV_CSG62_2025_30,thornthwaite,1458.0217091257334,2740,0.5321247113597567,Moist forest
NEF_NEBEDIV_CSG62_2025_31,thornthwaite,1458.0217091257334,2740,0.5321247113597567,Moist forest
NEF_NEBEDIV_CSG62_2025_32,thornthwaite,1458.0217091257334,2740,0.5321247113597567,Moist forest
NEF_NEBEDIV_CSG62_2025_33,thornthwaite,1458.0217091257334,2740,0.5321247113597567,Moist forest
NEF_NEBEDIV_CSG62_2025_34,thornthwaite,1458.0217091257334,2740,0.5321247113597567,Moist forest
NEF_NEBEDIV_CSG62_2025_35,thornthwaite,1458.0217091257334,2740,0.5321247113597567,Moist forest
NEF_NEBEDIV_CSG62_2025_36,thornthwaite,1458.0217091257334,2740,0.5321247113597567,Moist forest
NEF_NEBEDIV_CSG62_2025_37,thornthwaite,1458.0217091257334,2740,0.5321247113597567,Moist forest
NEF_NEBEDIV_CSG62_2025_38,thornthwaite,1458.0217091257334,2740,0.5321247113597567,Moist forest
NEF_NEBEDIV_CSG62_2025_39,thornthwaite,1458.0217091257334,2740,0.5321247113597567,Moist forest
NEF_NEBEDIV_CSG62_2025_40,thornthwaite,1458.0217091257334,2740,0.5321247113597567,Moist forest
NEF_NEBEDIV_CSG62_2025_41,thornthwaite,1458.0217091257334,2740,0.5321247113597567,Moist forest
NEF_NEBEDIV_CSG62_2025_42,thornthwaite,1458.0217091257334,2740,0.5321247113597567,Moist forest
NEF_NEBEDIV_CSG62_2025_43,thornthwaite,1458.0217091257334,2740,0.5321247113597567,Moist forest
NEF_NEBEDIV_CSG62_2025_44,thornthwaite,1458.0217091257334,2740,0.5321247113597567,Moist forest
NEF_NEBEDIV_CSG62_2025_45,thornthwaite,1458.0217091257334,2740,0.5321247113597567,Moist forest
NEF_NEBEDIV_CSG62_2025_46,thornthwaite,1458.0217091257334,2740,0.5321247113597567,Moist forest
NEF_NEBEDIV_CSG62_2025_47,thornthwaite,1458.0217091257334,2740,0.5321247113597567,Moist forest
NEF_NEBEDIV_CSG62_2025_48,thornthwaite,1458.0217091257334,2740,0.5321247113597567,Moist forest
NEF_NEBEDIV_CSG62_2025_49,thornthwaite,1458.0217091257334,2740,0.5321247113597567,Moist forest
NEF_NEBEDIV_CSG62_2025_50,thornthwaite,1458.0217091257334,2740,0.5321247113597567,Moist forest
NEF_NEBEDIV_CSG62_2025_51,thornthwaite,1458.0217091257334,2740,0.5321247113597567,Moist forest
NEF_NEBEDIV_CSG62_2025_52,thornthwaite,1458.0217091257334,2740,0.5321247113597567,Moist forest
NEF_NEBEDIV_CSG62_2025_53,thornthwaite,1458.0217091257334,2740,0.5321247113597567,Moist forest
NEF_NEBEDIV_CSG62_2025_54,thornthwaite,1458.0217091257334,2740,0.5321247113597567,Moist forest
NEF_NEBEDIV_CSG63_2025_1,thornthwaite,1458.021611360513,2740,0.5321246756790193,Moist forest
NEF_NEBEDIV_CSG63_2025_2,thornthwaite,1458.021611360513,2740,0.5321246756790193,Moist forest
NEF_NEBEDIV_CSG63_2025_3,thornthwaite,1458.021611360513,2740,0.5321246756790193,Moist forest
NEF_NEBEDIV_CSG63_2025_4,thornthwaite,1458.021611360513,2740,0.5321246756790193,Moist forest
NEF_NEBEDIV_CSG63_2025_5,thornthwaite,1458.021611360513,2740,0.5321246756790193,Moist forest
NEF_NEBEDIV_CSG63_2025_6,thornthwaite,1458.021611360513,2740,0.5321246756790193,Moist forest
NEF_NEBEDIV_CSG63_2025_7,thornthwaite,1458.021611360513,2740,0.5321246756790193,Moist forest
NEF_NEBEDIV_CSG63_2025_8,thornthwaite,1458.021611360513,2740,0.5321246756790193,Moist forest
NEF_NEBEDIV_CSG63_2025_9,thornthwaite,1458.021611360513,2740,0.5321246756790193,Moist forest
NEF_NEBEDIV_CSG63_2025_10,thornthwaite,1458.021611360513,2740,0.5321246756790193,Moist forest
NEF_NEBEDIV_CSG63_2025_11,thornthwaite,1458.021611360513,2740,0.5321246756790193,Moist forest
NEF_NEBEDIV_CSG63_2025_12,thornthwaite,1458.021611360513,2740,0.5321246756790193,Moist forest
NEF_NEBEDIV_CSG63_2025_13,thornthwaite,1458.021611360513,2740,0.5321246756790193,Moist forest
NEF_NEBEDIV_CSG63_2025_14,thornthwaite,1458.021611360513,2740,0.5321246756790193,Moist forest
NEF_NEBEDIV_CSG63_2025_15,thornthwaite,1458.021611360513,2740,0.5321246756790193,Moist forest
NEF_NEBEDIV_CSG63_2025_16,thornthwaite,1458.021611360513,2740,0.5321246756790193,Moist forest
NEF_NEBEDIV_CSG63_2025_17,thornthwaite,1458.021611360513,2740,0.5321246756790193,Moist forest
NEF_NEBEDIV_CSG63_2025_18,thornthwaite,1458.021611360513,2740,0.5321246756790193,Moist forest
NEF_NEBEDIV_CSG63_2025_19,thornthwaite,1458.021611360513,2740,0.5321246756790193,Moist forest
NEF_NEBEDIV_CSG63_2025_20,thornthwaite,1458.021611360513,2740,0.5321246756790193,Moist forest
NEF_NEBEDIV_CSG63_2025_21,thornthwaite,1458.021611360513,2740,0.5321246756790193,Moist forest
NEF_NEBEDIV_CSG63_2025_22,thornthwaite,1458.021611360513,2740,0.5321246756790193,Moist forest
NEF_NEBEDIV_CSG63_2025_23,thornthwaite,1458.021611360513,2740,0.5321246756790193,Moist forest
NEF_NEBEDIV_CSG63_2025_24,thornthwaite,1458.021611360513,2740,0.5321246756790193,Moist forest
NEF_NEBEDIV_CSG63_2025_25,thornthwaite,1458.021611360513,2740,0.5321246756790193,Moist forest
NEF_NEBEDIV_CSG63_2025_26,thornthwaite,1458.021611360513,2740,0.5321246756790193,Moist forest
NEF_NEBEDIV_CSG63_2025_27,thornthwaite,1458.021611360513,2740,0.5321246756790193,Moist forest
NEF_NEBEDIV_CSG63_2025_28,thornthwaite,1458.021611360513,2740,0.5321246756790193,Moist forest
NEF_NEBEDIV_CSG63_2025_29,thornthwaite,1458.021611360513,2740,0.5321246756790193,Moist forest
NEF_NEBEDIV_CSG63_2025_30,thornthwaite,1458.021611360513,2740,0.5321246756790193,Moist forest
NEF_NEBEDIV_CSG63_2025_31,thornthwaite,1458.021611360513,2740,0.5321246756790193,Moist forest
NEF_NEBEDIV_CSG63_2025_32,thornthwaite,1458.021611360513,2740,0.5321246756790193,Moist forest
NEF_NEBEDIV_CSG63_2025_33,thornthwaite,1458.021611360513,2740,0.5321246756790193,Moist forest
NEF_NEBEDIV_CSG63_2025_34,thornthwaite,1458.021611360513,2740,0.5321246756790193,Moist forest
NEF_NEBEDIV_CSG63_2025_35,thornthwaite,1458.021611360513,2740,0.5321246756790193,Moist forest
NEF_NEBEDIV_CSG63_2025_36,thornthwaite,1458.021611360513,2740,0.5321246756790193,Moist forest
NEF_NEBEDIV_CSG63_2025_37,thornthwaite,1458.021611360513,2740,0.5321246756790193,Moist forest
NEF_NEBEDIV_CSG63_2025_38,thornthwaite,1458.021611360513,2740,0.5321246756790193,Moist forest
NEF_NEBEDIV_CSG63_2025_39,thornthwaite,1458.021611360513,2740,0.5321246756790193,Moist forest
NEF_NEBEDIV_CSG63_2025_40,thornthwaite,1458.021611360513,2740,0.5321246756790193,Moist forest
NEF_NEBEDIV_CSG63_2025_41,thornthwaite,1458.021611360513,2740,0.5321246756790193,Moist forest
NEF_NEBEDIV_CSG63_2025_42,thornthwaite,1458.021611360513,2740,0.5321246756790193,Moist forest
NEF_NEBEDIV_CSG63_2025_43,thornthwaite,1458.021611360513,2740,0.5321246756790193,Moist forest
NEF_NEBEDIV_CSG63_2025_44,thornthwaite,1458.021611360513,2740,0.5321246756790193,Moist forest
NEF_NEBEDIV_CSG64_2025_1,thornthwaite,1447.137671093166,2903,0.4984973031667813,Moist forest|Wet forest
NEF_NEBEDIV_CSG64_2025_2,thornthwaite,1447.137671093166,2903,0.4984973031667813,Moist forest|Wet forest
NEF_NEBEDIV_CSG64_2025_3,thornthwaite,1447.137671093166,2903,0.4984973031667813,Moist forest|Wet forest
NEF_NEBEDIV_CSG64_2025_4,thornthwaite,1447.137671093166,2903,0.4984973031667813,Moist forest|Wet forest
NEF_NEBEDIV_CSG64_2025_5,thornthwaite,1447.137671093166,2903,0.4984973031667813,Moist forest|Wet forest
NEF_NEBEDIV_CSG64_2025_6,thornthwaite,1447.137671093166,2903,0.4984973031667813,Moist forest|Wet forest
NEF_NEBEDIV_CSG64_2025_7,thornthwaite,1447.137671093166,2903,0.4984973031667813,Moist forest|Wet forest
NEF_NEBEDIV_CSG64_2025_8,thornthwaite,1447.137671093166,2903,0.4984973031667813,Moist forest|Wet forest
NEF_NEBEDIV_CSG64_2025_9,thornthwaite,1447.137671093166,2903,0.4984973031667813,Moist forest|Wet forest
NEF_NEBEDIV_CSG64_2025_10,thornthwaite,1447.137671093166,2903,0.4984973031667813,Moist forest|Wet forest
NEF_NEBEDIV_CSG64_2025_11,thornthwaite,1447.137671093166,2903,0.4984973031667813,Moist forest|Wet forest
NEF_NEBEDIV_CSG64_2025_12,thornthwaite,1447.137671093166,2903,0.4984973031667813,Moist forest|Wet forest
NEF_NEBEDIV_CSG64_2025_13,thornthwaite,1447.137671093166,2903,0.4984973031667813,Moist forest|Wet forest
NEF_NEBEDIV_CSG64_2025_14,thornthwaite,1447.137671093166,2903,0.4984973031667813,Moist forest|Wet forest
NEF_NEBEDIV_CSG64_2025_15,thornthwaite,1447.137671093166,2903,0.4984973031667813,Moist forest|Wet forest
NEF_NEBEDIV_CSG64_2025_16,thornthwaite,1447.137671093166,2903,0.4984973031667813,Moist forest|Wet forest
NEF_NEBEDIV_CSG64_2025_17,thornthwaite,1447.137671093166,2903,0.4984973031667813,Moist forest|Wet forest
NEF_NEBEDIV_CSG64_2025_18,thornthwaite,1447.137671093166,2903,0.4984973031667813,Moist forest|Wet forest
NEF_NEBEDIV_CSG64_2025_19,thornthwaite,1447.137671093166,2903,0.4984973031667813,Moist forest|Wet forest
NEF_NEBEDIV_CSG64_2025_20,thornthwaite,1447.137671093166,2903,0.4984973031667813,Moist forest|Wet forest
NEF_NEBEDIV_CSG64_2025_21,thornthwaite,1447.137671093166,2903,0.4984973031667813,Moist forest|Wet forest
NEF_NEBEDIV_CSG64_2025_22,thornthwaite,1447.137671093166,2903,0.4984973031667813,Moist forest|Wet forest
NEF_NEBEDIV_CSG64_2025_23,thornthwaite,1447.137671093166,2903,0.4984973031667813,Moist forest|Wet forest
NEF_NEBEDIV_CSG64_2025_24,thornthwaite,1447.137671093166,2903,0.4984973031667813,Moist forest|Wet forest
NEF_NEBEDIV_CSG64_2025_25,thornthwaite,1447.137671093166,2903,0.4984973031667813,Moist forest|Wet forest
NEF_NEBEDIV_CSG64_2025_26,thornthwaite,1447.137671093166,2903,0.4984973031667813,Moist forest|Wet forest
NEF_NEBEDIV_CSG64_2025_27,thornthwaite,1447.137671093166,2903,0.4984973031667813,Moist forest|Wet forest
NEF_NEBEDIV_CSG64_2025_28,thornthwaite,1447.137671093166,2903,0.4984973031667813,Moist forest|Wet forest
NEF_NEBEDIV_CSG64_2025_29,thornthwaite,1447.137671093166,2903,0.4984973031667813,Moist forest|Wet forest
NEF_NEBEDIV_CSG64_2025_30,thornthwaite,1447.137671093166,2903,0.4984973031667813,Moist forest|Wet forest
NEF_NEBEDIV_CSG64_2025_31,thornthwaite,1447.137671093166,2903,0.4984973031667813,Moist forest|Wet forest
NEF_NEBEDIV_CSG64_2025_32,thornthwaite,1447.137671093166,2903,0.4984973031667813,Moist forest|Wet forest
NEF_NEBEDIV_CSG64_2025_33,thornthwaite,1447.137671093166,2903,0.4984973031667813,Moist forest|Wet forest
NEF_NEBEDIV_CSG64_2025_34,thornthwaite,1447.137671093166,2903,0.4984973031667813,Moist forest|Wet forest
NEF_NEBEDIV_CSG64_2025_35,thornthwaite,1447.137671093166,2903,0.4984973031667813,Moist forest|Wet forest
NEF_NEBEDIV_CSG64_2025_36,thornthwaite,1447.137671093166,2903,0.4984973031667813,Moist forest|Wet forest
NEF_NEBEDIV_CSG64_2025_37,thornthwaite,1447.137671093166,2903,0.4984973031667813,Moist forest|Wet forest
NEF_NEBEDIV_CSG64_2025_38,thornthwaite,1447.137671093166,2903,0.4984973031667813,Moist forest|Wet forest
NEF_NEBEDIV_CSG64_2025_39,thornthwaite,1447.137671093166,2903,0.4984973031667813,Moist forest|Wet forest
NEF_NEBEDIV_CSG64_2025_40,thornthwaite,1447.137671093166,2903,0.4984973031667813,Moist forest|Wet forest
NEF_NEBEDIV_CSG64_2025_41,thornthwaite,1447.137671093166,2903,0.4984973031667813,Moist forest|Wet forest
NEF_NEBEDIV_CSG64_2025_42,thornthwaite,1447.137671093166,2903,0.4984973031667813,Moist forest|Wet forest
NEF_NEBEDIV_CSG64_2025_43,thornthwaite,1447.137671093166,2903,0.4984973031667813,Moist forest|Wet forest
NEF_NEBEDIV_CSG64_2025_44,thornthwaite,1447.137671093166,2903,0.4984973031667813,Moist forest|Wet forest
NEF_NEBEDIV_CSG64_2025_45,thornthwaite,1447.137671093166,2903,0.4984973031667813,Moist forest|Wet forest
NEF_NEBEDIV_CSG64_2025_46,thornthwaite,1447.137671093166,2903,0.4984973031667813,Moist forest|Wet forest
NEF_NEBEDIV_CSG64_2025_47,thornthwaite,1447.137671093166,2903,0.4984973031667813,Moist forest|Wet forest
NEF_NEBEDIV_CSG64_2025_48,thornthwaite,1447.137671093166,2903,0.4984973031667813,Moist forest|Wet forest
NEF_NEBEDIV_CSG64_2025_49,thornthwaite,1447.137671093166,2903,0.4984973031667813,Moist forest|Wet forest
NEF_NEBEDIV_CSG64_2025_50,thornthwaite,1447.137671093166,2903,0.4984973031667813,Moist forest|Wet forest
NEF_NEBEDIV_CSG65_2025_1,thornthwaite,1455.4560565355623,3102,0.46919924453112904,Moist forest|Wet forest
NEF_NEBEDIV_CSG65_2025_2,thornthwaite,1455.4560565355623,3102,0.46919924453112904,Moist forest|Wet forest
NEF_NEBEDIV_CSG65_2025_3,thornthwaite,1455.4560565355623,3102,0.46919924453112904,Moist forest|Wet forest
NEF_NEBEDIV_CSG65_2025_4,thornthwaite,1455.4560565355623,3102,0.46919924453112904,Moist forest|Wet forest
NEF_NEBEDIV_CSG65_2025_5,thornthwaite,1455.4560565355623,3102,0.46919924453112904,Moist forest|Wet forest
NEF_NEBEDIV_CSG65_2025_6,thornthwaite,1455.4560565355623,3102,0.46919924453112904,Moist forest|Wet forest
NEF_NEBEDIV_CSG65_2025_7,thornthwaite,1455.4560565355623,3102,0.46919924453112904,Moist forest|Wet forest
NEF_NEBEDIV_CSG65_2025_8,thornthwaite,1455.4560565355623,3102,0.46919924453112904,Moist forest|Wet forest
NEF_NEBEDIV_CSG65_2025_9,thornthwaite,1455.4560565355623,3102,0.46919924453112904,Moist forest|Wet forest
NEF_NEBEDIV_CSG65_2025_10,thornthwaite,1455.4560565355623,3102,0.46919924453112904,Moist forest|Wet forest
NEF_NEBEDIV_CSG65_2025_11,thornthwaite,1455.4560565355623,3102,0.46919924453112904,Moist forest|Wet forest
NEF_NEBEDIV_CSG65_2025_12,thornthwaite,1455.4560565355623,3102,0.46919924453112904,Moist forest|Wet forest
NEF_NEBEDIV_CSG65_2025_13,thornthwaite,1455.4560565355623,3102,0.46919924453112904,Moist forest|Wet forest
NEF_NEBEDIV_CSG65_2025_14,thornthwaite,1455.4560565355623,3102,0.46919924453112904,Moist forest|Wet forest
NEF_NEBEDIV_CSG65_2025_15,thornthwaite,1455.4560565355623,3102,0.46919924453112904,Moist forest|Wet forest
NEF_NEBEDIV_CSG65_2025_16,thornthwaite,1455.4560565355623,3102,0.46919924453112904,Moist forest|Wet forest
NEF_NEBEDIV_CSG65_2025_17,thornthwaite,1455.4560565355623,3102,0.46919924453112904,Moist forest|Wet forest
NEF_NEBEDIV_CSG65_2025_18,thornthwaite,1455.4560565355623,3102,0.46919924453112904,Moist forest|Wet forest
NEF_NEBEDIV_CSG65_2025_19,thornthwaite,1455.4560565355623,3102,0.46919924453112904,Moist forest|Wet forest
NEF_NEBEDIV_CSG65_2025_20,thornthwaite,1455.4560565355623,3102,0.46919924453112904,Moist forest|Wet forest
NEF_NEBEDIV_CSG65_2025_21,thornthwaite,1455.4560565355623,3102,0.46919924453112904,Moist forest|Wet forest
NEF_NEBEDIV_CSG65_2025_22,thornthwaite,1455.4560565355623,3102,0.46919924453112904,Moist forest|Wet forest
NEF_NEBEDIV_CSG65_2025_23,thornthwaite,1455.4560565355623,3102,0.46919924453112904,Moist forest|Wet forest
NEF_NEBEDIV_CSG65_2025_24,thornthwaite,1455.4560565355623,3102,0.46919924453112904,Moist forest|Wet forest
NEF_NEBEDIV_CSG65_2025_25,thornthwaite,1455.4560565355623,3102,0.46919924453112904,Moist forest|Wet forest
NEF_NEBEDIV_CSG65_2025_26,thornthwaite,1455.4560565355623,3102,0.46919924453112904,Moist forest|Wet forest
NEF_NEBEDIV_CSG65_2025_27,thornthwaite,1455.4560565355623,3102,0.46919924453112904,Moist forest|Wet forest
NEF_NEBEDIV_CSG65_2025_28,thornthwaite,1455.4560565355623,3102,0.46919924453112904,Moist forest|Wet forest
NEF_NEBEDIV_CSG65_2025_29,thornthwaite,1455.4560565355623,3102,0.46919924453112904,Moist forest|Wet forest
NEF_NEBEDIV_CSG65_2025_30,thornthwaite,1455.4560565355623,3102,0.46919924453112904,Moist forest|Wet forest
NEF_NEBEDIV_CSG65_2025_31,thornthwaite,1455.4560565355623,3102,0.46919924453112904,Moist forest|Wet forest
NEF_NEBEDIV_CSG65_2025_32,thornthwaite,1455.4560565355623,3102,0.46919924453112904,Moist forest|Wet forest
NEF_NEBEDIV_CSG65_2025_33,thornthwaite,1455.4560565355623,3102,0.46919924453112904,Moist forest|Wet forest
NEF_NEBEDIV_CSG65_2025_34,thornthwaite,1455.4560565355623,3102,0.46919924453112904,Moist forest|Wet forest
NEF_NEBEDIV_CSG65_2025_35,thornthwaite,1455.4560565355623,3102,0.46919924453112904,Moist forest|Wet forest
NEF_NEBEDIV_CSG65_2025_36,thornthwaite,1455.4560565355623,3102,0.46919924453112904,Moist forest|Wet forest
NEF_NEBEDIV_CSG65_2025_37,thornthwaite,1455.4560565355623,3102,0.46919924453112904,Moist forest|Wet forest
NEF_NEBEDIV_CSG65_2025_38,thornthwaite,1455.4560565355623,3102,0.46919924453112904,Moist forest|Wet forest
NEF_NEBEDIV_CSG65_2025_39,thornthwaite,1455.4560565355623,3102,0.46919924453112904,Moist forest|Wet forest
NEF_NEBEDIV_CSG65_2025_40,thornthwaite,1455.4560565355623,3102,0.46919924453112904,Moist forest|Wet forest
NEF_NEBEDIV_CSG65_2025_41,thornthwaite,1455.4560565355623,3102,0.46919924453112904,Moist forest|Wet forest
NEF_NEBEDIV_CSG65_2025_42,thornthwaite,1455.4560565355623,3102,0.46919924453112904,Moist forest|Wet forest
NEF_NEBEDIV_CSG65_2025_43,thornthwaite,1455.4560565355623,3102,0.46919924453112904,Moist forest|Wet forest
NEF_NEBEDIV_CSG65_2025_44,thornthwaite,1455.4560565355623,3102,0.46919924453112904,Moist forest|Wet forest
NEF_NEBEDIV_CSG65_2025_45,thornthwaite,1455.4560565355623,3102,0.46919924453112904,Moist forest|Wet forest
NEF_NEBEDIV_CSG66_2025_1,thornthwaite,1452.7136275741088,3136,0.4632377638948051,Moist forest|Wet forest
NEF_NEBEDIV_CSG66_2025_2,thornthwaite,1452.7136275741088,3136,0.4632377638948051,Moist forest|Wet forest
NEF_NEBEDIV_CSG66_2025_3,thornthwaite,1452.7136275741088,3136,0.4632377638948051,Moist forest|Wet forest
NEF_NEBEDIV_CSG66_2025_4,thornthwaite,1452.7136275741088,3136,0.4632377638948051,Moist forest|Wet forest
NEF_NEBEDIV_CSG66_2025_5,thornthwaite,1452.7136275741088,3136,0.4632377638948051,Moist forest|Wet forest
NEF_NEBEDIV_CSG66_2025_6,thornthwaite,1452.7136275741088,3136,0.4632377638948051,Moist forest|Wet forest
NEF_NEBEDIV_CSG66_2025_7,thornthwaite,1452.7136275741088,3136,0.4632377638948051,Moist forest|Wet forest
NEF_NEBEDIV_CSG66_2025_8,thornthwaite,1452.7136275741088,3136,0.4632377638948051,Moist forest|Wet forest
NEF_NEBEDIV_CSG66_2025_9,thornthwaite,1452.7136275741088,3136,0.4632377638948051,Moist forest|Wet forest
NEF_NEBEDIV_CSG66_2025_10,thornthwaite,1452.7136275741088,3136,0.4632377638948051,Moist forest|Wet forest
NEF_NEBEDIV_CSG66_2025_11,thornthwaite,1452.7136275741088,3136,0.4632377638948051,Moist forest|Wet forest
NEF_NEBEDIV_CSG66_2025_12,thornthwaite,1452.7136275741088,3136,0.4632377638948051,Moist forest|Wet forest
NEF_NEBEDIV_CSG66_2025_13,thornthwaite,1452.7136275741088,3136,0.4632377638948051,Moist forest|Wet forest
NEF_NEBEDIV_CSG66_2025_14,thornthwaite,1452.7136275741088,3136,0.4632377638948051,Moist forest|Wet forest
NEF_NEBEDIV_CSG66_2025_15,thornthwaite,1452.7136275741088,3136,0.4632377638948051,Moist forest|Wet forest
NEF_NEBEDIV_CSG66_2025_16,thornthwaite,1452.7136275741088,3136,0.4632377638948051,Moist forest|Wet forest
NEF_NEBEDIV_CSG66_2025_17,thornthwaite,1452.7136275741088,3136,0.4632377638948051,Moist forest|Wet forest
NEF_NEBEDIV_CSG66_2025_18,thornthwaite,1452.7136275741088,3136,0.4632377638948051,Moist forest|Wet forest
NEF_NEBEDIV_CSG66_2025_19,thornthwaite,1452.7136275741088,3136,0.4632377638948051,Moist forest|Wet forest
NEF_NEBEDIV_CSG66_2025_20,thornthwaite,1452.7136275741088,3136,0.4632377638948051,Moist forest|Wet forest
NEF_NEBEDIV_CSG66_2025_21,thornthwaite,1452.7136275741088,3136,0.4632377638948051,Moist forest|Wet forest
NEF_NEBEDIV_CSG66_2025_22,thornthwaite,1452.7136275741088,3136,0.4632377638948051,Moist forest|Wet forest
NEF_NEBEDIV_CSG66_2025_23,thornthwaite,1452.7136275741088,3136,0.4632377638948051,Moist forest|Wet forest
NEF_NEBEDIV_CSG66_2025_24,thornthwaite,1452.7136275741088,3136,0.4632377638948051,Moist forest|Wet forest
NEF_NEBEDIV_CSG66_2025_25,thornthwaite,1452.7136275741088,3136,0.4632377638948051,Moist forest|Wet forest
NEF_NEBEDIV_CSG66_2025_26,thornthwaite,1452.7136275741088,3136,0.4632377638948051,Moist forest|Wet forest
NEF_NEBEDIV_CSG66_2025_27,thornthwaite,1452.7136275741088,3136,0.4632377638948051,Moist forest|Wet forest
NEF_NEBEDIV_CSG66_2025_28,thornthwaite,1452.7136275741088,3136,0.4632377638948051,Moist forest|Wet forest
NEF_NEBEDIV_CSG66_2025_29,thornthwaite,1452.7136275741088,3136,0.4632377638948051,Moist forest|Wet forest
NEF_NEBEDIV_CSG66_2025_30,thornthwaite,1452.7136275741088,3136,0.4632377638948051,Moist forest|Wet forest
NEF_NEBEDIV_CSG66_2025_31,thornthwaite,1452.7136275741088,3136,0.4632377638948051,Moist forest|Wet forest
NEF_NEBEDIV_CSG66_2025_32,thornthwaite,1452.7136275741088,3136,0.4632377638948051,Moist forest|Wet forest
NEF_NEBEDIV_CSG66_2025_33,thornthwaite,1452.7136275741088,3136,0.4632377638948051,Moist forest|Wet forest
NEF_NEBEDIV_CSG66_2025_34,thornthwaite,1452.7136275741088,3136,0.4632377638948051,Moist forest|Wet forest
NEF_NEBEDIV_CSG66_2025_35,thornthwaite,1452.7136275741088,3136,0.4632377638948051,Moist forest|Wet forest
NEF_NEBEDIV_CSG66_2025_36,thornthwaite,1452.7136275741088,3136,0.4632377638948051,Moist forest|Wet forest
NEF_NEBEDIV_CSG66_2025_37,thornthwaite,1452.7136275741088,3136,0.4632377638948051,Moist forest|Wet forest
NEF_NEBEDIV_CSG66_2025_38,thornthwaite,1452.7136275741088,3136,0.4632377638948051,Moist forest|Wet forest
NEF_NEBEDIV_CSG66_2025_39,thornthwaite,1452.7136275741088,3136,0.4632377638948051,Moist forest|Wet forest
NEF_NEBEDIV_CSG66_2025_40,thornthwaite,1452.7136275741088,3136,0.4632377638948051,Moist forest|Wet forest
NEF_NEBEDIV_CSG66_2025_41,thornthwaite,1452.7136275741088,3136,0.4632377638948051,Moist forest|Wet forest
NEF_NEBEDIV_CSG66_2025_42,thornthwaite,1452.7136275741088,3136,0.4632377638948051,Moist forest|Wet forest
NEF_NEBEDIV_CSG66_2025_43,thornthwaite,1452.7136275741088,3136,0.4632377638948051,Moist forest|Wet forest
NEF_NEBEDIV_LAU1_2025_1,thornthwaite,1532.4503906606037,2595,0.5905396495801941,Moist forest
NEF_NEBEDIV_LAU1_2025_2,thornthwaite,1532.4503906606037,2595,0.5905396495801941,Moist forest
NEF_NEBEDIV_LAU1_2025_3,thornthwaite,1532.4503906606037,2595,0.5905396495801941,Moist forest
NEF_NEBEDIV_LAU1_2025_4,thornthwaite,1532.4503906606037,2595,0.5905396495801941,Moist forest
NEF_NEBEDIV_LAU1_2025_5,thornthwaite,1532.4503906606037,2595,0.5905396495801941,Moist forest
NEF_NEBEDIV_LAU1_2025_6,thornthwaite,1532.4503906606037,2595,0.5905396495801941,Moist forest
NEF_NEBEDIV_LAU1_2025_7,thornthwaite,1532.4503906606037,2595,0.5905396495801941,Moist forest
NEF_NEBEDIV_LAU1_2025_8,thornthwaite,1532.4503906606037,2595,0.5905396495801941,Moist forest
NEF_NEBEDIV_LAU1_2025_9,thornthwaite,1532.4503906606037,2595,0.5905396495801941,Moist forest
NEF_NEBEDIV_LAU1_2025_10,thornthwaite,1532.4503906606037,2595,0.5905396495801941,Moist forest
NEF_NEBEDIV_LAU1_2025_11,thornthwaite,1532.4503906606037,2595,0.5905396495801941,Moist forest
NEF_NEBEDIV_LAU1_2025_12,thornthwaite,1532.4503906606037,2595,0.5905396495801941,Moist forest
NEF_NEBEDIV_LAU1_2025_13,thornthwaite,1532.4503906606037,2595,0.5905396495801941,Moist forest
NEF_NEBEDIV_LAU1_2025_14,thornthwaite,1532.4503906606037,2595,0.5905396495801941,Moist forest
NEF_NEBEDIV_LAU1_2025_15,thornthwaite,1532.4503906606037,2595,0.5905396495801941,Moist forest
NEF_NEBEDIV_LAU1_2025_16,thornthwaite,1532.4503906606037,2595,0.5905396495801941,Moist forest
NEF_NEBEDIV_LAU1_2025_17,thornthwaite,1532.4503906606037,2595,0.5905396495801941,Moist forest
NEF_NEBEDIV_LAU1_2025_18,thornthwaite,1532.4503906606037,2595,0.5905396495801941,Moist forest
NEF_NEBEDIV_LAU1_2025_19,thornthwaite,1532.4503906606037,2595,0.5905396495801941,Moist forest
NEF_NEBEDIV_LAU1_2025_20,thornthwaite,1532.4503906606037,2595,0.5905396495801941,Moist forest
NEF_NEBEDIV_LAU1_2025_21,thornthwaite,1532.4503906606037,2595,0.5905396495801941,Moist forest
NEF_NEBEDIV_LAU1_2025_22,thornthwaite,1532.4503906606037,2595,0.5905396495801941,Moist forest
NEF_NEBEDIV_LAU1_2025_23,thornthwaite,1532.4503906606037,2595,0.5905396495801941,Moist forest
NEF_NEBEDIV_LAU1_2025_24,thornthwaite,1532.4503906606037,2595,0.5905396495801941,Moist forest
NEF_NEBEDIV_LAU1_2025_25,thornthwaite,1532.4503906606037,2595,0.5905396495801941,Moist forest
NEF_NEBEDIV_LAU1_2025_26,thornthwaite,1532.4503906606037,2595,0.5905396495801941,Moist forest
NEF_NEBEDIV_LAU1_2025_27,thornthwaite,1532.4503906606037,2595,0.5905396495801941,Moist forest
NEF_NEBEDIV_LAU1_2025_28,thornthwaite,1532.4503906606037,2595,0.5905396495801941,Moist forest
NEF_NEBEDIV_LAU1_2025_29,thornthwaite,1532.4503906606037,2595,0.5905396495801941,Moist forest
NEF_NEBEDIV_LAU1_2025_30,thornthwaite,1532.4503906606037,2595,0.5905396495801941,Moist forest
NEF_NEBEDIV_LAU1_2025_31,thornthwaite,1532.4503906606037,2595,0.5905396495801941,Moist forest
NEF_NEBEDIV_LAU1_2025_32,thornthwaite,1532.4503906606037,2595,0.5905396495801941,Moist forest
NEF_NEBEDIV_LAU1_2025_33,thornthwaite,1532.4503906606037,2595,0.5905396495801941,Moist forest
NEF_NEBEDIV_LAU1_2025_34,thornthwaite,1532.4503906606037,2595,0.5905396495801941,Moist forest
NEF_NEBEDIV_LAU1_2025_35,thornthwaite,1532.4503906606037,2595,0.5905396495801941,Moist forest
NEF_NEBEDIV_LAU1_2025_36,thornthwaite,1532.4503906606037,2595,0.5905396495801941,Moist forest
NEF_NEBEDIV_LAU1_2025_37,thornthwaite,1532.4503906606037,2595,0.5905396495801941,Moist forest
NEF_NEBEDIV_LAU1_2025_38,thornthwaite,1532.4503906606037,2595,0.5905396495801941,Moist forest
NEF_NEBEDIV_LAU1_2025_39,thornthwaite,1532.4503906606037,2595,0.5905396495801941,Moist forest
NEF_NEBEDIV_LAU1_2025_40,thornthwaite,1532.4503906606037,2595,0.5905396495801941,Moist forest
NEF_NEBEDIV_LAU1_2025_41,thornthwaite,1532.4503906606037,2595,0.5905396495801941,Moist forest
NEF_NEBEDIV_LAU1_2025_42,thornthwaite,1532.4503906606037,2595,0.5905396495801941,Moist forest
NEF_NEBEDIV_LAU1_2025_43,thornthwaite,1532.4503906606037,2595,0.5905396495801941,Moist forest
NEF_NEBEDIV_LAU1_2025_44,thornthwaite,1532.4503906606037,2595,0.5905396495801941,Moist forest
NEF_NEBEDIV_LAU1_2025_45,thornthwaite,1532.4503906606037,2595,0.5905396495801941,Moist forest
NEF_NEBEDIV_LAU1_2025_46,thornthwaite,1532.4503906606037,2595,0.5905396495801941,Moist forest
NEF_NEBEDIV_LAU3_2025_1,thornthwaite,1532.4500390330995,2531,0.6054721608190832,Moist forest
NEF_NEBEDIV_LAU3_2025_2,thornthwaite,1532.4500390330995,2531,0.6054721608190832,Moist forest
NEF_NEBEDIV_LAU3_2025_3,thornthwaite,1532.4500390330995,2531,0.6054721608190832,Moist forest
NEF_NEBEDIV_LAU3_2025_4,thornthwaite,1532.4500390330995,2531,0.6054721608190832,Moist forest
NEF_NEBEDIV_LAU3_2025_5,thornthwaite,1532.4500390330995,2531,0.6054721608190832,Moist forest
NEF_NEBEDIV_LAU3_2025_6,thornthwaite,1532.4500390330995,2531,0.6054721608190832,Moist forest
NEF_NEBEDIV_LAU3_2025_7,thornthwaite,1532.4500390330995,2531,0.6054721608190832,Moist forest
NEF_NEBEDIV_LAU3_2025_8,thornthwaite,1532.4500390330995,2531,0.6054721608190832,Moist forest
NEF_NEBEDIV_LAU3_2025_9,thornthwaite,1532.4500390330995,2531,0.6054721608190832,Moist forest
NEF_NEBEDIV_LAU3_2025_10,thornthwaite,1532.4500390330995,2531,0.6054721608190832,Moist forest
NEF_NEBEDIV_LAU3_2025_11,thornthwaite,1532.4500390330995,2531,0.6054721608190832,Moist forest
NEF_NEBEDIV_LAU3_2025_12,thornthwaite,1532.4500390330995,2531,0.6054721608190832,Moist forest
NEF_NEBEDIV_LAU3_2025_13,thornthwaite,1532.4500390330995,2531,0.6054721608190832,Moist forest
NEF_NEBEDIV_LAU3_2025_14,thornthwaite,1532.4500390330995,2531,0.6054721608190832,Moist forest
NEF_NEBEDIV_LAU3_2025_15,thornthwaite,1532.4500390330995,2531,0.6054721608190832,Moist forest
NEF_NEBEDIV_LAU3_2025_16,thornthwaite,1532.4500390330995,2531,0.6054721608190832,Moist forest
NEF_NEBEDIV_LAU3_2025_17,thornthwaite,1532.4500390330995,2531,0.6054721608190832,Moist forest
NEF_NEBEDIV_LAU3_2025_18,thornthwaite,1532.4500390330995,2531,0.6054721608190832,Moist forest
NEF_NEBEDIV_LAU3_2025_19,thornthwaite,1532.4500390330995,2531,0.6054721608190832,Moist forest
NEF_NEBEDIV_LAU3_2025_20,thornthwaite,1532.4500390330995,2531,0.6054721608190832,Moist forest
NEF_NEBEDIV_LAU3_2025_21,thornthwaite,1532.4500390330995,2531,0.6054721608190832,Moist forest
NEF_NEBEDIV_LAU3_2025_22,thornthwaite,1532.4500390330995,2531,0.6054721608190832,Moist forest
NEF_NEBEDIV_LAU3_2025_23,thornthwaite,1532.4500390330995,2531,0.6054721608190832,Moist forest
NEF_NEBEDIV_LAU3_2025_24,thornthwaite,1532.4500390330995,2531,0.6054721608190832,Moist forest
NEF_NEBEDIV_LAU3_2025_25,thornthwaite,1532.4500390330995,2531,0.6054721608190832,Moist forest
NEF_NEBEDIV_LAU3_2025_26,thornthwaite,1532.4500390330995,2531,0.6054721608190832,Moist forest
NEF_NEBEDIV_LAU3_2025_27,thornthwaite,1532.4500390330995,2531,0.6054721608190832,Moist forest
NEF_NEBEDIV_LAU3_2025_28,thornthwaite,1532.4500390330995,2531,0.6054721608190832,Moist forest
NEF_NEBEDIV_LAU3_2025_29,thornthwaite,1532.4500390330995,2531,0.6054721608190832,Moist forest
NEF_NEBEDIV_LAU3_2025_30,thornthwaite,1532.4500390330995,2531,0.6054721608190832,Moist forest
NEF_NEBEDIV_LAU3_2025_31,thornthwaite,1532.4500390330995,2531,0.6054721608190832,Moist forest
NEF_NEBEDIV_LAU3_2025_32,thornthwaite,1532.4500390330995,2531,0.6054721608190832,Moist forest
NEF_NEBEDIV_LAU3_2025_33,thornthwaite,1532.4500390330995,2531,0.6054721608190832,Moist forest
NEF_NEBEDIV_LAU3_2025_34,thornthwaite,1532.4500390330995,2531,0.6054721608190832,Moist forest
NEF_NEBEDIV_LAU3_2025_35,thornthwaite,1532.4500390330995,2531,0.6054721608190832,Moist forest
NEF_NEBEDIV_LAU3_2025_36,thornthwaite,1532.4500390330995,2531,0.6054721608190832,Moist forest
NEF_NEBEDIV_LAU3_2025_37,thornthwaite,1532.4500390330995,2531,0.6054721608190832,Moist forest
NEF_NEBEDIV_LAU3_2025_38,thornthwaite,1532.4500390330995,2531,0.6054721608190832,Moist forest
NEF_NEBEDIV_LAU3_2025_39,thornthwaite,1532.4500390330995,2531,0.6054721608190832,Moist forest
NEF_NEBEDIV_LAU3_2025_40,thornthwaite,1532.4500390330995,2531,0.6054721608190832,Moist forest
NEF_NEBEDIV_LAU3_2025_41,thornthwaite,1532.4500390330995,2531,0.6054721608190832,Moist forest
NEF_NEBEDIV_LAU3_2025_42,thornthwaite,1532.4500390330995,2531,0.6054721608190832,Moist forest
NEF_NEBEDIV_LAU3_2025_43,thornthwaite,1532.4500390330995,2531,0.6054721608190832,Moist forest
NEF_NEBEDIV_LAU3_2025_44,thornthwaite,1532.4500390330995,2531,0.6054721608190832,Moist forest
NEF_NEBEDIV_LAU3_2025_45,thornthwaite,1532.4500390330995,2531,0.6054721608190832,Moist forest
NEF_NEBEDIV_LAU4_2025_1,thornthwaite,1527.795705641568,2495,0.6123429681930133,Moist forest
NEF_NEBEDIV_LAU4_2025_2,thornthwaite,1527.795705641568,2495,0.6123429681930133,Moist forest
NEF_NEBEDIV_LAU4_2025_3,thornthwaite,1527.795705641568,2495,0.6123429681930133,Moist forest
NEF_NEBEDIV_LAU4_2025_4,thornthwaite,1527.795705641568,2495,0.6123429681930133,Moist forest
NEF_NEBEDIV_LAU4_2025_5,thornthwaite,1527.795705641568,2495,0.6123429681930133,Moist forest
NEF_NEBEDIV_LAU4_2025_6,thornthwaite,1527.795705641568,2495,0.6123429681930133,Moist forest
NEF_NEBEDIV_LAU4_2025_7,thornthwaite,1527.795705641568,2495,0.6123429681930133,Moist forest
NEF_NEBEDIV_LAU4_2025_8,thornthwaite,1527.795705641568,2495,0.6123429681930133,Moist forest
NEF_NEBEDIV_LAU4_2025_9,thornthwaite,1527.795705641568,2495,0.6123429681930133,Moist forest
NEF_NEBEDIV_LAU4_2025_10,thornthwaite,1527.795705641568,2495,0.6123429681930133,Moist forest
NEF_NEBEDIV_LAU4_2025_11,thornthwaite,1527.795705641568,2495,0.6123429681930133,Moist forest
NEF_NEBEDIV_LAU4_2025_12,thornthwaite,1527.795705641568,2495,0.6123429681930133,Moist forest
NEF_NEBEDIV_LAU4_2025_13,thornthwaite,1527.795705641568,2495,0.6123429681930133,Moist forest
NEF_NEBEDIV_LAU4_2025_14,thornthwaite,1527.795705641568,2495,0.6123429681930133,Moist forest
NEF_NEBEDIV_LAU4_2025_15,thornthwaite,1527.795705641568,2495,0.6123429681930133,Moist forest
NEF_NEBEDIV_LAU4_2025_16,thornthwaite,1527.795705641568,2495,0.6123429681930133,Moist forest
NEF_NEBEDIV_LAU4_2025_17,thornthwaite,1527.795705641568,2495,0.6123429681930133,Moist forest
NEF_NEBEDIV_LAU4_2025_18,thornthwaite,1527.795705641568,2495,0.6123429681930133,Moist forest
NEF_NEBEDIV_LAU4_2025_19,thornthwaite,1527.795705641568,2495,0.6123429681930133,Moist forest
NEF_NEBEDIV_LAU4_2025_20,thornthwaite,1527.795705641568,2495,0.6123429681930133,Moist forest
NEF_NEBEDIV_LAU4_2025_21,thornthwaite,1527.795705641568,2495,0.6123429681930133,Moist forest
NEF_NEBEDIV_LAU4_2025_22,thornthwaite,1527.795705641568,2495,0.6123429681930133,Moist forest
NEF_NEBEDIV_LAU4_2025_23,thornthwaite,1527.795705641568,2495,0.6123429681930133,Moist forest
NEF_NEBEDIV_LAU4_2025_24,thornthwaite,1527.795705641568,2495,0.6123429681930133,Moist forest
NEF_NEBEDIV_LAU4_2025_25,thornthwaite,1527.795705641568,2495,0.6123429681930133,Moist forest
NEF_NEBEDIV_LAU4_2025_26,thornthwaite,1527.795705641568,2495,0.6123429681930133,Moist forest
NEF_NEBEDIV_LAU4_2025_27,thornthwaite,1527.795705641568,2495,0.6123429681930133,Moist forest
NEF_NEBEDIV_LAU4_2025_28,thornthwaite,1527.795705641568,2495,0.6123429681930133,Moist forest
NEF_NEBEDIV_LAU4_2025_29,thornthwaite,1527.795705641568,2495,0.6123429681930133,Moist forest
NEF_NEBEDIV_LAU4_2025_30,thornthwaite,1527.795705641568,2495,0.6123429681930133,Moist forest
NEF_NEBEDIV_LAU4_2025_31,thornthwaite,1527.795705641568,2495,0.6123429681930133,Moist forest
NEF_NEBEDIV_LAU4_2025_32,thornthwaite,1527.795705641568,2495,0.6123429681930133,Moist forest
NEF_NEBEDIV_LAU4_2025_33,thornthwaite,1527.795705641568,2495,0.6123429681930133,Moist forest
NEF_NEBEDIV_LAU4_2025_34,thornthwaite,1527.795705641568,2495,0.6123429681930133,Moist forest
NEF_NEBEDIV_LAU4_2025_35,thornthwaite,1527.795705641568,2495,0.6123429681930133,Moist forest
NEF_NEBEDIV_LAU4_2025_36,thornthwaite,1527.795705641568,2495,0.6123429681930133,Moist forest
NEF_NEBEDIV_LAU4_2025_37,thornthwaite,1527.795705641568,2495,0.6123429681930133,Moist forest
NEF_NEBEDIV_LAU4_2025_38,thornthwaite,1527.795705641568,2495,0.6123429681930133,Moist forest
NEF_NEBEDIV_LAU4_2025_39,thornthwaite,1527.795705641568,2495,0.6123429681930133,Moist forest
NEF_NEBEDIV_LAU4_2025_40,thornthwaite,1527.795705641568,2495,0.6123429681930133,Moist forest
NEF_NEBEDIV_LAU4_2025_41,thornthwaite,1527.795705641568,2495,0.6123429681930133,Moist forest
NEF_NEBEDIV_LAU4_2025_42,thornthwaite,1527.795705641568,2495,0.6123429681930133,Moist forest
NEF_NEBEDIV_LAU4_2025_43,thornthwaite,1527.795705641568,2495,0.6123429681930133,Moist forest
NEF_NEBEDIV_LAU4_2025_44,thornthwaite,1527.795705641568,2495,0.6123429681930133,Moist forest
NEF_NEBEDIV_LAU4_2025_45,thornthwaite,1527.795705641568,2495,0.6123429681930133,Moist forest
NEF_NEBEDIV_LAU4_2025_46,thornthwaite,1527.795705641568,2495,0.6123429681930133,Moist forest
NEF_NEBEDIV_LAU4_2025_47,thornthwaite,1527.795705641568,2495,0.6123429681930133,Moist forest
NEF_NEBEDIV_LAU4_2025_48,thornthwaite,1527.795705641568,2495,0.6123429681930133,Moist forest
NEF_NEBEDIV_LAU4_2025_49,thornthwaite,1527.795705641568,2495,0.6123429681930133,Moist forest
NEF_NEBEDIV_LAU4_2025_50,thornthwaite,1527.795705641568,2495,0.6123429681930133,Moist forest
NEF_NEBEDIV_LAU4_2025_51,thornthwaite,1527.795705641568,2495,0.6123429681930133,Moist forest
NEF_NEBEDIV_LAU4_2025_52,thornthwaite,1527.795705641568,2495,0.6123429681930133,Moist forest
NEF_NEBEDIV_LAU4_2025_53,thornthwaite,1527.795705641568,2495,0.6123429681930133,Moist forest
NEF_NEBEDIV_LAU6_2025_1,thornthwaite,1532.4493441625357,2522,0.6076325710398635,Moist forest
NEF_NEBEDIV_LAU6_2025_2,thornthwaite,1532.4493441625357,2522,0.6076325710398635,Moist forest
NEF_NEBEDIV_LAU6_2025_3,thornthwaite,1532.4493441625357,2522,0.6076325710398635,Moist forest
NEF_NEBEDIV_LAU6_2025_4,thornthwaite,1532.4493441625357,2522,0.6076325710398635,Moist forest
NEF_NEBEDIV_LAU6_2025_5,thornthwaite,1532.4493441625357,2522,0.6076325710398635,Moist forest
NEF_NEBEDIV_LAU6_2025_6,thornthwaite,1532.4493441625357,2522,0.6076325710398635,Moist forest
NEF_NEBEDIV_LAU6_2025_7,thornthwaite,1532.4493441625357,2522,0.6076325710398635,Moist forest
NEF_NEBEDIV_LAU6_2025_8,thornthwaite,1532.4493441625357,2522,0.6076325710398635,Moist forest
NEF_NEBEDIV_LAU6_2025_9,thornthwaite,1532.4493441625357,2522,0.6076325710398635,Moist forest
NEF_NEBEDIV_LAU6_2025_10,thornthwaite,1532.4493441625357,2522,0.6076325710398635,Moist forest
NEF_NEBEDIV_LAU6_2025_11,thornthwaite,1532.4493441625357,2522,0.6076325710398635,Moist forest
NEF_NEBEDIV_LAU6_2025_12,thornthwaite,1532.4493441625357,2522,0.6076325710398635,Moist forest
NEF_NEBEDIV_LAU6_2025_13,thornthwaite,1532.4493441625357,2522,0.6076325710398635,Moist forest
NEF_NEBEDIV_LAU6_2025_14,thornthwaite,1532.4493441625357,2522,0.6076325710398635,Moist forest
NEF_NEBEDIV_LAU6_2025_15,thornthwaite,1532.4493441625357,2522,0.6076325710398635,Moist forest
NEF_NEBEDIV_LAU6_2025_16,thornthwaite,1532.4493441625357,2522,0.6076325710398635,Moist forest
NEF_NEBEDIV_LAU6_2025_17,thornthwaite,1532.4493441625357,2522,0.6076325710398635,Moist forest
NEF_NEBEDIV_LAU6_2025_18,thornthwaite,1532.4493441625357,2522,0.6076325710398635,Moist forest
NEF_NEBEDIV_LAU6_2025_19,thornthwaite,1532.4493441625357,2522,0.6076325710398635,Moist forest
NEF_NEBEDIV_LAU6_2025_20,thornthwaite,1532.4493441625357,2522,0.6076325710398635,Moist forest
NEF_NEBEDIV_LAU6_2025_21,thornthwaite,1532.4493441625357,2522,0.6076325710398635,Moist forest
NEF_NEBEDIV_LAU6_2025_22,thornthwaite,1532.4493441625357,2522,0.6076325710398635,Moist forest
NEF_NEBEDIV_LAU6_2025_23,thornthwaite,1532.4493441625357,2522,0.6076325710398635,Moist forest
NEF_NEBEDIV_LAU6_2025_24,thornthwaite,1532.4493441625357,2522,0.6076325710398635,Moist forest
NEF_NEBEDIV_LAU6_2025_25,thornthwaite,1532.4493441625357,2522,0.6076325710398635,Moist forest
NEF_NEBEDIV_LAU6_2025_26,thornthwaite,1532.4493441625357,2522,0.6076325710398635,Moist forest
NEF_NEBEDIV_LAU6_2025_27,thornthwaite,1532.4493441625357,2522,0.6076325710398635,Moist forest
NEF_NEBEDIV_LAU6_2025_28,thornthwaite,1532.4493441625357,2522,0.6076325710398635,Moist forest
NEF_NEBEDIV_LAU6_2025_29,thornthwaite,1532.4493441625357,2522,0.6076325710398635,Moist forest
NEF_NEBEDIV_LAU6_2025_30,thornthwaite,1532.4493441625357,2522,0.6076325710398635,Moist forest
NEF_NEBEDIV_LAU6_2025_31,thornthwaite,1532.4493441625357,2522,0.6076325710398635,Moist forest
NEF_NEBEDIV_LAU6_2025_32,thornthwaite,1532.4493441625357,2522,0.6076325710398635,Moist forest
NEF_NEBEDIV_LAU6_2025_33,thornthwaite,1532.4493441625357,2522,0.6076325710398635,Moist forest
NEF_NEBEDIV_LAU6_2025_34,thornthwaite,1532.4493441625357,2522,0.6076325710398635,Moist forest
NEF_NEBEDIV_LAU6_2025_35,thornthwaite,1532.4493441625357,2522,0.6076325710398635,Moist forest
NEF_NEBEDIV_LAU6_2025_36,thornthwaite,1532.4493441625357,2522,0.6076325710398635,Moist forest
NEF_NEBEDIV_LAU6_2025_37,thornthwaite,1532.4493441625357,2522,0.6076325710398635,Moist forest
NEF_NEBEDIV_LAU6_2025_38,thornthwaite,1532.4493441625357,2522,0.6076325710398635,Moist forest
NEF_NEBEDIV_LAU6_2025_39,thornthwaite,1532.4493441625357,2522,0.6076325710398635,Moist forest
NEF_NEBEDIV_LAU6_2025_40,thornthwaite,1532.4493441625357,2522,0.6076325710398635,Moist forest
NEF_NEBEDIV_LAU6_2025_41,thornthwaite,1532.4493441625357,2522,0.6076325710398635,Moist forest
NEF_NEBEDIV_LAU6_2025_42,thornthwaite,1532.4493441625357,2522,0.6076325710398635,Moist forest
NEF_NEBEDIV_LAU6_2025_43,thornthwaite,1532.4493441625357,2522,0.6076325710398635,Moist forest
NEF_NEBEDIV_LAU6_2025_44,thornthwaite,1532.4493441625357,2522,0.6076325710398635,Moist forest
NEF_NEBEDIV_LAU7_2025_1,thornthwaite,1532.4495974116546,2522,0.6076326714558503,Moist forest
NEF_NEBEDIV_LAU7_2025_2,thornthwaite,1532.4495974116546,2522,0.6076326714558503,Moist forest
NEF_NEBEDIV_LAU7_2025_3,thornthwaite,1532.4495974116546,2522,0.6076326714558503,Moist forest
NEF_NEBEDIV_LAU7_2025_4,thornthwaite,1532.4495974116546,2522,0.6076326714558503,Moist forest
NEF_NEBEDIV_LAU7_2025_5,thornthwaite,1532.4495974116546,2522,0.6076326714558503,Moist forest
NEF_NEBEDIV_LAU7_2025_6,thornthwaite,1532.4495974116546,2522,0.6076326714558503,Moist forest
NEF_NEBEDIV_LAU7_2025_7,thornthwaite,1532.4495974116546,2522,0.6076326714558503,Moist forest
NEF_NEBEDIV_LAU7_2025_8,thornthwaite,1532.4495974116546,2522,0.6076326714558503,Moist forest
NEF_NEBEDIV_LAU7_2025_9,thornthwaite,1532.4495974116546,2522,0.6076326714558503,Moist forest
NEF_NEBEDIV_LAU7_2025_10,thornthwaite,1532.4495974116546,2522,0.6076326714558503,Moist forest
NEF_NEBEDIV_LAU7_2025_11,thornthwaite,1532.4495974116546,2522,0.6076326714558503,Moist forest
NEF_NEBEDIV_LAU7_2025_12,thornthwaite,1532.4495974116546,2522,0.6076326714558503,Moist forest
NEF_NEBEDIV_LAU7_2025_13,thornthwaite,1532.4495974116546,2522,0.6076326714558503,Moist forest
NEF_NEBEDIV_LAU7_2025_14,thornthwaite,1532.4495974116546,2522,0.6076326714558503,Moist forest
NEF_NEBEDIV_LAU7_2025_15,thornthwaite,1532.4495974116546,2522,0.6076326714558503,Moist forest
NEF_NEBEDIV_LAU7_2025_16,thornthwaite,1532.4495974116546,2522,0.6076326714558503,Moist forest
NEF_NEBEDIV_LAU7_2025_17,thornthwaite,1532.4495974116546,2522,0.6076326714558503,Moist forest
NEF_NEBEDIV_LAU7_2025_18,thornthwaite,1532.4495974116546,2522,0.6076326714558503,Moist forest
NEF_NEBEDIV_LAU7_2025_19,thornthwaite,1532.4495974116546,2522,0.6076326714558503,Moist forest
NEF_NEBEDIV_LAU7_2025_20,thornthwaite,1532.4495974116546,2522,0.6076326714558503,Moist forest
NEF_NEBEDIV_LAU7_2025_21,thornthwaite,1532.4495974116546,2522,0.6076326714558503,Moist forest
NEF_NEBEDIV_LAU7_2025_22,thornthwaite,1532.4495974116546,2522,0.6076326714558503,Moist forest
NEF_NEBEDIV_LAU7_2025_23,thornthwaite,1532.4495974116546,2522,0.6076326714558503,Moist forest
NEF_NEBEDIV_LAU7_2025_24,thornthwaite,1532.4495974116546,2522,0.6076326714558503,Moist forest
NEF_NEBEDIV_LAU7_2025_25,thornthwaite,1532.4495974116546,2522,0.6076326714558503,Moist forest
NEF_NEBEDIV_LAU7_2025_26,thornthwaite,1532.4495974116546,2522,0.6076326714558503,Moist forest
NEF_NEBEDIV_LAU7_2025_27,thornthwaite,1532.4495974116546,2522,0.6076326714558503,Moist forest
NEF_NEBEDIV_LAU7_2025_28,thornthwaite,1532.4495974116546,2522,0.6076326714558503,Moist forest
NEF_NEBEDIV_LAU7_2025_29,thornthwaite,1532.4495974116546,2522,0.6076326714558503,Moist forest
NEF_NEBEDIV_LAU7_2025_30,thornthwaite,1532.4495974116546,2522,0.6076326714558503,Moist forest
NEF_NEBEDIV_LAU7_2025_31,thornthwaite,1532.4495974116546,2522,0.6076326714558503,Moist forest
NEF_NEBEDIV_LAU7_2025_32,thornthwaite,1532.4495974116546,2522,0.6076326714558503,Moist forest
NEF_NEBEDIV_LAU7_2025_33,thornthwaite,1532.4495974116546,2522,0.6076326714558503,Moist forest
NEF_NEBEDIV_LAU8_2025_1,thornthwaite,1532.4496936887508,2589,0.5919079543023371,Moist forest
NEF_NEBEDIV_LAU8_2025_2,thornthwaite,1532.4496936887508,2589,0.5919079543023371,Moist forest
NEF_NEBEDIV_LAU8_2025_3,thornthwaite,1532.4496936887508,2589,0.5919079543023371,Moist forest
NEF_NEBEDIV_LAU8_2025_4,thornthwaite,1532.4496936887508,2589,0.5919079543023371,Moist forest
NEF_NEBEDIV_LAU8_2025_5,thornthwaite,1532.4496936887508,2589,0.5919079543023371,Moist forest
NEF_NEBEDIV_LAU8_2025_6,thornthwaite,1532.4496936887508,2589,0.5919079543023371,Moist forest
NEF_NEBEDIV_LAU8_2025_7,thornthwaite,1532.4496936887508,2589,0.5919079543023371,Moist forest
NEF_NEBEDIV_LAU8_2025_8,thornthwaite,1532.4496936887508,2589,0.5919079543023371,Moist forest
NEF_NEBEDIV_LAU8_2025_9,thornthwaite,1532.4496936887508,2589,0.5919079543023371,Moist forest
NEF_NEBEDIV_LAU8_2025_10,thornthwaite,1532.4496936887508,2589,0.5919079543023371,Moist forest
NEF_NEBEDIV_LAU8_2025_11,thornthwaite,1532.4496936887508,2589,0.5919079543023371,Moist forest
NEF_NEBEDIV_LAU8_2025_12,thornthwaite,1532.4496936887508,2589,0.5919079543023371,Moist forest
NEF_NEBEDIV_LAU8_2025_13,thornthwaite,1532.4496936887508,2589,0.5919079543023371,Moist forest
NEF_NEBEDIV_LAU8_2025_14,thornthwaite,1532.4496936887508,2589,0.5919079543023371,Moist forest
NEF_NEBEDIV_LAU8_2025_15,thornthwaite,1532.4496936887508,2589,0.5919079543023371,Moist forest
NEF_NEBEDIV_NR31_2025_1,thornthwaite,1409.0002183788647,3056,0.46106028088313633,Moist forest|Wet forest
NEF_NEBEDIV_NR31_2025_2,thornthwaite,1409.0002183788647,3056,0.46106028088313633,Moist forest|Wet forest
NEF_NEBEDIV_NR31_2025_3,thornthwaite,1409.0002183788647,3056,0.46106028088313633,Moist forest|Wet forest
NEF_NEBEDIV_NR31_2025_4,thornthwaite,1409.0002183788647,3056,0.46106028088313633,Moist forest|Wet forest
NEF_NEBEDIV_NR31_2025_5,thornthwaite,1409.0002183788647,3056,0.46106028088313633,Moist forest|Wet forest
NEF_NEBEDIV_NR31_2025_6,thornthwaite,1409.0002183788647,3056,0.46106028088313633,Moist forest|Wet forest
NEF_NEBEDIV_NR31_2025_7,thornthwaite,1409.0002183788647,3056,0.46106028088313633,Moist forest|Wet forest
NEF_NEBEDIV_NR31_2025_8,thornthwaite,1409.0002183788647,3056,0.46106028088313633,Moist forest|Wet forest
NEF_NEBEDIV_NR31_2025_9,thornthwaite,1409.0002183788647,3056,0.46106028088313633,Moist forest|Wet forest
NEF_NEBEDIV_NR31_2025_10,thornthwaite,1409.0002183788647,3056,0.46106028088313633,Moist forest|Wet forest
NEF_NEBEDIV_NR31_2025_11,thornthwaite,1409.0002183788647,3056,0.46106028088313633,Moist forest|Wet forest
NEF_NEBEDIV_NR31_2025_12,thornthwaite,1409.0002183788647,3056,0.46106028088313633,Moist forest|Wet forest
NEF_NEBEDIV_NR31_2025_13,thornthwaite,1409.0002183788647,3056,0.46106028088313633,Moist forest|Wet forest
NEF_NEBEDIV_NR31_2025_14,thornthwaite,1409.0002183788647,3056,0.46106028088313633,Moist forest|Wet forest
NEF_NEBEDIV_NR31_2025_15,thornthwaite,1409.0002183788647,3056,0.46106028088313633,Moist forest|Wet forest
NEF_NEBEDIV_NR31_2025_16,thornthwaite,1409.0002183788647,3056,0.46106028088313633,Moist forest|Wet forest
NEF_NEBEDIV_NR31_2025_17,thornthwaite,1409.0002183788647,3056,0.46106028088313633,Moist forest|Wet forest
NEF_NEBEDIV_NR31_2025_18,thornthwaite,1409.0002183788647,3056,0.46106028088313633,Moist forest|Wet forest
NEF_NEBEDIV_NR31_2025_19,thornthwaite,1409.0002183788647,3056,0.46106028088313633,Moist forest|Wet forest
NEF_NEBEDIV_NR31_2025_20,thornthwaite,1409.0002183788647,3056,0.46106028088313633,Moist forest|Wet forest
NEF_NEBEDIV_NR31_2025_21,thornthwaite,1409.0002183788647,3056,0.46106028088313633,Moist forest|Wet forest
NEF_NEBEDIV_NR31_2025_22,thornthwaite,1409.0002183788647,3056,0.46106028088313633,Moist forest|Wet forest
NEF_NEBEDIV_NR31_2025_23,thornthwaite,1409.0002183788647,3056,0.46106028088313633,Moist forest|Wet forest
NEF_NEBEDIV_NR31_2025_24,thornthwaite,1409.0002183788647,3056,0.46106028088313633,Moist forest|Wet forest
NEF_NEBEDIV_NR31_2025_25,thornthwaite,1409.0002183788647,3056,0.46106028088313633,Moist forest|Wet forest
NEF_NEBEDIV_NR31_2025_26,thornthwaite,1409.0002183788647,3056,0.46106028088313633,Moist forest|Wet forest
NEF_NEBEDIV_NR31_2025_27,thornthwaite,1409.0002183788647,3056,0.46106028088313633,Moist forest|Wet forest
NEF_NEBEDIV_NR31_2025_28,thornthwaite,1409.0002183788647,3056,0.46106028088313633,Moist forest|Wet forest
NEF_NEBEDIV_NR31_2025_29,thornthwaite,1409.0002183788647,3056,0.46106028088313633,Moist forest|Wet forest
NEF_NEBEDIV_NR31_2025_30,thornthwaite,1409.0002183788647,3056,0.46106028088313633,Moist forest|Wet forest
NEF_NEBEDIV_NR31_2025_31,thornthwaite,1409.0002183788647,3056,0.46106028088313633,Moist forest|Wet forest
NEF_NEBEDIV_NR31_2025_32,thornthwaite,1409.0002183788647,3056,0.46106028088313633,Moist forest|Wet forest
NEF_NEBEDIV_NR31_2025_33,thornthwaite,1409.0002183788647,3056,0.46106028088313633,Moist forest|Wet forest
NEF_NEBEDIV_NR31_2025_34,thornthwaite,1409.0002183788647,3056,0.46106028088313633,Moist forest|Wet forest
NEF_NEBEDIV_NR31_2025_35,thornthwaite,1409.0002183788647,3056,0.46106028088313633,Moist forest|Wet forest
NEF_NEBEDIV_NR31_2025_36,thornthwaite,1409.0002183788647,3056,0.46106028088313633,Moist forest|Wet forest
NEF_NEBEDIV_NR31_2025_37,thornthwaite,1409.0002183788647,3056,0.46106028088313633,Moist forest|Wet forest
NEF_NEBEDIV_NR32_2025_1,thornthwaite,1440.8623224300302,3106,0.4638964334932486,Moist forest|Wet forest
NEF_NEBEDIV_NR32_2025_2,thornthwaite,1440.8623224300302,3106,0.4638964334932486,Moist forest|Wet forest
NEF_NEBEDIV_NR32_2025_3,thornthwaite,1440.8623224300302,3106,0.4638964334932486,Moist forest|Wet forest
NEF_NEBEDIV_NR32_2025_4,thornthwaite,1440.8623224300302,3106,0.4638964334932486,Moist forest|Wet forest
NEF_NEBEDIV_NR32_2025_5,thornthwaite,1440.8623224300302,3106,0.4638964334932486,Moist forest|Wet forest
NEF_NEBEDIV_NR32_2025_6,thornthwaite,1440.8623224300302,3106,0.4638964334932486,Moist forest|Wet forest
NEF_NEBEDIV_NR32_2025_7,thornthwaite,1440.8623224300302,3106,0.4638964334932486,Moist forest|Wet forest
NEF_NEBEDIV_NR32_2025_8,thornthwaite,1440.8623224300302,3106,0.4638964334932486,Moist forest|Wet forest
NEF_NEBEDIV_NR32_2025_9,thornthwaite,1440.8623224300302,3106,0.4638964334932486,Moist forest|Wet forest
NEF_NEBEDIV_NR32_2025_10,thornthwaite,1440.8623224300302,3106,0.4638964334932486,Moist forest|Wet forest
NEF_NEBEDIV_NR32_2025_11,thornthwaite,1440.8623224300302,3106,0.4638964334932486,Moist forest|Wet forest
NEF_NEBEDIV_NR32_2025_12,thornthwaite,1440.8623224300302,3106,0.4638964334932486,Moist forest|Wet forest
NEF_NEBEDIV_NR32_2025_13,thornthwaite,1440.8623224300302,3106,0.4638964334932486,Moist forest|Wet forest
NEF_NEBEDIV_NR32_2025_14,thornthwaite,1440.8623224300302,3106,0.4638964334932486,Moist forest|Wet forest
NEF_NEBEDIV_NR32_2025_15,thornthwaite,1440.8623224300302,3106,0.4638964334932486,Moist forest|Wet forest
NEF_NEBEDIV_NR32_2025_16,thornthwaite,1440.8623224300302,3106,0.4638964334932486,Moist forest|Wet forest
NEF_NEBEDIV_NR32_2025_17,thornthwaite,1440.8623224300302,3106,0.4638964334932486,Moist forest|Wet forest
NEF_NEBEDIV_NR32_2025_18,thornthwaite,1440.8623224300302,3106,0.4638964334932486,Moist forest|Wet forest
NEF_NEBEDIV_NR32_2025_19,thornthwaite,1440.8623224300302,3106,0.4638964334932486,Moist forest|Wet forest
NEF_NEBEDIV_NR32_2025_20,thornthwaite,1440.8623224300302,3106,0.4638964334932486,Moist forest|Wet forest
NEF_NEBEDIV_NR32_2025_21,thornthwaite,1440.8623224300302,3106,0.4638964334932486,Moist forest|Wet forest
NEF_NEBEDIV_NR32_2025_22,thornthwaite,1440.8623224300302,3106,0.4638964334932486,Moist forest|Wet forest
NEF_NEBEDIV_NR32_2025_23,thornthwaite,1440.8623224300302,3106,0.4638964334932486,Moist forest|Wet forest
NEF_NEBEDIV_NR32_2025_24,thornthwaite,1440.8623224300302,3106,0.4638964334932486,Moist forest|Wet forest
NEF_NEBEDIV_NR32_2025_25,thornthwaite,1440.8623224300302,3106,0.4638964334932486,Moist forest|Wet forest
NEF_NEBEDIV_NR32_2025_26,thornthwaite,1440.8623224300302,3106,0.4638964334932486,Moist forest|Wet forest
NEF_NEBEDIV_NR32_2025_27,thornthwaite,1440.8623224300302,3106,0.4638964334932486,Moist forest|Wet forest
NEF_NEBEDIV_NR32_2025_28,thornthwaite,1440.8623224300302,3106,0.4638964334932486,Moist forest|Wet forest
NEF_NEBEDIV_NR32_2025_29,thornthwaite,1440.8623224300302,3106,0.4638964334932486,Moist forest|Wet forest
NEF_NEBEDIV_NR32_2025_30,thornthwaite,1440.8623224300302,3106,0.4638964334932486,Moist forest|Wet forest
NEF_NEBEDIV_NR32_2025_31,thornthwaite,1440.8623224300302,3106,0.4638964334932486,Moist forest|Wet forest
NEF_NEBEDIV_NR32_2025_32,thornthwaite,1440.8623224300302,3106,0.4638964334932486,Moist forest|Wet forest
NEF_NEBEDIV_NR32_2025_33,thornthwaite,1440.8623224300302,3106,0.4638964334932486,Moist forest|Wet forest
NEF_NEBEDIV_NR32_2025_34,thornthwaite,1440.8623224300302,3106,0.4638964334932486,Moist forest|Wet forest
NEF_NEBEDIV_NR32_2025_35,thornthwaite,1440.8623224300302,3106,0.4638964334932486,Moist forest|Wet forest
NEF_NEBEDIV_NR32_2025_36,thornthwaite,1440.8623224300302,3106,0.4638964334932486,Moist forest|Wet forest
NEF_NEBEDIV_NR34_2025_1,thornthwaite,1397.4662217079717,3129,0.44661752052028497,Moist forest|Wet forest
NEF_NEBEDIV_NR34_2025_2,thornthwaite,1397.4662217079717,3129,0.44661752052028497,Moist forest|Wet forest
NEF_NEBEDIV_NR34_2025_3,thornthwaite,1397.4662217079717,3129,0.44661752052028497,Moist forest|Wet forest
NEF_NEBEDIV_NR34_2025_4,thornthwaite,1397.4662217079717,3129,0.44661752052028497,Moist forest|Wet forest
NEF_NEBEDIV_NR34_2025_5,thornthwaite,1397.4662217079717,3129,0.44661752052028497,Moist forest|Wet forest
NEF_NEBEDIV_NR34_2025_6,thornthwaite,1397.4662217079717,3129,0.44661752052028497,Moist forest|Wet forest
NEF_NEBEDIV_NR34_2025_7,thornthwaite,1397.4662217079717,3129,0.44661752052028497,Moist forest|Wet forest
NEF_NEBEDIV_NR34_2025_8,thornthwaite,1397.4662217079717,3129,0.44661752052028497,Moist forest|Wet forest
NEF_NEBEDIV_NR34_2025_9,thornthwaite,1397.4662217079717,3129,0.44661752052028497,Moist forest|Wet forest
NEF_NEBEDIV_NR34_2025_10,thornthwaite,1397.4662217079717,3129,0.44661752052028497,Moist forest|Wet forest
NEF_NEBEDIV_NR34_2025_11,thornthwaite,1397.4662217079717,3129,0.44661752052028497,Moist forest|Wet forest
NEF_NEBEDIV_NR34_2025_12,thornthwaite,1397.4662217079717,3129,0.44661752052028497,Moist forest|Wet forest
NEF_NEBEDIV_NR34_2025_13,thornthwaite,1397.4662217079717,3129,0.44661752052028497,Moist forest|Wet forest
NEF_NEBEDIV_NR34_2025_14,thornthwaite,1397.4662217079717,3129,0.44661752052028497,Moist forest|Wet forest
NEF_NEBEDIV_NR34_2025_15,thornthwaite,1397.4662217079717,3129,0.44661752052028497,Moist forest|Wet forest
NEF_NEBEDIV_NR34_2025_16,thornthwaite,1397.4662217079717,3129,0.44661752052028497,Moist forest|Wet forest
NEF_NEBEDIV_NR34_2025_17,thornthwaite,1397.4662217079717,3129,0.44661752052028497,Moist forest|Wet forest
NEF_NEBEDIV_NR34_2025_18,thornthwaite,1397.4662217079717,3129,0.44661752052028497,Moist forest|Wet forest
NEF_NEBEDIV_NR34_2025_19,thornthwaite,1397.4662217079717,3129,0.44661752052028497,Moist forest|Wet forest
NEF_NEBEDIV_NR34_2025_20,thornthwaite,1397.4662217079717,3129,0.44661752052028497,Moist forest|Wet forest
NEF_NEBEDIV_NR34_2025_21,thornthwaite,1397.4662217079717,3129,0.44661752052028497,Moist forest|Wet forest
NEF_NEBEDIV_NR34_2025_22,thornthwaite,1397.4662217079717,3129,0.44661752052028497,Moist forest|Wet forest
NEF_NEBEDIV_NR34_2025_23,thornthwaite,1397.4662217079717,3129,0.44661752052028497,Moist forest|Wet forest
NEF_NEBEDIV_NR34_2025_24,thornthwaite,1397.4662217079717,3129,0.44661752052028497,Moist forest|Wet forest
NEF_NEBEDIV_NR34_2025_25,thornthwaite,1397.4662217079717,3129,0.44661752052028497,Moist forest|Wet forest
NEF_NEBEDIV_NR34_2025_26,thornthwaite,1397.4662217079717,3129,0.44661752052028497,Moist forest|Wet forest
NEF_NEBEDIV_NR34_2025_27,thornthwaite,1397.4662217079717,3129,0.44661752052028497,Moist forest|Wet forest
NEF_NEBEDIV_NR34_2025_28,thornthwaite,1397.4662217079717,3129,0.44661752052028497,Moist forest|Wet forest
NEF_NEBEDIV_NR34_2025_29,thornthwaite,1397.4662217079717,3129,0.44661752052028497,Moist forest|Wet forest
NEF_NEBEDIV_NR34_2025_30,thornthwaite,1397.4662217079717,3129,0.44661752052028497,Moist forest|Wet forest
NEF_NEBEDIV_NR34_2025_31,thornthwaite,1397.4662217079717,3129,0.44661752052028497,Moist forest|Wet forest
NEF_NEBEDIV_NR34_2025_32,thornthwaite,1397.4662217079717,3129,0.44661752052028497,Moist forest|Wet forest
NEF_NEBEDIV_NR34_2025_33,thornthwaite,1397.4662217079717,3129,0.44661752052028497,Moist forest|Wet forest
NEF_NEBEDIV_NR34_2025_34,thornthwaite,1397.4662217079717,3129,0.44661752052028497,Moist forest|Wet forest
NEF_NEBEDIV_NR34_2025_35,thornthwaite,1397.4662217079717,3129,0.44661752052028497,Moist forest|Wet forest
NEF_NEBEDIV_NR34_2025_36,thornthwaite,1397.4662217079717,3129,0.44661752052028497,Moist forest|Wet forest
NEF_NEBEDIV_NR34_2025_37,thornthwaite,1397.4662217079717,3129,0.44661752052028497,Moist forest|Wet forest
NEF_NEBEDIV_NR34_2025_38,thornthwaite,1397.4662217079717,3129,0.44661752052028497,Moist forest|Wet forest
NEF_NEBEDIV_NR34_2025_39,thornthwaite,1397.4662217079717,3129,0.44661752052028497,Moist forest|Wet forest
NEF_NEBEDIV_NR34_2025_40,thornthwaite,1397.4662217079717,3129,0.44661752052028497,Moist forest|Wet forest
NEF_NEBEDIV_NR35_2025_1,thornthwaite,1397.466425429884,3129,0.4466175856279591,Moist forest|Wet forest
NEF_NEBEDIV_NR35_2025_2,thornthwaite,1397.466425429884,3129,0.4466175856279591,Moist forest|Wet forest
NEF_NEBEDIV_NR35_2025_3,thornthwaite,1397.466425429884,3129,0.4466175856279591,Moist forest|Wet forest
NEF_NEBEDIV_NR35_2025_4,thornthwaite,1397.466425429884,3129,0.4466175856279591,Moist forest|Wet forest
NEF_NEBEDIV_NR35_2025_5,thornthwaite,1397.466425429884,3129,0.4466175856279591,Moist forest|Wet forest
NEF_NEBEDIV_NR35_2025_6,thornthwaite,1397.466425429884,3129,0.4466175856279591,Moist forest|Wet forest
NEF_NEBEDIV_NR35_2025_7,thornthwaite,1397.466425429884,3129,0.4466175856279591,Moist forest|Wet forest
NEF_NEBEDIV_NR35_2025_8,thornthwaite,1397.466425429884,3129,0.4466175856279591,Moist forest|Wet forest
NEF_NEBEDIV_NR35_2025_9,thornthwaite,1397.466425429884,3129,0.4466175856279591,Moist forest|Wet forest
NEF_NEBEDIV_NR35_2025_10,thornthwaite,1397.466425429884,3129,0.4466175856279591,Moist forest|Wet forest
NEF_NEBEDIV_NR35_2025_11,thornthwaite,1397.466425429884,3129,0.4466175856279591,Moist forest|Wet forest
NEF_NEBEDIV_NR35_2025_12,thornthwaite,1397.466425429884,3129,0.4466175856279591,Moist forest|Wet forest
NEF_NEBEDIV_NR35_2025_13,thornthwaite,1397.466425429884,3129,0.4466175856279591,Moist forest|Wet forest
NEF_NEBEDIV_NR35_2025_14,thornthwaite,1397.466425429884,3129,0.4466175856279591,Moist forest|Wet forest
NEF_NEBEDIV_NR35_2025_15,thornthwaite,1397.466425429884,3129,0.4466175856279591,Moist forest|Wet forest
NEF_NEBEDIV_NR35_2025_16,thornthwaite,1397.466425429884,3129,0.4466175856279591,Moist forest|Wet forest
NEF_NEBEDIV_NR35_2025_17,thornthwaite,1397.466425429884,3129,0.4466175856279591,Moist forest|Wet forest
NEF_NEBEDIV_NR35_2025_18,thornthwaite,1397.466425429884,3129,0.4466175856279591,Moist forest|Wet forest
NEF_NEBEDIV_NR35_2025_19,thornthwaite,1397.466425429884,3129,0.4466175856279591,Moist forest|Wet forest
NEF_NEBEDIV_NR35_2025_20,thornthwaite,1397.466425429884,3129,0.4466175856279591,Moist forest|Wet forest
NEF_NEBEDIV_NR35_2025_21,thornthwaite,1397.466425429884,3129,0.4466175856279591,Moist forest|Wet forest
NEF_NEBEDIV_NR35_2025_22,thornthwaite,1397.466425429884,3129,0.4466175856279591,Moist forest|Wet forest
NEF_NEBEDIV_NR35_2025_23,thornthwaite,1397.466425429884,3129,0.4466175856279591,Moist forest|Wet forest
NEF_NEBEDIV_NR35_2025_24,thornthwaite,1397.466425429884,3129,0.4466175856279591,Moist forest|Wet forest
NEF_NEBEDIV_NR35_2025_25,thornthwaite,1397.466425429884,3129,0.4466175856279591,Moist forest|Wet forest
NEF_NEBEDIV_NR37_2025_1,thornthwaite,1440.8619053735138,3106,0.46389629921877457,Moist forest|Wet forest
NEF_NEBEDIV_NR37_2025_2,thornthwaite,1440.8619053735138,3106,0.46389629921877457,Moist forest|Wet forest
NEF_NEBEDIV_NR37_2025_3,thornthwaite,1440.8619053735138,3106,0.46389629921877457,Moist forest|Wet forest
NEF_NEBEDIV_NR37_2025_4,thornthwaite,1440.8619053735138,3106,0.46389629921877457,Moist forest|Wet forest
NEF_NEBEDIV_NR37_2025_5,thornthwaite,1440.8619053735138,3106,0.46389629921877457,Moist forest|Wet forest
NEF_NEBEDIV_NR37_2025_6,thornthwaite,1440.8619053735138,3106,0.46389629921877457,Moist forest|Wet forest
NEF_NEBEDIV_NR37_2025_7,thornthwaite,1440.8619053735138,3106,0.46389629921877457,Moist forest|Wet forest
NEF_NEBEDIV_NR37_2025_8,thornthwaite,1440.8619053735138,3106,0.46389629921877457,Moist forest|Wet forest
NEF_NEBEDIV_NR37_2025_9,thornthwaite,1440.8619053735138,3106,0.46389629921877457,Moist forest|Wet forest
NEF_NEBEDIV_NR37_2025_10,thornthwaite,1440.8619053735138,3106,0.46389629921877457,Moist forest|Wet forest
NEF_NEBEDIV_NR37_2025_11,thornthwaite,1440.8619053735138,3106,0.46389629921877457,Moist forest|Wet forest
NEF_NEBEDIV_NR37_2025_12,thornthwaite,1440.8619053735138,3106,0.46389629921877457,Moist forest|Wet forest
NEF_NEBEDIV_NR37_2025_13,thornthwaite,1440.8619053735138,3106,0.46389629921877457,Moist forest|Wet forest
NEF_NEBEDIV_NR37_2025_14,thornthwaite,1440.8619053735138,3106,0.46389629921877457,Moist forest|Wet forest
NEF_NEBEDIV_NR37_2025_15,thornthwaite,1440.8619053735138,3106,0.46389629921877457,Moist forest|Wet forest
NEF_NEBEDIV_NR37_2025_16,thornthwaite,1440.8619053735138,3106,0.46389629921877457,Moist forest|Wet forest
NEF_NEBEDIV_NR37_2025_17,thornthwaite,1440.8619053735138,3106,0.46389629921877457,Moist forest|Wet forest
NEF_NEBEDIV_NR37_2025_18,thornthwaite,1440.8619053735138,3106,0.46389629921877457,Moist forest|Wet forest
NEF_NEBEDIV_NR37_2025_19,thornthwaite,1440.8619053735138,3106,0.46389629921877457,Moist forest|Wet forest
NEF_NEBEDIV_NR37_2025_20,thornthwaite,1440.8619053735138,3106,0.46389629921877457,Moist forest|Wet forest
NEF_NEBEDIV_NR37_2025_21,thornthwaite,1440.8619053735138,3106,0.46389629921877457,Moist forest|Wet forest
NEF_NEBEDIV_NR37_2025_22,thornthwaite,1440.8619053735138,3106,0.46389629921877457,Moist forest|Wet forest
NEF_NEBEDIV_NR37_2025_23,thornthwaite,1440.8619053735138,3106,0.46389629921877457,Moist forest|Wet forest
NEF_NEBEDIV_NR37_2025_24,thornthwaite,1440.8619053735138,3106,0.46389629921877457,Moist forest|Wet forest
NEF_NEBEDIV_NR37_2025_25,thornthwaite,1440.8619053735138,3106,0.46389629921877457,Moist forest|Wet forest
NEF_NEBEDIV_NR37_2025_26,thornthwaite,1440.8619053735138,3106,0.46389629921877457,Moist forest|Wet forest
NEF_NEBEDIV_NR37_2025_27,thornthwaite,1440.8619053735138,3106,0.46389629921877457,Moist forest|Wet forest
NEF_NEBEDIV_NR37_2025_28,thornthwaite,1440.8619053735138,3106,0.46389629921877457,Moist forest|Wet forest
NEF_NEBEDIV_NR37_2025_29,thornthwaite,1440.8619053735138,3106,0.46389629921877457,Moist forest|Wet forest
NEF_NEBEDIV_NR37_2025_30,thornthwaite,1440.8619053735138,3106,0.46389629921877457,Moist forest|Wet forest
NEF_NEBEDIV_NR37_2025_31,thornthwaite,1440.8619053735138,3106,0.46389629921877457,Moist forest|Wet forest
NEF_NEBEDIV_NR37_2025_32,thornthwaite,1440.8619053735138,3106,0.46389629921877457,Moist forest|Wet forest
NEF_NEBEDIV_NR37_2025_33,thornthwaite,1440.8619053735138,3106,0.46389629921877457,Moist forest|Wet forest
NEF_NEBEDIV_NR37_2025_34,thornthwaite,1440.8619053735138,3106,0.46389629921877457,Moist forest|Wet forest
NEF_NEBEDIV_NR37_2025_35,thornthwaite,1440.8619053735138,3106,0.46389629921877457,Moist forest|Wet forest
NEF_NEBEDIV_NR37_2025_36,thornthwaite,1440.8619053735138,3106,0.46389629921877457,Moist forest|Wet forest
NEF_NEBEDIV_NR37_2025_37,thornthwaite,1440.8619053735138,3106,0.46389629921877457,Moist forest|Wet forest
NEF_NEBEDIV_NR37_2025_38,thornthwaite,1440.8619053735138,3106,0.46389629921877457,Moist forest|Wet forest
NEF_NEBEDIV_NR37_2025_39,thornthwaite,1440.8619053735138,3106,0.46389629921877457,Moist forest|Wet forest
NEF_NEBEDIV_NR37_2025_40,thornthwaite,1440.8619053735138,3106,0.46389629921877457,Moist forest|Wet forest
NEF_NEBEDIV_NR37_2025_41,thornthwaite,1440.8619053735138,3106,0.46389629921877457,Moist forest|Wet forest
NEF_NEBEDIV_NR37_2025_42,thornthwaite,1440.8619053735138,3106,0.46389629921877457,Moist forest|Wet forest
NEF_NEBEDIV_NR37_2025_43,thornthwaite,1440.8619053735138,3106,0.46389629921877457,Moist forest|Wet forest
NEF_NEBEDIV_NR37_2025_44,thornthwaite,1440.8619053735138,3106,0.46389629921877457,Moist forest|Wet forest
NEF_NEBEDIV_NR37_2025_45,thornthwaite,1440.8619053735138,3106,0.46389629921877457,Moist forest|Wet forest
NEF_NEBEDIV_NR37_2025_46,thornthwaite,1440.8619053735138,3106,0.46389629921877457,Moist forest|Wet forest
NEF_NEBEDIV_NR37_2025_47,thornthwaite,1440.8619053735138,3106,0.46389629921877457,Moist forest|Wet forest
NEF_NEBEDIV_NR37_2025_48,thornthwaite,1440.8619053735138,3106,0.46389629921877457,Moist forest|Wet forest
NEF_NEBEDIV_NR38_2025_1,thornthwaite,1297.5274970170128,3201,0.4053506707332124,Moist forest|Wet forest
NEF_NEBEDIV_NR38_2025_2,thornthwaite,1297.5274970170128,3201,0.4053506707332124,Moist forest|Wet forest
NEF_NEBEDIV_NR38_2025_3,thornthwaite,1297.5274970170128,3201,0.4053506707332124,Moist forest|Wet forest
NEF_NEBEDIV_NR38_2025_4,thornthwaite,1297.5274970170128,3201,0.4053506707332124,Moist forest|Wet forest
NEF_NEBEDIV_NR38_2025_5,thornthwaite,1297.5274970170128,3201,0.4053506707332124,Moist forest|Wet forest
NEF_NEBEDIV_NR38_2025_6,thornthwaite,1297.5274970170128,3201,0.4053506707332124,Moist forest|Wet forest
NEF_NEBEDIV_NR38_2025_7,thornthwaite,1297.5274970170128,3201,0.4053506707332124,Moist forest|Wet forest
NEF_NEBEDIV_NR38_2025_8,thornthwaite,1297.5274970170128,3201,0.4053506707332124,Moist forest|Wet forest
NEF_NEBEDIV_NR38_2025_9,thornthwaite,1297.5274970170128,3201,0.4053506707332124,Moist forest|Wet forest
NEF_NEBEDIV_NR38_2025_10,thornthwaite,1297.5274970170128,3201,0.4053506707332124,Moist forest|Wet forest
NEF_NEBEDIV_NR38_2025_11,thornthwaite,1297.5274970170128,3201,0.4053506707332124,Moist forest|Wet forest
NEF_NEBEDIV_NR38_2025_12,thornthwaite,1297.5274970170128,3201,0.4053506707332124,Moist forest|Wet forest
NEF_NEBEDIV_NR38_2025_13,thornthwaite,1297.5274970170128,3201,0.4053506707332124,Moist forest|Wet forest
NEF_NEBEDIV_NR38_2025_14,thornthwaite,1297.5274970170128,3201,0.4053506707332124,Moist forest|Wet forest
NEF_NEBEDIV_NR38_2025_15,thornthwaite,1297.5274970170128,3201,0.4053506707332124,Moist forest|Wet forest
NEF_NEBEDIV_NR38_2025_16,thornthwaite,1297.5274970170128,3201,0.4053506707332124,Moist forest|Wet forest
NEF_NEBEDIV_NR38_2025_17,thornthwaite,1297.5274970170128,3201,0.4053506707332124,Moist forest|Wet forest
NEF_NEBEDIV_NR38_2025_18,thornthwaite,1297.5274970170128,3201,0.4053506707332124,Moist forest|Wet forest
NEF_NEBEDIV_NR38_2025_19,thornthwaite,1297.5274970170128,3201,0.4053506707332124,Moist forest|Wet forest
NEF_NEBEDIV_NR38_2025_20,thornthwaite,1297.5274970170128,3201,0.4053506707332124,Moist forest|Wet forest
NEF_NEBEDIV_NR38_2025_21,thornthwaite,1297.5274970170128,3201,0.4053506707332124,Moist forest|Wet forest
NEF_NEBEDIV_NR38_2025_22,thornthwaite,1297.5274970170128,3201,0.4053506707332124,Moist forest|Wet forest
NEF_NEBEDIV_NR38_2025_23,thornthwaite,1297.5274970170128,3201,0.4053506707332124,Moist forest|Wet forest
NEF_NEBEDIV_NR38_2025_24,thornthwaite,1297.5274970170128,3201,0.4053506707332124,Moist forest|Wet forest
NEF_NEBEDIV_NR38_2025_25,thornthwaite,1297.5274970170128,3201,0.4053506707332124,Moist forest|Wet forest
NEF_NEBEDIV_NR39_2025_1,thornthwaite,1297.5275092506047,3201,0.4053506745550155,Moist forest|Wet forest
NEF_NEBEDIV_NR39_2025_2,thornthwaite,1297.5275092506047,3201,0.4053506745550155,Moist forest|Wet forest
NEF_NEBEDIV_NR39_2025_3,thornthwaite,1297.5275092506047,3201,0.4053506745550155,Moist forest|Wet forest
NEF_NEBEDIV_NR39_2025_4,thornthwaite,1297.5275092506047,3201,0.4053506745550155,Moist forest|Wet forest
NEF_NEBEDIV_NR39_2025_5,thornthwaite,1297.5275092506047,3201,0.4053506745550155,Moist forest|Wet forest
NEF_NEBEDIV_NR39_2025_6,thornthwaite,1297.5275092506047,3201,0.4053506745550155,Moist forest|Wet forest
NEF_NEBEDIV_NR39_2025_7,thornthwaite,1297.5275092506047,3201,0.4053506745550155,Moist forest|Wet forest
NEF_NEBEDIV_NR39_2025_8,thornthwaite,1297.5275092506047,3201,0.4053506745550155,Moist forest|Wet forest
NEF_NEBEDIV_NR39_2025_9,thornthwaite,1297.5275092506047,3201,0.4053506745550155,Moist forest|Wet forest
NEF_NEBEDIV_NR39_2025_10,thornthwaite,1297.5275092506047,3201,0.4053506745550155,Moist forest|Wet forest
NEF_NEBEDIV_NR39_2025_11,thornthwaite,1297.5275092506047,3201,0.4053506745550155,Moist forest|Wet forest
NEF_NEBEDIV_NR39_2025_12,thornthwaite,1297.5275092506047,3201,0.4053506745550155,Moist forest|Wet forest
NEF_NEBEDIV_NR39_2025_13,thornthwaite,1297.5275092506047,3201,0.4053506745550155,Moist forest|Wet forest
NEF_NEBEDIV_NR39_2025_14,thornthwaite,1297.5275092506047,3201,0.4053506745550155,Moist forest|Wet forest
NEF_NEBEDIV_NR39_2025_15,thornthwaite,1297.5275092506047,3201,0.4053506745550155,Moist forest|Wet forest
NEF_NEBEDIV_NR39_2025_16,thornthwaite,1297.5275092506047,3201,0.4053506745550155,Moist forest|Wet forest
NEF_NEBEDIV_NR39_2025_17,thornthwaite,1297.5275092506047,3201,0.4053506745550155,Moist forest|Wet forest
NEF_NEBEDIV_NR39_2025_18,thornthwaite,1297.5275092506047,3201,0.4053506745550155,Moist forest|Wet forest
NEF_NEBEDIV_NR39_2025_19,thornthwaite,1297.5275092506047,3201,0.4053506745550155,Moist forest|Wet forest
NEF_NEBEDIV_NR39_2025_20,thornthwaite,1297.5275092506047,3201,0.4053506745550155,Moist forest|Wet forest
NEF_NEBEDIV_NR39_2025_21,thornthwaite,1297.5275092506047,3201,0.4053506745550155,Moist forest|Wet forest
NEF_NEBEDIV_NR39_2025_22,thornthwaite,1297.5275092506047,3201,0.4053506745550155,Moist forest|Wet forest
NEF_NEBEDIV_NR39_2025_23,thornthwaite,1297.5275092506047,3201,0.4053506745550155,Moist forest|Wet forest
NEF_NEBEDIV_NR39_2025_24,thornthwaite,1297.5275092506047,3201,0.4053506745550155,Moist forest|Wet forest
NEF_NEBEDIV_NR39_2025_25,thornthwaite,1297.5275092506047,3201,0.4053506745550155,Moist forest|Wet forest
NEF_NEBEDIV_NR39_2025_26,thornthwaite,1297.5275092506047,3201,0.4053506745550155,Moist forest|Wet forest
NEF_NEBEDIV_NR39_2025_27,thornthwaite,1297.5275092506047,3201,0.4053506745550155,Moist forest|Wet forest
NEF_NEBEDIV_NR39_2025_28,thornthwaite,1297.5275092506047,3201,0.4053506745550155,Moist forest|Wet forest
NEF_NEBEDIV_NR39_2025_29,thornthwaite,1297.5275092506047,3201,0.4053506745550155,Moist forest|Wet forest
NEF_NEBEDIV_NR39_2025_30,thornthwaite,1297.5275092506047,3201,0.4053506745550155,Moist forest|Wet forest
NEF_NEBEDIV_NR39_2025_31,thornthwaite,1297.5275092506047,3201,0.4053506745550155,Moist forest|Wet forest
NEF_NEBEDIV_NR39_2025_32,thornthwaite,1297.5275092506047,3201,0.4053506745550155,Moist forest|Wet forest
NEF_NEBEDIV_NR39_2025_33,thornthwaite,1297.5275092506047,3201,0.4053506745550155,Moist forest|Wet forest
NEF_NEBEDIV_NR39_2025_34,thornthwaite,1297.5275092506047,3201,0.4053506745550155,Moist forest|Wet forest
NEF_NEBEDIV_RG11_2025_1,thornthwaite,1415.2108488027113,3271,0.4326538822386766,Moist forest|Wet forest
NEF_NEBEDIV_RG11_2025_2,thornthwaite,1415.2108488027113,3271,0.4326538822386766,Moist forest|Wet forest
NEF_NEBEDIV_RG11_2025_3,thornthwaite,1415.2108488027113,3271,0.4326538822386766,Moist forest|Wet forest
NEF_NEBEDIV_RG11_2025_4,thornthwaite,1415.2108488027113,3271,0.4326538822386766,Moist forest|Wet forest
NEF_NEBEDIV_RG11_2025_5,thornthwaite,1415.2108488027113,3271,0.4326538822386766,Moist forest|Wet forest
NEF_NEBEDIV_RG11_2025_6,thornthwaite,1415.2108488027113,3271,0.4326538822386766,Moist forest|Wet forest
NEF_NEBEDIV_RG11_2025_7,thornthwaite,1415.2108488027113,3271,0.4326538822386766,Moist forest|Wet forest
NEF_NEBEDIV_RG11_2025_8,thornthwaite,1415.2108488027113,3271,0.4326538822386766,Moist forest|Wet forest
NEF_NEBEDIV_RG11_2025_9,thornthwaite,1415.2108488027113,3271,0.4326538822386766,Moist forest|Wet forest
NEF_NEBEDIV_RG11_2025_10,thornthwaite,1415.2108488027113,3271,0.4326538822386766,Moist forest|Wet forest
NEF_NEBEDIV_RG11_2025_11,thornthwaite,1415.2108488027113,3271,0.4326538822386766,Moist forest|Wet forest
NEF_NEBEDIV_RG11_2025_12,thornthwaite,1415.2108488027113,3271,0.4326538822386766,Moist forest|Wet forest
NEF_NEBEDIV_RG11_2025_13,thornthwaite,1415.2108488027113,3271,0.4326538822386766,Moist forest|Wet forest
NEF_NEBEDIV_RG11_2025_14,thornthwaite,1415.2108488027113,3271,0.4326538822386766,Moist forest|Wet forest
NEF_NEBEDIV_RG11_2025_15,thornthwaite,1415.2108488027113,3271,0.4326538822386766,Moist forest|Wet forest
NEF_NEBEDIV_RG11_2025_16,thornthwaite,1415.2108488027113,3271,0.4326538822386766,Moist forest|Wet forest
NEF_NEBEDIV_RG11_2025_17,thornthwaite,1415.2108488027113,3271,0.4326538822386766,Moist forest|Wet forest
NEF_NEBEDIV_RG11_2025_18,thornthwaite,1415.2108488027113,3271,0.4326538822386766,Moist forest|Wet forest
NEF_NEBEDIV_RG11_2025_19,thornthwaite,1415.2108488027113,3271,0.4326538822386766,Moist forest|Wet forest
NEF_NEBEDIV_RG11_2025_20,thornthwaite,1415.2108488027113,3271,0.4326538822386766,Moist forest|Wet forest
NEF_NEBEDIV_RG11_2025_21,thornthwaite,1415.2108488027113,3271,0.4326538822386766,Moist forest|Wet forest
NEF_NEBEDIV_RG11_2025_22,thornthwaite,1415.2108488027113,3271,0.4326538822386766,Moist forest|Wet forest
NEF_NEBEDIV_RG11_2025_23,thornthwaite,1415.2108488027113,3271,0.4326538822386766,Moist forest|Wet forest
NEF_NEBEDIV_RG11_2025_24,thornthwaite,1415.2108488027113,3271,0.4326538822386766,Moist forest|Wet forest
NEF_NEBEDIV_RG11_2025_25,thornthwaite,1415.2108488027113,3271,0.4326538822386766,Moist forest|Wet forest
NEF_NEBEDIV_RG11_2025_26,thornthwaite,1415.2108488027113,3271,0.4326538822386766,Moist forest|Wet forest
NEF_NEBEDIV_RG14_2025_1,thornthwaite,1454.1965346505012,3369,0.43164040802923753,Moist forest|Wet forest
NEF_NEBEDIV_RG14_2025_2,thornthwaite,1454.1965346505012,3369,0.43164040802923753,Moist forest|Wet forest
NEF_NEBEDIV_RG14_2025_3,thornthwaite,1454.1965346505012,3369,0.43164040802923753,Moist forest|Wet forest
NEF_NEBEDIV_RG14_2025_4,thornthwaite,1454.1965346505012,3369,0.43164040802923753,Moist forest|Wet forest
NEF_NEBEDIV_RG14_2025_5,thornthwaite,1454.1965346505012,3369,0.43164040802923753,Moist forest|Wet forest
NEF_NEBEDIV_RG14_2025_6,thornthwaite,1454.1965346505012,3369,0.43164040802923753,Moist forest|Wet forest
NEF_NEBEDIV_RG14_2025_7,thornthwaite,1454.1965346505012,3369,0.43164040802923753,Moist forest|Wet forest
NEF_NEBEDIV_RG14_2025_8,thornthwaite,1454.1965346505012,3369,0.43164040802923753,Moist forest|Wet forest
NEF_NEBEDIV_RG14_2025_9,thornthwaite,1454.1965346505012,3369,0.43164040802923753,Moist forest|Wet forest
NEF_NEBEDIV_RG14_2025_10,thornthwaite,1454.1965346505012,3369,0.43164040802923753,Moist forest|Wet forest
NEF_NEBEDIV_RG14_2025_11,thornthwaite,1454.1965346505012,3369,0.43164040802923753,Moist forest|Wet forest
NEF_NEBEDIV_RG14_2025_12,thornthwaite,1454.1965346505012,3369,0.43164040802923753,Moist forest|Wet forest
NEF_NEBEDIV_RG14_2025_13,thornthwaite,1454.1965346505012,3369,0.43164040802923753,Moist forest|Wet forest
NEF_NEBEDIV_RG14_2025_14,thornthwaite,1454.1965346505012,3369,0.43164040802923753,Moist forest|Wet forest
NEF_NEBEDIV_RG14_2025_15,thornthwaite,1454.1965346505012,3369,0.43164040802923753,Moist forest|Wet forest
NEF_NEBEDIV_RG14_2025_16,thornthwaite,1454.1965346505012,3369,0.43164040802923753,Moist forest|Wet forest
NEF_NEBEDIV_RG14_2025_17,thornthwaite,1454.1965346505012,3369,0.43164040802923753,Moist forest|Wet forest
NEF_NEBEDIV_RG14_2025_18,thornthwaite,1454.1965346505012,3369,0.43164040802923753,Moist forest|Wet forest
NEF_NEBEDIV_RG14_2025_19,thornthwaite,1454.1965346505012,3369,0.43164040802923753,Moist forest|Wet forest
NEF_NEBEDIV_RG14_2025_20,thornthwaite,1454.1965346505012,3369,0.43164040802923753,Moist forest|Wet forest
NEF_NEBEDIV_RG14_2025_21,thornthwaite,1454.1965346505012,3369,0.43164040802923753,Moist forest|Wet forest
NEF_NEBEDIV_RG14_2025_22,thornthwaite,1454.1965346505012,3369,0.43164040802923753,Moist forest|Wet forest
NEF_NEBEDIV_RG14_2025_23,thornthwaite,1454.1965346505012,3369,0.43164040802923753,Moist forest|Wet forest
NEF_NEBEDIV_RG14_2025_24,thornthwaite,1454.1965346505012,3369,0.43164040802923753,Moist forest|Wet forest
NEF_NEBEDIV_RG14_2025_25,thornthwaite,1454.1965346505012,3369,0.43164040802923753,Moist forest|Wet forest
NEF_NEBEDIV_RG14_2025_26,thornthwaite,1454.1965346505012,3369,0.43164040802923753,Moist forest|Wet forest
NEF_NEBEDIV_RG14_2025_27,thornthwaite,1454.1965346505012,3369,0.43164040802923753,Moist forest|Wet forest
NEF_NEBEDIV_RG14_2025_28,thornthwaite,1454.1965346505012,3369,0.43164040802923753,Moist forest|Wet forest
NEF_NEBEDIV_RG14_2025_29,thornthwaite,1454.1965346505012,3369,0.43164040802923753,Moist forest|Wet forest
NEF_NEBEDIV_RG14_2025_30,thornthwaite,1454.1965346505012,3369,0.43164040802923753,Moist forest|Wet forest
NEF_NEBEDIV_RG14_2025_31,thornthwaite,1454.1965346505012,3369,0.43164040802923753,Moist forest|Wet forest
NEF_NEBEDIV_RG14_2025_32,thornthwaite,1454.1965346505012,3369,0.43164040802923753,Moist forest|Wet forest
NEF_NEBEDIV_RG14_2025_33,thornthwaite,1454.1965346505012,3369,0.43164040802923753,Moist forest|Wet forest
NEF_NEBEDIV_RG15_2025_1,thornthwaite,1466.4926332592963,3323,0.44131586917222276,Moist forest|Wet forest
NEF_NEBEDIV_RG15_2025_2,thornthwaite,1466.4926332592963,3323,0.44131586917222276,Moist forest|Wet forest
NEF_NEBEDIV_RG15_2025_3,thornthwaite,1466.4926332592963,3323,0.44131586917222276,Moist forest|Wet forest
NEF_NEBEDIV_RG15_2025_4,thornthwaite,1466.4926332592963,3323,0.44131586917222276,Moist forest|Wet forest
NEF_NEBEDIV_RG15_2025_5,thornthwaite,1466.4926332592963,3323,0.44131586917222276,Moist forest|Wet forest
NEF_NEBEDIV_RG15_2025_6,thornthwaite,1466.4926332592963,3323,0.44131586917222276,Moist forest|Wet forest
NEF_NEBEDIV_RG15_2025_7,thornthwaite,1466.4926332592963,3323,0.44131586917222276,Moist forest|Wet forest
NEF_NEBEDIV_RG15_2025_8,thornthwaite,1466.4926332592963,3323,0.44131586917222276,Moist forest|Wet forest
NEF_NEBEDIV_RG15_2025_9,thornthwaite,1466.4926332592963,3323,0.44131586917222276,Moist forest|Wet forest
NEF_NEBEDIV_RG15_2025_10,thornthwaite,1466.4926332592963,3323,0.44131586917222276,Moist forest|Wet forest
NEF_NEBEDIV_RG15_2025_11,thornthwaite,1466.4926332592963,3323,0.44131586917222276,Moist forest|Wet forest
NEF_NEBEDIV_RG15_2025_12,thornthwaite,1466.4926332592963,3323,0.44131586917222276,Moist forest|Wet forest
NEF_NEBEDIV_RG15_2025_13,thornthwaite,1466.4926332592963,3323,0.44131586917222276,Moist forest|Wet forest
NEF_NEBEDIV_RG15_2025_14,thornthwaite,1466.4926332592963,3323,0.44131586917222276,Moist forest|Wet forest
NEF_NEBEDIV_RG15_2025_15,thornthwaite,1466.4926332592963,3323,0.44131586917222276,Moist forest|Wet forest
NEF_NEBEDIV_RG15_2025_16,thornthwaite,1466.4926332592963,3323,0.44131586917222276,Moist forest|Wet forest
NEF_NEBEDIV_RG15_2025_17,thornthwaite,1466.4926332592963,3323,0.44131586917222276,Moist forest|Wet forest
NEF_NEBEDIV_RG15_2025_18,thornthwaite,1466.4926332592963,3323,0.44131586917222276,Moist forest|Wet forest
NEF_NEBEDIV_RG15_2025_19,thornthwaite,1466.4926332592963,3323,0.44131586917222276,Moist forest|Wet forest
NEF_NEBEDIV_RG15_2025_20,thornthwaite,1466.4926332592963,3323,0.44131586917222276,Moist forest|Wet forest
NEF_NEBEDIV_RG15_2025_21,thornthwaite,1466.4926332592963,3323,0.44131586917222276,Moist forest|Wet forest
NEF_NEBEDIV_RG15_2025_22,thornthwaite,1466.4926332592963,3323,0.44131586917222276,Moist forest|Wet forest
NEF_NEBEDIV_RG15_2025_23,thornthwaite,1466.4926332592963,3323,0.44131586917222276,Moist forest|Wet forest
NEF_NEBEDIV_RG15_2025_24,thornthwaite,1466.4926332592963,3323,0.44131586917222276,Moist forest|Wet forest
NEF_NEBEDIV_RG15_2025_25,thornthwaite,1466.4926332592963,3323,0.44131586917222276,Moist forest|Wet forest
NEF_NEBEDIV_RG15_2025_26,thornthwaite,1466.4926332592963,3323,0.44131586917222276,Moist forest|Wet forest
NEF_NEBEDIV_RG15_2025_27,thornthwaite,1466.4926332592963,3323,0.44131586917222276,Moist forest|Wet forest
NEF_NEBEDIV_RG15_2025_28,thornthwaite,1466.4926332592963,3323,0.44131586917222276,Moist forest|Wet forest
NEF_NEBEDIV_RG16_2025_1,thornthwaite,1466.4930556759773,3286,0.4462851660608574,Moist forest|Wet forest
NEF_NEBEDIV_RG16_2025_2,thornthwaite,1466.4930556759773,3286,0.4462851660608574,Moist forest|Wet forest
NEF_NEBEDIV_RG16_2025_3,thornthwaite,1466.4930556759773,3286,0.4462851660608574,Moist forest|Wet forest
NEF_NEBEDIV_RG16_2025_4,thornthwaite,1466.4930556759773,3286,0.4462851660608574,Moist forest|Wet forest
NEF_NEBEDIV_RG16_2025_5,thornthwaite,1466.4930556759773,3286,0.4462851660608574,Moist forest|Wet forest
NEF_NEBEDIV_RG16_2025_6,thornthwaite,1466.4930556759773,3286,0.4462851660608574,Moist forest|Wet forest
NEF_NEBEDIV_RG16_2025_7,thornthwaite,1466.4930556759773,3286,0.4462851660608574,Moist forest|Wet forest
NEF_NEBEDIV_RG16_2025_8,thornthwaite,1466.4930556759773,3286,0.4462851660608574,Moist forest|Wet forest
NEF_NEBEDIV_RG16_2025_9,thornthwaite,1466.4930556759773,3286,0.4462851660608574,Moist forest|Wet forest
NEF_NEBEDIV_RG16_2025_10,thornthwaite,1466.4930556759773,3286,0.4462851660608574,Moist forest|Wet forest
NEF_NEBEDIV_RG16_2025_11,thornthwaite,1466.4930556759773,3286,0.4462851660608574,Moist forest|Wet forest
NEF_NEBEDIV_RG16_2025_12,thornthwaite,1466.4930556759773,3286,0.4462851660608574,Moist forest|Wet forest
NEF_NEBEDIV_RG16_2025_13,thornthwaite,1466.4930556759773,3286,0.4462851660608574,Moist forest|Wet forest
NEF_NEBEDIV_RG16_2025_14,thornthwaite,1466.4930556759773,3286,0.4462851660608574,Moist forest|Wet forest
NEF_NEBEDIV_RG16_2025_15,thornthwaite,1466.4930556759773,3286,0.4462851660608574,Moist forest|Wet forest
NEF_NEBEDIV_RG16_2025_16,thornthwaite,1466.4930556759773,3286,0.4462851660608574,Moist forest|Wet forest
NEF_NEBEDIV_RG16_2025_17,thornthwaite,1466.4930556759773,3286,0.4462851660608574,Moist forest|Wet forest
NEF_NEBEDIV_RG16_2025_18,thornthwaite,1466.4930556759773,3286,0.4462851660608574,Moist forest|Wet forest
NEF_NEBEDIV_RG16_2025_19,thornthwaite,1466.4930556759773,3286,0.4462851660608574,Moist forest|Wet forest
NEF_NEBEDIV_RG16_2025_20,thornthwaite,1466.4930556759773,3286,0.4462851660608574,Moist forest|Wet forest
NEF_NEBEDIV_RG16_2025_21,thornthwaite,1466.4930556759773,3286,0.4462851660608574,Moist forest|Wet forest
NEF_NEBEDIV_RG16_2025_22,thornthwaite,1466.4930556759773,3286,0.4462851660608574,Moist forest|Wet forest
NEF_NEBEDIV_RG16_2025_23,thornthwaite,1466.4930556759773,3286,0.4462851660608574,Moist forest|Wet forest
NEF_NEBEDIV_RG16_2025_24,thornthwaite,1466.4930556759773,3286,0.4462851660608574,Moist forest|Wet forest
NEF_NEBEDIV_RG16_2025_25,thornthwaite,1466.4930556759773,3286,0.4462851660608574,Moist forest|Wet forest
NEF_NEBEDIV_RG16_2025_26,thornthwaite,1466.4930556759773,3286,0.4462851660608574,Moist forest|Wet forest
NEF_NEBEDIV_RG16_2025_27,thornthwaite,1466.4930556759773,3286,0.4462851660608574,Moist forest|Wet forest
NEF_NEBEDIV_RG16_2025_28,thornthwaite,1466.4930556759773,3286,0.4462851660608574,Moist forest|Wet forest
NEF_NEBEDIV_RG16_2025_29,thornthwaite,1466.4930556759773,3286,0.4462851660608574,Moist forest|Wet forest
NEF_NEBEDIV_RG16_2025_30,thornthwaite,1466.4930556759773,3286,0.4462851660608574,Moist forest|Wet forest
NEF_NEBEDIV_RG16_2025_31,thornthwaite,1466.4930556759773,3286,0.4462851660608574,Moist forest|Wet forest
NEF_NEBEDIV_RG16_2025_32,thornthwaite,1466.4930556759773,3286,0.4462851660608574,Moist forest|Wet forest
NEF_NEBEDIV_RG16_2025_33,thornthwaite,1466.4930556759773,3286,0.4462851660608574,Moist forest|Wet forest
NEF_NEBEDIV_RG16_2025_34,thornthwaite,1466.4930556759773,3286,0.4462851660608574,Moist forest|Wet forest
NEF_NEBEDIV_RG16_2025_35,thornthwaite,1466.4930556759773,3286,0.4462851660608574,Moist forest|Wet forest
NEF_NEBEDIV_RG16_2025_36,thornthwaite,1466.4930556759773,3286,0.4462851660608574,Moist forest|Wet forest
NEF_NEBEDIV_RG16_2025_37,thornthwaite,1466.4930556759773,3286,0.4462851660608574,Moist forest|Wet forest
NEF_NEBEDIV_RG16_2025_38,thornthwaite,1466.4930556759773,3286,0.4462851660608574,Moist forest|Wet forest
NEF_NEBEDIV_RG16_2025_39,thornthwaite,1466.4930556759773,3286,0.4462851660608574,Moist forest|Wet forest
NEF_NEBEDIV_RG16_2025_40,thornthwaite,1466.4930556759773,3286,0.4462851660608574,Moist forest|Wet forest
NEF_NEBEDIV_RG16_2025_41,thornthwaite,1466.4930556759773,3286,0.4462851660608574,Moist forest|Wet forest
NEF_NEBEDIV_RG16_2025_42,thornthwaite,1466.4930556759773,3286,0.4462851660608574,Moist forest|Wet forest
NEF_NEBEDIV_RG16_2025_43,thornthwaite,1466.4930556759773,3286,0.4462851660608574,Moist forest|Wet forest
NEF_NEBEDIV_RG17_2025_1,thornthwaite,1454.1981461462753,3231,0.45007680165468134,Moist forest|Wet forest
NEF_NEBEDIV_RG17_2025_2,thornthwaite,1454.1981461462753,3231,0.45007680165468134,Moist forest|Wet forest
NEF_NEBEDIV_RG17_2025_3,thornthwaite,1454.1981461462753,3231,0.45007680165468134,Moist forest|Wet forest
NEF_NEBEDIV_RG17_2025_4,thornthwaite,1454.1981461462753,3231,0.45007680165468134,Moist forest|Wet forest
NEF_NEBEDIV_RG17_2025_5,thornthwaite,1454.1981461462753,3231,0.45007680165468134,Moist forest|Wet forest
NEF_NEBEDIV_RG17_2025_6,thornthwaite,1454.1981461462753,3231,0.45007680165468134,Moist forest|Wet forest
NEF_NEBEDIV_RG17_2025_7,thornthwaite,1454.1981461462753,3231,0.45007680165468134,Moist forest|Wet forest
NEF_NEBEDIV_RG17_2025_8,thornthwaite,1454.1981461462753,3231,0.45007680165468134,Moist forest|Wet forest
NEF_NEBEDIV_RG17_2025_9,thornthwaite,1454.1981461462753,3231,0.45007680165468134,Moist forest|Wet forest
NEF_NEBEDIV_RG17_2025_10,thornthwaite,1454.1981461462753,3231,0.45007680165468134,Moist forest|Wet forest
NEF_NEBEDIV_RG17_2025_11,thornthwaite,1454.1981461462753,3231,0.45007680165468134,Moist forest|Wet forest
NEF_NEBEDIV_RG17_2025_12,thornthwaite,1454.1981461462753,3231,0.45007680165468134,Moist forest|Wet forest
NEF_NEBEDIV_RG17_2025_13,thornthwaite,1454.1981461462753,3231,0.45007680165468134,Moist forest|Wet forest
NEF_NEBEDIV_RG17_2025_14,thornthwaite,1454.1981461462753,3231,0.45007680165468134,Moist forest|Wet forest
NEF_NEBEDIV_RG17_2025_15,thornthwaite,1454.1981461462753,3231,0.45007680165468134,Moist forest|Wet forest
NEF_NEBEDIV_RG17_2025_16,thornthwaite,1454.1981461462753,3231,0.45007680165468134,Moist forest|Wet forest
NEF_NEBEDIV_RG17_2025_17,thornthwaite,1454.1981461462753,3231,0.45007680165468134,Moist forest|Wet forest
NEF_NEBEDIV_RG17_2025_18,thornthwaite,1454.1981461462753,3231,0.45007680165468134,Moist forest|Wet forest
NEF_NEBEDIV_RG17_2025_19,thornthwaite,1454.1981461462753,3231,0.45007680165468134,Moist forest|Wet forest
NEF_NEBEDIV_RG17_2025_20,thornthwaite,1454.1981461462753,3231,0.45007680165468134,Moist forest|Wet forest
NEF_NEBEDIV_RG17_2025_21,thornthwaite,1454.1981461462753,3231,0.45007680165468134,Moist forest|Wet forest
NEF_NEBEDIV_RG17_2025_22,thornthwaite,1454.1981461462753,3231,0.45007680165468134,Moist forest|Wet forest
NEF_NEBEDIV_RG17_2025_23,thornthwaite,1454.1981461462753,3231,0.45007680165468134,Moist forest|Wet forest
NEF_NEBEDIV_RG17_2025_24,thornthwaite,1454.1981461462753,3231,0.45007680165468134,Moist forest|Wet forest
NEF_NEBEDIV_RG17_2025_25,thornthwaite,1454.1981461462753,3231,0.45007680165468134,Moist forest|Wet forest
NEF_NEBEDIV_RG17_2025_26,thornthwaite,1454.1981461462753,3231,0.45007680165468134,Moist forest|Wet forest
NEF_NEBEDIV_RG17_2025_27,thornthwaite,1454.1981461462753,3231,0.45007680165468134,Moist forest|Wet forest
NEF_NEBEDIV_RG17_2025_28,thornthwaite,1454.1981461462753,3231,0.45007680165468134,Moist forest|Wet forest
NEF_NEBEDIV_RG17_2025_29,thornthwaite,1454.1981461462753,3231,0.45007680165468134,Moist forest|Wet forest
NEF_NEBEDIV_RG17_2025_30,thornthwaite,1454.1981461462753,3231,0.45007680165468134,Moist forest|Wet forest
NEF_NEBEDIV_RG17_2025_31,thornthwaite,1454.1981461462753,3231,0.45007680165468134,Moist forest|Wet forest
NEF_NEBEDIV_RG17_2025_32,thornthwaite,1454.1981461462753,3231,0.45007680165468134,Moist forest|Wet forest
NEF_NEBEDIV_RG17_2025_33,thornthwaite,1454.1981461462753,3231,0.45007680165468134,Moist forest|Wet forest
NEF_NEBEDIV_RG17_2025_34,thornthwaite,1454.1981461462753,3231,0.45007680165468134,Moist forest|Wet forest
NEF_NEBEDIV_RG17_2025_35,thornthwaite,1454.1981461462753,3231,0.45007680165468134,Moist forest|Wet forest
NEF_NEBEDIV_RG17_2025_36,thornthwaite,1454.1981461462753,3231,0.45007680165468134,Moist forest|Wet forest
NEF_NEBEDIV_RG17_2025_37,thornthwaite,1454.1981461462753,3231,0.45007680165468134,Moist forest|Wet forest
NEF_NEBEDIV_RG17_2025_38,thornthwaite,1454.1981461462753,3231,0.45007680165468134,Moist forest|Wet forest
NEF_NEBEDIV_RG17_2025_39,thornthwaite,1454.1981461462753,3231,0.45007680165468134,Moist forest|Wet forest
NEF_NEBEDIV_RG17_2025_40,thornthwaite,1454.1981461462753,3231,0.45007680165468134,Moist forest|Wet forest
NEF_NEBEDIV_RG17_2025_41,thornthwaite,1454.1981461462753,3231,0.45007680165468134,Moist forest|Wet forest
NEF_NEBEDIV_RG17_2025_42,thornthwaite,1454.1981461462753,3231,0.45007680165468134,Moist forest|Wet forest
NEF_NEBEDIV_RG17_2025_43,thornthwaite,1454.1981461462753,3231,0.45007680165468134,Moist forest|Wet forest
NEF_NEBEDIV_RG17_2025_44,thornthwaite,1454.1981461462753,3231,0.45007680165468134,Moist forest|Wet forest
NEF_NEBEDIV_RG17_2025_45,thornthwaite,1454.1981461462753,3231,0.45007680165468134,Moist forest|Wet forest
NEF_NEBEDIV_RG18_2025_1,thornthwaite,1415.2106708128324,3248,0.4357175710630642,Moist forest|Wet forest
NEF_NEBEDIV_RG18_2025_2,thornthwaite,1415.2106708128324,3248,0.4357175710630642,Moist forest|Wet forest
NEF_NEBEDIV_RG18_2025_3,thornthwaite,1415.2106708128324,3248,0.4357175710630642,Moist forest|Wet forest
NEF_NEBEDIV_RG18_2025_4,thornthwaite,1415.2106708128324,3248,0.4357175710630642,Moist forest|Wet forest
NEF_NEBEDIV_RG18_2025_5,thornthwaite,1415.2106708128324,3248,0.4357175710630642,Moist forest|Wet forest
NEF_NEBEDIV_RG18_2025_6,thornthwaite,1415.2106708128324,3248,0.4357175710630642,Moist forest|Wet forest
NEF_NEBEDIV_RG18_2025_7,thornthwaite,1415.2106708128324,3248,0.4357175710630642,Moist forest|Wet forest
NEF_NEBEDIV_RG18_2025_8,thornthwaite,1415.2106708128324,3248,0.4357175710630642,Moist forest|Wet forest
NEF_NEBEDIV_RG18_2025_9,thornthwaite,1415.2106708128324,3248,0.4357175710630642,Moist forest|Wet forest
NEF_NEBEDIV_RG18_2025_10,thornthwaite,1415.2106708128324,3248,0.4357175710630642,Moist forest|Wet forest
NEF_NEBEDIV_RG18_2025_11,thornthwaite,1415.2106708128324,3248,0.4357175710630642,Moist forest|Wet forest
NEF_NEBEDIV_RG18_2025_12,thornthwaite,1415.2106708128324,3248,0.4357175710630642,Moist forest|Wet forest
NEF_NEBEDIV_RG18_2025_13,thornthwaite,1415.2106708128324,3248,0.4357175710630642,Moist forest|Wet forest
NEF_NEBEDIV_RG18_2025_14,thornthwaite,1415.2106708128324,3248,0.4357175710630642,Moist forest|Wet forest
NEF_NEBEDIV_RG18_2025_15,thornthwaite,1415.2106708128324,3248,0.4357175710630642,Moist forest|Wet forest
NEF_NEBEDIV_RG18_2025_16,thornthwaite,1415.2106708128324,3248,0.4357175710630642,Moist forest|Wet forest
NEF_NEBEDIV_RG18_2025_17,thornthwaite,1415.2106708128324,3248,0.4357175710630642,Moist forest|Wet forest
NEF_NEBEDIV_RG18_2025_18,thornthwaite,1415.2106708128324,3248,0.4357175710630642,Moist forest|Wet forest
NEF_NEBEDIV_RG18_2025_19,thornthwaite,1415.2106708128324,3248,0.4357175710630642,Moist forest|Wet forest
NEF_NEBEDIV_RG18_2025_20,thornthwaite,1415.2106708128324,3248,0.4357175710630642,Moist forest|Wet forest
NEF_NEBEDIV_RG18_2025_21,thornthwaite,1415.2106708128324,3248,0.4357175710630642,Moist forest|Wet forest
NEF_NEBEDIV_RG18_2025_22,thornthwaite,1415.2106708128324,3248,0.4357175710630642,Moist forest|Wet forest
NEF_NEBEDIV_RG18_2025_23,thornthwaite,1415.2106708128324,3248,0.4357175710630642,Moist forest|Wet forest
NEF_NEBEDIV_RG18_2025_24,thornthwaite,1415.2106708128324,3248,0.4357175710630642,Moist forest|Wet forest
NEF_NEBEDIV_RG18_2025_25,thornthwaite,1415.2106708128324,3248,0.4357175710630642,Moist forest|Wet forest
NEF_NEBEDIV_RG18_2025_26,thornthwaite,1415.2106708128324,3248,0.4357175710630642,Moist forest|Wet forest
NEF_NEBEDIV_RG18_2025_27,thornthwaite,1415.2106708128324,3248,0.4357175710630642,Moist forest|Wet forest
NEF_NEBEDIV_RG18_2025_28,thornthwaite,1415.2106708128324,3248,0.4357175710630642,Moist forest|Wet forest
NEF_NEBEDIV_RG18_2025_29,thornthwaite,1415.2106708128324,3248,0.4357175710630642,Moist forest|Wet forest
NEF_NEBEDIV_RG18_2025_30,thornthwaite,1415.2106708128324,3248,0.4357175710630642,Moist forest|Wet forest
NEF_NEBEDIV_RG18_2025_31,thornthwaite,1415.2106708128324,3248,0.4357175710630642,Moist forest|Wet forest
NEF_NEBEDIV_RG18_2025_32,thornthwaite,1415.2106708128324,3248,0.4357175710630642,Moist forest|Wet forest
NEF_NEBEDIV_RG18_2025_33,thornthwaite,1415.2106708128324,3248,0.4357175710630642,Moist forest|Wet forest
NEF_NEBEDIV_RG18_2025_34,thornthwaite,1415.2106708128324,3248,0.4357175710630642,Moist forest|Wet forest
NEF_NEBEDIV_RG18_2025_35,thornthwaite,1415.2106708128324,3248,0.4357175710630642,Moist forest|Wet forest
NEF_NEBEDIV_RG18_2025_36,thornthwaite,1415.2106708128324,3248,0.4357175710630642,Moist forest|Wet forest
NEF_NEBEDIV_RG18_2025_37,thornthwaite,1415.2106708128324,3248,0.4357175710630642,Moist forest|Wet forest
NEF_NEBEDIV_RG18_2025_38,thornthwaite,1415.2106708128324,3248,0.4357175710630642,Moist forest|Wet forest
NEF_NEBEDIV_RG18_2025_39,thornthwaite,1415.2106708128324,3248,0.4357175710630642,Moist forest|Wet forest
NEF_NEBEDIV_RG18_2025_40,thornthwaite,1415.2106708128324,3248,0.4357175710630642,Moist forest|Wet forest
NEF_NEBEDIV_RG18_2025_41,thornthwaite,1415.2106708128324,3248,0.4357175710630642,Moist forest|Wet forest
NEF_NEBEDIV_RG18_2025_42,thornthwaite,1415.2106708128324,3248,0.4357175710630642,Moist forest|Wet forest
NEF_NEBEDIV_RG18_2025_43,thornthwaite,1415.2106708128324,3248,0.4357175710630642,Moist forest|Wet forest
NEF_NEBEDIV_RG18_2025_44,thornthwaite,1415.2106708128324,3248,0.4357175710630642,Moist forest|Wet forest
NEF_NEBEDIV_RG18_2025_45,thornthwaite,1415.2106708128324,3248,0.4357175710630642,Moist forest|Wet forest
NEF_NEBEDIV_RG18_2025_46,thornthwaite,1415.2106708128324,3248,0.4357175710630642,Moist forest|Wet forest
NEF_NEBEDIV_RG18_2025_47,thornthwaite,1415.2106708128324,3248,0.4357175710630642,Moist forest|Wet forest
NEF_NEBEDIV_TRI41_2025_1,thornthwaite,1427.538810972798,2854,0.5001887915111416,Moist forest
NEF_NEBEDIV_TRI42_2025_1,thornthwaite,1381.2737115523314,2803,0.4927840569219877,Moist forest|Wet forest
NEF_NEBEDIV_TRI42_2025_2,thornthwaite,1381.2737115523314,2803,0.4927840569219877,Moist forest|Wet forest
NEF_NEBEDIV_TRI42_2025_3,thornthwaite,1381.2737115523314,2803,0.4927840569219877,Moist forest|Wet forest
NEF_NEBEDIV_TRI42_2025_4,thornthwaite,1381.2737115523314,2803,0.4927840569219877,Moist forest|Wet forest
NEF_NEBEDIV_TRI42_2025_5,thornthwaite,1381.2737115523314,2803,0.4927840569219877,Moist forest|Wet forest
NEF_NEBEDIV_TRI42_2025_6,thornthwaite,1381.2737115523314,2803,0.4927840569219877,Moist forest|Wet forest
NEF_NEBEDIV_TRI42_2025_7,thornthwaite,1381.2737115523314,2803,0.4927840569219877,Moist forest|Wet forest
NEF_NEBEDIV_TRI42_2025_8,thornthwaite,1381.2737115523314,2803,0.4927840569219877,Moist forest|Wet forest
NEF_NEBEDIV_TRI42_2025_9,thornthwaite,1381.2737115523314,2803,0.4927840569219877,Moist forest|Wet forest
NEF_NEBEDIV_TRI42_2025_10,thornthwaite,1381.2737115523314,2803,0.4927840569219877,Moist forest|Wet forest
NEF_NEBEDIV_TRI43_2025_1,thornthwaite,1414.5038531124678,2816,0.5023096069291434,Moist forest
NEF_NEBEDIV_TRI43_2025_2,thornthwaite,1414.5038531124678,2816,0.5023096069291434,Moist forest
NEF_NEBEDIV_TRI43_2025_3,thornthwaite,1414.5038531124678,2816,0.5023096069291434,Moist forest
NEF_NEBEDIV_TRI43_2025_4,thornthwaite,1414.5038531124678,2816,0.5023096069291434,Moist forest
NEF_NEBEDIV_TRI43_2025_5,thornthwaite,1414.5038531124678,2816,0.5023096069291434,Moist forest
NEF_NEBEDIV_TRI43_2025_6,thornthwaite,1414.5038531124678,2816,0.5023096069291434,Moist forest
NEF_NEBEDIV_TRI43_2025_7,thornthwaite,1414.5038531124678,2816,0.5023096069291434,Moist forest
NEF_NEBEDIV_TRI43_2025_8,thornthwaite,1414.5038531124678,2816,0.5023096069291434,Moist forest
NEF_NEBEDIV_TRI43_2025_9,thornthwaite,1414.5038531124678,2816,0.5023096069291434,Moist forest
NEF_NEBEDIV_TRI43_2025_10,thornthwaite,1414.5038531124678,2816,0.5023096069291434,Moist forest
NEF_NEBEDIV_TRI45_2025_1,thornthwaite,1427.5391373170526,2786,0.5123973931504137,Moist forest
NEF_NEBEDIV_TRI45_2025_2,thornthwaite,1427.5391373170526,2786,0.5123973931504137,Moist forest
NEF_NEBEDIV_TRI45_2025_3,thornthwaite,1427.5391373170526,2786,0.5123973931504137,Moist forest
NEF_NEBEDIV_TRI45_2025_4,thornthwaite,1427.5391373170526,2786,0.5123973931504137,Moist forest
NEF_NEBEDIV_TRI45_2025_5,thornthwaite,1427.5391373170526,2786,0.5123973931504137,Moist forest
NEF_NEBEDIV_TRI45_2025_6,thornthwaite,1427.5391373170526,2786,0.5123973931504137,Moist forest
NEF_NEBEDIV_TRI45_2025_7,thornthwaite,1427.5391373170526,2786,0.5123973931504137,Moist forest
NEF_NEBEDIV_TRI45_2025_8,thornthwaite,1427.5391373170526,2786,0.5123973931504137,Moist forest
NEF_NEBEDIV_TRI45_2025_9,thornthwaite,1427.5391373170526,2786,0.5123973931504137,Moist forest
NEF_NEBEDIV_TRI45_2025_10,thornthwaite,1427.5391373170526,2786,0.5123973931504137,Moist forest
NEF_NEBEDIV_TRI48_2025_1,thornthwaite,1298.8098380405313,2830,0.45894340566803227,Moist forest|Wet forest
NEF_NEBEDIV_TRI48_2025_2,thornthwaite,1298.8098380405313,2830,0.45894340566803227,Moist forest|Wet forest
NEF_SPUNBR_SPUN37_2025_1,thornthwaite,878.8054566902874,1631,0.5388138912877298,Dry forest|Moist forest
NEF_SPUNBR_SPUN38_2025_1,thornthwaite,935.093136357547,1592,0.5873700605260973,Dry forest|Moist forest
NEF_SPUNBR_SPUN39_2025_1,thornthwaite,928.9065935213844,1598,0.5812932374977374,Dry forest|Moist forest
NEF_SPUNBR_SPUN40_2025_1,thornthwaite,922.8244332359944,1602,0.5760452142546781,Dry forest|Moist forest
NEF_SPUNBR_SPUN41_2025_1,thornthwaite,911.355643482309,1615,0.5643068999890458,Dry forest|Moist forest
NEF_SPUNBR_SPUN32_2025_1,thornthwaite,929.2287001835173,1593,0.5833199624504188,Dry forest|Moist forest
NEF_SPUNBR_SPUN33_2025_1,thornthwaite,935.4251976115974,1583,0.5909192657053679,Dry forest|Moist forest
NEF_SPUNBR_SPUN34_2025_1,thornthwaite,934.1787514110072,1609,0.5805958678750821,Dry forest|Moist forest
NEF_SPUNBR_SPUN77_2025_1,thornthwaite,933.8827709031762,1606,0.5814961213593874,Dry forest|Moist forest
NEF_SPUNBR_SPUN36_2025_1,thornthwaite,919.418497860637,1597,0.575716028716742,Dry forest|Moist forest
NEF_SPUNBR_SPUN78_2025_1,thornthwaite,914.1347685967025,1556,0.5874902111804001,Dry forest|Moist forest
NEF_SPUNBR_SPUN79_2025_1,thornthwaite,923.320823956743,1552,0.5949232113123344,Dry forest|Moist forest
NEF_SPUNBR_SPUN80_2025_1,thornthwaite,916.216979192737,1558,0.5880725155280725,Dry forest|Moist forest
NEF_SPUNBR_SPUN81_2025_1,thornthwaite,916.218943459034,1558,0.5880737762894955,Dry forest|Moist forest
NEF_SPUNBR_SPUN82_2025_1,thornthwaite,933.588026186226,1548,0.6030930401719806,Dry forest|Moist forest
NEF_SPUNBR_SPUN84_2025_1,thornthwaite,0,0,NA,
NEF_SPUNBR_SPUN14_2025_1,thornthwaite,0,0,NA,
NEF_SPUNBR_SPUN63_2025_1,thornthwaite,941.7418193150424,1583,0.5949095510518272,Dry forest|Moist forest
NEF_SPUNBR_SPUN16_2025_1,thornthwaite,941.1075610371129,1580,0.5956376968589322,Dry forest|Moist forest
NEF_SPUNBR_SPUN9_2025_1,thornthwaite,0,0,NA,
NEF_SPUNBR_SPUN10_2025_1,thornthwaite,943.7140727003449,1574,0.5995642139138151,Dry forest|Moist forest
NEF_SPUNBR_SPUN11_2025_1,thornthwaite,945.1080312610954,1587,0.5955312106245088,Dry forest|Moist forest
NEF_SPUNBR_SPUN12_2025_1,thornthwaite,945.7880472088231,1586,0.5963354648227132,Dry forest|Moist forest
NEF_SPUNBR_SPUN1_2025_1,thornthwaite,0,0,NA,
NEF_SPUNBR_SPUN60_2025_1,thornthwaite,945.821946180569,1572,0.6016679046950184,Dry forest|Moist forest
NEF_SPUNBR_SPUN61_2025_1,thornthwaite,946.871250135354,1570,0.6031027070925822,Dry forest|Moist forest
NEF_SPUNBR_SPUN8_2025_1,thornthwaite,941.5753872260289,1564,0.6020302987378701,Dry forest|Moist forest
NEF_SPUNBR_SPUN85_2025_1,thornthwaite,939.3887355916636,1570,0.5983367742622061,Dry forest|Moist forest
NEF_SPUNBR_SPUN86_2025_1,thornthwaite,926.0996499517523,1581,0.5857682795393753,Dry forest|Moist forest
NEF_SPUNBR_SPUN87_2025_1,thornthwaite,939.1620746765464,1574,0.5966722202519354,Dry forest|Moist forest
NEF_SPUNBR_SPUN88_2025_1,thornthwaite,939.1477677939795,1581,0.5940213585034658,Dry forest|Moist forest
NEF_SPUNBR_SPUN89_2025_1,thornthwaite,938.150070659842,1579,0.594141906687677,Dry forest|Moist forest
NEF_SPUNBR_SPUN90_2025_1,thornthwaite,939.385758320917,1570,0.5983348779114122,Dry forest|Moist forest
NEF_SPUNBR_SPUN91_2025_1,thornthwaite,939.0945608289164,1571,0.5977686574340652,Dry forest|Moist forest
NEF_SPUNBR_SPUN92_2025_1,thornthwaite,938.199670765328,1571,0.5971990265851865,Dry forest|Moist forest
NEF_SPUNBR_SPUN25_2025_1,thornthwaite,935.4882700349218,1617,0.5785332529591353,Dry forest|Moist forest
NEF_SPUNBR_SPUN93_2025_1,thornthwaite,938.2891144355252,1639,0.5724765798874467,Dry forest|Moist forest
NEF_SPUNBR_SPUN94_2025_1,thornthwaite,938.5847478585176,1532,0.6126532296726617,Dry forest|Moist forest
NEF_SPUNBR_SPUN95_2025_1,thornthwaite,939.5444201905267,1536,0.6116825652282075,Dry forest|Moist forest
NEF_SPUNBR_SPUN96_2025_1,thornthwaite,933.5779041780722,1534,0.6085905503116508,Dry forest|Moist forest
NEF_SPUNBR_SPUN30_2025_1,thornthwaite,0,0,NA,
NEF_SPUNBR_SPUN97_2025_1,thornthwaite,940.4162460580171,1536,0.6122501601940216,Dry forest|Moist forest
NEF_AtlasMXB_B01_2025_1,thornthwaite,700.0423047724462,757,0.924758658880378,Dry forest|Moist forest
NEF_AtlasMXB_B02_2025_1,thornthwaite,1491.512066350668,1179,1.2650653658614657,Dry forest
NEF_AtlasMXB_B03_2025_1,thornthwaite,1272.5759649691402,1047,1.2154498232752056,Dry forest
NEF_AtlasMXB_B04_2025_1,thornthwaite,1350.1617601154094,1021,1.3223915378211648,Dry forest
NEF_AtlasMXB_B05_2025_1,thornthwaite,1270.9765065280042,1105,1.1502049832832617,Dry forest
NEF_AtlasMXB_B06_2025_1,thornthwaite,659.5126357562995,666,0.9902592128472965,Dry forest|Moist forest
NEF_AtlasMXB_B07_2025_1,thornthwaite,631.6228319761645,1012,0.6241332331780282,Dry forest|Moist forest
NEF_AtlasMXB_B08_2025_1,thornthwaite,665.1061810669495,622,1.069302541908279,Very dry forest|Dry forest
NEF_AtlasMXB_B09_2025_1,thornthwaite,668.1536809870437,585,1.1421430444222969,Very dry forest|Dry forest
NEF_AtlasMXB_B10_2025_1,thornthwaite,659.126995173842,669,0.9852421452523797,Dry forest|Moist forest
NEF_AtlasMXB_B11_2025_1,thornthwaite,672.8292245526795,753,0.8935315067100658,Dry forest|Moist forest
NEF_AtlasMXB_B12_2025_1,thornthwaite,673.1716450867982,575,1.1707332958031273,Very dry forest|Dry forest
NEF_AtlasMXB_B13_2025_1,thornthwaite,662.29280964892655,635,1.0429808025967346,Very dry forest|Dry forest
NEF_AtlasMXB_B14_2025_1,thornthwaite,676.966298125703,490,1.3815638737259246,Thorn steppe
NEF_AtlasMXB_B15_2025_1,thornthwaite,1480.853084369415,1483,0.9985523158256339,Dry forest|Moist forest
NEF_AtlasMXB_B16_2025_1,thornthwaite,1425.7063927154752,1480,0.963315130213159,Dry forest|Moist forest
NEF_AtlasMXB_B17_2025_1,thornthwaite,656.0586438308201,945,0.694241951143725,Dry forest|Moist forest
NEF_AtlasMXB_B18_2025_1,thornthwaite,1069.396148740038,1234,0.8666095208590259,Dry forest|Moist forest
NEF_AtlasMXB_B19_2025_1,thornthwaite,1024.653132503165,1259,0.8138626946014018,Dry forest|Moist forest
NEF_AtlasMXB_B20_2025_1,thornthwaite,858.658209494819,1174,0.7313954084282955,Dry forest|Moist forest
NEF_AtlasMXB_B21_2025_1,thornthwaite,898.9617165503043,1160,0.7749669970261245,Dry forest|Moist forest
NEF_AtlasMXB_B22_2025_1,thornthwaite,606.9014261645076,903,0.6720946026185023,Dry forest|Moist forest
NEF_AtlasMXB_B23_2025_1,thornthwaite,575.5777687030355,1095,0.5256417979023156,Dry forest|Moist forest
NEF_AtlasMXB_B24_2025_1,thornthwaite,575.5762786525355,1095,0.5256404371256032,Dry forest|Moist forest
NEF_AtlasMXB_B33_2025_1,thornthwaite,540.5883834482588,1521,0.355416425672754,Moist forest|Wet forest
NEF_AtlasMXB_B34_2025_1,thornthwaite,563.0022129710238,1391,0.40474637884329534,Moist forest|Wet forest
NEF_AtlasMXB_B35_2025_1,thornthwaite,617.7145826671183,819,0.7542302596668111,Dry forest|Moist forest
NEF_AtlasMXB_B39_2025_1,thornthwaite,652.0385983104484,1273,0.512206283040415,Dry forest|Moist forest
NEF_AtlasMXB_B40_2025_1,thornthwaite,641.9332897430238,1232,0.5210497481680388,Dry forest|Moist forest
NEF_AtlasMXB_B41_2025_1,thornthwaite,641.818569349078,1117,0.5745913781101861,Dry forest|Moist forest
NEF_AtlasMXB_B42_2025_1,thornthwaite,630.7064475462049,1137,0.5547110356606904,Dry forest|Moist forest
NEF_AtlasMXB_B43_2025_1,thornthwaite,752.3823443748586,623,1.2076763152084407,Very dry forest|Dry forest
NEF_AtlasMXB_B44_2025_1,thornthwaite,624.0360130460946,1203,0.5187331779269282,Dry forest|Moist forest
NEF_AtlasMXB_B45_2025_1,thornthwaite,641.7886652322478,1161,0.5527895480036588,Dry forest|Moist forest
NEF_AtlasMXB_B46_2025_1,thornthwaite,591.7059315137427,1250,0.47336474521099414,Moist forest|Wet forest
NEF_AtlasMXB_B47_2025_1,thornthwaite,615.5665251799807,1191,0.5168484678253406,Dry forest|Moist forest
NEF_AtlasMXB_B48_2025_1,thornthwaite,679.2781544414478,1056,0.6432558280695528,Dry forest|Moist forest
NEF_AtlasMXB_B49_2025_1,thornthwaite,628.5110670396518,1209,0.5198602705042612,Dry forest|Moist forest
NEF_AtlasMXB_B50_2025_1,thornthwaite,671.7959863992186,1057,0.6355685774827045,Dry forest|Moist forest
NEF_AtlasMXB_B51_2025_1,thornthwaite,677.6019106259797,1149,0.5897318630339249,Dry forest|Moist forest
NEF_AtlasMXB_B52_2025_1,thornthwaite,696.2256297992943,926,0.7518635311007498,Dry forest|Moist forest
NEF_AtlasMXB_B53_2025_1,thornthwaite,698.5175220394254,876,0.7973944315518555,Dry forest|Moist forest
NEF_AtlasMXB_B54_2025_1,thornthwaite,643.0001920971499,1236,0.5202266926352346,Dry forest|Moist forest
NEF_AtlasMXB_B55_2025_1,thornthwaite,648.1734139293592,1200,0.5401445116077993,Dry forest|Moist forest
NEF_AtlasMXB_B56_2025_1,thornthwaite,625.2159303674962,1191,0.5249504033312311,Dry forest|Moist forest
NEF_AtlasMXB_B57_2025_1,thornthwaite,631.3737779771034,1181,0.5346094648409004,Dry forest|Moist forest
NEF_AtlasMXB_B58_2025_1,thornthwaite,601.109252367993,1201,0.5005072875670217,Dry forest|Moist forest
NEF_AtlasMXB_B59_2025_1,thornthwaite,672.949132058345,974,0.6909128665896765,Dry forest|Moist forest
NEF_AtlasMXB_B60_2025_1,thornthwaite,604.4426993462654,1196,0.5053868723630981,Dry forest|Moist forest
NEF_AtlasMXB_B61_2025_1,thornthwaite,716.3788011260958,862,0.8310658945778374,Dry forest|Moist forest
NEF_AtlasMXB_B62_2025_1,thornthwaite,698.0001746884269,883,0.7904871740525786,Dry forest|Moist forest
NEF_AtlasMXB_B63_2025_1,thornthwaite,740.9032013584931,660,1.122580608118929,Very dry forest|Dry forest
NEF_AtlasMXB_B64_2025_1,thornthwaite,754.5684726744888,741,1.0183110292503224,Very dry forest|Dry forest
NEF_AtlasMXB_B65_2025_1,thornthwaite,768.1432921057774,695,1.1052421469147875,Very dry forest|Dry forest
NEF_AtlasMXB_B66_2025_1,thornthwaite,704.4940633087317,733,0.9611105911442451,Dry forest|Moist forest
NEF_AtlasMXB_B67_2025_1,thornthwaite,681.8982982507879,1063,0.6414847584673451,Dry forest|Moist forest
NEF_AtlasMXB_B68_2025_1,thornthwaite,664.9033961062526,1038,0.6405620386380082,Dry forest|Moist forest
NEF_AtlasMXB_B69_2025_1,thornthwaite,687.26246701474,1093,0.6287854227033303,Dry forest|Moist forest
NEF_AtlasMXB_B70_2025_1,thornthwaite,759.4450367394818,605,1.2552810524619533,Very dry forest|Dry forest
NEF_AtlasMXB_B71_2025_1,thornthwaite,622.9352468903292,1196,0.520848868637399,Dry forest|Moist forest
NEF_AtlasMXB_B72_2025_1,thornthwaite,635.9519403590915,1189,0.5348628598478482,Dry forest|Moist forest
NEF_AtlasMXB_B73_2025_1,thornthwaite,694.4151881079231,901,0.7707160800309912,Dry forest|Moist forest
NEF_AtlasMXB_B74_2025_1,thornthwaite,720.0625290339246,777,0.9267214015880626,Dry forest|Moist forest
NEF_AtlasMXB_B75_2025_1,thornthwaite,679.8916078443707,988,0.6881494006521971,Dry forest|Moist forest
NEF_AtlasMXB_B76_2025_1,thornthwaite,738.7742337848262,660,1.119354899673979,Very dry forest|Dry forest
NEF_AtlasMXB_B77_2025_1,thornthwaite,700.2049132813964,858,0.8160896425191101,Dry forest|Moist forest
NEF_AtlasMXB_B78_2025_1,thornthwaite,672.949132058345,974,0.6909128665896765,Dry forest|Moist forest
NEF_AtlasMXB_B79_2025_1,thornthwaite,680.8230821699528,1053,0.6465556335896988,Dry forest|Moist forest
NEF_AtlasMXB_B80_2025_1,thornthwaite,738.2054639104562,654,1.1287545319731747,Very dry forest|Dry forest
NEF_AtlasMXB_B81_2025_1,thornthwaite,744.0064987718848,630,1.1809626964633093,Very dry forest|Dry forest
NEF_AtlasMXB_B82_2025_1,thornthwaite,723.535533881727,788,0.9181923018803643,Dry forest|Moist forest
NEF_AtlasMXB_B83_2025_1,thornthwaite,673.2444904463291,1144,0.5885004287118262,Dry forest|Moist forest
NEF_AtlasMXB_B84_2025_1,thornthwaite,757.7885097045337,587,1.2909514645733111,Very dry forest|Dry forest
NEF_AtlasMXB_B85_2025_1,thornthwaite,759.4450367394818,609,1.2470361851223017,Very dry forest|Dry forest
NEF_AtlasMXB_B86_2025_1,thornthwaite,756.4275990894424,638,1.1856231960649568,Very dry forest|Dry forest
NEF_AtlasMXB_B87_2025_1,thornthwaite,752.8135953400454,594,1.2673629551179215,Very dry forest|Dry forest
NEF_AtlasMXB_B88_2025_1,thornthwaite,758.9438543346928,599,1.2670181207590865,Very dry forest|Dry forest
