PermanentID,location,morrone_biogeoregions_Region,morrone_biogeoregions_Dominio,morrone_biogeoregions_Provincias,climenv_holdridge_class,“”,biogeoregions_Provincias,ND,algal_parasite,animal_endosymbiont,animal_parasite,arbuscular_mycorrhizal,arthropod-associated,dung_saprotroph,ectomycorrhizal,epiphyte,ericoid_mycorrhizal,foliar_endophyte,lichen_parasite,lichenized,litter_saprotroph,moss_symbiont,mycoparasite,nectar/tap_saprotroph,plant_pathogen,pollen_saprotroph,protistan_parasite,root_endophyte,soil_saprotroph,sooty_mold,unspecified,unspecified_pathotroph,unspecified_saprotroph,unspecified_symbiotroph,wood_saprotroph,sample_type,Sum,Count,% ECM per sample,% ECM per sample_OK,,, Hill_q0, Hill_q1,,,,,,,,,,,,,,,,,,,,
GF01000692S,Northeast Argentina,Neotropical,Parana,Parana Forest province,Dry forest|Moist forest,GF01000692S,Parana Forest province,63,0,0,1,5,0,1,0,0,0,1,0,0,9,0,1,0,5,0,0,0,13,0,0,0,2,0,5,root,106,11,0,0,,,11,4.301892,,,,,,,,,,,,,,,,,,,,
GF01000693S,Northeast Argentina,Neotropical,Parana,Parana Forest province,Dry forest|Moist forest,GF01000693S,Parana Forest province,47,0,0,7,10,0,1,0,0,0,1,0,0,3,0,2,0,6,0,0,0,21,0,0,0,3,0,5,root,106,11,0,0,,,11,5.78234,,,,,,,,,,,,,,,,,,,,
GF01000694S,Northeast Argentina,Neotropical,Parana,Parana Forest province,Dry forest|Moist forest,GF01000694S,Parana Forest province,59,0,0,4,4,0,0,0,0,0,1,0,0,6,0,3,1,8,0,0,0,24,2,0,0,3,0,11,root,126,12,0,0,,,12,5.71783,,,,,,,,,,,,,,,,,,,,
GF01000695S,Northeast Argentina,Neotropical,Parana,Parana Forest province,Dry forest|Moist forest,GF01000695S,Parana Forest province,78,0,0,4,13,0,2,0,0,0,1,0,0,6,0,13,0,6,0,0,0,10,0,0,0,1,0,16,root,150,11,0,0,,,11,5.268557,,,,,,,,,,,,,,,,,,,,
GF01000696S,Northeast Argentina,Neotropical,Parana,Parana Forest province,Dry forest|Moist forest,GF01000696S,Parana Forest province,69,0,0,1,3,0,0,0,0,0,2,0,0,3,0,3,0,7,0,0,0,8,0,0,0,3,0,5,root,104,10,0,0,,,10,3.769049,,,,,,,,,,,,,,,,,,,,
GF01000697S,Northeast Argentina,Neotropical,Parana,Parana Forest province,Dry forest|Moist forest,GF01000697S,Parana Forest province,77,0,0,3,7,0,1,0,0,1,1,0,0,12,0,3,2,13,0,0,0,20,1,0,0,3,0,14,root,158,14,0,0,,,14,5.902042,,,,,,,,,,,,,,,,,,,,
GF01000698S,Northeast Argentina,Neotropical,Parana,Parana Forest province,Dry forest|Moist forest,GF01000698S,Parana Forest province,39,0,0,2,1,0,0,0,0,0,1,0,0,5,0,2,1,5,0,0,0,15,0,0,0,1,0,10,root,82,11,0,0,,,11,5.248963,,,,,,,,,,,,,,,,,,,,
GF01000699S,Northeast Argentina,Neotropical,Parana,Parana Forest province,Dry forest|Moist forest,GF01000699S,Parana Forest province,41,0,0,2,28,0,0,0,0,0,1,0,0,7,0,3,0,4,0,0,0,15,0,0,0,1,0,9,root,111,10,0,0,,,10,5.687867,,,,,,,,,,,,,,,,,,,,
GF01000700S,Northeast Argentina,Neotropical,Parana,Parana Forest province,Dry forest|Moist forest,GF01000700S,Parana Forest province,60,0,0,4,10,0,2,0,0,0,1,0,0,5,0,3,1,7,0,0,0,12,1,0,0,2,0,11,root,119,13,0,0,,,13,5.866971,,,,,,,,,,,,,,,,,,,,
GF01000701S,Northeast Argentina,Neotropical,Parana,Parana Forest province,Dry forest|Moist forest,GF01000701S,Parana Forest province,76,0,0,4,11,0,1,3,0,0,1,0,0,7,0,6,1,6,0,0,0,21,1,0,0,3,0,12,root,153,14,1.960784314,1.960784314,,,14,5.960602,,,,,,,,,,,,,,,,,,,,
GF01000702S,Northeast Argentina,Neotropical,Parana,Parana Forest province,Dry forest|Moist forest,GF01000702S,Parana Forest province,34,0,0,1,0,0,0,0,0,0,1,0,0,4,0,1,1,16,0,0,0,10,0,0,0,3,0,5,root,76,10,0,0,,,10,5.177194,,,,,,,,,,,,,,,,,,,,
GF01003347S,South Georgia and the South Sandwich Islands: Bird Island,N/A,N/A,N/A,Wet forest,GF01003347S,N/A,2,0,0,0,0,0,0,0,0,0,0,0,0,0,0,0,0,0,0,0,0,0,0,0,0,0,0,0,soil,2,1,0,0,,,1,1,,,,,,,,,,,,,,,,,,,,
GF01003351S,South Georgia and the South Sandwich Islands: Bird Island,N/A,N/A,N/A,Wet forest,GF01003351S,N/A,2,0,0,0,0,0,0,0,0,0,0,0,0,0,0,0,0,0,0,0,0,0,0,0,0,0,0,0,soil,2,1,0,0,,,1,1,,,,,,,,,,,,,,,,,,,,
GF01003352S,South Georgia and the South Sandwich Islands: Bird Island,N/A,N/A,N/A,Wet forest,GF01003352S,N/A,1,0,0,0,0,0,0,0,0,0,0,0,0,4,0,0,0,0,0,0,0,0,0,0,0,0,0,0,soil,5,2,0,0,,,2,1.649385,,,,,,,,,,,,,,,,,,,,
GF01003353S,South Georgia and the South Sandwich Islands: Bird Island,N/A,N/A,N/A,Wet forest,GF01003353S,N/A,0,0,0,0,0,0,0,0,0,0,0,0,0,1,0,0,0,0,0,0,0,0,0,0,0,0,0,0,soil,1,1,0,0,,,1,1,,,,,,,,,,,,,,,,,,,,
GF01003354S,South Georgia and the South Sandwich Islands: Bird Island,N/A,N/A,N/A,Wet forest,GF01003354S,N/A,4,0,0,0,0,0,0,0,0,0,0,0,0,0,0,0,0,0,0,0,0,0,0,0,0,0,0,0,soil,4,1,0,0,,,1,1,,,,,,,,,,,,,,,,,,,,
GF01003355S,South Georgia and the South Sandwich Islands: Bird Island,N/A,N/A,N/A,Wet forest,GF01003355S,N/A,3,0,0,0,0,0,0,0,0,0,0,0,0,0,0,0,0,0,0,0,0,0,0,0,0,0,0,0,soil,3,1,0,0,,,1,1,,,,,,,,,,,,,,,,,,,,
GF01003369S,South Georgia and the South Sandwich Islands: Bird Island,N/A,N/A,N/A,Wet forest,GF01003369S,N/A,3,0,0,0,0,0,0,0,0,0,0,0,0,0,0,0,0,0,0,0,0,0,0,0,0,0,0,0,soil,3,1,0,0,,,1,1,,,,,,,,,,,,,,,,,,,,
GF01003372S,South Georgia and the South Sandwich Islands: Bird Island,N/A,N/A,N/A,Wet forest,GF01003372S,N/A,4,0,0,0,0,0,0,0,0,0,0,0,0,0,0,0,0,0,0,0,0,0,0,0,0,0,0,0,soil,4,1,0,0,,,1,1,,,,,,,,,,,,,,,,,,,,
GF01003380S,South Georgia and the South Sandwich Islands: Bird Island,N/A,N/A,N/A,Wet forest,GF01003380S,N/A,0,0,0,0,0,0,0,0,0,0,0,0,0,1,0,0,0,0,0,0,0,0,0,0,0,0,0,0,soil,1,1,0,0,,,1,1,,,,,,,,,,,,,,,,,,,,
GF01003381S,South Georgia and the South Sandwich Islands: Bird Island,N/A,N/A,N/A,Wet forest,GF01003381S,N/A,2,0,0,0,0,0,0,0,0,0,0,0,0,0,0,0,0,0,0,0,0,0,0,0,0,0,0,0,soil,2,1,0,0,,,1,1,,,,,,,,,,,,,,,,,,,,
GF01003394S,South Georgia and the South Sandwich Islands: Bird Island,N/A,N/A,N/A,Wet forest,GF01003394S,N/A,1,0,0,0,0,0,0,0,0,0,0,0,0,1,0,0,0,0,0,0,0,0,0,0,0,0,0,0,soil,2,2,0,0,,,2,2,,,,,,,,,,,,,,,,,,,,
GF01003395S,South Georgia and the South Sandwich Islands: Bird Island,N/A,N/A,N/A,Wet forest,GF01003395S,N/A,1,0,0,0,0,0,0,0,0,0,0,0,0,1,0,0,0,0,0,0,0,0,0,0,0,0,0,0,soil,2,2,0,0,,,2,2,,,,,,,,,,,,,,,,,,,,
GF01003396S,South Georgia and the South Sandwich Islands: Bird Island,N/A,N/A,N/A,Wet forest,GF01003396S,N/A,5,0,0,0,0,0,0,0,0,0,0,0,0,2,0,0,0,0,0,0,0,0,0,0,0,0,0,0,soil,7,2,0,0,,,2,1.818969,,,,,,,,,,,,,,,,,,,,
GF01003397S,South Georgia and the South Sandwich Islands: Bird Island,N/A,N/A,N/A,Wet forest,GF01003397S,N/A,1,0,0,0,0,0,0,0,0,0,0,0,0,1,0,0,0,0,0,0,0,0,0,0,0,0,0,0,soil,2,2,0,0,,,2,2,,,,,,,,,,,,,,,,,,,,
GF01003398S,South Georgia and the South Sandwich Islands: Bird Island,N/A,N/A,N/A,Wet forest,GF01003398S,N/A,1,0,0,0,0,0,0,0,0,0,0,0,0,1,0,0,0,0,0,0,0,0,0,0,0,0,0,0,soil,2,2,0,0,,,2,2,,,,,,,,,,,,,,,,,,,,
GF01003399S,South Georgia and the South Sandwich Islands: Bird Island,N/A,N/A,N/A,Wet forest,GF01003399S,N/A,2,0,0,0,0,0,0,0,0,0,0,0,0,0,0,0,0,0,0,0,0,0,0,0,0,0,0,0,soil,2,1,0,0,,,1,1,,,,,,,,,,,,,,,,,,,,
GF01003400S,South Georgia and the South Sandwich Islands: Bird Island,N/A,N/A,N/A,Wet forest,GF01003400S,N/A,0,0,0,0,0,0,0,0,0,0,0,0,0,0,0,0,0,0,0,0,0,0,0,0,0,0,0,0,soil,0,0,#DIV/0!,0,,,0,1,,,,,,,,,,,,,,,,,,,,
GF01003401S,South Georgia and the South Sandwich Islands: Bird Island,N/A,N/A,N/A,Wet forest,GF01003401S,N/A,2,0,0,0,0,0,0,0,0,0,0,0,0,0,0,0,0,0,0,0,0,0,0,0,0,0,0,0,soil,2,1,0,0,,,1,1,,,,,,,,,,,,,,,,,,,,
GF01003402S,South Georgia and the South Sandwich Islands: Bird Island,N/A,N/A,N/A,Wet forest,GF01003402S,N/A,1,0,0,0,0,0,0,0,0,0,0,0,0,0,0,0,0,0,0,0,0,0,0,0,0,0,0,0,soil,1,1,0,0,,,1,1,,,,,,,,,,,,,,,,,,,,
GF01003403S,South Georgia and the South Sandwich Islands: Bird Island,N/A,N/A,N/A,Wet forest,GF01003403S,N/A,1,0,0,0,0,0,0,0,0,0,0,0,0,2,0,0,0,0,0,0,0,0,0,0,0,0,0,0,soil,3,2,0,0,,,2,1.889882,,,,,,,,,,,,,,,,,,,,
GF01003404S,South Georgia and the South Sandwich Islands: Bird Island,N/A,N/A,N/A,Wet forest,GF01003404S,N/A,3,0,0,0,0,0,0,0,0,0,0,0,0,0,0,0,0,0,0,0,0,0,0,0,0,0,0,0,soil,3,1,0,0,,,1,1,,,,,,,,,,,,,,,,,,,,
GF01003405S,South Georgia and the South Sandwich Islands: Bird Island,N/A,N/A,N/A,Wet forest,GF01003405S,N/A,2,0,0,0,0,0,0,0,0,0,0,0,0,2,0,0,0,0,0,0,0,0,0,0,0,0,0,0,soil,4,2,0,0,,,2,2,,,,,,,,,,,,,,,,,,,,
GF01003411S,South Georgia and the South Sandwich Islands: Bird Island,N/A,N/A,N/A,Wet forest,GF01003411S,N/A,2,0,0,0,0,0,0,0,0,0,0,0,0,0,0,0,0,0,0,0,0,0,0,0,0,0,0,0,soil,2,1,0,0,,,1,1,,,,,,,,,,,,,,,,,,,,
GF01003412S,South Georgia and the South Sandwich Islands: Bird Island,N/A,N/A,N/A,Wet forest,GF01003412S,N/A,4,0,0,0,0,0,0,0,0,0,0,0,0,3,0,0,0,0,0,0,0,0,0,0,0,0,0,0,soil,7,2,0,0,,,2,1.979626,,,,,,,,,,,,,,,,,,,,
GF01003414S,South Georgia and the South Sandwich Islands: Bird Island,N/A,N/A,N/A,Wet forest,GF01003414S,N/A,4,0,0,0,0,0,0,0,0,0,0,0,0,1,0,0,0,0,0,0,0,0,0,0,0,0,0,0,soil,5,2,0,0,,,2,1.649385,,,,,,,,,,,,,,,,,,,,
GF01003420S,South Georgia and the South Sandwich Islands: Bird Island,N/A,N/A,N/A,Wet forest,GF01003420S,N/A,2,0,0,0,0,0,0,0,0,0,0,0,0,0,0,0,0,0,0,0,0,0,0,0,0,0,0,0,soil,2,1,0,0,,,1,1,,,,,,,,,,,,,,,,,,,,
GF01003421S,South Georgia and the South Sandwich Islands: Bird Island,N/A,N/A,N/A,Wet forest,GF01003421S,N/A,2,0,0,0,0,0,0,0,0,0,0,0,0,0,0,0,0,0,0,0,0,0,0,0,0,0,0,0,soil,2,1,0,0,,,1,1,,,,,,,,,,,,,,,,,,,,
GF01003422S,South Georgia and the South Sandwich Islands: Bird Island,N/A,N/A,N/A,Wet forest,GF01003422S,N/A,4,0,0,0,0,0,0,0,0,0,0,0,0,0,0,0,0,0,0,0,0,0,0,0,0,0,0,0,soil,4,1,0,0,,,1,1,,,,,,,,,,,,,,,,,,,,
GF01003423S,South Georgia and the South Sandwich Islands: Bird Island,N/A,N/A,N/A,Wet forest,GF01003423S,N/A,1,0,0,0,0,0,0,0,0,0,0,0,0,0,0,0,0,0,0,0,0,0,0,0,0,0,0,0,soil,1,1,0,0,,,1,1,,,,,,,,,,,,,,,,,,,,
GF01003424S,South Georgia and the South Sandwich Islands: Bird Island,N/A,N/A,N/A,Wet forest,GF01003424S,N/A,2,0,0,0,0,0,0,0,0,0,0,0,0,0,0,0,0,0,0,0,0,0,0,0,0,0,0,0,soil,2,1,0,0,,,1,1,,,,,,,,,,,,,,,,,,,,
GF01003425S,South Georgia and the South Sandwich Islands: Bird Island,N/A,N/A,N/A,Wet forest,GF01003425S,N/A,2,0,0,0,0,0,0,0,0,0,0,0,0,0,0,0,0,0,0,0,0,0,0,0,0,0,0,0,soil,2,1,0,0,,,1,1,,,,,,,,,,,,,,,,,,,,
GF01003426S,South Georgia and the South Sandwich Islands: Bird Island,N/A,N/A,N/A,Wet forest,GF01003426S,N/A,4,0,0,0,0,0,0,0,0,0,0,0,0,0,0,0,0,0,0,0,0,0,0,0,0,0,0,0,soil,4,1,0,0,,,1,1,,,,,,,,,,,,,,,,,,,,
GF01003427S,South Georgia and the South Sandwich Islands: Bird Island,N/A,N/A,N/A,Wet forest,GF01003427S,N/A,2,0,0,0,0,0,0,0,0,0,0,0,0,0,0,0,0,0,0,0,0,0,0,0,0,0,0,0,soil,2,1,0,0,,,1,1,,,,,,,,,,,,,,,,,,,,
GF01003454S,South Georgia and the South Sandwich Islands: Bird Island,N/A,N/A,N/A,Wet forest,GF01003454S,N/A,2,0,0,0,0,0,0,0,0,0,0,0,0,0,0,0,0,0,0,0,0,0,0,0,0,0,0,0,soil,2,1,0,0,,,1,1,,,,,,,,,,,,,,,,,,,,
GF01003456S,South Georgia and the South Sandwich Islands: Bird Island,N/A,N/A,N/A,Wet forest,GF01003456S,N/A,4,0,0,0,0,0,0,0,0,0,0,0,0,0,0,0,0,0,0,0,0,0,0,0,0,0,0,0,soil,4,1,0,0,,,1,1,,,,,,,,,,,,,,,,,,,,
GF01003458S,South Georgia and the South Sandwich Islands: Bird Island,N/A,N/A,N/A,Wet forest,GF01003458S,N/A,3,0,0,0,0,0,0,0,0,0,0,0,0,2,0,0,0,0,0,0,0,0,0,0,0,0,0,0,soil,5,2,0,0,,,2,1.960132,,,,,,,,,,,,,,,,,,,,
GF01003463S,South Georgia and the South Sandwich Islands: Bird Island,N/A,N/A,N/A,Wet forest,GF01003463S,N/A,1,0,0,0,0,0,0,0,0,0,0,0,0,0,0,0,0,0,0,0,0,0,0,0,0,0,0,0,soil,1,1,0,0,,,1,1,,,,,,,,,,,,,,,,,,,,
GF01003465S,South Georgia and the South Sandwich Islands: Bird Island,N/A,N/A,N/A,Wet forest,GF01003465S,N/A,1,0,0,0,0,0,0,0,0,0,0,0,0,0,0,0,0,0,0,0,0,0,0,0,0,0,0,0,soil,1,1,0,0,,,1,1,,,,,,,,,,,,,,,,,,,,
GF01003472S,South Georgia and the South Sandwich Islands: Bird Island,N/A,N/A,N/A,Wet forest,GF01003472S,N/A,1,0,0,0,0,0,0,0,0,0,0,0,0,0,0,0,0,0,0,0,0,0,0,0,0,0,0,0,soil,1,1,0,0,,,1,1,,,,,,,,,,,,,,,,,,,,
GF01003473S,South Georgia and the South Sandwich Islands: Bird Island,N/A,N/A,N/A,Wet forest,GF01003473S,N/A,3,0,0,0,0,0,0,0,0,0,0,0,0,0,0,0,0,0,0,0,0,0,0,0,0,0,0,0,soil,3,1,0,0,,,1,1,,,,,,,,,,,,,,,,,,,,
GF01003474S,South Georgia and the South Sandwich Islands: Bird Island,N/A,N/A,N/A,Wet forest,GF01003474S,N/A,4,0,0,0,0,0,0,0,0,0,0,0,0,0,0,0,0,0,0,0,0,0,0,0,0,0,0,0,soil,4,1,0,0,,,1,1,,,,,,,,,,,,,,,,,,,,
GF01003475S,South Georgia and the South Sandwich Islands: Bird Island,N/A,N/A,N/A,Wet forest,GF01003475S,N/A,3,0,0,0,0,0,0,0,0,0,0,0,0,0,0,0,0,0,0,0,0,0,0,0,0,0,0,0,soil,3,1,0,0,,,1,1,,,,,,,,,,,,,,,,,,,,
GF01003476S,South Georgia and the South Sandwich Islands: Bird Island,N/A,N/A,N/A,Wet forest,GF01003476S,N/A,1,0,0,0,0,0,0,0,0,0,0,0,0,0,0,0,0,0,0,0,0,0,0,0,0,0,0,0,soil,1,1,0,0,,,1,1,,,,,,,,,,,,,,,,,,,,
GF01003479S,South Georgia and the South Sandwich Islands: Bird Island,N/A,N/A,N/A,Wet forest,GF01003479S,N/A,2,0,0,0,0,0,0,0,0,0,0,0,0,0,0,0,0,0,0,0,0,0,0,0,0,0,0,0,soil,2,1,0,0,,,1,1,,,,,,,,,,,,,,,,,,,,
GF01003480S,South Georgia and the South Sandwich Islands: Bird Island,N/A,N/A,N/A,Wet forest,GF01003480S,N/A,2,0,0,0,0,0,0,0,0,0,0,0,0,1,0,0,0,0,0,0,0,0,0,0,0,0,0,0,soil,3,2,0,0,,,2,1.889882,,,,,,,,,,,,,,,,,,,,
GF01005004S,"Pia Glacier, Tierra del Fuego (XII Region, Chile)",N/A,N/A,N/A,Wet forest,GF01005004S,N/A,2,0,0,0,0,0,0,0,0,0,0,0,0,0,0,0,0,0,0,0,0,0,0,0,0,0,0,0,soil,2,1,0,0,,,1,1,,,,,,,,,,,,,,,,,,,,
GF01005005S,"Pia Glacier, Tierra del Fuego (XII Region, Chile)",N/A,N/A,N/A,Wet forest,GF01005005S,N/A,0,0,0,0,0,0,0,0,0,0,0,0,0,0,0,0,0,0,0,0,0,0,0,0,0,0,0,0,soil,0,0,#DIV/0!,0,,,0,1,,,,,,,,,,,,,,,,,,,,
GF01005006S,"Parry Glacier, Tierra del Fuego (XII Region, Chile)",N/A,N/A,N/A,Moist forest|Wet forest,GF01005006S,N/A,2,0,0,0,0,0,0,0,0,0,0,0,0,0,0,0,0,0,0,0,0,2,0,0,0,0,0,0,soil,4,2,0,0,,,2,2,,,,,,,,,,,,,,,,,,,,
GF01005007S,"Pia Glacier, Tierra del Fuego (XII Region, Chile)",N/A,N/A,N/A,Wet forest,GF01005007S,N/A,9,0,0,0,0,0,0,0,0,0,0,0,0,0,0,0,0,0,0,0,0,1,0,0,0,0,0,0,soil,10,2,0,0,,,2,1.384145,,,,,,,,,,,,,,,,,,,,
GF01005008S,"Parry Glacier, Tierra del Fuego (XII Region, Chile)",N/A,N/A,N/A,Moist forest|Wet forest,GF01005008S,N/A,7,0,0,0,0,0,0,0,0,0,0,0,0,0,0,0,0,0,0,0,0,1,0,0,0,0,0,0,soil,8,2,0,0,,,2,1.457569,,,,,,,,,,,,,,,,,,,,
GF01005009S,"Parry Glacier, Tierra del Fuego (XII Region, Chile)",N/A,N/A,N/A,Moist forest|Wet forest,GF01005009S,N/A,2,0,0,0,0,0,0,0,0,0,0,0,0,0,0,0,0,0,0,0,0,0,0,0,0,0,0,0,soil,2,1,0,0,,,1,1,,,,,,,,,,,,,,,,,,,,
GF01005010S,"Pia Glacier, Tierra del Fuego (XII Region, Chile)",N/A,N/A,N/A,Wet forest,GF01005010S,N/A,0,0,0,0,0,0,0,0,0,0,0,0,0,0,0,0,0,0,0,0,0,0,0,0,0,0,0,0,soil,0,0,#DIV/0!,0,,,0,1,,,,,,,,,,,,,,,,,,,,
GF01005011S,"Pia Glacier, Tierra del Fuego (XII Region, Chile)",N/A,N/A,N/A,Wet forest,GF01005011S,N/A,0,0,0,0,0,0,0,0,0,0,0,0,0,0,0,0,0,0,0,0,0,0,0,0,0,0,0,0,soil,0,0,#DIV/0!,0,,,0,1,,,,,,,,,,,,,,,,,,,,
GF01005012S,"Parry Glacier, Tierra del Fuego (XII Region, Chile)",N/A,N/A,N/A,Moist forest|Wet forest,GF01005012S,N/A,0,0,0,0,0,0,0,0,0,0,0,0,0,0,0,0,0,0,0,0,0,0,0,0,0,0,0,0,soil,0,0,#DIV/0!,0,,,0,1,,,,,,,,,,,,,,,,,,,,
GF01005013S,"Parry Glacier, Tierra del Fuego (XII Region, Chile)",N/A,N/A,N/A,Moist forest|Wet forest,GF01005013S,N/A,0,0,0,0,0,0,0,0,0,0,0,0,0,0,0,0,0,0,0,0,0,0,0,0,0,0,0,0,soil,0,0,#DIV/0!,0,,,0,1,,,,,,,,,,,,,,,,,,,,
GF01005014S,"Pia Glacier, Tierra del Fuego (XII Region, Chile)",N/A,N/A,N/A,Wet forest,GF01005014S,N/A,7,0,0,0,0,0,0,0,0,0,0,0,0,0,0,0,0,0,0,0,0,0,0,0,0,0,0,0,soil,7,1,0,0,,,1,1,,,,,,,,,,,,,,,,,,,,
GF01005121S,Trinidad,Neotropical,Pacific,Trinidad province,Moist forest,GF01005121S,Trinidad province,80,0,0,5,11,0,0,0,0,0,1,0,0,10,0,3,0,15,1,0,0,17,0,0,0,2,0,15,soil,160,11,0,0,,,11,5.403501,,,,,,,,,,,,,,,,,,,,
GF01005122S,Trinidad,Neotropical,Pacific,Trinidad province,Moist forest,GF01005122S,Trinidad province,92,0,0,5,2,0,0,0,0,0,2,1,1,10,0,5,1,23,0,0,0,16,0,0,0,5,0,12,soil,175,13,0,0,,,13,5.292362,,,,,,,,,,,,,,,,,,,,
GF01005123S,Trinidad,Neotropical,Pacific,Trinidad province,Moist forest,GF01005123S,Trinidad province,92,0,0,10,12,0,1,0,0,0,1,0,0,7,0,1,1,29,0,0,0,19,1,0,0,7,0,14,soil,195,13,0,0,,,13,5.764946,,,,,,,,,,,,,,,,,,,,
GF01005124S,Trinidad,Neotropical,Pacific,Trinidad province,Moist forest,GF01005124S,Trinidad province,87,0,0,4,25,0,0,0,2,0,2,0,0,3,0,2,0,19,0,0,0,9,0,0,0,3,0,8,soil,164,11,0,0,,,11,4.843175,,,,,,,,,,,,,,,,,,,,
GF01005125S,Trinidad,Neotropical,Pacific,Trinidad province,Moist forest,GF01005125S,Trinidad province,94,0,0,6,8,0,0,0,0,0,3,0,0,8,0,4,3,28,0,0,0,15,0,0,0,5,0,14,soil,188,11,0,0,,,11,5.55332,,,,,,,,,,,,,,,,,,,,
GF01005126S,Trinidad,Neotropical,Pacific,Trinidad province,Moist forest,GF01005126S,Trinidad province,88,0,0,7,7,0,1,0,0,0,1,0,0,3,0,1,1,17,0,0,0,16,0,0,0,2,0,9,soil,153,12,0,0,,,12,4.538445,,,,,,,,,,,,,,,,,,,,
GF01005127S,Trinidad,Neotropical,Pacific,Trinidad province,Moist forest,GF01005127S,Trinidad province,53,0,0,1,1,0,0,0,0,0,0,0,0,4,0,1,2,10,0,0,0,12,0,0,0,5,0,6,soil,95,10,0,0,,,10,4.534785,,,,,,,,,,,,,,,,,,,,
GF01005128S,Trinidad,Neotropical,Pacific,Trinidad province,Moist forest,GF01005128S,Trinidad province,43,0,0,3,4,0,1,0,0,0,1,0,0,0,0,0,0,2,0,0,0,12,0,0,0,0,0,4,soil,70,8,0,0,,,8,3.620958,,,,,,,,,,,,,,,,,,,,
GF01005129S,Trinidad,Neotropical,Pacific,Trinidad province,Moist forest,GF01005129S,Trinidad province,93,0,0,5,9,0,0,0,0,0,1,0,0,7,0,1,0,14,0,0,0,14,0,0,0,5,0,4,soil,153,10,0,0,,,10,4.189794,,,,,,,,,,,,,,,,,,,,
GF01005130S,Trinidad,Neotropical,Pacific,Trinidad province,Moist forest,GF01005130S,Trinidad province,86,0,0,4,12,0,3,0,0,0,1,0,0,4,0,2,0,14,0,0,0,10,0,0,0,2,0,5,soil,143,11,0,0,,,11,4.39219,,,,,,,,,,,,,,,,,,,,
GF01005131S,Trinidad,Neotropical,Pacific,Trinidad province,Moist forest,GF01005131S,Trinidad province,101,0,0,3,6,0,1,0,0,0,3,0,0,4,0,2,0,17,0,0,0,14,0,0,0,7,0,7,soil,165,11,0,0,,,11,4.27543,,,,,,,,,,,,,,,,,,,,
GF01005132S,Trinidad,Neotropical,Pacific,Trinidad province,Moist forest,GF01005132S,Trinidad province,59,0,0,4,18,0,0,0,0,0,1,0,0,10,0,0,1,16,0,0,0,12,0,0,0,4,0,6,soil,131,10,0,0,,,10,5.656711,,,,,,,,,,,,,,,,,,,,
GF01005133S,Trinidad,Neotropical,Pacific,Trinidad province,Moist forest,GF01005133S,Trinidad province,70,0,0,7,3,0,1,0,0,0,1,0,0,5,0,3,1,19,0,0,0,13,0,0,0,2,0,11,soil,136,12,0,0,,,12,5.245961,,,,,,,,,,,,,,,,,,,,
GF01005134S,Trinidad,Neotropical,Pacific,Trinidad province,Moist forest,GF01005134S,Trinidad province,86,0,0,8,6,0,0,0,0,0,1,0,0,3,0,3,4,15,0,0,0,25,0,0,0,6,0,15,soil,172,11,0,0,,,11,5.407781,,,,,,,,,,,,,,,,,,,,
GF01005135S,Trinidad,Neotropical,Pacific,Trinidad province,Moist forest,GF01005135S,Trinidad province,82,0,0,6,16,0,0,0,0,0,2,0,0,10,0,2,0,26,0,0,0,11,1,0,0,5,0,11,soil,172,11,0,0,,,11,5.641843,,,,,,,,,,,,,,,,,,,,
GF01005136S,Trinidad,Neotropical,Pacific,Trinidad province,Moist forest,GF01005136S,Trinidad province,134,0,0,13,7,0,0,0,0,0,1,0,1,7,0,2,1,22,1,0,0,20,0,0,0,4,0,20,soil,233,13,0,0,,,13,4.656802,,,,,,,,,,,,,,,,,,,,
GF01005137S,Trinidad,Neotropical,Pacific,Trinidad province,Moist forest,GF01005137S,Trinidad province,147,0,0,10,10,0,0,0,0,0,1,0,0,6,0,6,2,23,1,0,0,17,0,0,0,3,0,13,soil,239,12,0,0,,,12,4.314633,,,,,,,,,,,,,,,,,,,,
GF01005138S,Trinidad,Neotropical,Pacific,Trinidad province,Moist forest,GF01005138S,Trinidad province,83,0,0,5,9,0,0,0,0,0,0,1,0,7,0,1,3,12,0,0,0,13,0,0,0,3,0,7,soil,144,11,0,0,,,11,4.740005,,,,,,,,,,,,,,,,,,,,
GF01005139S,Trinidad,Neotropical,Pacific,Trinidad province,Moist forest,GF01005139S,Trinidad province,44,0,0,2,0,0,1,0,0,0,1,0,0,0,0,1,0,3,0,0,0,7,0,0,0,0,0,6,soil,65,8,0,0,,,8,3.208477,,,,,,,,,,,,,,,,,,,,
GF01005140S,Trinidad,Neotropical,Pacific,Trinidad province,Moist forest,GF01005140S,Trinidad province,85,0,0,7,9,0,1,0,0,0,0,0,0,4,0,2,0,27,0,0,0,17,0,0,0,4,0,6,soil,162,10,0,0,,,10,4.760861,,,,,,,,,,,,,,,,,,,,
GF01005141S,Trinidad,Neotropical,Pacific,Trinidad province,Moist forest,GF01005141S,Trinidad province,76,0,0,7,9,0,1,2,1,0,4,0,0,8,0,0,0,21,1,0,0,19,0,0,0,3,0,8,soil,160,13,1.25,1.25,,,13,5.978905,,,,,,,,,,,,,,,,,,,,
GF01005142S,Trinidad,Neotropical,Pacific,Trinidad province,Moist forest,GF01005142S,Trinidad province,129,0,1,14,4,0,0,0,0,0,2,1,0,3,0,5,2,22,0,0,0,24,1,0,0,5,0,19,soil,232,14,0,0,,,14,4.96697,,,,,,,,,,,,,,,,,,,,
GF01005143S,Trinidad,Neotropical,Pacific,Trinidad province,Moist forest,GF01005143S,Trinidad province,0,0,0,0,0,0,0,0,0,0,0,0,0,0,0,0,0,0,0,0,0,1,0,0,0,0,0,0,soil,1,1,0,0,,,1,1,,,,,,,,,,,,,,,,,,,,
GF01005144S,Trinidad,Neotropical,Pacific,Trinidad province,Moist forest,GF01005144S,Trinidad province,0,0,0,0,0,0,0,0,0,0,0,0,0,0,0,0,0,0,0,0,0,1,0,0,0,0,0,0,soil,1,1,0,0,,,1,1,,,,,,,,,,,,,,,,,,,,
GF01005169S,"Georgia, USA",N/A,N/A,N/A,,GF01005169S,N/A,0,0,0,0,0,0,0,9,0,0,0,0,0,0,0,0,0,0,0,0,0,0,0,0,0,0,0,0,root,9,1,100,100,,,1,1,,,,,,,,,,,,,,,,,,,,
GF01005170S,"Florida, USA",N/A,N/A,N/A,Dry forest|Moist forest,GF01005170S,N/A,1,0,0,0,0,0,0,7,0,0,0,0,0,0,0,0,0,0,0,0,0,0,0,0,0,0,0,0,root,8,2,87.5,87.5,,,2,1.457569,,,,,,,,,,,,,,,,,,,,
GF01005171S,"Georgia, USA",N/A,N/A,N/A,,GF01005171S,N/A,1,0,0,0,0,0,0,4,0,0,0,0,0,0,0,0,0,0,0,0,0,1,0,0,0,0,0,0,root,6,3,66.66666667,66.66666667,,,3,2.381102,,,,,,,,,,,,,,,,,,,,
GF01005172S,"Florida, USA",N/A,N/A,N/A,Dry forest|Moist forest,GF01005172S,N/A,0,0,0,0,0,0,0,6,0,0,0,0,0,0,0,0,0,0,0,0,0,1,0,0,0,0,0,0,root,7,2,85.71428571,85.71428571,,,2,1.506993,,,,,,,,,,,,,,,,,,,,
GF01005173S,"Florida, USA",N/A,N/A,N/A,Dry forest|Moist forest,GF01005173S,N/A,0,0,0,0,0,0,0,10,0,0,0,0,0,0,0,0,0,0,0,0,0,1,0,0,0,0,0,0,root,11,2,90.90909091,90.90909091,,,2,1.356131,,,,,,,,,,,,,,,,,,,,
GF01005174S,"Florida, USA",N/A,N/A,N/A,Dry forest|Moist forest,GF01005174S,N/A,0,0,0,0,0,0,0,8,0,0,0,0,0,0,0,0,0,0,0,0,0,0,0,0,0,0,0,0,root,8,1,100,100,,,1,1,,,,,,,,,,,,,,,,,,,,
GF01005175S,"Florida, USA",N/A,N/A,N/A,Dry forest|Moist forest,GF01005175S,N/A,1,0,0,0,0,0,0,9,0,0,0,0,0,0,0,0,0,0,0,0,0,0,0,0,0,0,0,0,root,10,2,90,90,,,2,1.384145,,,,,,,,,,,,,,,,,,,,
GF01005176S,"Georgia, USA",N/A,N/A,N/A,,GF01005176S,N/A,1,0,0,0,0,0,0,8,0,0,0,0,0,0,0,0,0,0,0,0,0,0,0,0,0,0,0,0,root,9,2,88.88888889,88.88888889,,,2,1.417411,,,,,,,,,,,,,,,,,,,,
GF01005177S,"Florida, USA",N/A,N/A,N/A,Dry forest|Moist forest,GF01005177S,N/A,1,0,0,0,0,0,0,4,0,0,0,0,0,0,0,0,0,0,0,0,0,2,0,0,0,0,0,0,root,7,3,57.14285714,57.14285714,,,3,2.60049,,,,,,,,,,,,,,,,,,,,
GF01005178S,"Georgia, USA",N/A,N/A,N/A,,GF01005178S,N/A,0,0,0,0,0,0,0,6,0,0,0,0,0,0,0,0,0,0,0,0,0,0,0,0,0,0,0,0,root,6,1,100,100,,,1,1,,,,,,,,,,,,,,,,,,,,
GF01005179S,"Georgia, USA",N/A,N/A,N/A,,GF01005179S,N/A,0,0,0,0,0,0,0,6,0,0,0,0,0,0,0,0,0,0,0,0,0,1,0,0,0,0,0,0,root,7,2,85.71428571,85.71428571,,,2,1.506993,,,,,,,,,,,,,,,,,,,,
GF01005180S,"Georgia, USA",N/A,N/A,N/A,,GF01005180S,N/A,1,0,0,0,0,0,0,2,0,0,0,0,0,0,0,0,0,0,0,0,0,0,0,0,0,0,0,0,root,3,2,66.66666667,66.66666667,,,2,1.889882,,,,,,,,,,,,,,,,,,,,
GF01005181S,"Florida, USA",N/A,N/A,N/A,Dry forest|Moist forest,GF01005181S,N/A,0,0,0,0,0,0,0,4,0,0,0,0,0,0,0,0,0,0,0,0,0,0,0,0,0,0,0,0,root,4,1,100,100,,,1,1,,,,,,,,,,,,,,,,,,,,
GF01005182S,"Florida, USA",N/A,N/A,N/A,Dry forest|Moist forest,GF01005182S,N/A,1,0,0,0,0,0,0,5,0,0,0,0,0,0,0,0,0,0,0,0,0,2,0,0,0,0,0,0,root,8,3,62.5,62.5,,,3,2.460233,,,,,,,,,,,,,,,,,,,,
GF01005183S,"Georgia, USA",N/A,N/A,N/A,,GF01005183S,N/A,1,0,0,0,0,0,0,4,0,0,0,0,0,0,0,0,0,0,0,0,0,0,0,0,0,0,0,0,root,5,2,80,80,,,2,1.649385,,,,,,,,,,,,,,,,,,,,
GF01005184S,"Florida, USA",N/A,N/A,N/A,Dry forest|Moist forest,GF01005184S,N/A,0,0,0,0,0,0,0,4,0,0,0,0,0,0,0,0,0,0,0,0,0,0,0,0,0,0,0,0,root,4,1,100,100,,,1,1,,,,,,,,,,,,,,,,,,,,
GF01005185S,"Florida, USA",N/A,N/A,N/A,Dry forest|Moist forest,GF01005185S,N/A,1,0,0,0,0,0,0,7,0,0,0,0,0,0,0,0,0,0,0,0,0,0,0,0,0,0,0,0,root,8,2,87.5,87.5,,,2,1.457569,,,,,,,,,,,,,,,,,,,,
GF01005186S,"Florida, USA",N/A,N/A,N/A,Dry forest|Moist forest,GF01005186S,N/A,1,0,0,0,0,0,0,13,0,0,0,0,0,0,0,0,0,0,0,0,0,0,0,0,0,0,0,0,root,14,2,92.85714286,92.85714286,,,2,1.293457,,,,,,,,,,,,,,,,,,,,
GF01005187S,"Florida, USA",N/A,N/A,N/A,Dry forest|Moist forest,GF01005187S,N/A,0,0,0,0,0,0,0,11,0,0,0,0,0,0,0,0,0,0,0,0,0,0,0,0,0,0,0,0,root,11,1,100,100,,,1,1,,,,,,,,,,,,,,,,,,,,
GF01005188S,"Florida, USA",N/A,N/A,N/A,Dry forest|Moist forest,GF01005188S,N/A,0,0,0,0,0,0,0,11,0,0,0,0,0,0,0,0,0,0,0,0,0,0,0,0,0,0,0,0,root,11,1,100,100,,,1,1,,,,,,,,,,,,,,,,,,,,
GF01005189S,"Georgia, USA",N/A,N/A,N/A,,GF01005189S,N/A,0,0,0,0,0,0,0,4,0,0,0,0,0,0,0,0,0,0,0,0,0,1,0,0,0,0,0,0,root,5,2,80,80,,,2,1.649385,,,,,,,,,,,,,,,,,,,,
GF01005190S,"Georgia, USA",N/A,N/A,N/A,,GF01005190S,N/A,0,0,0,0,0,0,0,3,0,0,0,0,0,0,0,0,0,0,0,0,0,0,0,0,0,0,0,0,root,3,1,100,100,,,1,1,,,,,,,,,,,,,,,,,,,,
GF01005191S,"Georgia, USA",N/A,N/A,N/A,,GF01005191S,N/A,2,0,0,0,0,0,0,4,0,0,0,0,0,0,0,0,0,0,0,0,0,0,0,0,0,0,0,0,root,6,2,66.66666667,66.66666667,,,2,1.889882,,,,,,,,,,,,,,,,,,,,
GF01005192S,"Georgia, USA",N/A,N/A,N/A,,GF01005192S,N/A,0,0,0,0,0,0,0,4,0,0,0,0,0,0,0,0,0,0,0,0,0,1,0,0,0,0,0,0,root,5,2,80,80,,,2,1.649385,,,,,,,,,,,,,,,,,,,,
GF01005193S,"Florida, USA",N/A,N/A,N/A,Dry forest|Moist forest,GF01005193S,N/A,1,0,0,0,0,0,0,6,0,0,0,0,0,0,0,0,0,0,0,0,0,0,0,0,0,0,0,0,root,7,2,85.71428571,85.71428571,,,2,1.506993,,,,,,,,,,,,,,,,,,,,
GF01005194S,"Florida, USA",N/A,N/A,N/A,Dry forest|Moist forest,GF01005194S,N/A,0,0,0,0,0,0,0,6,0,0,0,0,0,0,0,0,0,0,0,0,0,0,0,0,0,0,0,0,root,6,1,100,100,,,1,1,,,,,,,,,,,,,,,,,,,,
GF01005195S,"Georgia, USA",N/A,N/A,N/A,,GF01005195S,N/A,0,0,0,0,0,0,0,3,0,0,0,0,0,0,0,0,0,0,0,0,0,1,0,0,0,0,0,0,root,4,2,75,75,,,2,1.754765,,,,,,,,,,,,,,,,,,,,
GF01005196S,"Florida, USA",N/A,N/A,N/A,Dry forest|Moist forest,GF01005196S,N/A,0,0,0,0,0,0,0,6,0,0,0,0,0,0,0,0,0,0,0,0,0,0,0,0,0,0,0,0,root,6,1,100,100,,,1,1,,,,,,,,,,,,,,,,,,,,
GF01005197S,"Florida, USA",N/A,N/A,N/A,Dry forest|Moist forest,GF01005197S,N/A,0,0,0,0,0,0,0,11,0,0,0,0,0,0,0,0,0,0,0,0,0,0,0,0,0,0,0,0,root,11,1,100,100,,,1,1,,,,,,,,,,,,,,,,,,,,
GF01005198S,"Georgia, USA",N/A,N/A,N/A,,GF01005198S,N/A,0,0,0,0,0,0,0,7,0,0,0,0,0,0,0,0,0,0,0,0,0,0,0,0,0,0,0,0,root,7,1,100,100,,,1,1,,,,,,,,,,,,,,,,,,,,
GF01005199S,"Florida, USA",N/A,N/A,N/A,Dry forest|Moist forest,GF01005199S,N/A,0,0,0,0,0,0,0,8,0,0,0,0,0,0,0,0,0,0,0,0,0,1,0,0,0,0,0,0,root,9,2,88.88888889,88.88888889,,,2,1.417411,,,,,,,,,,,,,,,,,,,,
GF01005200S,"Florida, USA",N/A,N/A,N/A,Dry forest|Moist forest,GF01005200S,N/A,1,0,0,0,0,0,0,6,0,0,0,0,0,0,0,0,0,0,0,0,0,0,0,0,0,0,0,0,root,7,2,85.71428571,85.71428571,,,2,1.506993,,,,,,,,,,,,,,,,,,,,
GF01005201S,"Georgia, USA",N/A,N/A,N/A,,GF01005201S,N/A,0,0,0,0,0,0,0,2,0,0,0,0,0,0,0,0,0,0,0,0,0,0,0,0,0,0,0,0,root,2,1,100,100,,,1,1,,,,,,,,,,,,,,,,,,,,
GF01005202S,"Florida, USA",N/A,N/A,N/A,Dry forest|Moist forest,GF01005202S,N/A,0,0,0,0,0,0,0,6,0,0,0,0,0,0,0,0,0,0,0,0,0,0,0,0,0,0,0,0,root,6,1,100,100,,,1,1,,,,,,,,,,,,,,,,,,,,
GF01005203S,"Georgia, USA",N/A,N/A,N/A,,GF01005203S,N/A,1,0,0,0,0,0,0,4,0,0,0,0,0,0,0,0,0,0,0,0,0,1,0,0,0,0,0,0,root,6,3,66.66666667,66.66666667,,,3,2.381102,,,,,,,,,,,,,,,,,,,,
GF01005204S,"Florida, USA",N/A,N/A,N/A,Dry forest|Moist forest,GF01005204S,N/A,1,0,0,0,0,0,0,5,0,0,0,0,0,0,0,0,0,0,0,0,0,0,0,0,0,0,0,0,root,6,2,83.33333333,83.33333333,,,2,1.569193,,,,,,,,,,,,,,,,,,,,
GF01005205S,"Georgia, USA",N/A,N/A,N/A,,GF01005205S,N/A,0,0,0,0,0,0,0,5,0,0,0,0,0,0,0,0,0,0,0,0,0,0,0,0,0,0,0,0,root,5,1,100,100,,,1,1,,,,,,,,,,,,,,,,,,,,
GF01005206S,"Florida, USA",N/A,N/A,N/A,Dry forest|Moist forest,GF01005206S,N/A,0,0,0,0,0,0,0,7,0,0,0,0,0,0,0,0,0,0,0,0,0,0,0,0,0,0,0,0,root,7,1,100,100,,,1,1,,,,,,,,,,,,,,,,,,,,
GF01005207S,"Florida, USA",N/A,N/A,N/A,Dry forest|Moist forest,GF01005207S,N/A,1,0,0,0,0,0,0,9,0,0,0,0,0,0,0,0,0,0,0,0,0,0,0,0,0,0,0,0,root,10,2,90,90,,,2,1.384145,,,,,,,,,,,,,,,,,,,,
GF01005208S,"Florida, USA",N/A,N/A,N/A,Dry forest|Moist forest,GF01005208S,N/A,1,0,0,0,0,0,0,5,0,0,0,0,0,0,0,0,0,0,0,0,0,0,0,0,0,0,0,0,root,6,2,83.33333333,83.33333333,,,2,1.569193,,,,,,,,,,,,,,,,,,,,
GF01005209S,"Florida, USA",N/A,N/A,N/A,Dry forest|Moist forest,GF01005209S,N/A,0,0,0,0,0,0,0,6,0,0,0,0,0,0,0,0,0,0,0,0,0,0,0,0,0,0,0,0,root,6,1,100,100,,,1,1,,,,,,,,,,,,,,,,,,,,
GF01005210S,"Florida, USA",N/A,N/A,N/A,Dry forest|Moist forest,GF01005210S,N/A,3,0,0,0,0,0,0,8,0,0,0,0,0,0,0,0,0,0,0,0,0,0,0,0,0,0,0,0,root,11,2,72.72727273,72.72727273,,,2,1.796702,,,,,,,,,,,,,,,,,,,,
GF01005211S,"Florida, USA",N/A,N/A,N/A,Dry forest|Moist forest,GF01005211S,N/A,1,0,0,0,0,0,0,5,0,0,0,0,0,0,0,0,0,0,0,0,0,2,0,0,0,0,0,0,root,8,3,62.5,62.5,,,3,2.460233,,,,,,,,,,,,,,,,,,,,
GF01005212S,"Georgia, USA",N/A,N/A,N/A,,GF01005212S,N/A,1,0,0,0,0,0,0,5,0,0,0,0,0,0,0,0,0,0,0,0,0,1,0,0,0,0,0,0,root,7,3,71.42857143,71.42857143,,,3,2.217347,,,,,,,,,,,,,,,,,,,,
GF01005213S,"Florida, USA",N/A,N/A,N/A,Dry forest|Moist forest,GF01005213S,N/A,0,0,0,0,0,0,0,4,0,0,0,0,0,0,0,0,0,0,0,0,0,0,0,0,0,0,0,0,root,4,1,100,100,,,1,1,,,,,,,,,,,,,,,,,,,,
GF01005214S,"Georgia, USA",N/A,N/A,N/A,,GF01005214S,N/A,0,0,0,0,0,0,0,4,0,0,0,0,0,0,0,0,0,0,0,0,0,0,0,0,0,0,0,0,root,4,1,100,100,,,1,1,,,,,,,,,,,,,,,,,,,,
GF01005215S,"Florida, USA",N/A,N/A,N/A,Dry forest|Moist forest,GF01005215S,N/A,1,0,0,0,0,0,0,3,0,0,0,0,0,0,0,0,0,0,0,0,0,1,0,0,0,0,0,0,root,5,3,60,60,,,3,2.586409,,,,,,,,,,,,,,,,,,,,
GF01005216S,"Florida, USA",N/A,N/A,N/A,Dry forest|Moist forest,GF01005216S,N/A,1,0,0,0,0,0,0,4,0,0,0,0,0,0,0,0,0,0,0,0,0,1,0,0,0,0,0,0,root,6,3,66.66666667,66.66666667,,,3,2.381102,,,,,,,,,,,,,,,,,,,,
GF01005217S,"Florida, USA",N/A,N/A,N/A,Dry forest|Moist forest,GF01005217S,N/A,0,0,0,0,0,0,0,12,0,0,0,0,0,0,0,0,0,0,0,0,0,0,0,0,0,0,0,0,root,12,1,100,100,,,1,1,,,,,,,,,,,,,,,,,,,,
GF01005218S,"Georgia, USA",N/A,N/A,N/A,,GF01005218S,N/A,1,0,0,0,0,0,0,6,0,0,0,0,0,0,0,0,0,0,0,0,0,0,0,0,0,0,0,0,root,7,2,85.71428571,85.71428571,,,2,1.506993,,,,,,,,,,,,,,,,,,,,
GF01005219S,"Georgia, USA",N/A,N/A,N/A,,GF01005219S,N/A,0,0,0,0,0,0,0,5,0,0,0,0,0,0,0,0,0,0,0,0,0,0,0,0,0,0,0,0,root,5,1,100,100,,,1,1,,,,,,,,,,,,,,,,,,,,
GF01005220S,"Georgia, USA",N/A,N/A,N/A,,GF01005220S,N/A,0,0,0,0,0,0,0,8,0,0,0,0,0,0,0,0,0,0,0,0,0,0,0,0,0,0,0,0,root,8,1,100,100,,,1,1,,,,,,,,,,,,,,,,,,,,
GF01005221S,"Florida, USA",N/A,N/A,N/A,Dry forest|Moist forest,GF01005221S,N/A,0,0,0,0,0,0,0,10,0,0,0,0,0,0,0,0,0,0,0,0,0,0,0,0,0,0,0,0,root,10,1,100,100,,,1,1,,,,,,,,,,,,,,,,,,,,
GF01005222S,"Georgia, USA",N/A,N/A,N/A,,GF01005222S,N/A,3,0,0,0,0,0,0,5,0,0,0,0,0,0,0,0,0,0,0,0,0,1,0,0,0,0,0,0,root,9,3,55.55555556,55.55555556,,,3,2.552028,,,,,,,,,,,,,,,,,,,,
GF01005223S,"Florida, USA",N/A,N/A,N/A,Dry forest|Moist forest,GF01005223S,N/A,0,0,0,0,0,0,0,4,0,0,0,0,0,0,0,0,0,0,0,0,0,0,0,0,0,0,0,0,root,4,1,100,100,,,1,1,,,,,,,,,,,,,,,,,,,,
GF01005224S,"Georgia, USA",N/A,N/A,N/A,,GF01005224S,N/A,0,0,0,0,0,0,0,3,0,0,0,0,0,0,0,0,0,0,0,0,0,0,0,0,0,0,0,0,root,3,1,100,100,,,1,1,,,,,,,,,,,,,,,,,,,,
GF01005225S,"Georgia, USA",N/A,N/A,N/A,,GF01005225S,N/A,1,0,0,0,0,0,0,6,0,0,0,0,0,0,0,0,0,0,0,0,0,0,0,0,0,0,0,0,root,7,2,85.71428571,85.71428571,,,2,1.506993,,,,,,,,,,,,,,,,,,,,
GF01005226S,"Florida, USA",N/A,N/A,N/A,Dry forest|Moist forest,GF01005226S,N/A,0,0,0,0,0,0,0,5,0,0,0,0,0,0,0,0,0,0,0,0,0,1,0,0,0,0,0,0,root,6,2,83.33333333,83.33333333,,,2,1.569193,,,,,,,,,,,,,,,,,,,,
GF01005227S,"Georgia, USA",N/A,N/A,N/A,,GF01005227S,N/A,0,0,0,0,0,0,0,4,0,0,0,0,0,0,0,0,0,0,0,0,0,0,0,0,0,0,0,0,root,4,1,100,100,,,1,1,,,,,,,,,,,,,,,,,,,,
GF01005228S,"Georgia, USA",N/A,N/A,N/A,,GF01005228S,N/A,0,0,0,0,0,0,0,4,0,0,0,0,0,0,0,0,0,0,0,0,0,0,0,0,0,0,0,0,root,4,1,100,100,,,1,1,,,,,,,,,,,,,,,,,,,,
GF01005229S,"Florida, USA",N/A,N/A,N/A,Dry forest|Moist forest,GF01005229S,N/A,0,0,0,0,0,0,0,8,0,0,0,0,0,0,0,0,0,0,0,0,0,0,0,0,0,0,0,0,root,8,1,100,100,,,1,1,,,,,,,,,,,,,,,,,,,,
GF01005230S,"Georgia, USA",N/A,N/A,N/A,,GF01005230S,N/A,0,0,0,0,0,0,0,7,0,0,0,0,0,0,0,0,0,0,0,0,0,1,0,0,0,0,0,0,root,8,2,87.5,87.5,,,2,1.457569,,,,,,,,,,,,,,,,,,,,
GF01005231S,"Georgia, USA",N/A,N/A,N/A,,GF01005231S,N/A,2,0,0,0,0,0,0,3,0,0,0,0,0,0,0,0,0,0,0,0,0,0,0,0,0,0,0,0,root,5,2,60,60,,,2,1.960132,,,,,,,,,,,,,,,,,,,,
GF01005232S,"Florida, USA",N/A,N/A,N/A,Dry forest|Moist forest,GF01005232S,N/A,3,0,0,0,0,0,0,5,0,0,0,0,0,0,0,0,0,0,0,0,0,0,0,0,0,0,0,0,root,8,2,62.5,62.5,,,2,1.937819,,,,,,,,,,,,,,,,,,,,
GF01005233S,"Georgia, USA",N/A,N/A,N/A,,GF01005233S,N/A,0,0,0,0,0,0,0,10,0,0,0,0,0,0,0,0,0,0,0,0,0,0,0,0,0,0,0,0,root,10,1,100,100,,,1,1,,,,,,,,,,,,,,,,,,,,
GF01005234S,"Florida, USA",N/A,N/A,N/A,Dry forest|Moist forest,GF01005234S,N/A,0,0,0,0,0,0,0,9,0,0,0,0,0,0,0,0,0,0,0,0,0,0,0,0,0,0,0,0,root,9,1,100,100,,,1,1,,,,,,,,,,,,,,,,,,,,
GF01005235S,"Florida, USA",N/A,N/A,N/A,Dry forest|Moist forest,GF01005235S,N/A,1,0,0,0,0,0,0,4,0,0,0,0,0,0,0,0,0,0,0,0,0,1,0,0,0,0,0,0,root,6,3,66.66666667,66.66666667,,,3,2.381102,,,,,,,,,,,,,,,,,,,,
GF01005236S,"Florida, USA",N/A,N/A,N/A,Dry forest|Moist forest,GF01005236S,N/A,0,0,0,0,0,0,0,9,0,0,0,0,0,0,0,0,0,0,0,0,0,0,0,0,0,0,0,0,root,9,1,100,100,,,1,1,,,,,,,,,,,,,,,,,,,,
GF01005237S,"Florida, USA",N/A,N/A,N/A,Dry forest|Moist forest,GF01005237S,N/A,0,0,0,0,0,0,0,15,0,0,0,0,0,0,0,0,0,0,0,0,0,0,0,0,0,0,0,0,root,15,1,100,100,,,1,1,,,,,,,,,,,,,,,,,,,,
GF01005238S,"Georgia, USA",N/A,N/A,N/A,,GF01005238S,N/A,0,0,0,0,0,0,0,7,0,0,0,0,0,0,0,0,0,0,0,0,0,0,0,0,0,0,0,0,root,7,1,100,100,,,1,1,,,,,,,,,,,,,,,,,,,,
GF01005239S,"Georgia, USA",N/A,N/A,N/A,,GF01005239S,N/A,1,0,0,0,0,0,0,5,0,0,0,0,0,0,0,0,0,0,0,0,0,1,0,0,0,0,0,0,root,7,3,71.42857143,71.42857143,,,3,2.217347,,,,,,,,,,,,,,,,,,,,
GF01005240S,"Georgia, USA",N/A,N/A,N/A,,GF01005240S,N/A,0,0,0,0,0,0,0,6,0,0,0,0,0,0,0,0,0,0,0,0,0,0,0,0,0,0,0,0,root,6,1,100,100,,,1,1,,,,,,,,,,,,,,,,,,,,
GF01005241S,"Georgia, USA",N/A,N/A,N/A,,GF01005241S,N/A,0,0,0,0,0,0,0,6,0,0,0,0,0,0,0,0,0,0,0,0,0,1,0,0,0,0,0,0,root,7,2,85.71428571,85.71428571,,,2,1.506993,,,,,,,,,,,,,,,,,,,,
GF01005242S,"Georgia, USA",N/A,N/A,N/A,,GF01005242S,N/A,0,0,0,0,0,0,0,9,0,0,0,0,0,0,0,0,0,0,0,0,0,0,0,0,0,0,0,0,root,9,1,100,100,,,1,1,,,,,,,,,,,,,,,,,,,,
GF01005243S,"Florida, USA",N/A,N/A,N/A,Dry forest|Moist forest,GF01005243S,N/A,0,0,0,0,0,0,0,6,0,0,0,0,0,0,0,0,0,0,0,0,0,0,0,0,0,0,0,0,root,6,1,100,100,,,1,1,,,,,,,,,,,,,,,,,,,,
GF01005244S,"Georgia, USA",N/A,N/A,N/A,,GF01005244S,N/A,2,0,0,0,0,0,0,9,0,0,0,0,0,0,0,0,0,0,0,0,0,0,0,0,0,0,0,0,root,11,2,81.81818182,81.81818182,,,2,1.606631,,,,,,,,,,,,,,,,,,,,
GF01005245S,"Georgia, USA",N/A,N/A,N/A,,GF01005245S,N/A,1,0,0,0,0,0,0,5,0,0,0,0,0,0,0,0,0,0,0,0,0,0,0,0,0,0,0,0,root,6,2,83.33333333,83.33333333,,,2,1.569193,,,,,,,,,,,,,,,,,,,,
GF01005246S,"Florida, USA",N/A,N/A,N/A,Dry forest|Moist forest,GF01005246S,N/A,0,0,0,0,0,0,0,6,0,0,0,0,0,0,0,0,0,0,0,0,0,0,0,0,0,0,0,0,root,6,1,100,100,,,1,1,,,,,,,,,,,,,,,,,,,,
GF01005247S,"Florida, USA",N/A,N/A,N/A,Dry forest|Moist forest,GF01005247S,N/A,0,0,0,0,0,0,0,5,0,0,0,0,0,0,0,0,0,0,0,0,0,0,0,0,0,0,0,0,root,5,1,100,100,,,1,1,,,,,,,,,,,,,,,,,,,,
GF01005248S,"Florida, USA",N/A,N/A,N/A,Dry forest|Moist forest,GF01005248S,N/A,1,0,0,0,0,0,0,5,0,0,0,0,0,0,0,0,0,0,0,0,0,1,0,0,0,0,0,0,root,7,3,71.42857143,71.42857143,,,3,2.217347,,,,,,,,,,,,,,,,,,,,
GF01005249S,"Florida, USA",N/A,N/A,N/A,Dry forest|Moist forest,GF01005249S,N/A,0,0,0,0,0,0,0,6,0,0,0,0,0,0,0,0,0,0,0,0,0,1,0,0,0,0,0,0,root,7,2,85.71428571,85.71428571,,,2,1.506993,,,,,,,,,,,,,,,,,,,,
GF01005250S,"Georgia, USA",N/A,N/A,N/A,,GF01005250S,N/A,0,0,0,0,0,0,0,6,0,0,0,0,0,0,0,0,0,0,0,0,0,0,0,0,0,0,0,0,root,6,1,100,100,,,1,1,,,,,,,,,,,,,,,,,,,,
GF01005251S,"Georgia, USA",N/A,N/A,N/A,,GF01005251S,N/A,2,0,0,0,0,0,0,7,0,0,0,0,0,0,0,0,0,0,0,0,0,1,0,0,0,0,0,0,root,10,3,70,70,,,3,2.229592,,,,,,,,,,,,,,,,,,,,
GF01005252S,"Georgia, USA",N/A,N/A,N/A,,GF01005252S,N/A,0,0,0,0,0,0,0,7,0,0,0,0,0,0,0,0,0,0,0,0,0,0,0,0,0,0,0,0,root,7,1,100,100,,,1,1,,,,,,,,,,,,,,,,,,,,
GF01005253S,"Florida, USA",N/A,N/A,N/A,Dry forest|Moist forest,GF01005253S,N/A,0,0,0,0,0,0,0,6,0,0,0,0,0,0,0,0,0,0,0,0,0,1,0,0,0,0,0,0,root,7,2,85.71428571,85.71428571,,,2,1.506993,,,,,,,,,,,,,,,,,,,,
GF01005254S,"Georgia, USA",N/A,N/A,N/A,,GF01005254S,N/A,1,0,0,0,0,0,0,3,0,0,0,0,0,0,0,0,0,0,0,0,0,0,0,0,0,0,0,0,root,4,2,75,75,,,2,1.754765,,,,,,,,,,,,,,,,,,,,
GF01005255S,"Florida, USA",N/A,N/A,N/A,Dry forest|Moist forest,GF01005255S,N/A,3,0,0,0,0,0,0,6,0,0,0,0,0,0,0,0,0,0,0,0,0,0,0,0,0,0,0,0,root,9,2,66.66666667,66.66666667,,,2,1.889882,,,,,,,,,,,,,,,,,,,,
GF01005256S,"Florida, USA",N/A,N/A,N/A,Dry forest|Moist forest,GF01005256S,N/A,1,0,0,0,0,0,0,10,0,0,0,0,0,0,0,0,0,0,0,0,0,0,0,0,0,0,0,0,root,11,2,90.90909091,90.90909091,,,2,1.356131,,,,,,,,,,,,,,,,,,,,
GF01005257S,"Georgia, USA",N/A,N/A,N/A,,GF01005257S,N/A,0,0,0,0,0,0,0,5,0,0,0,0,0,0,0,0,0,0,0,0,0,1,0,0,0,0,0,0,root,6,2,83.33333333,83.33333333,,,2,1.569193,,,,,,,,,,,,,,,,,,,,
GF01005258S,"Georgia, USA",N/A,N/A,N/A,,GF01005258S,N/A,0,0,0,0,0,0,0,7,0,0,0,0,0,0,0,0,0,0,0,0,0,0,0,0,0,0,0,0,root,7,1,100,100,,,1,1,,,,,,,,,,,,,,,,,,,,
GF01005259S,"Georgia, USA",N/A,N/A,N/A,,GF01005259S,N/A,0,0,0,0,0,0,0,5,0,0,0,0,0,0,0,0,0,0,0,0,0,0,0,0,0,0,0,0,root,5,1,100,100,,,1,1,,,,,,,,,,,,,,,,,,,,
GF01005260S,"Georgia, USA",N/A,N/A,N/A,,GF01005260S,N/A,1,0,0,0,0,0,0,6,0,0,0,0,0,0,0,0,0,0,0,0,0,0,0,0,0,0,0,0,root,7,2,85.71428571,85.71428571,,,2,1.506993,,,,,,,,,,,,,,,,,,,,
GF01005261S,"Florida, USA",N/A,N/A,N/A,Dry forest|Moist forest,GF01005261S,N/A,1,0,0,0,0,0,0,9,0,0,0,0,0,0,0,0,0,0,0,0,0,1,0,0,0,0,0,0,root,11,3,81.81818182,81.81818182,,,3,1.822421,,,,,,,,,,,,,,,,,,,,
GF01005262S,"Georgia, USA",N/A,N/A,N/A,,GF01005262S,N/A,1,0,0,0,0,0,0,4,0,0,0,0,0,0,0,0,0,0,0,0,0,0,0,0,0,0,0,0,root,5,2,80,80,,,2,1.649385,,,,,,,,,,,,,,,,,,,,
GF01005263S,"Georgia, USA",N/A,N/A,N/A,,GF01005263S,N/A,1,0,0,0,0,0,0,9,0,0,0,0,0,0,0,0,0,0,0,0,0,0,0,0,0,0,0,0,root,10,2,90,90,,,2,1.384145,,,,,,,,,,,,,,,,,,,,
GF01008006S,"Puyehue National Park, Southern Chile",N/A,N/A,N/A,Moist forest|Wet forest,GF01008006S,N/A,34,0,0,5,0,0,1,6,0,0,1,0,0,8,0,1,1,0,0,0,0,35,0,0,0,0,0,4,soil,96,10,6.25,6.25,,,10,4.915283,,,,,,,,,,,,,,,,,,,,
GF01008007S,"Puyehue National Park, Southern Chile",N/A,N/A,N/A,Moist forest|Wet forest,GF01008007S,N/A,35,0,0,1,1,0,0,8,0,2,0,0,0,22,0,1,1,2,0,0,0,41,0,0,0,0,0,3,soil,117,11,6.837606838,6.837606838,,,11,5.063199,,,,,,,,,,,,,,,,,,,,
GF01008008S,"Puyehue National Park, Southern Chile",N/A,N/A,N/A,Moist forest|Wet forest,GF01008008S,N/A,53,0,0,5,0,0,0,6,0,0,0,0,0,5,0,1,0,4,0,0,0,27,0,0,0,1,0,1,soil,103,9,5.825242718,5.825242718,,,9,4.109654,,,,,,,,,,,,,,,,,,,,
GF01008009S,"Puyehue National Park, Southern Chile",N/A,N/A,N/A,Moist forest|Wet forest,GF01008009S,N/A,32,0,0,3,0,0,14,2,0,2,0,0,0,21,0,4,0,10,1,0,0,22,0,0,0,7,0,11,soil,129,12,1.550387597,1.550387597,,,12,8.267437,,,,,,,,,,,,,,,,,,,,
GF01008010S,"Puyehue National Park, Southern Chile",N/A,N/A,N/A,Moist forest|Wet forest,GF01008010S,N/A,28,0,0,0,0,0,6,1,0,0,0,0,0,12,0,1,0,7,0,0,0,20,0,0,0,3,0,6,soil,84,9,1.19047619,1.19047619,,,9,6.016254,,,,,,,,,,,,,,,,,,,,
GF01008011S,"Puyehue National Park, Southern Chile",N/A,N/A,N/A,Moist forest|Wet forest,GF01008011S,N/A,48,0,0,7,0,0,2,15,0,7,0,1,0,23,0,1,0,4,0,0,0,31,0,0,0,2,0,7,soil,148,12,10.13513514,10.13513514,,,12,6.878215,,,,,,,,,,,,,,,,,,,,
GF01008012S,"Puyehue National Park, Southern Chile",N/A,N/A,N/A,Moist forest|Wet forest,GF01008012S,N/A,50,0,0,3,0,0,8,1,0,0,0,0,0,27,0,4,0,15,1,0,0,17,0,0,0,6,0,11,soil,143,11,0.699300699,0.699300699,,,11,6.780473,,,,,,,,,,,,,,,,,,,,
GF01008013S,"Puyehue National Park, Southern Chile",N/A,N/A,N/A,Moist forest|Wet forest,GF01008013S,N/A,41,0,0,4,2,0,1,2,0,0,1,0,0,6,0,3,2,0,0,0,0,60,0,0,0,0,0,2,soil,124,11,1.612903226,1.612903226,,,11,4.090048,,,,,,,,,,,,,,,,,,,,
GF01008014S,"Puyehue National Park, Southern Chile",N/A,N/A,N/A,Moist forest|Wet forest,GF01008014S,N/A,59,0,0,5,0,0,0,16,0,7,0,0,1,24,0,4,0,9,0,0,1,18,0,0,0,2,0,8,soil,154,12,10.38961039,10.38961039,,,12,6.899539,,,,,,,,,,,,,,,,,,,,
GF01008015S,"Puyehue National Park, Southern Chile",N/A,N/A,N/A,Moist forest|Wet forest,GF01008015S,N/A,56,0,0,3,0,0,0,3,0,5,0,0,0,16,0,2,0,20,0,0,2,22,0,0,0,1,0,8,soil,138,11,2.173913043,2.173913043,,,11,6.041557,,,,,,,,,,,,,,,,,,,,
GF01008016S,"Puyehue National Park, Southern Chile",N/A,N/A,N/A,Moist forest|Wet forest,GF01008016S,N/A,52,0,0,6,0,0,6,2,0,8,0,1,0,25,0,0,0,9,1,0,0,22,0,0,0,3,0,5,soil,140,12,1.428571429,1.428571429,,,12,6.745831,,,,,,,,,,,,,,,,,,,,
GF01008017S,"Puyehue National Park, Southern Chile",N/A,N/A,N/A,Moist forest|Wet forest,GF01008017S,N/A,42,0,0,2,0,0,2,4,0,0,0,0,0,0,0,0,1,0,0,0,0,21,0,0,0,0,0,1,soil,73,7,5.479452055,5.479452055,,,7,3.159001,,,,,,,,,,,,,,,,,,,,
GF01008018S,"Puyehue National Park, Southern Chile",N/A,N/A,N/A,Moist forest|Wet forest,GF01008018S,N/A,53,0,0,2,0,0,1,10,0,4,0,0,0,17,0,2,0,7,0,0,1,21,0,0,0,0,0,9,soil,127,11,7.874015748,7.874015748,,,11,6.018607,,,,,,,,,,,,,,,,,,,,
GF01008019S,"Puyehue National Park, Southern Chile",N/A,N/A,N/A,Moist forest|Wet forest,GF01008019S,N/A,63,0,0,6,0,0,15,1,0,0,0,0,0,27,0,6,0,15,1,0,0,21,0,0,0,8,0,16,soil,179,11,0.558659218,0.558659218,,,11,7.100217,,,,,,,,,,,,,,,,,,,,
GF01008020S,"Puyehue National Park, Southern Chile",N/A,N/A,N/A,Moist forest|Wet forest,GF01008020S,N/A,28,0,0,2,0,0,3,1,0,0,0,0,0,10,0,2,0,6,0,0,0,16,0,0,0,3,0,4,soil,75,10,1.333333333,1.333333333,,,10,6.251584,,,,,,,,,,,,,,,,,,,,
GF01008021S,"Puyehue National Park, Southern Chile",N/A,N/A,N/A,Moist forest|Wet forest,GF01008021S,N/A,61,0,0,3,0,0,1,6,0,3,0,0,1,19,0,3,1,5,1,0,0,26,0,0,0,1,0,7,soil,138,14,4.347826087,4.347826087,,,14,5.955532,,,,,,,,,,,,,,,,,,,,
GF01008022S,"Puyehue National Park, Southern Chile",N/A,N/A,N/A,Moist forest|Wet forest,GF01008022S,N/A,47,0,0,3,0,0,2,14,0,1,0,0,0,6,0,1,0,0,1,0,0,33,0,0,0,0,0,2,soil,110,10,12.72727273,12.72727273,,,10,4.561653,,,,,,,,,,,,,,,,,,,,
GF01008023S,"Puyehue National Park, Southern Chile",N/A,N/A,N/A,Moist forest|Wet forest,GF01008023S,N/A,64,0,0,6,0,0,7,1,0,0,0,0,0,32,0,10,0,10,0,0,0,19,0,0,0,3,0,14,soil,166,10,0.602409639,0.602409639,,,10,6.276365,,,,,,,,,,,,,,,,,,,,
GF01009589S,"Loreto, Peru",Neotropical,South Brazilian,Rondonia province,Moist forest,GF01009589S,Rondonia province,0,0,0,0,0,0,0,0,0,0,0,0,0,0,0,0,9,0,0,0,0,0,0,0,0,0,0,1,soil,10,2,0,0,,,2,1.384145,,,,,,,,,,,,,,,,,,,,
GF01009590S,"Loreto, Peru",Neotropical,Boreal Brazilian,Napo province,Moist forest,GF01009590S,Napo province,2,0,0,0,0,0,0,0,0,0,0,0,0,1,0,0,17,0,0,0,0,0,0,0,0,0,0,0,soil,20,3,0,0,,,3,1.67898,,,,,,,,,,,,,,,,,,,,
GF01009591S,"Loreto, Peru",Neotropical,South Brazilian,Rondonia province,Moist forest,GF01009591S,Rondonia province,0,0,0,0,0,0,0,0,0,0,0,0,0,1,0,0,7,0,0,0,0,0,0,0,0,0,0,0,soil,8,2,0,0,,,2,1.457569,,,,,,,,,,,,,,,,,,,,
GF01009592S,"Loreto, Peru",Neotropical,South Brazilian,Rondonia province,Moist forest,GF01009592S,Rondonia province,0,0,0,0,0,0,0,0,0,0,0,0,0,0,0,0,8,0,0,0,0,0,0,0,0,0,0,0,soil,8,1,0,0,,,1,1,,,,,,,,,,,,,,,,,,,,
GF01009593S,"Loreto, Peru",Neotropical,South Brazilian,Ucayali province,Moist forest,GF01009593S,Ucayali province,6,0,1,0,0,0,0,0,0,0,0,0,0,0,0,3,0,0,0,0,0,1,0,0,0,0,0,1,soil,12,5,0,0,,,5,3.722419,,,,,,,,,,,,,,,,,,,,
GF01009594S,"Loreto, Peru",Neotropical,South Brazilian,Ucayali province,Moist forest,GF01009594S,Ucayali province,44,0,0,3,1,0,0,1,0,2,0,0,0,0,0,3,1,2,0,0,0,8,0,0,0,1,0,2,soil,68,11,1.470588235,1.470588235,,,11,3.928186,,,,,,,,,,,,,,,,,,,,
GF01009595S,"Loreto, Peru",Neotropical,South Brazilian,Rondonia province,Moist forest,GF01009595S,Rondonia province,0,0,0,0,0,0,0,0,0,0,0,0,0,0,0,0,10,0,0,0,0,1,0,0,0,1,0,0,soil,12,3,0,0,,,3,1.761359,,,,,,,,,,,,,,,,,,,,
GF01009596S,"Loreto, Peru",Neotropical,Boreal Brazilian,Napo province,Moist forest,GF01009596S,Napo province,16,0,0,1,0,0,0,0,0,0,2,0,0,1,0,2,1,2,0,0,0,3,0,0,0,0,0,2,soil,30,9,0,0,,,9,5.092572,,,,,,,,,,,,,,,,,,,,
GF01009597S,"Loreto, Peru",Neotropical,South Brazilian,Ucayali province,Moist forest,GF01009597S,Ucayali province,14,0,0,0,0,0,0,1,0,0,0,0,0,1,0,4,0,4,0,0,0,4,0,0,0,0,0,1,soil,29,7,3.448275862,3.448275862,,,7,4.57053,,,,,,,,,,,,,,,,,,,,
GF01009598S,"Loreto, Peru",Neotropical,South Brazilian,Ucayali province,Moist forest,GF01009598S,Ucayali province,1,0,0,0,0,0,0,0,0,0,0,0,0,0,0,3,0,3,0,0,0,0,0,0,0,0,0,0,soil,7,3,0,0,,,3,2.729839,,,,,,,,,,,,,,,,,,,,
GF01009599S,"Loreto, Peru",Neotropical,South Brazilian,Rondonia province,Moist forest,GF01009599S,Rondonia province,4,0,0,1,0,0,0,0,0,0,0,0,0,0,0,1,5,2,0,0,0,0,0,0,0,0,0,1,soil,14,6,0,0,,,6,4.802578,,,,,,,,,,,,,,,,,,,,
GF01009600S,"Loreto, Peru",Neotropical,Boreal Brazilian,Napo province,Moist forest,GF01009600S,Napo province,5,0,0,0,0,0,0,0,0,0,0,0,0,0,0,8,0,1,0,0,0,3,0,0,0,0,0,2,soil,19,5,0,0,,,5,4.050824,,,,,,,,,,,,,,,,,,,,
GF01009601S,"Loreto, Peru",Neotropical,South Brazilian,Rondonia province,Moist forest,GF01009601S,Rondonia province,0,0,0,0,0,0,0,0,0,0,0,0,0,0,0,2,6,1,0,0,0,0,0,0,0,0,0,0,soil,9,3,0,0,,,3,2.336574,,,,,,,,,,,,,,,,,,,,
GF01009602S,"Loreto, Peru",Neotropical,South Brazilian,Rondonia province,Moist forest,GF01009602S,Rondonia province,0,0,0,0,0,0,0,0,0,0,0,0,0,0,0,1,9,3,0,0,0,1,0,0,0,0,0,1,soil,15,5,0,0,,,5,3.22197,,,,,,,,,,,,,,,,,,,,
GF01009603S,"Loreto, Peru",Neotropical,South Brazilian,Ucayali province,Moist forest,GF01009603S,Ucayali province,19,0,0,1,0,0,0,1,0,0,0,0,0,0,0,2,0,3,0,0,0,3,0,0,0,1,0,1,soil,31,8,3.225806452,3.225806452,,,8,3.94314,,,,,,,,,,,,,,,,,,,,
GF01009604S,"Loreto, Peru",Neotropical,Boreal Brazilian,Napo province,Moist forest,GF01009604S,Napo province,6,0,0,0,0,0,0,0,0,1,0,0,0,1,0,2,0,4,0,0,0,1,0,0,0,1,0,2,soil,18,8,0,0,,,8,6.240251,,,,,,,,,,,,,,,,,,,,
GF01009605S,"Loreto, Peru",Neotropical,South Brazilian,Rondonia province,Moist forest,GF01009605S,Rondonia province,11,0,0,0,0,0,0,0,0,0,0,0,0,1,0,0,0,2,0,0,0,1,0,0,0,1,0,1,soil,17,6,0,0,,,6,3.320407,,,,,,,,,,,,,,,,,,,,
GF01009606S,"Loreto, Peru",Neotropical,South Brazilian,Rondonia province,Moist forest,GF01009606S,Rondonia province,10,0,0,0,0,0,1,0,0,0,0,0,0,1,0,0,4,2,0,0,0,1,0,0,0,2,0,6,soil,27,8,0,0,,,8,5.679104,,,,,,,,,,,,,,,,,,,,
GF01009607S,"Loreto, Peru",Neotropical,Boreal Brazilian,Napo province,Moist forest,GF01009607S,Napo province,9,0,0,1,0,0,0,0,0,0,0,0,0,0,0,1,20,1,0,0,0,3,0,0,0,0,0,3,soil,38,7,0,0,,,7,3.923659,,,,,,,,,,,,,,,,,,,,
GF01009608S,"Loreto, Peru",Neotropical,South Brazilian,Rondonia province,Moist forest,GF01009608S,Rondonia province,20,0,0,0,0,0,0,0,0,1,0,0,0,0,0,1,0,3,0,0,1,2,0,0,0,0,0,6,soil,34,7,0,0,,,7,3.707147,,,,,,,,,,,,,,,,,,,,
GF01009609S,"Loreto, Peru",Neotropical,Boreal Brazilian,Napo province,Moist forest,GF01009609S,Napo province,22,0,0,0,0,0,0,0,0,0,1,0,0,0,0,1,0,2,0,0,0,4,0,0,0,0,0,2,soil,32,6,0,0,,,6,2.946783,,,,,,,,,,,,,,,,,,,,
GF01009610S,"Loreto, Peru",Neotropical,Boreal Brazilian,Napo province,Moist forest,GF01009610S,Napo province,24,0,0,1,2,0,0,0,0,0,0,0,0,2,0,2,0,3,0,0,0,4,0,0,0,3,0,7,soil,48,9,0,0,,,9,5.253534,,,,,,,,,,,,,,,,,,,,
GF01009611S,"Loreto, Peru",Neotropical,Boreal Brazilian,Napo province,Moist forest,GF01009611S,Napo province,12,0,0,1,0,0,0,0,1,0,0,0,0,0,0,1,1,0,0,0,0,4,0,0,0,0,0,3,soil,23,7,0,0,,,7,4.282895,,,,,,,,,,,,,,,,,,,,
GF01009612S,"Loreto, Peru",Neotropical,South Brazilian,Rondonia province,Moist forest,GF01009612S,Rondonia province,0,0,0,0,0,0,0,0,0,0,0,0,0,0,0,0,1,8,0,0,0,0,0,0,0,0,0,1,soil,10,3,0,0,,,3,1.894646,,,,,,,,,,,,,,,,,,,,
GF01009613S,"Loreto, Peru",Neotropical,Boreal Brazilian,Napo province,Moist forest,GF01009613S,Napo province,13,0,0,0,0,0,0,0,0,0,0,0,0,2,0,1,0,1,0,0,1,3,0,0,0,1,0,4,soil,26,8,0,0,,,8,4.865959,,,,,,,,,,,,,,,,,,,,
GF01009614S,"Loreto, Peru",Neotropical,South Brazilian,Ucayali province,Moist forest,GF01009614S,Ucayali province,3,0,0,1,0,0,0,0,0,0,0,0,0,0,0,1,0,0,0,0,0,2,0,0,0,0,0,2,soil,9,5,0,0,,,5,4.585756,,,,,,,,,,,,,,,,,,,,
GF01009615S,"Loreto, Peru",Neotropical,South Brazilian,Ucayali province,Moist forest,GF01009615S,Ucayali province,18,0,0,1,0,0,0,0,0,0,0,0,1,0,0,1,0,4,0,0,0,3,0,0,0,1,0,1,soil,30,8,0,0,,,8,3.944309,,,,,,,,,,,,,,,,,,,,
GF01009616S,"Loreto, Peru",Neotropical,South Brazilian,Rondonia province,Moist forest,GF01009616S,Rondonia province,1,0,0,0,0,0,0,0,0,0,0,0,0,0,0,1,10,0,0,0,0,0,0,0,0,0,0,0,soil,12,3,0,0,,,3,1.761359,,,,,,,,,,,,,,,,,,,,
GF01009617S,"Loreto, Peru",Neotropical,South Brazilian,Rondonia province,Moist forest,GF01009617S,Rondonia province,5,0,5,0,0,0,0,0,0,0,0,0,0,5,0,1,3,2,0,0,0,0,0,0,0,0,0,3,soil,24,7,0,0,,,7,6.2949,,,,,,,,,,,,,,,,,,,,
GF01009618S,"Loreto, Peru",Neotropical,South Brazilian,Ucayali province,Moist forest,GF01009618S,Ucayali province,3,0,0,4,0,0,0,0,0,0,0,0,0,0,0,1,0,0,0,0,0,1,0,0,0,0,0,3,soil,12,5,0,0,,,5,4.364495,,,,,,,,,,,,,,,,,,,,
GF01009619S,"Loreto, Peru",Neotropical,South Brazilian,Rondonia province,Moist forest,GF01009619S,Rondonia province,5,0,0,0,0,0,0,0,0,0,0,0,0,0,0,2,4,4,0,0,0,0,0,0,0,0,0,3,soil,18,5,0,0,,,5,4.79252,,,,,,,,,,,,,,,,,,,,
GF01009620S,"Loreto, Peru",Neotropical,South Brazilian,Rondonia province,Moist forest,GF01009620S,Rondonia province,1,0,0,0,0,0,0,0,0,0,0,0,0,0,0,0,7,0,0,0,0,0,0,0,0,0,0,0,soil,8,2,0,0,,,2,1.457569,,,,,,,,,,,,,,,,,,,,
GF01009621S,"Loreto, Peru",Neotropical,South Brazilian,Rondonia province,Moist forest,GF01009621S,Rondonia province,23,0,0,0,0,0,0,0,0,0,1,0,0,1,0,2,2,2,0,0,0,2,0,0,0,0,0,0,soil,33,7,0,0,,,7,3.136562,,,,,,,,,,,,,,,,,,,,
GF01009622S,"Loreto, Peru",Neotropical,Boreal Brazilian,Napo province,Moist forest,GF01009622S,Napo province,14,0,0,1,0,0,0,0,0,0,0,0,0,2,0,0,2,2,0,0,0,5,0,0,0,2,0,1,soil,29,8,0,0,,,8,5.076215,,,,,,,,,,,,,,,,,,,,
GF01009623S,"Loreto, Peru",Neotropical,South Brazilian,Rondonia province,Moist forest,GF01009623S,Rondonia province,0,0,0,0,0,0,0,0,0,0,0,0,0,0,0,0,10,0,0,0,0,0,0,0,0,0,0,0,soil,10,1,0,0,,,1,1,,,,,,,,,,,,,,,,,,,,
GF01009624S,"Loreto, Peru",Neotropical,South Brazilian,Rondonia province,Moist forest,GF01009624S,Rondonia province,25,0,0,2,0,0,0,0,0,0,1,0,0,1,0,4,0,3,0,0,0,6,1,0,0,1,0,1,soil,45,10,0,0,,,10,4.721957,,,,,,,,,,,,,,,,,,,,
GF01009625S,"Loreto, Peru",Neotropical,South Brazilian,Rondonia province,Moist forest,GF01009625S,Rondonia province,6,0,1,0,0,0,0,0,0,0,0,0,0,0,0,0,0,3,0,0,0,0,0,0,0,0,0,5,soil,15,4,0,0,,,4,3.438876,,,,,,,,,,,,,,,,,,,,
GF01009626S,"Loreto, Peru",Neotropical,South Brazilian,Ucayali province,Moist forest,GF01009626S,Ucayali province,20,0,0,2,3,0,0,1,0,1,0,0,0,0,0,2,0,1,0,0,0,3,0,0,0,0,0,2,soil,35,9,2.857142857,2.857142857,,,9,4.64756,,,,,,,,,,,,,,,,,,,,
GF01009627S,"Loreto, Peru",Neotropical,Boreal Brazilian,Napo province,Moist forest,GF01009627S,Napo province,20,0,0,0,0,0,0,0,0,0,1,0,0,0,0,1,0,0,0,0,0,2,0,0,0,0,0,0,soil,24,4,0,0,,,4,1.866095,,,,,,,,,,,,,,,,,,,,
GF01009628S,"Loreto, Peru",Neotropical,South Brazilian,Rondonia province,Moist forest,GF01009628S,Rondonia province,2,0,0,0,0,0,0,0,0,0,0,0,0,0,0,0,6,0,0,0,0,0,0,0,0,0,0,0,soil,8,2,0,0,,,2,1.754765,,,,,,,,,,,,,,,,,,,,
GF01009629S,"Loreto, Peru",Neotropical,Boreal Brazilian,Napo province,Moist forest,GF01009629S,Napo province,27,0,0,1,1,0,0,0,0,0,0,0,0,1,0,1,0,2,0,0,0,4,0,0,0,0,0,2,soil,39,8,0,0,,,8,3.217332,,,,,,,,,,,,,,,,,,,,
GF01009630S,"Loreto, Peru",Neotropical,Boreal Brazilian,Napo province,Moist forest,GF01009630S,Napo province,7,0,0,1,0,0,0,0,0,0,0,0,0,1,0,7,11,6,0,0,0,2,0,0,0,0,0,1,soil,36,8,0,0,,,8,5.794743,,,,,,,,,,,,,,,,,,,,
GF01009631S,"Loreto, Peru",Neotropical,South Brazilian,Rondonia province,Moist forest,GF01009631S,Rondonia province,0,0,0,0,0,0,0,0,0,0,0,0,0,0,0,0,9,0,0,0,0,1,0,0,0,0,0,0,soil,10,2,0,0,,,2,1.384145,,,,,,,,,,,,,,,,,,,,
GF01009632S,"Loreto, Peru",Neotropical,South Brazilian,Ucayali province,Moist forest,GF01009632S,Ucayali province,11,0,0,0,0,0,0,1,0,0,0,0,0,1,0,2,0,3,0,0,0,1,0,0,0,0,0,0,soil,19,6,5.263157895,5.263157895,,,6,3.705269,,,,,,,,,,,,,,,,,,,,
GF01009633S,"Loreto, Peru",Neotropical,Boreal Brazilian,Napo province,Moist forest,GF01009633S,Napo province,20,0,0,0,0,0,0,0,0,0,0,0,0,2,0,4,0,2,0,0,0,1,0,0,0,0,0,2,soil,31,6,0,0,,,6,3.281244,,,,,,,,,,,,,,,,,,,,
GF01009634S,"Loreto, Peru",Neotropical,Boreal Brazilian,Napo province,Moist forest,GF01009634S,Napo province,1,0,1,0,0,0,0,0,0,0,0,0,0,0,0,3,8,2,0,0,0,3,0,0,0,0,0,1,soil,19,7,0,0,,,7,5.201732,,,,,,,,,,,,,,,,,,,,
GF01009635S,"Loreto, Peru",Neotropical,Boreal Brazilian,Napo province,Moist forest,GF01009635S,Napo province,9,0,0,0,0,0,0,1,0,0,0,0,0,2,0,1,0,5,0,0,0,0,0,0,0,0,0,1,soil,19,6,5.263157895,5.263157895,,,6,4.084295,,,,,,,,,,,,,,,,,,,,
GF01009636S,"Loreto, Peru",Neotropical,Boreal Brazilian,Napo province,Moist forest,GF01009636S,Napo province,19,0,0,0,1,0,0,0,0,0,0,0,0,1,0,3,0,0,0,0,0,2,0,0,0,0,0,2,soil,28,6,0,0,,,6,3.057088,,,,,,,,,,,,,,,,,,,,
GF01009637S,"Loreto, Peru",Neotropical,South Brazilian,Rondonia province,Moist forest,GF01009637S,Rondonia province,1,0,0,0,0,0,0,0,0,0,0,0,0,0,0,0,0,2,0,0,0,1,0,0,0,0,0,0,soil,4,3,0,0,,,3,2.828427,,,,,,,,,,,,,,,,,,,,
GF01009638S,"Loreto, Peru",Neotropical,Boreal Brazilian,Napo province,Moist forest,GF01009638S,Napo province,4,0,0,0,0,0,0,4,0,0,0,0,0,0,0,1,4,0,0,0,0,2,0,0,0,0,0,1,soil,16,6,25,25,,,6,5.187358,,,,,,,,,,,,,,,,,,,,
GF01009639S,"Loreto, Peru",Neotropical,Boreal Brazilian,Napo province,Moist forest,GF01009639S,Napo province,15,0,0,1,0,0,0,0,0,0,0,0,0,1,0,3,0,0,0,0,0,3,0,0,0,1,0,2,soil,26,7,0,0,,,7,4.010496,,,,,,,,,,,,,,,,,,,,
GF01009640S,"Loreto, Peru",Neotropical,South Brazilian,Rondonia province,Moist forest,GF01009640S,Rondonia province,1,0,0,0,0,0,0,0,0,0,0,0,0,0,0,0,6,0,0,0,0,0,0,0,0,0,0,1,soil,8,3,0,0,,,3,2.086779,,,,,,,,,,,,,,,,,,,,
GF01009641S,"Loreto, Peru",Neotropical,Boreal Brazilian,Napo province,Moist forest,GF01009641S,Napo province,4,0,0,1,0,0,0,0,0,0,0,0,0,0,0,1,0,3,0,0,0,2,0,0,0,0,0,0,soil,11,5,0,0,,,5,4.341153,,,,,,,,,,,,,,,,,,,,
GF01009642S,"Loreto, Peru",Neotropical,South Brazilian,Rondonia province,Moist forest,GF01009642S,Rondonia province,0,0,0,0,0,0,0,0,0,0,0,0,0,0,0,0,3,0,0,0,0,0,0,0,0,0,0,0,soil,3,1,0,0,,,1,1,,,,,,,,,,,,,,,,,,,,
GF01009643S,"Loreto, Peru",Neotropical,Boreal Brazilian,Napo province,Moist forest,GF01009643S,Napo province,20,0,0,1,0,0,0,0,0,0,0,0,0,0,0,1,0,3,1,0,0,4,0,0,0,0,0,4,soil,34,7,0,0,,,7,3.823024,,,,,,,,,,,,,,,,,,,,
GF01009644S,"Loreto, Peru",Neotropical,Boreal Brazilian,Napo province,Moist forest,GF01009644S,Napo province,7,0,0,0,0,0,0,0,0,0,0,0,0,2,0,2,0,0,0,0,0,1,0,0,0,1,0,1,soil,14,6,0,0,,,6,4.340807,,,,,,,,,,,,,,,,,,,,
GF01009645S,"Loreto, Peru",Neotropical,Boreal Brazilian,Napo province,Moist forest,GF01009645S,Napo province,0,0,0,0,0,0,0,0,0,0,0,0,0,0,0,0,0,0,0,0,0,0,0,0,0,0,0,0,soil,0,0,#DIV/0!,0,,,0,1,,,,,,,,,,,,,,,,,,,,
GF01009646S,"Loreto, Peru",Neotropical,Boreal Brazilian,Napo province,Moist forest,GF01009646S,Napo province,18,0,0,2,0,0,0,1,0,0,0,0,0,0,0,2,0,0,0,0,0,2,0,0,0,1,0,5,soil,31,7,3.225806452,3.225806452,,,7,3.903847,,,,,,,,,,,,,,,,,,,,
GF01009647S,"Loreto, Peru",Neotropical,South Brazilian,Rondonia province,Moist forest,GF01009647S,Rondonia province,5,0,0,0,0,0,0,1,0,0,0,0,0,2,0,1,2,0,0,0,0,0,0,0,0,0,0,0,soil,11,5,9.090909091,9.090909091,,,5,4.11352,,,,,,,,,,,,,,,,,,,,
GF01009648S,"Loreto, Peru",Neotropical,Boreal Brazilian,Napo province,Moist forest,GF01009648S,Napo province,9,0,0,0,0,0,0,0,0,0,1,0,0,1,0,1,0,0,0,0,0,4,0,0,0,3,0,0,soil,19,6,0,0,,,6,4.213661,,,,,,,,,,,,,,,,,,,,
GF01009649S,"Loreto, Peru",Neotropical,South Brazilian,Rondonia province,Moist forest,GF01009649S,Rondonia province,1,0,0,0,0,0,0,0,0,0,0,0,0,1,0,0,3,0,0,0,0,0,0,0,0,0,0,0,soil,5,3,0,0,,,3,2.586409,,,,,,,,,,,,,,,,,,,,
GF01009650S,"Loreto, Peru",Neotropical,South Brazilian,Rondonia province,Moist forest,GF01009650S,Rondonia province,0,0,0,0,0,0,0,0,0,0,0,0,0,0,0,0,1,0,0,0,0,0,0,0,0,0,0,0,soil,1,1,0,0,,,1,1,,,,,,,,,,,,,,,,,,,,
GF01009651S,"Loreto, Peru",Neotropical,South Brazilian,Rondonia province,Moist forest,GF01009651S,Rondonia province,0,0,0,0,0,0,0,0,0,0,0,0,0,0,0,0,0,0,0,0,0,0,0,0,0,0,0,0,soil,0,0,#DIV/0!,0,,,0,1,,,,,,,,,,,,,,,,,,,,
GF01009652S,"Loreto, Peru",Neotropical,Boreal Brazilian,Napo province,Moist forest,GF01009652S,Napo province,0,0,0,0,0,0,0,0,0,0,0,0,0,0,0,0,0,0,0,0,0,0,0,0,0,0,0,0,soil,0,0,#DIV/0!,0,,,0,1,,,,,,,,,,,,,,,,,,,,
GF01009653S,"Loreto, Peru",Neotropical,Boreal Brazilian,Napo province,Moist forest,GF01009653S,Napo province,0,0,0,0,0,0,0,0,0,0,0,0,0,0,0,0,0,0,0,0,0,0,0,0,0,0,0,0,soil,0,0,#DIV/0!,0,,,0,1,,,,,,,,,,,,,,,,,,,,
GF01009654S,"Loreto, Peru",Neotropical,Boreal Brazilian,Napo province,Moist forest,GF01009654S,Napo province,0,0,0,0,0,0,0,0,0,0,0,0,0,0,0,0,0,0,0,0,0,0,0,0,0,0,0,0,soil,0,0,#DIV/0!,0,,,0,1,,,,,,,,,,,,,,,,,,,,
GF01012717S,Central Panama,Neotropical,Pacific,Guatuso-Talamanca province,Moist forest,GF01012717S,Guatuso-Talamanca province,0,0,0,0,0,0,0,0,0,0,0,0,0,0,0,0,0,0,0,0,0,0,0,0,0,0,0,0,soil,0,0,#DIV/0!,0,,,0,1,,,,,,,,,,,,,,,,,,,,
GF01012718S,Central Panama,Neotropical,Pacific,Guatuso-Talamanca province,Moist forest,GF01012718S,Guatuso-Talamanca province,1,0,0,0,0,0,0,0,0,0,0,0,0,0,0,0,0,0,0,0,0,0,0,0,0,0,0,0,soil,1,1,0,0,,,1,1,,,,,,,,,,,,,,,,,,,,
GF01012719S,Central Panama,Neotropical,Pacific,Guatuso-Talamanca province,Moist forest,GF01012719S,Guatuso-Talamanca province,0,0,0,0,0,0,0,0,0,0,0,0,0,0,0,0,0,0,0,0,0,0,0,0,0,0,0,0,soil,0,0,#DIV/0!,0,,,0,1,,,,,,,,,,,,,,,,,,,,
GF01013281S,"Los Tuxtlas Tropical Biology Station, Veracruz, Mexico",Neotropical,Mesoamerican,Veracruzan province,Moist forest,GF01013281S,Veracruzan province,70,0,0,0,21,0,0,2,0,0,0,0,0,1,0,0,0,5,0,0,0,6,0,0,0,0,0,2,root,107,7,1.869158879,1.869158879,,,7,2.987164,,,,,,,,,,,,,,,,,,,,
GF01013282S,"Los Tuxtlas Tropical Biology Station, Veracruz, Mexico",Neotropical,Mesoamerican,Veracruzan province,Moist forest,GF01013282S,Veracruzan province,47,0,0,10,19,0,0,5,0,1,1,0,0,0,0,0,0,4,0,0,0,6,0,0,0,1,0,2,root,96,10,5.208333333,5.208333333,,,10,4.897678,,,,,,,,,,,,,,,,,,,,
GF01013283S,"Los Tuxtlas Tropical Biology Station, Veracruz, Mexico",Neotropical,Mesoamerican,Veracruzan province,Moist forest,GF01013283S,Veracruzan province,107,0,0,1,6,0,1,1,0,0,0,0,0,5,0,0,1,14,0,0,0,20,0,0,0,1,0,6,root,163,11,0.613496933,0.613496933,,,11,3.493103,,,,,,,,,,,,,,,,,,,,
GF01013284S,"Los Tuxtlas Tropical Biology Station, Veracruz, Mexico",Neotropical,Mesoamerican,Veracruzan province,Moist forest,GF01013284S,Veracruzan province,77,0,0,2,4,0,0,1,0,0,0,0,0,1,0,1,0,7,0,0,0,18,1,0,0,1,0,6,root,119,11,0.840336134,0.840336134,,,11,3.554353,,,,,,,,,,,,,,,,,,,,
GF01013285S,"Los Tuxtlas Tropical Biology Station, Veracruz, Mexico",Neotropical,Mesoamerican,Veracruzan province,Moist forest,GF01013285S,Veracruzan province,22,0,0,0,1,0,0,2,0,0,0,0,0,6,0,0,0,3,0,0,0,6,1,0,0,5,0,5,root,51,9,3.921568627,3.921568627,,,9,5.867694,,,,,,,,,,,,,,,,,,,,
GF01013286S,"Los Tuxtlas Tropical Biology Station, Veracruz, Mexico",Neotropical,Mesoamerican,Veracruzan province,Moist forest,GF01013286S,Veracruzan province,43,0,0,2,6,0,0,2,0,0,0,0,0,1,0,1,2,3,0,0,0,5,0,0,0,0,0,3,root,68,10,2.941176471,2.941176471,,,10,4.081922,,,,,,,,,,,,,,,,,,,,
GF01013287S,"Los Tuxtlas Tropical Biology Station, Veracruz, Mexico",Neotropical,Mesoamerican,Veracruzan province,Moist forest,GF01013287S,Veracruzan province,16,0,0,2,9,0,0,0,0,0,1,0,0,1,0,1,0,16,0,0,0,4,0,0,0,3,0,1,root,54,10,0,0,,,10,5.991668,,,,,,,,,,,,,,,,,,,,
GF01013288S,"Los Tuxtlas Tropical Biology Station, Veracruz, Mexico",Neotropical,Mesoamerican,Veracruzan province,Moist forest,GF01013288S,Veracruzan province,20,0,0,1,1,0,0,0,0,1,0,0,0,1,0,0,0,5,0,0,0,4,0,0,0,1,0,4,root,38,9,0,0,,,9,4.745825,,,,,,,,,,,,,,,,,,,,
GF01013289S,"Los Tuxtlas Tropical Biology Station, Veracruz, Mexico",Neotropical,Mesoamerican,Veracruzan province,Moist forest,GF01013289S,Veracruzan province,18,0,0,0,1,0,0,1,0,0,1,0,0,3,0,0,0,4,0,0,0,4,0,0,0,0,0,3,root,35,8,2.857142857,2.857142857,,,8,4.77632,,,,,,,,,,,,,,,,,,,,
GF01013290S,"Los Tuxtlas Tropical Biology Station, Veracruz, Mexico",Neotropical,Mesoamerican,Veracruzan province,Moist forest,GF01013290S,Veracruzan province,9,0,0,1,1,0,0,0,0,0,0,0,0,1,0,0,0,1,0,0,0,0,0,0,0,1,0,5,root,19,7,0,0,,,7,4.393438,,,,,,,,,,,,,,,,,,,,
GF01013291S,"Los Tuxtlas Tropical Biology Station, Veracruz, Mexico",Neotropical,Mesoamerican,Veracruzan province,Moist forest,GF01013291S,Veracruzan province,16,0,0,4,7,0,0,0,0,0,0,0,0,0,0,0,0,9,0,0,0,1,0,0,0,1,0,2,root,40,7,0,0,,,7,4.814573,,,,,,,,,,,,,,,,,,,,
GF01013292S,"Los Tuxtlas Tropical Biology Station, Veracruz, Mexico",Neotropical,Mesoamerican,Veracruzan province,Moist forest,GF01013292S,Veracruzan province,55,0,0,1,26,0,1,2,0,2,0,0,0,0,0,0,0,5,0,0,0,6,0,0,0,0,0,2,root,100,9,2,2,,,9,3.760175,,,,,,,,,,,,,,,,,,,,
GF01013293S,"Los Tuxtlas Tropical Biology Station, Veracruz, Mexico",Neotropical,Mesoamerican,Veracruzan province,Moist forest,GF01013293S,Veracruzan province,35,0,0,6,3,0,0,0,0,0,1,0,0,0,0,0,0,11,0,0,0,6,0,0,0,1,0,3,root,66,8,0,0,,,8,4.388315,,,,,,,,,,,,,,,,,,,,
GF01013294S,"Los Tuxtlas Tropical Biology Station, Veracruz, Mexico",Neotropical,Mesoamerican,Veracruzan province,Moist forest,GF01013294S,Veracruzan province,59,0,0,1,8,0,0,0,0,0,0,0,0,2,0,0,1,10,0,0,0,7,0,0,0,0,0,2,root,90,8,0,0,,,8,3.333158,,,,,,,,,,,,,,,,,,,,
GF01013295S,"Los Tuxtlas Tropical Biology Station, Veracruz, Mexico",Neotropical,Mesoamerican,Veracruzan province,Moist forest,GF01013295S,Veracruzan province,16,0,0,0,4,0,0,0,0,0,0,0,0,1,0,0,0,7,0,0,0,4,0,0,0,0,0,8,root,40,6,0,0,,,6,4.693425,,,,,,,,,,,,,,,,,,,,
GF01013296S,"Los Tuxtlas Tropical Biology Station, Veracruz, Mexico",Neotropical,Mesoamerican,Veracruzan province,Moist forest,GF01013296S,Veracruzan province,47,0,0,2,16,0,0,2,0,0,0,0,0,2,0,1,0,6,0,0,0,4,0,0,0,1,0,2,root,83,10,2.409638554,2.409638554,,,10,4.224995,,,,,,,,,,,,,,,,,,,,
GF01013297S,"Los Tuxtlas Tropical Biology Station, Veracruz, Mexico",Neotropical,Mesoamerican,Veracruzan province,Moist forest,GF01013297S,Veracruzan province,52,0,0,1,15,0,0,0,0,0,0,0,0,1,0,0,0,6,0,0,0,5,0,0,0,1,0,1,root,82,8,0,0,,,8,3.242798,,,,,,,,,,,,,,,,,,,,
GF01013298S,"Los Tuxtlas Tropical Biology Station, Veracruz, Mexico",Neotropical,Mesoamerican,Veracruzan province,Moist forest,GF01013298S,Veracruzan province,35,0,0,1,4,0,0,0,0,1,0,0,0,2,0,0,0,3,0,0,0,5,0,0,0,0,0,4,root,55,8,0,0,,,8,3.71268,,,,,,,,,,,,,,,,,,,,
GF01013299S,"Los Tuxtlas Tropical Biology Station, Veracruz, Mexico",Neotropical,Mesoamerican,Veracruzan province,Moist forest,GF01013299S,Veracruzan province,15,0,0,2,4,0,0,0,0,0,0,0,0,1,0,0,0,7,0,0,0,3,0,0,0,1,0,9,root,42,8,0,0,,,8,5.651095,,,,,,,,,,,,,,,,,,,,
GF01013300S,"Los Tuxtlas Tropical Biology Station, Veracruz, Mexico",Neotropical,Mesoamerican,Veracruzan province,Moist forest,GF01013300S,Veracruzan province,28,0,0,2,8,0,0,0,0,0,0,0,0,3,0,0,0,6,0,0,0,9,0,0,0,3,0,1,root,60,8,0,0,,,8,5.054764,,,,,,,,,,,,,,,,,,,,
GF01013301S,"Los Tuxtlas Tropical Biology Station, Veracruz, Mexico",Neotropical,Mesoamerican,Veracruzan province,Moist forest,GF01013301S,Veracruzan province,88,0,0,2,28,0,1,2,0,0,0,1,0,1,0,0,0,6,0,0,0,9,1,0,0,0,0,3,root,142,11,1.408450704,1.408450704,,,11,3.547988,,,,,,,,,,,,,,,,,,,,
GF01013302S,"Los Tuxtlas Tropical Biology Station, Veracruz, Mexico",Neotropical,Mesoamerican,Veracruzan province,Moist forest,GF01013302S,Veracruzan province,48,0,0,0,8,0,0,0,0,0,0,0,0,2,0,1,0,1,0,0,0,5,0,0,0,0,0,1,root,66,7,0,0,,,7,2.662461,,,,,,,,,,,,,,,,,,,,
GF01013303S,"Los Tuxtlas Tropical Biology Station, Veracruz, Mexico",Neotropical,Mesoamerican,Veracruzan province,Moist forest,GF01013303S,Veracruzan province,39,0,0,1,8,0,0,0,0,0,0,0,0,3,0,0,0,5,0,0,0,7,0,0,0,0,0,2,root,65,7,0,0,,,7,3.724467,,,,,,,,,,,,,,,,,,,,
GF01013304S,"Los Tuxtlas Tropical Biology Station, Veracruz, Mexico",Neotropical,Mesoamerican,Veracruzan province,Moist forest,GF01013304S,Veracruzan province,53,0,0,0,14,0,1,0,0,0,0,0,0,3,0,0,1,6,0,0,0,5,0,0,0,1,0,3,root,87,9,0,0,,,9,3.783752,,,,,,,,,,,,,,,,,,,,
GF01013305S,"Los Tuxtlas Tropical Biology Station, Veracruz, Mexico",Neotropical,Mesoamerican,Veracruzan province,Moist forest,GF01013305S,Veracruzan province,37,0,0,3,7,0,0,0,0,0,0,0,0,1,0,1,1,6,0,0,0,9,0,0,0,3,0,3,root,71,10,0,0,,,10,5.05251,,,,,,,,,,,,,,,,,,,,
GF01013306S,"Los Tuxtlas Tropical Biology Station, Veracruz, Mexico",Neotropical,Mesoamerican,Veracruzan province,Moist forest,GF01013306S,Veracruzan province,13,0,0,1,5,0,0,0,0,0,1,0,0,1,0,0,0,3,0,0,0,5,0,0,0,3,0,0,root,32,8,0,0,,,8,5.555487,,,,,,,,,,,,,,,,,,,,
GF01013307S,"Los Tuxtlas Tropical Biology Station, Veracruz, Mexico",Neotropical,Mesoamerican,Veracruzan province,Moist forest,GF01013307S,Veracruzan province,4,0,0,0,5,0,0,0,0,1,0,0,0,0,0,0,0,2,0,0,0,0,0,0,0,0,0,0,root,12,4,0,0,,,4,3.444177,,,,,,,,,,,,,,,,,,,,
GF01013308S,"Los Tuxtlas Tropical Biology Station, Veracruz, Mexico",Neotropical,Mesoamerican,Veracruzan province,Moist forest,GF01013308S,Veracruzan province,32,0,0,1,11,0,1,0,0,0,0,0,0,0,0,0,0,6,0,0,0,10,0,0,0,0,0,1,root,62,7,0,0,,,7,3.928091,,,,,,,,,,,,,,,,,,,,
GF01013309S,"Los Tuxtlas Tropical Biology Station, Veracruz, Mexico",Neotropical,Mesoamerican,Veracruzan province,Moist forest,GF01013309S,Veracruzan province,31,0,0,3,1,0,0,0,0,1,1,0,0,3,0,0,0,4,0,0,0,6,0,0,0,2,0,3,root,55,10,0,0,,,10,4.809287,,,,,,,,,,,,,,,,,,,,
GF01013310S,"Los Tuxtlas Tropical Biology Station, Veracruz, Mexico",Neotropical,Mesoamerican,Veracruzan province,Moist forest,GF01013310S,Veracruzan province,33,0,0,2,6,0,0,0,0,0,0,0,0,0,0,0,0,6,0,0,0,5,0,0,0,1,0,4,root,57,7,0,0,,,7,3.969981,,,,,,,,,,,,,,,,,,,,
GF01013311S,"Los Tuxtlas Tropical Biology Station, Veracruz, Mexico",Neotropical,Mesoamerican,Veracruzan province,Moist forest,GF01013311S,Veracruzan province,69,0,0,1,15,0,0,0,0,0,1,0,0,3,0,0,1,8,0,0,0,5,0,0,0,1,0,2,root,106,10,0,0,,,10,3.480005,,,,,,,,,,,,,,,,,,,,
GF01013312S,"Los Tuxtlas Tropical Biology Station, Veracruz, Mexico",Neotropical,Mesoamerican,Veracruzan province,Moist forest,GF01013312S,Veracruzan province,32,0,0,0,2,0,0,0,0,0,0,1,0,1,0,0,1,2,0,0,0,8,0,0,0,0,0,6,root,53,8,0,0,,,8,3.701509,,,,,,,,,,,,,,,,,,,,
GF01013313S,"Los Tuxtlas Tropical Biology Station, Veracruz, Mexico",Neotropical,Mesoamerican,Veracruzan province,Moist forest,GF01013313S,Veracruzan province,43,0,0,4,13,0,1,1,0,0,0,0,0,5,0,1,1,5,0,0,0,10,0,0,0,2,0,6,root,92,12,1.086956522,1.086956522,,,12,5.953516,,,,,,,,,,,,,,,,,,,,
GF01013314S,"Los Tuxtlas Tropical Biology Station, Veracruz, Mexico",Neotropical,Mesoamerican,Veracruzan province,Moist forest,GF01013314S,Veracruzan province,27,0,0,1,4,0,0,0,0,1,0,0,0,1,0,0,0,2,0,0,0,1,0,0,0,0,0,4,root,41,8,0,0,,,8,3.451588,,,,,,,,,,,,,,,,,,,,
GF01013315S,"Los Tuxtlas Tropical Biology Station, Veracruz, Mexico",Neotropical,Mesoamerican,Veracruzan province,Moist forest,GF01013315S,Veracruzan province,28,0,0,1,9,0,0,0,0,1,0,0,0,1,0,0,0,6,0,0,0,2,0,0,0,1,0,2,root,51,9,0,0,,,9,4.260876,,,,,,,,,,,,,,,,,,,,
GF01013316S,"Los Tuxtlas Tropical Biology Station, Veracruz, Mexico",Neotropical,Mesoamerican,Veracruzan province,Moist forest,GF01013316S,Veracruzan province,78,0,0,2,6,0,2,1,0,0,0,0,0,2,0,0,0,9,0,0,0,10,0,0,0,0,0,4,root,114,9,0.877192982,0.877192982,,,9,3.321511,,,,,,,,,,,,,,,,,,,,
GF01013317S,"Los Tuxtlas Tropical Biology Station, Veracruz, Mexico",Neotropical,Mesoamerican,Veracruzan province,Moist forest,GF01013317S,Veracruzan province,52,0,0,2,22,0,0,0,0,0,0,0,0,1,0,0,1,7,0,0,0,7,0,0,0,1,0,6,root,99,9,0,0,,,9,4.199843,,,,,,,,,,,,,,,,,,,,
GF01013318S,"Los Tuxtlas Tropical Biology Station, Veracruz, Mexico",Neotropical,Mesoamerican,Veracruzan province,Moist forest,GF01013318S,Veracruzan province,79,0,0,2,54,0,0,1,0,1,1,0,0,3,0,0,1,11,0,0,0,13,0,0,0,2,0,4,root,172,12,0.581395349,0.581395349,,,12,4.364503,,,,,,,,,,,,,,,,,,,,
GF01013319S,"Los Tuxtlas Tropical Biology Station, Veracruz, Mexico",Neotropical,Mesoamerican,Veracruzan province,Moist forest,GF01013319S,Veracruzan province,106,0,0,2,33,0,1,2,0,0,1,0,0,4,0,1,2,6,0,0,0,13,0,0,0,0,0,8,root,179,12,1.117318436,1.117318436,,,12,4.005626,,,,,,,,,,,,,,,,,,,,
GF01013320S,"Los Tuxtlas Tropical Biology Station, Veracruz, Mexico",Neotropical,Mesoamerican,Veracruzan province,Moist forest,GF01013320S,Veracruzan province,25,0,0,3,3,0,0,0,0,0,1,0,0,2,0,0,0,8,0,0,0,12,0,0,0,1,0,4,root,59,9,0,0,,,9,5.457759,,,,,,,,,,,,,,,,,,,,
GF01013321S,"Los Tuxtlas Tropical Biology Station, Veracruz, Mexico",Neotropical,Mesoamerican,Veracruzan province,Moist forest,GF01013321S,Veracruzan province,69,0,0,2,12,0,0,2,0,0,0,0,0,0,0,0,0,7,0,0,0,5,0,0,0,0,0,2,root,99,7,2.02020202,2.02020202,,,7,2.950551,,,,,,,,,,,,,,,,,,,,
GF01013322S,"Los Tuxtlas Tropical Biology Station, Veracruz, Mexico",Neotropical,Mesoamerican,Veracruzan province,Moist forest,GF01013322S,Veracruzan province,59,0,0,0,37,0,0,3,0,0,0,0,0,2,0,0,1,11,0,0,0,19,0,0,0,2,0,6,root,140,9,2.142857143,2.142857143,,,9,4.762599,,,,,,,,,,,,,,,,,,,,
GF01013323S,"Los Tuxtlas Tropical Biology Station, Veracruz, Mexico",Neotropical,Mesoamerican,Veracruzan province,Moist forest,GF01013323S,Veracruzan province,51,0,0,0,19,0,0,0,0,1,0,0,0,1,0,0,0,4,0,0,0,9,0,0,0,2,0,2,root,89,8,0,0,,,8,3.637623,,,,,,,,,,,,,,,,,,,,
GF01013324S,"Los Tuxtlas Tropical Biology Station, Veracruz, Mexico",Neotropical,Mesoamerican,Veracruzan province,Moist forest,GF01013324S,Veracruzan province,22,0,0,1,2,0,0,1,0,1,0,0,0,2,0,0,0,7,0,0,0,4,0,0,0,1,0,6,root,47,10,2.127659574,2.127659574,,,10,5.516542,,,,,,,,,,,,,,,,,,,,
GF01013325S,"Los Tuxtlas Tropical Biology Station, Veracruz, Mexico",Neotropical,Mesoamerican,Veracruzan province,Moist forest,GF01013325S,Veracruzan province,31,0,0,1,3,0,0,0,0,0,0,2,0,0,0,0,0,4,0,0,0,2,0,0,0,1,0,0,root,44,7,0,0,,,7,3.006703,,,,,,,,,,,,,,,,,,,,
GF01013326S,"Los Tuxtlas Tropical Biology Station, Veracruz, Mexico",Neotropical,Mesoamerican,Veracruzan province,Moist forest,GF01013326S,Veracruzan province,7,0,0,0,10,0,0,0,0,0,0,0,0,0,0,0,0,5,0,0,0,2,0,0,0,0,0,1,root,25,5,0,0,,,5,3.957639,,,,,,,,,,,,,,,,,,,,
GF01013327S,"Los Tuxtlas Tropical Biology Station, Veracruz, Mexico",Neotropical,Mesoamerican,Veracruzan province,Moist forest,GF01013327S,Veracruzan province,70,0,0,2,9,0,1,36,1,1,0,0,0,7,0,0,12,9,0,0,0,16,2,0,0,5,0,9,root,180,14,20,20,,,14,7.004689,,,,,,,,,,,,,,,,,,,,
GF01013328S,"Los Tuxtlas Tropical Biology Station, Veracruz, Mexico",Neotropical,Mesoamerican,Veracruzan province,Moist forest,GF01013328S,Veracruzan province,58,0,0,6,11,0,0,5,0,1,1,0,0,0,0,0,0,7,0,0,0,3,1,0,0,0,0,3,root,96,10,5.208333333,5.208333333,,,10,4.178877,,,,,,,,,,,,,,,,,,,,
GF01013329S,"Los Tuxtlas Tropical Biology Station, Veracruz, Mexico",Neotropical,Mesoamerican,Veracruzan province,Moist forest,GF01013329S,Veracruzan province,70,0,0,1,3,0,0,2,0,0,0,0,0,2,0,0,0,6,0,0,0,11,0,0,0,3,0,2,root,100,9,2,2,,,9,3.165921,,,,,,,,,,,,,,,,,,,,
GF01013330S,"Los Tuxtlas Tropical Biology Station, Veracruz, Mexico",Neotropical,Mesoamerican,Veracruzan province,Moist forest,GF01013330S,Veracruzan province,25,0,0,1,11,0,0,2,0,0,0,0,0,1,0,0,0,4,0,0,0,4,0,0,0,0,0,0,root,48,7,4.166666667,4.166666667,,,7,3.995846,,,,,,,,,,,,,,,,,,,,
GF01013331S,"Los Tuxtlas Tropical Biology Station, Veracruz, Mexico",Neotropical,Mesoamerican,Veracruzan province,Moist forest,GF01013331S,Veracruzan province,32,0,0,1,1,0,0,0,0,1,0,0,0,0,0,0,0,3,0,0,0,2,0,0,0,1,0,1,root,42,8,0,0,,,8,2.679498,,,,,,,,,,,,,,,,,,,,
GF01013332S,"Los Tuxtlas Tropical Biology Station, Veracruz, Mexico",Neotropical,Mesoamerican,Veracruzan province,Moist forest,GF01013332S,Veracruzan province,41,0,0,2,8,0,0,1,0,0,2,0,0,1,0,0,1,7,0,0,0,16,0,0,0,3,0,3,root,85,11,1.176470588,1.176470588,,,11,5.277056,,,,,,,,,,,,,,,,,,,,
GF01013333S,"Los Tuxtlas Tropical Biology Station, Veracruz, Mexico",Neotropical,Mesoamerican,Veracruzan province,Moist forest,GF01013333S,Veracruzan province,21,0,0,0,3,0,0,4,0,0,0,0,0,0,0,0,0,4,0,0,0,3,1,0,0,1,0,3,root,40,8,10,10,,,8,4.78774,,,,,,,,,,,,,,,,,,,,
GF01013334S,"Los Tuxtlas Tropical Biology Station, Veracruz, Mexico",Neotropical,Mesoamerican,Veracruzan province,Moist forest,GF01013334S,Veracruzan province,29,0,0,1,2,0,0,0,0,0,0,0,0,1,0,0,0,5,0,0,0,5,0,0,0,1,0,2,root,46,8,0,0,,,8,3.653295,,,,,,,,,,,,,,,,,,,,
GF01013335S,"Los Tuxtlas Tropical Biology Station, Veracruz, Mexico",Neotropical,Mesoamerican,Veracruzan province,Moist forest,GF01013335S,Veracruzan province,35,0,0,1,36,0,0,3,0,0,0,0,0,2,0,0,0,7,0,0,0,6,0,0,0,3,0,3,root,96,9,3.125,3.125,,,9,4.725617,,,,,,,,,,,,,,,,,,,,
GF01013336S,"Los Tuxtlas Tropical Biology Station, Veracruz, Mexico",Neotropical,Mesoamerican,Veracruzan province,Moist forest,GF01013336S,Veracruzan province,31,0,0,0,17,0,0,1,0,1,0,0,0,1,0,0,0,10,0,0,0,1,0,0,0,0,0,3,root,65,8,1.538461538,1.538461538,,,8,4.017646,,,,,,,,,,,,,,,,,,,,
GF01013337S,"Los Tuxtlas Tropical Biology Station, Veracruz, Mexico",Neotropical,Mesoamerican,Veracruzan province,Moist forest,GF01013337S,Veracruzan province,32,0,0,3,3,0,0,0,0,0,0,0,0,1,0,0,1,6,0,0,0,5,0,0,0,2,0,3,root,56,9,0,0,,,9,4.517412,,,,,,,,,,,,,,,,,,,,
GF01013338S,"Los Tuxtlas Tropical Biology Station, Veracruz, Mexico",Neotropical,Mesoamerican,Veracruzan province,Moist forest,GF01013338S,Veracruzan province,31,0,0,0,17,0,0,1,0,0,0,0,0,0,0,0,0,7,0,0,0,5,0,0,0,0,0,2,root,63,6,1.587301587,1.587301587,,,6,3.754395,,,,,,,,,,,,,,,,,,,,
GF01013339S,"Los Tuxtlas Tropical Biology Station, Veracruz, Mexico",Neotropical,Mesoamerican,Veracruzan province,Moist forest,GF01013339S,Veracruzan province,26,0,0,0,6,0,0,0,0,0,0,0,0,3,0,0,0,7,0,0,0,2,0,0,0,1,0,1,root,46,7,0,0,,,7,3.878694,,,,,,,,,,,,,,,,,,,,
GF01013340S,"Los Tuxtlas Tropical Biology Station, Veracruz, Mexico",Neotropical,Mesoamerican,Veracruzan province,Moist forest,GF01013340S,Veracruzan province,35,0,0,0,12,0,0,0,0,0,0,0,1,3,0,0,1,9,0,0,0,9,1,0,0,0,0,6,root,77,9,0,0,,,9,5.178018,,,,,,,,,,,,,,,,,,,,
GF01013341S,"Los Tuxtlas Tropical Biology Station, Veracruz, Mexico",Neotropical,Mesoamerican,Veracruzan province,Moist forest,GF01013341S,Veracruzan province,46,0,0,6,13,0,1,3,0,0,0,0,0,0,0,0,0,4,0,0,0,5,0,0,0,1,0,2,root,81,9,3.703703704,3.703703704,,,9,4.263824,,,,,,,,,,,,,,,,,,,,
GF01013342S,"Los Tuxtlas Tropical Biology Station, Veracruz, Mexico",Neotropical,Mesoamerican,Veracruzan province,Moist forest,GF01013342S,Veracruzan province,57,0,0,0,12,0,0,0,0,0,0,0,0,1,0,0,0,3,0,0,0,9,0,0,0,1,0,2,root,85,7,0,0,,,7,2.982873,,,,,,,,,,,,,,,,,,,,
GF01013343S,"Los Tuxtlas Tropical Biology Station, Veracruz, Mexico",Neotropical,Mesoamerican,Veracruzan province,Moist forest,GF01013343S,Veracruzan province,58,0,0,1,24,0,0,0,0,0,0,0,0,2,0,1,0,6,0,0,0,11,0,0,0,2,0,4,root,109,9,0,0,,,9,4.112627,,,,,,,,,,,,,,,,,,,,
GF01013344S,"Los Tuxtlas Tropical Biology Station, Veracruz, Mexico",Neotropical,Mesoamerican,Veracruzan province,Moist forest,GF01013344S,Veracruzan province,79,0,0,0,5,0,0,1,1,1,0,0,0,3,0,0,0,6,0,0,0,13,0,0,0,2,0,4,root,115,10,0.869565217,0.869565217,,,10,3.323335,,,,,,,,,,,,,,,,,,,,
GF01013345S,"Los Tuxtlas Tropical Biology Station, Veracruz, Mexico",Neotropical,Mesoamerican,Veracruzan province,Moist forest,GF01013345S,Veracruzan province,17,0,0,5,2,0,0,0,0,0,0,0,0,0,0,0,1,1,0,0,0,3,0,0,0,0,0,2,root,31,7,0,0,,,7,4.157638,,,,,,,,,,,,,,,,,,,,
GF01013346S,"Los Tuxtlas Tropical Biology Station, Veracruz, Mexico",Neotropical,Mesoamerican,Veracruzan province,Moist forest,GF01013346S,Veracruzan province,31,0,0,4,3,0,0,0,0,0,0,0,0,3,0,0,0,9,0,0,0,7,0,0,0,2,0,4,root,63,8,0,0,,,8,5.056233,,,,,,,,,,,,,,,,,,,,
GF01013347S,"Los Tuxtlas Tropical Biology Station, Veracruz, Mexico",Neotropical,Mesoamerican,Veracruzan province,Moist forest,GF01013347S,Veracruzan province,15,0,0,2,2,0,0,0,0,1,0,0,0,1,0,0,2,2,0,0,0,3,0,0,0,0,0,0,root,28,8,0,0,,,8,4.786085,,,,,,,,,,,,,,,,,,,,
GF01013348S,"Los Tuxtlas Tropical Biology Station, Veracruz, Mexico",Neotropical,Mesoamerican,Veracruzan province,Moist forest,GF01013348S,Veracruzan province,42,0,0,2,32,0,1,0,0,0,0,0,0,0,0,1,0,12,0,0,0,14,0,0,0,1,0,6,root,111,9,0,0,,,9,4.880815,,,,,,,,,,,,,,,,,,,,
GF01013349S,"Los Tuxtlas Tropical Biology Station, Veracruz, Mexico",Neotropical,Mesoamerican,Veracruzan province,Moist forest,GF01013349S,Veracruzan province,27,0,0,1,4,0,0,1,0,1,0,0,0,3,0,0,1,5,0,0,0,6,0,0,0,0,0,2,root,51,10,1.960784314,1.960784314,,,10,5.042248,,,,,,,,,,,,,,,,,,,,
GF01013350S,"Los Tuxtlas Tropical Biology Station, Veracruz, Mexico",Neotropical,Mesoamerican,Veracruzan province,Moist forest,GF01013350S,Veracruzan province,23,0,0,2,1,0,0,0,0,1,0,0,0,1,0,0,2,9,0,0,0,3,0,0,0,1,0,1,root,44,10,0,0,,,10,4.748507,,,,,,,,,,,,,,,,,,,,
GF01013351S,"Los Tuxtlas Tropical Biology Station, Veracruz, Mexico",Neotropical,Mesoamerican,Veracruzan province,Moist forest,GF01013351S,Veracruzan province,4,0,0,4,1,0,0,0,0,0,0,0,0,0,0,1,0,2,0,0,0,0,0,0,0,1,0,0,root,13,6,0,0,,,6,4.978891,,,,,,,,,,,,,,,,,,,,
GF01013352S,"Los Tuxtlas Tropical Biology Station, Veracruz, Mexico",Neotropical,Mesoamerican,Veracruzan province,Moist forest,GF01013352S,Veracruzan province,37,0,0,4,6,0,0,0,0,1,0,0,0,1,0,0,0,6,0,0,0,8,0,0,0,0,0,6,root,69,8,0,0,,,8,4.521945,,,,,,,,,,,,,,,,,,,,
GF01013353S,"Los Tuxtlas Tropical Biology Station, Veracruz, Mexico",Neotropical,Mesoamerican,Veracruzan province,Moist forest,GF01013353S,Veracruzan province,14,0,0,0,3,0,0,2,0,0,0,0,0,1,0,0,0,8,0,0,0,2,0,0,0,0,0,1,root,31,7,6.451612903,6.451612903,,,7,4.525686,,,,,,,,,,,,,,,,,,,,
GF01013354S,"Los Tuxtlas Tropical Biology Station, Veracruz, Mexico",Neotropical,Mesoamerican,Veracruzan province,Moist forest,GF01013354S,Veracruzan province,42,0,0,0,7,0,0,0,0,0,0,0,0,0,0,0,0,4,0,0,0,5,0,0,0,1,0,1,root,60,6,0,0,,,6,2.785461,,,,,,,,,,,,,,,,,,,,
GF01013355S,"Los Tuxtlas Tropical Biology Station, Veracruz, Mexico",Neotropical,Mesoamerican,Veracruzan province,Moist forest,GF01013355S,Veracruzan province,62,0,0,6,22,0,0,1,0,0,0,0,0,3,0,0,3,9,0,0,0,18,0,0,0,6,0,4,root,134,10,0.746268657,0.746268657,,,10,5.440779,,,,,,,,,,,,,,,,,,,,
GF01013356S,"Los Tuxtlas Tropical Biology Station, Veracruz, Mexico",Neotropical,Mesoamerican,Veracruzan province,Moist forest,GF01013356S,Veracruzan province,27,0,0,5,18,0,0,0,0,0,0,0,0,0,0,0,2,5,0,0,0,14,0,0,0,2,0,4,root,77,8,0,0,,,8,5.559908,,,,,,,,,,,,,,,,,,,,
GF01013357S,"Los Tuxtlas Tropical Biology Station, Veracruz, Mexico",Neotropical,Mesoamerican,Veracruzan province,Moist forest,GF01013357S,Veracruzan province,12,0,0,1,2,0,0,0,0,0,0,0,0,1,0,0,0,3,0,0,0,1,0,0,0,0,0,1,root,21,7,0,0,,,7,4.061763,,,,,,,,,,,,,,,,,,,,
GF01013358S,"Los Tuxtlas Tropical Biology Station, Veracruz, Mexico",Neotropical,Mesoamerican,Veracruzan province,Moist forest,GF01013358S,Veracruzan province,81,0,0,1,33,0,0,1,0,0,2,0,0,5,0,1,0,7,0,0,0,18,0,0,0,3,0,6,root,158,11,0.632911392,0.632911392,,,11,4.551061,,,,,,,,,,,,,,,,,,,,
GF01013359S,"Los Tuxtlas Tropical Biology Station, Veracruz, Mexico",Neotropical,Mesoamerican,Veracruzan province,Moist forest,GF01013359S,Veracruzan province,31,0,0,1,9,0,0,0,0,0,1,0,0,0,0,0,0,5,0,0,0,8,0,0,0,1,0,1,root,57,8,0,0,,,8,4.036927,,,,,,,,,,,,,,,,,,,,
GF01013360S,"Los Tuxtlas Tropical Biology Station, Veracruz, Mexico",Neotropical,Mesoamerican,Veracruzan province,Moist forest,GF01013360S,Veracruzan province,26,0,0,1,2,0,0,0,0,0,0,0,0,2,0,0,0,3,0,0,0,1,0,0,0,0,0,5,root,40,7,0,0,,,7,3.381185,,,,,,,,,,,,,,,,,,,,
GF01013361S,"Los Tuxtlas Tropical Biology Station, Veracruz, Mexico",Neotropical,Mesoamerican,Veracruzan province,Moist forest,GF01013361S,Veracruzan province,13,0,0,0,3,0,0,0,0,0,0,0,0,0,0,0,0,5,0,0,0,2,0,0,0,1,0,2,root,26,6,0,0,,,6,4.190054,,,,,,,,,,,,,,,,,,,,
GF01013362S,"Los Tuxtlas Tropical Biology Station, Veracruz, Mexico",Neotropical,Mesoamerican,Veracruzan province,Moist forest,GF01013362S,Veracruzan province,33,0,0,3,6,0,0,3,0,0,0,0,0,3,0,1,2,13,0,0,0,8,0,0,0,1,0,2,root,75,11,4,4,,,11,6.052579,,,,,,,,,,,,,,,,,,,,
GF01013363S,"Los Tuxtlas Tropical Biology Station, Veracruz, Mexico",Neotropical,Mesoamerican,Veracruzan province,Moist forest,GF01013363S,Veracruzan province,27,0,0,1,1,0,0,0,0,0,0,1,0,0,0,0,0,4,0,0,0,7,0,0,0,1,0,2,root,44,8,0,0,,,8,3.649661,,,,,,,,,,,,,,,,,,,,
GF01013364S,"Los Tuxtlas Tropical Biology Station, Veracruz, Mexico",Neotropical,Mesoamerican,Veracruzan province,Moist forest,GF01013364S,Veracruzan province,25,0,0,4,9,0,0,0,0,0,0,0,0,3,0,0,0,11,0,0,0,4,0,0,0,0,0,4,root,60,7,0,0,,,7,5.216147,,,,,,,,,,,,,,,,,,,,
GF01013365S,"Los Tuxtlas Tropical Biology Station, Veracruz, Mexico",Neotropical,Mesoamerican,Veracruzan province,Moist forest,GF01013365S,Veracruzan province,15,0,0,0,1,0,0,1,2,0,0,1,0,3,0,5,0,8,0,0,0,2,2,0,0,0,0,7,root,47,11,2.127659574,2.127659574,,,11,7.480387,,,,,,,,,,,,,,,,,,,,
GF01013366S,"Los Tuxtlas Tropical Biology Station, Veracruz, Mexico",Neotropical,Mesoamerican,Veracruzan province,Moist forest,GF01013366S,Veracruzan province,26,0,0,0,4,0,0,1,0,0,0,0,0,1,0,0,0,3,0,0,0,5,0,0,0,1,0,0,root,41,7,2.43902439,2.43902439,,,7,3.440286,,,,,,,,,,,,,,,,,,,,
GF01013367S,"Los Tuxtlas Tropical Biology Station, Veracruz, Mexico",Neotropical,Mesoamerican,Veracruzan province,Moist forest,GF01013367S,Veracruzan province,13,0,0,1,0,0,0,0,0,2,0,0,0,0,0,0,1,3,0,0,0,3,0,0,0,0,0,3,root,26,7,0,0,,,7,4.673994,,,,,,,,,,,,,,,,,,,,
GF01013368S,"Los Tuxtlas Tropical Biology Station, Veracruz, Mexico",Neotropical,Mesoamerican,Veracruzan province,Moist forest,GF01013368S,Veracruzan province,2,0,0,1,0,0,0,0,0,0,0,0,0,1,0,0,0,3,0,0,0,2,0,0,0,0,0,2,root,11,6,0,0,,,6,5.585609,,,,,,,,,,,,,,,,,,,,
GF01013369S,"Los Tuxtlas Tropical Biology Station, Veracruz, Mexico",Neotropical,Mesoamerican,Veracruzan province,Moist forest,GF01013369S,Veracruzan province,34,0,0,3,7,0,0,0,0,1,0,0,0,1,0,0,0,4,0,0,0,4,0,0,0,1,0,1,root,56,9,0,0,,,9,3.991679,,,,,,,,,,,,,,,,,,,,
GF01013370S,"Los Tuxtlas Tropical Biology Station, Veracruz, Mexico",Neotropical,Mesoamerican,Veracruzan province,Moist forest,GF01013370S,Veracruzan province,16,0,0,2,5,0,2,0,0,0,0,0,0,1,0,0,0,7,0,0,0,2,0,0,0,0,0,4,root,39,8,0,0,,,8,5.593824,,,,,,,,,,,,,,,,,,,,
GF01013371S,"Los Tuxtlas Tropical Biology Station, Veracruz, Mexico",Neotropical,Mesoamerican,Veracruzan province,Moist forest,GF01013371S,Veracruzan province,31,0,0,1,3,0,0,0,0,1,0,1,0,0,0,0,0,4,0,0,0,6,0,0,0,0,0,2,root,49,8,0,0,,,8,3.637069,,,,,,,,,,,,,,,,,,,,
GF01013372S,"Los Tuxtlas Tropical Biology Station, Veracruz, Mexico",Neotropical,Mesoamerican,Veracruzan province,Moist forest,GF01013372S,Veracruzan province,55,0,0,1,5,0,0,0,0,0,0,1,0,1,0,2,0,5,0,0,0,6,0,0,0,1,0,5,root,82,10,0,0,,,10,3.583909,,,,,,,,,,,,,,,,,,,,
GF01013373S,"Los Tuxtlas Tropical Biology Station, Veracruz, Mexico",Neotropical,Mesoamerican,Veracruzan province,Moist forest,GF01013373S,Veracruzan province,21,0,0,0,19,0,1,0,0,0,0,0,0,0,0,0,0,4,0,0,0,4,0,0,0,0,0,1,root,50,6,0,0,,,6,3.642352,,,,,,,,,,,,,,,,,,,,
GF01013374S,"Los Tuxtlas Tropical Biology Station, Veracruz, Mexico",Neotropical,Mesoamerican,Veracruzan province,Moist forest,GF01013374S,Veracruzan province,35,0,0,1,6,0,0,1,0,0,1,0,0,2,0,1,0,11,0,0,0,7,0,0,0,0,0,6,root,71,10,1.408450704,1.408450704,,,10,5.07502,,,,,,,,,,,,,,,,,,,,
GF01013375S,"Los Tuxtlas Tropical Biology Station, Veracruz, Mexico",Neotropical,Mesoamerican,Veracruzan province,Moist forest,GF01013375S,Veracruzan province,14,0,0,2,1,0,0,0,0,0,0,0,0,0,0,0,0,3,0,0,0,8,0,0,0,2,0,2,root,32,7,0,0,,,7,4.750871,,,,,,,,,,,,,,,,,,,,
GF01013376S,"Los Tuxtlas Tropical Biology Station, Veracruz, Mexico",Neotropical,Mesoamerican,Veracruzan province,Moist forest,GF01013376S,Veracruzan province,14,0,0,1,0,0,0,0,0,0,0,1,0,1,0,0,0,3,0,0,0,4,0,0,0,1,0,3,root,28,8,0,0,,,8,4.851155,,,,,,,,,,,,,,,,,,,,
GF01013377S,"Los Tuxtlas Tropical Biology Station, Veracruz, Mexico",Neotropical,Mesoamerican,Veracruzan province,Moist forest,GF01013377S,Veracruzan province,15,0,0,2,0,0,0,0,0,0,0,0,0,1,0,0,0,5,0,0,0,2,0,0,0,1,0,2,root,28,7,0,0,,,7,4.24411,,,,,,,,,,,,,,,,,,,,
GF01013378S,"Los Tuxtlas Tropical Biology Station, Veracruz, Mexico",Neotropical,Mesoamerican,Veracruzan province,Moist forest,GF01013378S,Veracruzan province,22,0,0,1,2,0,0,0,0,0,0,0,0,2,0,0,0,4,0,0,0,5,0,0,0,0,0,0,root,36,6,0,0,,,6,3.455498,,,,,,,,,,,,,,,,,,,,
GF01013379S,"Los Tuxtlas Tropical Biology Station, Veracruz, Mexico",Neotropical,Mesoamerican,Veracruzan province,Moist forest,GF01013379S,Veracruzan province,16,0,0,1,1,0,0,0,0,0,0,0,0,0,0,0,0,5,0,0,0,3,0,0,0,0,0,5,root,31,6,0,0,,,6,3.964909,,,,,,,,,,,,,,,,,,,,
GF01013380S,"Los Tuxtlas Tropical Biology Station, Veracruz, Mexico",Neotropical,Mesoamerican,Veracruzan province,Moist forest,GF01013380S,Veracruzan province,16,0,0,1,15,0,0,0,0,0,0,0,0,0,0,0,0,9,0,0,0,2,0,0,0,0,0,1,root,44,6,0,0,,,6,3.942589,,,,,,,,,,,,,,,,,,,,
GF01013381S,"Los Tuxtlas Tropical Biology Station, Veracruz, Mexico",Neotropical,Mesoamerican,Veracruzan province,Moist forest,GF01013381S,Veracruzan province,19,0,0,1,1,0,0,0,0,1,0,0,0,1,0,0,0,5,0,0,0,9,0,0,0,0,0,4,root,41,8,0,0,,,8,4.642427,,,,,,,,,,,,,,,,,,,,
GF01013382S,"Los Tuxtlas Tropical Biology Station, Veracruz, Mexico",Neotropical,Mesoamerican,Veracruzan province,Moist forest,GF01013382S,Veracruzan province,29,0,0,3,1,0,0,0,0,0,0,0,0,1,0,0,0,6,0,0,0,6,0,0,0,2,0,4,root,52,8,0,0,,,8,4.319617,,,,,,,,,,,,,,,,,,,,
GF01013383S,"Los Tuxtlas Tropical Biology Station, Veracruz, Mexico",Neotropical,Mesoamerican,Veracruzan province,Moist forest,GF01013383S,Veracruzan province,20,0,0,2,7,0,0,0,0,0,1,0,0,2,0,0,0,10,0,0,0,8,0,0,0,0,0,5,root,55,8,0,0,,,8,5.768865,,,,,,,,,,,,,,,,,,,,
GF01013384S,"Los Tuxtlas Tropical Biology Station, Veracruz, Mexico",Neotropical,Mesoamerican,Veracruzan province,Moist forest,GF01013384S,Veracruzan province,18,0,0,2,1,0,0,0,0,1,1,0,0,3,0,1,2,6,0,0,0,5,0,0,0,1,0,5,root,46,12,0,0,,,12,7.258103,,,,,,,,,,,,,,,,,,,,
GF01013385S,"Los Tuxtlas Tropical Biology Station, Veracruz, Mexico",Neotropical,Mesoamerican,Veracruzan province,Moist forest,GF01013385S,Veracruzan province,35,0,0,5,1,0,0,0,0,0,0,0,0,4,0,2,2,9,0,0,0,4,0,0,0,5,0,5,root,72,10,0,0,,,10,5.730933,,,,,,,,,,,,,,,,,,,,
GF01013386S,"Los Tuxtlas Tropical Biology Station, Veracruz, Mexico",Neotropical,Mesoamerican,Veracruzan province,Moist forest,GF01013386S,Veracruzan province,60,0,0,5,14,0,0,0,0,0,0,0,0,7,0,1,1,21,0,0,0,8,0,0,0,2,0,7,root,126,10,0,0,,,10,5.274247,,,,,,,,,,,,,,,,,,,,
GF01013387S,"Los Tuxtlas Tropical Biology Station, Veracruz, Mexico",Neotropical,Mesoamerican,Veracruzan province,Moist forest,GF01013387S,Veracruzan province,8,0,0,0,0,0,1,0,0,0,0,0,0,0,0,0,0,4,0,0,0,1,0,0,0,0,0,1,root,15,5,0,0,,,5,3.418959,,,,,,,,,,,,,,,,,,,,
GF01013388S,"Los Tuxtlas Tropical Biology Station, Veracruz, Mexico",Neotropical,Mesoamerican,Veracruzan province,Moist forest,GF01013388S,Veracruzan province,13,0,0,1,3,0,0,0,0,0,0,0,0,1,0,1,0,9,0,0,0,5,0,0,0,1,0,3,root,37,9,0,0,,,9,5.927571,,,,,,,,,,,,,,,,,,,,
GF01013389S,"Los Tuxtlas Tropical Biology Station, Veracruz, Mexico",Neotropical,Mesoamerican,Veracruzan province,Moist forest,GF01013389S,Veracruzan province,31,0,0,1,7,0,0,1,0,0,0,0,0,0,0,0,0,7,0,0,0,2,0,0,0,0,0,5,root,54,7,1.851851852,1.851851852,,,7,3.813059,,,,,,,,,,,,,,,,,,,,
GF01013390S,"Los Tuxtlas Tropical Biology Station, Veracruz, Mexico",Neotropical,Mesoamerican,Veracruzan province,Moist forest,GF01013390S,Veracruzan province,15,0,0,2,1,0,0,0,0,0,0,0,0,1,0,0,0,8,0,0,0,4,0,0,0,1,0,3,root,35,8,0,0,,,8,5.089835,,,,,,,,,,,,,,,,,,,,
GF01013391S,"Los Tuxtlas Tropical Biology Station, Veracruz, Mexico",Neotropical,Mesoamerican,Veracruzan province,Moist forest,GF01013391S,Veracruzan province,5,0,0,0,0,0,0,0,0,0,0,0,0,0,0,0,0,3,0,0,0,0,0,0,0,0,0,3,root,11,3,0,0,,,3,2.906907,,,,,,,,,,,,,,,,,,,,
GF01013392S,"Los Tuxtlas Tropical Biology Station, Veracruz, Mexico",Neotropical,Mesoamerican,Veracruzan province,Moist forest,GF01013392S,Veracruzan province,10,0,0,3,0,0,0,0,0,0,0,0,0,1,0,0,0,3,0,0,0,3,0,0,0,1,0,2,root,23,7,0,0,,,7,5.176892,,,,,,,,,,,,,,,,,,,,
GF01013393S,"Los Tuxtlas Tropical Biology Station, Veracruz, Mexico",Neotropical,Mesoamerican,Veracruzan province,Moist forest,GF01013393S,Veracruzan province,20,0,0,0,4,0,0,2,0,0,1,0,0,1,0,1,1,6,0,0,0,6,0,0,0,0,0,7,root,49,10,4.081632653,4.081632653,,,10,6.115512,,,,,,,,,,,,,,,,,,,,
GF01013394S,"Los Tuxtlas Tropical Biology Station, Veracruz, Mexico",Neotropical,Mesoamerican,Veracruzan province,Moist forest,GF01013394S,Veracruzan province,15,0,0,2,8,0,1,1,0,0,1,0,0,2,0,0,0,10,0,0,0,8,0,0,0,1,0,2,root,51,11,1.960784314,1.960784314,,,11,7.028213,,,,,,,,,,,,,,,,,,,,
GF01013395S,"Los Tuxtlas Tropical Biology Station, Veracruz, Mexico",Neotropical,Mesoamerican,Veracruzan province,Moist forest,GF01013395S,Veracruzan province,29,0,0,2,8,0,0,0,0,0,0,0,0,1,0,1,0,11,0,0,0,22,0,0,0,0,0,2,root,76,8,0,0,,,8,4.705043,,,,,,,,,,,,,,,,,,,,
GF01013396S,"Los Tuxtlas Tropical Biology Station, Veracruz, Mexico",Neotropical,Mesoamerican,Veracruzan province,Moist forest,GF01013396S,Veracruzan province,56,0,0,2,9,0,0,3,0,0,1,0,0,2,0,0,0,12,0,0,0,10,0,0,0,1,0,5,root,101,10,2.97029703,2.97029703,,,10,4.592738,,,,,,,,,,,,,,,,,,,,
GF01013397S,"Los Tuxtlas Tropical Biology Station, Veracruz, Mexico",Neotropical,Mesoamerican,Veracruzan province,Moist forest,GF01013397S,Veracruzan province,27,0,0,1,4,0,0,1,0,0,0,1,0,0,0,1,1,6,0,0,0,2,1,0,0,1,0,6,root,52,12,1.923076923,1.923076923,,,12,5.436651,,,,,,,,,,,,,,,,,,,,
GF01013398S,"Los Tuxtlas Tropical Biology Station, Veracruz, Mexico",Neotropical,Mesoamerican,Veracruzan province,Moist forest,GF01013398S,Veracruzan province,23,0,0,1,11,0,0,0,0,0,0,1,0,1,0,0,1,5,0,0,0,4,0,0,0,1,0,0,root,48,9,0,0,,,9,4.646363,,,,,,,,,,,,,,,,,,,,
GF01013399S,"Los Tuxtlas Tropical Biology Station, Veracruz, Mexico",Neotropical,Mesoamerican,Veracruzan province,Moist forest,GF01013399S,Veracruzan province,2,0,0,0,0,0,0,0,0,0,0,0,0,0,0,0,0,4,0,0,0,0,0,0,0,0,0,1,root,7,3,0,0,,,3,2.60049,,,,,,,,,,,,,,,,,,,,
GF01013400S,"Los Tuxtlas Tropical Biology Station, Veracruz, Mexico",Neotropical,Mesoamerican,Veracruzan province,Moist forest,GF01013400S,Veracruzan province,15,0,0,4,1,0,0,0,0,0,0,1,0,1,0,0,0,6,0,0,0,2,0,0,0,0,0,1,root,31,8,0,0,,,8,4.726818,,,,,,,,,,,,,,,,,,,,
GF01013401S,"Los Tuxtlas Tropical Biology Station, Veracruz, Mexico",Neotropical,Mesoamerican,Veracruzan province,Moist forest,GF01013401S,Veracruzan province,26,0,0,4,12,0,0,1,0,1,0,0,0,2,0,0,3,5,0,0,0,3,1,0,0,1,0,1,root,60,12,1.666666667,1.666666667,,,12,6.209099,,,,,,,,,,,,,,,,,,,,
GF01013402S,"Los Tuxtlas Tropical Biology Station, Veracruz, Mexico",Neotropical,Mesoamerican,Veracruzan province,Moist forest,GF01013402S,Veracruzan province,35,0,0,3,10,0,0,0,0,1,0,0,0,0,0,1,0,5,0,0,0,5,0,0,0,1,0,0,root,61,8,0,0,,,8,3.95735,,,,,,,,,,,,,,,,,,,,
GF01013403S,"Los Tuxtlas Tropical Biology Station, Veracruz, Mexico",Neotropical,Mesoamerican,Veracruzan province,Moist forest,GF01013403S,Veracruzan province,39,0,0,2,1,0,0,0,0,1,0,0,0,3,0,1,0,3,0,0,0,9,0,0,0,0,0,3,root,62,9,0,0,,,9,3.750347,,,,,,,,,,,,,,,,,,,,
GF01013404S,"Los Tuxtlas Tropical Biology Station, Veracruz, Mexico",Neotropical,Mesoamerican,Veracruzan province,Moist forest,GF01013404S,Veracruzan province,15,0,0,2,0,0,0,0,0,0,0,0,0,0,0,0,0,3,0,0,0,2,0,0,0,0,0,3,root,25,5,0,0,,,5,3.385411,,,,,,,,,,,,,,,,,,,,
GF01013405S,"Los Tuxtlas Tropical Biology Station, Veracruz, Mexico",Neotropical,Mesoamerican,Veracruzan province,Moist forest,GF01013405S,Veracruzan province,8,0,0,1,0,0,0,2,0,0,0,0,0,0,0,0,1,2,0,0,0,1,0,0,0,0,0,1,root,16,7,12.5,12.5,,,7,4.756828,,,,,,,,,,,,,,,,,,,,
GF01013406S,"Los Tuxtlas Tropical Biology Station, Veracruz, Mexico",Neotropical,Mesoamerican,Veracruzan province,Moist forest,GF01013406S,Veracruzan province,22,0,0,0,3,0,0,0,0,0,0,0,0,1,0,0,0,2,0,0,0,0,0,0,0,0,0,0,root,28,4,0,0,,,4,2.088214,,,,,,,,,,,,,,,,,,,,
GF01013407S,"Los Tuxtlas Tropical Biology Station, Veracruz, Mexico",Neotropical,Mesoamerican,Veracruzan province,Moist forest,GF01013407S,Veracruzan province,19,0,0,3,0,0,0,2,0,1,1,0,0,0,0,0,0,3,0,0,0,2,0,0,0,0,0,1,root,32,8,6.25,6.25,,,8,4.157201,,,,,,,,,,,,,,,,,,,,
GF01013408S,"Los Tuxtlas Tropical Biology Station, Veracruz, Mexico",Neotropical,Mesoamerican,Veracruzan province,Moist forest,GF01013408S,Veracruzan province,20,0,0,0,4,0,1,0,0,0,0,0,0,1,0,0,0,5,0,0,0,5,0,0,0,0,0,3,root,39,7,0,0,,,7,4.427874,,,,,,,,,,,,,,,,,,,,
GF01013409S,"Los Tuxtlas Tropical Biology Station, Veracruz, Mexico",Neotropical,Mesoamerican,Veracruzan province,Moist forest,GF01013409S,Veracruzan province,12,0,0,3,27,0,0,0,0,0,0,0,0,1,0,0,1,7,0,0,0,2,0,0,0,0,0,3,root,56,8,0,0,,,8,4.563569,,,,,,,,,,,,,,,,,,,,
GF01013410S,"Los Tuxtlas Tropical Biology Station, Veracruz, Mexico",Neotropical,Mesoamerican,Veracruzan province,Moist forest,GF01013410S,Veracruzan province,21,0,0,1,12,0,0,0,0,0,0,0,0,1,0,0,1,8,0,0,0,3,1,0,0,0,0,5,root,53,9,0,0,,,9,5.330548,,,,,,,,,,,,,,,,,,,,
GF01013411S,"Los Tuxtlas Tropical Biology Station, Veracruz, Mexico",Neotropical,Mesoamerican,Veracruzan province,Moist forest,GF01013411S,Veracruzan province,9,0,0,1,0,0,0,0,0,0,0,0,0,0,0,0,1,5,0,0,0,3,0,0,0,0,0,1,root,20,6,0,0,,,6,4.219978,,,,,,,,,,,,,,,,,,,,
GF01013412S,"Los Tuxtlas Tropical Biology Station, Veracruz, Mexico",Neotropical,Mesoamerican,Veracruzan province,Moist forest,GF01013412S,Veracruzan province,50,0,0,1,21,0,0,1,0,0,0,0,0,5,0,1,1,6,0,0,0,5,0,0,0,1,0,2,root,94,11,1.063829787,1.063829787,,,11,4.401476,,,,,,,,,,,,,,,,,,,,
GF01013413S,"Los Tuxtlas Tropical Biology Station, Veracruz, Mexico",Neotropical,Mesoamerican,Veracruzan province,Moist forest,GF01013413S,Veracruzan province,24,0,0,2,3,0,0,1,0,1,0,0,0,5,0,0,0,8,0,0,0,8,0,0,0,1,0,4,root,57,10,1.754385965,1.754385965,,,10,6.05337,,,,,,,,,,,,,,,,,,,,
GF01013414S,"Los Tuxtlas Tropical Biology Station, Veracruz, Mexico",Neotropical,Mesoamerican,Veracruzan province,Moist forest,GF01013414S,Veracruzan province,21,0,0,1,11,0,0,0,0,0,0,0,0,2,0,0,0,3,0,0,0,10,0,0,0,1,0,1,root,50,8,0,0,,,8,4.719142,,,,,,,,,,,,,,,,,,,,
GF01013415S,"Los Tuxtlas Tropical Biology Station, Veracruz, Mexico",Neotropical,Mesoamerican,Veracruzan province,Moist forest,GF01013415S,Veracruzan province,1,0,0,0,0,0,0,0,0,0,0,0,0,0,0,0,0,0,0,0,0,1,0,0,0,0,0,0,root,2,2,0,0,,,2,2,,,,,,,,,,,,,,,,,,,,
GF01013416S,"Los Tuxtlas Tropical Biology Station, Veracruz, Mexico",Neotropical,Mesoamerican,Veracruzan province,Moist forest,GF01013416S,Veracruzan province,13,0,0,1,0,0,0,0,0,0,0,0,0,1,0,0,0,1,0,0,0,3,0,0,0,0,0,0,root,19,5,0,0,,,5,2.762148,,,,,,,,,,,,,,,,,,,,
GF01013417S,"Los Tuxtlas Tropical Biology Station, Veracruz, Mexico",Neotropical,Mesoamerican,Veracruzan province,Moist forest,GF01013417S,Veracruzan province,10,0,0,0,0,0,0,5,0,0,0,0,0,4,0,2,0,6,0,0,0,3,0,0,0,0,0,2,root,32,7,15.625,15.625,,,7,6.024433,,,,,,,,,,,,,,,,,,,,
GF01013418S,"Los Tuxtlas Tropical Biology Station, Veracruz, Mexico",Neotropical,Mesoamerican,Veracruzan province,Moist forest,GF01013418S,Veracruzan province,0,0,0,0,0,0,0,0,0,0,0,0,0,0,0,0,0,4,0,0,0,0,0,0,0,0,0,1,root,5,2,0,0,,,2,1.649385,,,,,,,,,,,,,,,,,,,,
GF01013419S,"Los Tuxtlas Tropical Biology Station, Veracruz, Mexico",Neotropical,Mesoamerican,Veracruzan province,Moist forest,GF01013419S,Veracruzan province,30,0,0,0,2,0,0,0,0,1,0,0,0,2,0,0,2,9,0,0,0,4,0,0,0,1,0,4,root,55,9,0,0,,,9,4.550922,,,,,,,,,,,,,,,,,,,,
GF01013420S,"Los Tuxtlas Tropical Biology Station, Veracruz, Mexico",Neotropical,Mesoamerican,Veracruzan province,Moist forest,GF01013420S,Veracruzan province,9,0,0,0,0,0,0,0,0,0,0,0,0,1,0,0,0,1,0,0,0,3,0,0,0,0,0,1,root,15,5,0,0,,,5,3.22197,,,,,,,,,,,,,,,,,,,,
GF01013421S,"Los Tuxtlas Tropical Biology Station, Veracruz, Mexico",Neotropical,Mesoamerican,Veracruzan province,Moist forest,GF01013421S,Veracruzan province,37,0,0,1,2,0,0,0,0,1,0,1,0,0,0,0,1,7,0,0,0,5,0,0,0,1,0,2,root,58,10,0,0,,,10,3.802,,,,,,,,,,,,,,,,,,,,
GF01013422S,"Los Tuxtlas Tropical Biology Station, Veracruz, Mexico",Neotropical,Mesoamerican,Veracruzan province,Moist forest,GF01013422S,Veracruzan province,25,0,0,0,6,0,0,0,0,0,0,0,0,3,0,0,0,3,0,0,0,1,0,0,0,1,0,2,root,41,7,0,0,,,7,3.647528,,,,,,,,,,,,,,,,,,,,
GF01013423S,"Los Tuxtlas Tropical Biology Station, Veracruz, Mexico",Neotropical,Mesoamerican,Veracruzan province,Moist forest,GF01013423S,Veracruzan province,9,0,0,2,2,0,0,0,0,0,0,0,0,1,0,0,0,9,0,0,0,2,0,0,0,1,0,1,root,27,8,0,0,,,8,5.349418,,,,,,,,,,,,,,,,,,,,
GF01013424S,"Los Tuxtlas Tropical Biology Station, Veracruz, Mexico",Neotropical,Mesoamerican,Veracruzan province,Moist forest,GF01013424S,Veracruzan province,13,0,0,2,13,0,0,1,0,0,0,0,0,1,0,0,0,3,0,0,0,0,0,0,0,0,0,0,root,33,6,3.03030303,3.03030303,,,6,3.79527,,,,,,,,,,,,,,,,,,,,
GF01013425S,"Los Tuxtlas Tropical Biology Station, Veracruz, Mexico",Neotropical,Mesoamerican,Veracruzan province,Moist forest,GF01013425S,Veracruzan province,19,0,0,0,0,0,0,1,0,0,0,0,0,0,0,0,1,3,0,0,0,2,1,0,0,0,0,1,root,28,7,3.571428571,3.571428571,,,7,3.212256,,,,,,,,,,,,,,,,,,,,
GF01013426S,"Los Tuxtlas Tropical Biology Station, Veracruz, Mexico",Neotropical,Mesoamerican,Veracruzan province,Moist forest,GF01013426S,Veracruzan province,0,0,0,0,0,0,0,0,0,0,0,0,0,0,0,0,0,3,0,0,0,0,0,0,0,0,0,0,root,3,1,0,0,,,1,1,,,,,,,,,,,,,,,,,,,,
GF01013427S,"Los Tuxtlas Tropical Biology Station, Veracruz, Mexico",Neotropical,Mesoamerican,Veracruzan province,Moist forest,GF01013427S,Veracruzan province,6,0,0,1,0,0,0,0,0,2,0,0,0,0,0,0,0,3,0,0,0,1,0,0,0,0,0,0,root,13,5,0,0,,,5,3.966244,,,,,,,,,,,,,,,,,,,,
GF01013428S,"Los Tuxtlas Tropical Biology Station, Veracruz, Mexico",Neotropical,Mesoamerican,Veracruzan province,Moist forest,GF01013428S,Veracruzan province,5,0,0,0,1,0,0,0,0,1,0,0,0,1,0,1,0,3,0,0,0,3,0,0,0,1,0,0,root,16,8,0,0,,,8,6.408721,,,,,,,,,,,,,,,,,,,,
GF01013429S,"Los Tuxtlas Tropical Biology Station, Veracruz, Mexico",Neotropical,Mesoamerican,Veracruzan province,Moist forest,GF01013429S,Veracruzan province,11,0,0,3,0,0,0,0,0,0,0,0,0,0,0,0,1,4,0,0,0,4,0,0,0,0,0,3,root,26,6,0,0,,,6,4.775623,,,,,,,,,,,,,,,,,,,,
GF01013430S,"Los Tuxtlas Tropical Biology Station, Veracruz, Mexico",Neotropical,Mesoamerican,Veracruzan province,Moist forest,GF01013430S,Veracruzan province,0,0,0,0,5,0,0,1,0,0,0,0,0,0,0,0,0,3,0,0,0,0,0,0,0,0,0,0,root,9,3,11.11111111,11.11111111,,,3,2.552028,,,,,,,,,,,,,,,,,,,,
GF01013431S,"Los Tuxtlas Tropical Biology Station, Veracruz, Mexico",Neotropical,Mesoamerican,Veracruzan province,Moist forest,GF01013431S,Veracruzan province,3,0,0,0,0,0,0,1,0,0,0,0,0,0,0,0,0,4,0,0,0,0,0,0,0,1,0,1,root,10,5,10,10,,,5,4.130852,,,,,,,,,,,,,,,,,,,,
GF01013432S,"Los Tuxtlas Tropical Biology Station, Veracruz, Mexico",Neotropical,Mesoamerican,Veracruzan province,Moist forest,GF01013432S,Veracruzan province,3,0,0,0,1,0,0,0,0,0,0,0,0,0,0,0,0,5,0,0,0,2,0,0,0,0,0,2,root,13,5,0,0,,,5,4.389138,,,,,,,,,,,,,,,,,,,,
GF01013433S,"Los Tuxtlas Tropical Biology Station, Veracruz, Mexico",Neotropical,Mesoamerican,Veracruzan province,Moist forest,GF01013433S,Veracruzan province,1,0,0,1,0,0,0,0,0,0,0,0,0,0,0,0,0,4,0,0,0,0,0,0,0,0,0,0,root,6,3,0,0,,,3,2.381102,,,,,,,,,,,,,,,,,,,,
GF01013434S,"Los Tuxtlas Tropical Biology Station, Veracruz, Mexico",Neotropical,Mesoamerican,Veracruzan province,Moist forest,GF01013434S,Veracruzan province,3,0,0,0,1,0,0,0,0,0,0,0,0,0,0,0,0,0,0,0,0,0,0,0,0,0,0,0,root,4,2,0,0,,,2,1.754765,,,,,,,,,,,,,,,,,,,,
GF01013435S,"Los Tuxtlas Tropical Biology Station, Veracruz, Mexico",Neotropical,Mesoamerican,Veracruzan province,Moist forest,GF01013435S,Veracruzan province,1,0,0,0,0,0,0,0,0,0,0,0,0,0,0,0,0,0,0,0,0,0,0,0,0,0,0,0,root,1,1,0,0,,,1,1,,,,,,,,,,,,,,,,,,,,
GF01013436S,"Los Tuxtlas Tropical Biology Station, Veracruz, Mexico",Neotropical,Mesoamerican,Veracruzan province,Moist forest,GF01013436S,Veracruzan province,0,0,0,0,0,0,0,0,0,0,0,0,0,0,0,0,0,0,0,0,0,0,0,0,0,0,0,0,root,0,0,#DIV/0!,0,,,0,1,,,,,,,,,,,,,,,,,,,,
GF01013437S,"Los Tuxtlas Tropical Biology Station, Veracruz, Mexico",Neotropical,Mesoamerican,Veracruzan province,Moist forest,GF01013437S,Veracruzan province,0,0,0,0,0,0,0,0,0,0,0,0,0,0,0,0,0,0,0,0,0,0,0,0,0,0,0,0,root,0,0,#DIV/0!,0,,,0,1,,,,,,,,,,,,,,,,,,,,
GF01013438S,"Los Tuxtlas Tropical Biology Station, Veracruz, Mexico",Neotropical,Mesoamerican,Veracruzan province,Moist forest,GF01013438S,Veracruzan province,0,0,0,0,0,0,0,0,0,0,0,0,0,0,0,0,0,0,0,0,0,0,0,0,0,0,0,0,root,0,0,#DIV/0!,0,,,0,1,,,,,,,,,,,,,,,,,,,,
GF01013439S,"Los Tuxtlas Tropical Biology Station, Veracruz, Mexico",Neotropical,Mesoamerican,Veracruzan province,Moist forest,GF01013439S,Veracruzan province,0,0,0,0,0,0,0,0,0,0,0,0,0,0,0,0,0,0,0,0,0,0,0,0,0,0,0,0,root,0,0,#DIV/0!,0,,,0,1,,,,,,,,,,,,,,,,,,,,
GF01013440S,"Los Tuxtlas Tropical Biology Station, Veracruz, Mexico",Neotropical,Mesoamerican,Veracruzan province,Moist forest,GF01013440S,Veracruzan province,0,0,0,0,0,0,0,0,0,0,0,0,0,0,0,0,0,0,0,0,0,0,0,0,0,0,0,0,root,0,0,#DIV/0!,0,,,0,1,,,,,,,,,,,,,,,,,,,,
GF01013441S,"Los Tuxtlas Tropical Biology Station, Veracruz, Mexico",Neotropical,Mesoamerican,Veracruzan province,Moist forest,GF01013441S,Veracruzan province,0,0,0,0,0,0,0,0,0,0,0,0,0,0,0,0,0,0,0,0,0,0,0,0,0,0,0,0,root,0,0,#DIV/0!,0,,,0,1,,,,,,,,,,,,,,,,,,,,
GF01013508S,"the Upper Potaro River Basin in the Pakaraima Mountains, Potaro-Siparuni, Guyana",Neotropical,Boreal Brazilian,Guianan province,Dry forest|Moist forest,GF01013508S,Guianan province,4,0,0,1,0,0,0,9,0,0,0,0,0,0,0,0,0,0,0,0,0,0,0,0,0,0,0,2,root,16,4,56.25,56.25,,,4,3.014497,,,,,,,,,,,,,,,,,,,,
GF01013509S,"the Upper Potaro River Basin in the Pakaraima Mountains, Potaro-Siparuni, Guyana",Neotropical,Boreal Brazilian,Guianan province,Dry forest|Moist forest,GF01013509S,Guianan province,1,0,0,0,0,0,0,3,0,0,0,0,0,0,0,0,0,0,0,0,0,0,0,0,0,0,0,0,root,4,2,75,75,,,2,1.754765,,,,,,,,,,,,,,,,,,,,
GF01013510S,"the Upper Potaro River Basin in the Pakaraima Mountains, Potaro-Siparuni, Guyana",Neotropical,Boreal Brazilian,Guianan province,Dry forest|Moist forest,GF01013510S,Guianan province,2,0,0,0,0,0,0,6,0,0,0,0,0,0,0,0,0,0,0,0,0,0,0,0,0,0,0,0,root,8,2,75,75,,,2,1.754765,,,,,,,,,,,,,,,,,,,,
GF01013511S,"the Upper Potaro River Basin in the Pakaraima Mountains, Potaro-Siparuni, Guyana",Neotropical,Boreal Brazilian,Guianan province,Dry forest|Moist forest,GF01013511S,Guianan province,4,0,0,1,0,0,0,10,0,0,0,0,0,0,0,0,0,0,0,0,0,0,0,0,0,0,0,0,root,15,3,66.66666667,66.66666667,,,3,2.232931,,,,,,,,,,,,,,,,,,,,
GF01013512S,"the Upper Potaro River Basin in the Pakaraima Mountains, Potaro-Siparuni, Guyana",Neotropical,Boreal Brazilian,Guianan province,Dry forest|Moist forest,GF01013512S,Guianan province,4,0,0,0,0,0,0,8,0,0,0,0,0,0,0,0,0,0,0,0,0,0,0,0,0,0,0,1,root,13,3,61.53846154,61.53846154,,,3,2.360187,,,,,,,,,,,,,,,,,,,,
GF01013513S,"the Upper Potaro River Basin in the Pakaraima Mountains, Potaro-Siparuni, Guyana",Neotropical,Boreal Brazilian,Guianan province,Dry forest|Moist forest,GF01013513S,Guianan province,1,0,0,0,0,0,0,9,0,0,0,0,0,0,0,0,0,0,0,0,0,0,0,0,0,0,0,0,root,10,2,90,90,,,2,1.384145,,,,,,,,,,,,,,,,,,,,
GF01013514S,"the Upper Potaro River Basin in the Pakaraima Mountains, Potaro-Siparuni, Guyana",Neotropical,Boreal Brazilian,Guianan province,Dry forest|Moist forest,GF01013514S,Guianan province,1,0,0,0,0,0,0,5,0,0,0,0,0,0,0,0,0,0,0,0,0,0,0,0,0,0,0,0,root,6,2,83.33333333,83.33333333,,,2,1.569193,,,,,,,,,,,,,,,,,,,,
GF01013515S,"the Upper Potaro River Basin in the Pakaraima Mountains, Potaro-Siparuni, Guyana",Neotropical,Boreal Brazilian,Guianan province,Dry forest|Moist forest,GF01013515S,Guianan province,4,0,0,0,0,0,0,10,0,0,0,0,0,0,0,0,0,0,0,0,0,0,0,0,0,0,0,0,root,14,2,71.42857143,71.42857143,,,2,1.818969,,,,,,,,,,,,,,,,,,,,
GF01013516S,"the Upper Potaro River Basin in the Pakaraima Mountains, Potaro-Siparuni, Guyana",Neotropical,Boreal Brazilian,Guianan province,Dry forest|Moist forest,GF01013516S,Guianan province,3,0,0,0,0,0,0,8,0,0,0,0,0,1,0,0,0,0,0,0,0,0,0,0,0,0,0,0,root,12,3,66.66666667,66.66666667,,,3,2.279507,,,,,,,,,,,,,,,,,,,,
GF01013517S,"the Upper Potaro River Basin in the Pakaraima Mountains, Potaro-Siparuni, Guyana",Neotropical,Boreal Brazilian,Guianan province,Dry forest|Moist forest,GF01013517S,Guianan province,2,0,0,0,0,0,0,8,0,0,0,0,0,0,0,0,0,0,0,0,0,0,0,0,0,0,0,0,root,10,2,80,80,,,2,1.649385,,,,,,,,,,,,,,,,,,,,
GF01013518S,"the Upper Potaro River Basin in the Pakaraima Mountains, Potaro-Siparuni, Guyana",Neotropical,Boreal Brazilian,Guianan province,Dry forest|Moist forest,GF01013518S,Guianan province,2,0,0,0,0,0,0,6,0,0,0,0,0,0,0,0,0,0,0,0,0,0,0,0,0,0,0,0,root,8,2,75,75,,,2,1.754765,,,,,,,,,,,,,,,,,,,,
GF01013519S,"the Upper Potaro River Basin in the Pakaraima Mountains, Potaro-Siparuni, Guyana",Neotropical,Boreal Brazilian,Guianan province,Dry forest|Moist forest,GF01013519S,Guianan province,2,0,0,0,0,0,0,5,0,0,0,0,0,0,0,0,0,0,0,0,0,0,0,0,0,0,0,0,root,7,2,71.42857143,71.42857143,,,2,1.818969,,,,,,,,,,,,,,,,,,,,
GF01013520S,"the Upper Potaro River Basin in the Pakaraima Mountains, Potaro-Siparuni, Guyana",Neotropical,Boreal Brazilian,Guianan province,Dry forest|Moist forest,GF01013520S,Guianan province,1,0,0,0,0,0,0,5,0,0,0,0,0,0,0,0,0,0,0,0,0,0,0,0,0,0,0,0,root,6,2,83.33333333,83.33333333,,,2,1.569193,,,,,,,,,,,,,,,,,,,,
GF01013521S,"the Upper Potaro River Basin in the Pakaraima Mountains, Potaro-Siparuni, Guyana",Neotropical,Boreal Brazilian,Guianan province,Dry forest|Moist forest,GF01013521S,Guianan province,1,0,0,0,0,0,0,6,0,0,0,0,0,0,0,0,0,0,0,0,0,0,0,0,0,0,0,0,root,7,2,85.71428571,85.71428571,,,2,1.506993,,,,,,,,,,,,,,,,,,,,
GF01013522S,"the Upper Potaro River Basin in the Pakaraima Mountains, Potaro-Siparuni, Guyana",Neotropical,Boreal Brazilian,Guianan province,Dry forest|Moist forest,GF01013522S,Guianan province,7,0,0,1,0,0,0,6,0,0,0,0,0,0,0,0,0,0,0,0,0,0,0,0,0,0,0,0,root,14,3,42.85714286,42.85714286,,,3,2.455193,,,,,,,,,,,,,,,,,,,,
GF01013523S,"the Upper Potaro River Basin in the Pakaraima Mountains, Potaro-Siparuni, Guyana",Neotropical,Boreal Brazilian,Guianan province,Dry forest|Moist forest,GF01013523S,Guianan province,2,0,0,1,0,0,0,12,0,0,0,0,0,0,0,0,0,0,0,0,0,0,0,0,0,0,0,1,root,16,4,75,75,,,4,2.275649,,,,,,,,,,,,,,,,,,,,
GF01013524S,"the Upper Potaro River Basin in the Pakaraima Mountains, Potaro-Siparuni, Guyana",Neotropical,Boreal Brazilian,Guianan province,Dry forest|Moist forest,GF01013524S,Guianan province,2,0,0,0,0,0,0,5,0,0,0,0,0,0,0,0,0,0,0,0,0,0,0,0,0,0,0,0,root,7,2,71.42857143,71.42857143,,,2,1.818969,,,,,,,,,,,,,,,,,,,,
GF01013525S,"the Upper Potaro River Basin in the Pakaraima Mountains, Potaro-Siparuni, Guyana",Neotropical,Boreal Brazilian,Guianan province,Dry forest|Moist forest,GF01013525S,Guianan province,2,0,0,0,0,0,0,8,0,0,0,0,0,0,0,0,0,0,0,0,0,0,0,0,0,0,0,0,root,10,2,80,80,,,2,1.649385,,,,,,,,,,,,,,,,,,,,
GF01013526S,"the Upper Potaro River Basin in the Pakaraima Mountains, Potaro-Siparuni, Guyana",Neotropical,Boreal Brazilian,Guianan province,Dry forest|Moist forest,GF01013526S,Guianan province,3,0,0,3,0,0,0,0,0,0,0,0,0,0,0,0,0,0,0,0,0,0,0,0,0,0,0,1,root,7,3,0,0,,,3,2.729839,,,,,,,,,,,,,,,,,,,,
GF01013527S,"the Upper Potaro River Basin in the Pakaraima Mountains, Potaro-Siparuni, Guyana",Neotropical,Boreal Brazilian,Guianan province,Dry forest|Moist forest,GF01013527S,Guianan province,2,0,0,0,0,0,0,17,0,0,0,0,0,0,0,0,0,0,0,0,0,0,0,0,0,0,0,0,root,19,2,89.47368421,89.47368421,,,2,1.400033,,,,,,,,,,,,,,,,,,,,
GF01013528S,"the Upper Potaro River Basin in the Pakaraima Mountains, Potaro-Siparuni, Guyana",Neotropical,Boreal Brazilian,Guianan province,Dry forest|Moist forest,GF01013528S,Guianan province,3,0,0,0,0,0,0,4,0,0,0,0,0,0,0,0,0,0,0,0,0,0,0,0,0,0,0,0,root,7,2,57.14285714,57.14285714,,,2,1.979626,,,,,,,,,,,,,,,,,,,,
GF01013529S,"the Upper Potaro River Basin in the Pakaraima Mountains, Potaro-Siparuni, Guyana",Neotropical,Boreal Brazilian,Guianan province,Dry forest|Moist forest,GF01013529S,Guianan province,0,0,0,0,0,0,0,3,0,0,0,0,0,1,0,0,0,0,0,0,0,0,0,0,0,0,0,0,root,4,2,75,75,,,2,1.754765,,,,,,,,,,,,,,,,,,,,
GF01013530S,"the Upper Potaro River Basin in the Pakaraima Mountains, Potaro-Siparuni, Guyana",Neotropical,Boreal Brazilian,Guianan province,Dry forest|Moist forest,GF01013530S,Guianan province,1,0,0,0,0,0,0,4,0,0,0,0,0,0,0,0,0,0,0,0,0,0,0,0,0,0,0,0,root,5,2,80,80,,,2,1.649385,,,,,,,,,,,,,,,,,,,,
GF01013531S,"the Upper Potaro River Basin in the Pakaraima Mountains, Potaro-Siparuni, Guyana",Neotropical,Boreal Brazilian,Guianan province,Dry forest|Moist forest,GF01013531S,Guianan province,3,0,0,0,0,0,0,13,0,0,0,0,0,0,0,0,0,0,0,0,0,0,0,0,0,0,0,0,root,16,2,81.25,81.25,,,2,1.620245,,,,,,,,,,,,,,,,,,,,
GF01013532S,"the Upper Potaro River Basin in the Pakaraima Mountains, Potaro-Siparuni, Guyana",Neotropical,Boreal Brazilian,Guianan province,Dry forest|Moist forest,GF01013532S,Guianan province,4,0,0,0,0,0,0,8,0,0,0,0,0,0,0,0,0,0,0,0,0,0,0,0,0,0,0,0,root,12,2,66.66666667,66.66666667,,,2,1.889882,,,,,,,,,,,,,,,,,,,,
GF01013533S,"the Upper Potaro River Basin in the Pakaraima Mountains, Potaro-Siparuni, Guyana",Neotropical,Boreal Brazilian,Guianan province,Dry forest|Moist forest,GF01013533S,Guianan province,2,0,0,0,0,0,0,9,0,0,0,0,0,0,0,0,0,0,0,0,0,0,0,0,0,0,0,0,root,11,2,81.81818182,81.81818182,,,2,1.606631,,,,,,,,,,,,,,,,,,,,
GF01013534S,"the Upper Potaro River Basin in the Pakaraima Mountains, Potaro-Siparuni, Guyana",Neotropical,Boreal Brazilian,Guianan province,Dry forest|Moist forest,GF01013534S,Guianan province,4,0,0,2,0,0,0,7,0,0,0,0,0,0,0,2,1,2,0,0,0,1,0,0,0,6,0,0,root,25,8,28,28,,,8,6.397046,,,,,,,,,,,,,,,,,,,,
GF01013535S,"the Upper Potaro River Basin in the Pakaraima Mountains, Potaro-Siparuni, Guyana",Neotropical,Boreal Brazilian,Guianan province,Dry forest|Moist forest,GF01013535S,Guianan province,4,0,0,0,0,0,0,9,0,0,0,0,0,0,0,2,0,0,0,0,0,0,0,0,0,0,0,1,root,16,4,56.25,56.25,,,4,3.014497,,,,,,,,,,,,,,,,,,,,
GF01013536S,"the Upper Potaro River Basin in the Pakaraima Mountains, Potaro-Siparuni, Guyana",Neotropical,Boreal Brazilian,Guianan province,Dry forest|Moist forest,GF01013536S,Guianan province,5,0,0,0,0,0,0,11,0,0,0,0,0,0,0,0,0,0,0,0,0,0,0,0,0,0,0,1,root,17,3,64.70588235,64.70588235,,,3,2.244022,,,,,,,,,,,,,,,,,,,,
GF01013537S,"the Upper Potaro River Basin in the Pakaraima Mountains, Potaro-Siparuni, Guyana",Neotropical,Boreal Brazilian,Guianan province,Dry forest|Moist forest,GF01013537S,Guianan province,3,0,0,0,0,0,0,4,0,0,0,0,0,0,0,1,0,0,0,0,0,1,0,0,0,0,0,0,root,9,4,44.44444444,44.44444444,,,4,3.369922,,,,,,,,,,,,,,,,,,,,
GF01013538S,"the Upper Potaro River Basin in the Pakaraima Mountains, Potaro-Siparuni, Guyana",Neotropical,Boreal Brazilian,Guianan province,Dry forest|Moist forest,GF01013538S,Guianan province,2,0,0,0,0,0,0,4,0,0,0,0,0,0,0,0,0,0,0,0,0,0,0,0,0,0,0,0,root,6,2,66.66666667,66.66666667,,,2,1.889882,,,,,,,,,,,,,,,,,,,,
GF01013539S,"the Upper Potaro River Basin in the Pakaraima Mountains, Potaro-Siparuni, Guyana",Neotropical,Boreal Brazilian,Guianan province,Dry forest|Moist forest,GF01013539S,Guianan province,3,0,0,0,0,0,0,7,0,0,0,0,0,0,0,0,0,0,0,0,0,0,0,0,0,0,0,0,root,10,2,70,70,,,2,1.842023,,,,,,,,,,,,,,,,,,,,
GF01013540S,"the Upper Potaro River Basin in the Pakaraima Mountains, Potaro-Siparuni, Guyana",Neotropical,Boreal Brazilian,Guianan province,Dry forest|Moist forest,GF01013540S,Guianan province,6,0,0,0,0,0,0,12,0,0,0,0,0,0,0,0,0,0,0,0,0,0,0,0,0,0,0,1,root,19,3,63.15789474,63.15789474,,,3,2.246123,,,,,,,,,,,,,,,,,,,,
GF01013541S,"the Upper Potaro River Basin in the Pakaraima Mountains, Potaro-Siparuni, Guyana",Neotropical,Boreal Brazilian,Guianan province,Dry forest|Moist forest,GF01013541S,Guianan province,3,0,0,0,0,0,0,6,0,0,0,0,0,0,0,1,0,0,0,0,0,0,0,0,0,0,0,1,root,11,4,54.54545455,54.54545455,,,4,3.067768,,,,,,,,,,,,,,,,,,,,
GF01013542S,"the Upper Potaro River Basin in the Pakaraima Mountains, Potaro-Siparuni, Guyana",Neotropical,Boreal Brazilian,Guianan province,Dry forest|Moist forest,GF01013542S,Guianan province,4,0,0,0,0,0,0,10,0,0,0,0,0,0,0,0,0,0,0,0,0,0,0,0,0,0,0,0,root,14,2,71.42857143,71.42857143,,,2,1.818969,,,,,,,,,,,,,,,,,,,,
GF01013543S,"the Upper Potaro River Basin in the Pakaraima Mountains, Potaro-Siparuni, Guyana",Neotropical,Boreal Brazilian,Guianan province,Dry forest|Moist forest,GF01013543S,Guianan province,5,0,0,0,0,0,0,9,0,0,0,0,0,0,0,1,0,0,0,0,0,0,0,0,0,0,0,0,root,15,3,60,60,,,3,2.347231,,,,,,,,,,,,,,,,,,,,
GF01013544S,"the Upper Potaro River Basin in the Pakaraima Mountains, Potaro-Siparuni, Guyana",Neotropical,Boreal Brazilian,Guianan province,Dry forest|Moist forest,GF01013544S,Guianan province,5,0,0,0,0,0,0,8,0,0,0,0,0,0,0,0,0,0,0,0,0,0,0,0,0,0,0,0,root,13,2,61.53846154,61.53846154,,,2,1.946978,,,,,,,,,,,,,,,,,,,,
GF01013545S,"the Upper Potaro River Basin in the Pakaraima Mountains, Potaro-Siparuni, Guyana",Neotropical,Boreal Brazilian,Guianan province,Dry forest|Moist forest,GF01013545S,Guianan province,1,0,0,0,0,0,0,0,0,0,0,0,0,0,0,1,0,0,0,0,0,0,0,0,0,0,0,0,root,2,2,0,0,,,2,2,,,,,,,,,,,,,,,,,,,,
GF01013546S,"the Upper Potaro River Basin in the Pakaraima Mountains, Potaro-Siparuni, Guyana",Neotropical,Boreal Brazilian,Guianan province,Dry forest|Moist forest,GF01013546S,Guianan province,3,0,0,0,0,0,0,8,0,0,0,0,0,0,0,0,0,0,0,0,0,0,0,0,0,0,0,0,root,11,2,72.72727273,72.72727273,,,2,1.796702,,,,,,,,,,,,,,,,,,,,
GF01013547S,"the Upper Potaro River Basin in the Pakaraima Mountains, Potaro-Siparuni, Guyana",Neotropical,Boreal Brazilian,Guianan province,Dry forest|Moist forest,GF01013547S,Guianan province,6,0,0,4,0,0,0,4,0,0,1,0,0,2,0,5,0,3,0,0,0,1,0,0,0,0,0,1,root,27,9,14.81481481,14.81481481,,,9,7.504163,,,,,,,,,,,,,,,,,,,,
GF01013548S,"the Upper Potaro River Basin in the Pakaraima Mountains, Potaro-Siparuni, Guyana",Neotropical,Boreal Brazilian,Guianan province,Dry forest|Moist forest,GF01013548S,Guianan province,3,0,0,0,0,0,0,11,0,0,0,0,0,0,0,0,0,0,0,0,0,0,0,0,0,0,0,1,root,15,3,73.33333333,73.33333333,,,3,2.074813,,,,,,,,,,,,,,,,,,,,
GF01013549S,"the Upper Potaro River Basin in the Pakaraima Mountains, Potaro-Siparuni, Guyana",Neotropical,Boreal Brazilian,Guianan province,Dry forest|Moist forest,GF01013549S,Guianan province,2,0,0,0,0,0,0,7,0,0,0,0,0,0,0,1,0,0,0,0,0,0,0,0,0,0,0,1,root,11,4,63.63636364,63.63636364,,,4,2.811061,,,,,,,,,,,,,,,,,,,,
GF01013550S,"the Upper Potaro River Basin in the Pakaraima Mountains, Potaro-Siparuni, Guyana",Neotropical,Boreal Brazilian,Guianan province,Dry forest|Moist forest,GF01013550S,Guianan province,2,0,0,0,0,0,0,6,0,0,0,0,0,0,0,0,0,0,0,0,0,0,0,0,0,0,0,0,root,8,2,75,75,,,2,1.754765,,,,,,,,,,,,,,,,,,,,
GF01013551S,"the Upper Potaro River Basin in the Pakaraima Mountains, Potaro-Siparuni, Guyana",Neotropical,Boreal Brazilian,Guianan province,Dry forest|Moist forest,GF01013551S,Guianan province,2,0,0,0,0,0,0,7,0,0,0,0,0,0,0,0,0,0,0,0,0,0,0,0,0,0,0,0,root,9,2,77.77777778,77.77777778,,,2,1.698433,,,,,,,,,,,,,,,,,,,,
GF01013552S,"the Upper Potaro River Basin in the Pakaraima Mountains, Potaro-Siparuni, Guyana",Neotropical,Boreal Brazilian,Guianan province,Dry forest|Moist forest,GF01013552S,Guianan province,5,0,0,0,0,0,0,10,0,0,0,0,0,0,0,0,0,0,0,0,0,0,0,0,0,0,0,0,root,15,2,66.66666667,66.66666667,,,2,1.889882,,,,,,,,,,,,,,,,,,,,
GF01013553S,"the Upper Potaro River Basin in the Pakaraima Mountains, Potaro-Siparuni, Guyana",Neotropical,Boreal Brazilian,Guianan province,Dry forest|Moist forest,GF01013553S,Guianan province,4,0,0,0,0,0,0,3,0,0,0,0,0,0,0,0,0,0,0,0,0,0,0,0,0,0,0,0,root,7,2,42.85714286,42.85714286,,,2,1.979626,,,,,,,,,,,,,,,,,,,,
GF01013554S,"the Upper Potaro River Basin in the Pakaraima Mountains, Potaro-Siparuni, Guyana",Neotropical,Boreal Brazilian,Guianan province,Dry forest|Moist forest,GF01013554S,Guianan province,0,0,0,0,0,0,0,9,0,0,0,0,0,0,0,0,0,0,0,0,0,0,0,0,0,0,0,0,root,9,1,100,100,,,1,1,,,,,,,,,,,,,,,,,,,,
GF01013555S,"the Upper Potaro River Basin in the Pakaraima Mountains, Potaro-Siparuni, Guyana",Neotropical,Boreal Brazilian,Guianan province,Dry forest|Moist forest,GF01013555S,Guianan province,4,0,0,0,0,0,0,12,0,0,0,0,0,0,0,0,0,0,0,0,0,0,0,0,0,0,0,0,root,16,2,75,75,,,2,1.754765,,,,,,,,,,,,,,,,,,,,
GF01013556S,"the Upper Potaro River Basin in the Pakaraima Mountains, Potaro-Siparuni, Guyana",Neotropical,Boreal Brazilian,Guianan province,Dry forest|Moist forest,GF01013556S,Guianan province,0,0,0,0,0,0,0,0,0,0,0,0,0,0,0,0,0,0,0,0,0,0,0,0,0,0,0,3,root,3,1,0,0,,,1,1,,,,,,,,,,,,,,,,,,,,
GF01013557S,"the Upper Potaro River Basin in the Pakaraima Mountains, Potaro-Siparuni, Guyana",Neotropical,Boreal Brazilian,Guianan province,Dry forest|Moist forest,GF01013557S,Guianan province,2,0,0,0,0,0,0,7,0,0,0,0,0,0,0,0,0,0,0,0,0,0,0,0,0,0,0,0,root,9,2,77.77777778,77.77777778,,,2,1.698433,,,,,,,,,,,,,,,,,,,,
GF01013558S,"the Upper Potaro River Basin in the Pakaraima Mountains, Potaro-Siparuni, Guyana",Neotropical,Boreal Brazilian,Guianan province,Dry forest|Moist forest,GF01013558S,Guianan province,2,0,0,0,0,0,0,6,0,0,0,0,0,0,0,0,0,0,0,0,0,0,0,0,0,0,0,0,root,8,2,75,75,,,2,1.754765,,,,,,,,,,,,,,,,,,,,
GF01013559S,"the Upper Potaro River Basin in the Pakaraima Mountains, Potaro-Siparuni, Guyana",Neotropical,Boreal Brazilian,Guianan province,Dry forest|Moist forest,GF01013559S,Guianan province,1,0,0,0,0,0,0,7,0,0,0,0,0,0,0,0,0,0,0,0,0,0,0,0,0,0,0,0,root,8,2,87.5,87.5,,,2,1.457569,,,,,,,,,,,,,,,,,,,,
GF01013560S,"the Upper Potaro River Basin in the Pakaraima Mountains, Potaro-Siparuni, Guyana",Neotropical,Boreal Brazilian,Guianan province,Dry forest|Moist forest,GF01013560S,Guianan province,3,0,0,0,0,0,0,9,0,0,0,0,0,0,0,0,0,0,0,0,0,0,0,0,0,0,0,0,root,12,2,75,75,,,2,1.754765,,,,,,,,,,,,,,,,,,,,
GF01013561S,"the Upper Potaro River Basin in the Pakaraima Mountains, Potaro-Siparuni, Guyana",Neotropical,Boreal Brazilian,Guianan province,Dry forest|Moist forest,GF01013561S,Guianan province,4,0,0,0,0,0,0,8,0,0,0,0,0,0,0,0,0,0,0,0,0,0,0,0,0,0,0,0,root,12,2,66.66666667,66.66666667,,,2,1.889882,,,,,,,,,,,,,,,,,,,,
GF01013562S,"the Upper Potaro River Basin in the Pakaraima Mountains, Potaro-Siparuni, Guyana",Neotropical,Boreal Brazilian,Guianan province,Dry forest|Moist forest,GF01013562S,Guianan province,3,0,0,0,0,0,0,11,0,0,0,0,0,0,0,0,0,0,0,0,0,0,0,0,0,0,0,0,root,14,2,78.57142857,78.57142857,,,2,1.681321,,,,,,,,,,,,,,,,,,,,
GF01013563S,"the Upper Potaro River Basin in the Pakaraima Mountains, Potaro-Siparuni, Guyana",Neotropical,Boreal Brazilian,Guianan province,Dry forest|Moist forest,GF01013563S,Guianan province,3,0,0,0,0,0,0,5,0,0,0,0,0,0,0,0,0,0,0,0,0,0,0,0,0,0,0,0,root,8,2,62.5,62.5,,,2,1.937819,,,,,,,,,,,,,,,,,,,,
GF01013564S,"the Upper Potaro River Basin in the Pakaraima Mountains, Potaro-Siparuni, Guyana",Neotropical,Boreal Brazilian,Guianan province,Dry forest|Moist forest,GF01013564S,Guianan province,3,0,0,0,0,0,0,7,0,0,0,0,0,0,0,0,0,0,0,0,0,0,0,0,0,0,0,1,root,11,3,63.63636364,63.63636364,,,3,2.363083,,,,,,,,,,,,,,,,,,,,
GF01013565S,"the Upper Potaro River Basin in the Pakaraima Mountains, Potaro-Siparuni, Guyana",Neotropical,Boreal Brazilian,Guianan province,Dry forest|Moist forest,GF01013565S,Guianan province,0,0,0,0,0,0,0,7,0,0,0,0,0,0,0,0,0,0,0,0,0,0,0,0,0,0,0,0,root,7,1,100,100,,,1,1,,,,,,,,,,,,,,,,,,,,
GF01013566S,"the Upper Potaro River Basin in the Pakaraima Mountains, Potaro-Siparuni, Guyana",Neotropical,Boreal Brazilian,Guianan province,Dry forest|Moist forest,GF01013566S,Guianan province,3,0,0,0,0,0,0,4,0,0,0,0,0,0,0,0,0,0,0,0,0,0,0,0,0,0,0,0,root,7,2,57.14285714,57.14285714,,,2,1.979626,,,,,,,,,,,,,,,,,,,,
GF01013567S,"the Upper Potaro River Basin in the Pakaraima Mountains, Potaro-Siparuni, Guyana",Neotropical,Boreal Brazilian,Guianan province,Dry forest|Moist forest,GF01013567S,Guianan province,1,0,0,0,0,0,0,3,0,0,0,0,0,0,0,0,0,0,0,0,0,0,0,0,0,0,0,0,root,4,2,75,75,,,2,1.754765,,,,,,,,,,,,,,,,,,,,
GF01013568S,"the Upper Potaro River Basin in the Pakaraima Mountains, Potaro-Siparuni, Guyana",Neotropical,Boreal Brazilian,Guianan province,Dry forest|Moist forest,GF01013568S,Guianan province,3,0,0,0,0,0,0,4,0,0,0,0,0,0,0,0,0,0,0,0,0,0,0,0,0,0,0,0,root,7,2,57.14285714,57.14285714,,,2,1.979626,,,,,,,,,,,,,,,,,,,,
GF01013569S,"the Upper Potaro River Basin in the Pakaraima Mountains, Potaro-Siparuni, Guyana",Neotropical,Boreal Brazilian,Guianan province,Dry forest|Moist forest,GF01013569S,Guianan province,2,0,0,0,0,0,0,4,0,0,0,0,0,0,0,0,0,0,0,0,0,0,0,0,0,0,0,0,root,6,2,66.66666667,66.66666667,,,2,1.889882,,,,,,,,,,,,,,,,,,,,
GF01013570S,"the Upper Potaro River Basin in the Pakaraima Mountains, Potaro-Siparuni, Guyana",Neotropical,Boreal Brazilian,Guianan province,Dry forest|Moist forest,GF01013570S,Guianan province,0,0,0,0,0,0,0,8,0,0,0,0,0,0,0,0,0,0,0,0,0,0,0,0,0,0,0,0,root,8,1,100,100,,,1,1,,,,,,,,,,,,,,,,,,,,
GF01013571S,"the Upper Potaro River Basin in the Pakaraima Mountains, Potaro-Siparuni, Guyana",Neotropical,Boreal Brazilian,Guianan province,Dry forest|Moist forest,GF01013571S,Guianan province,4,0,0,0,0,0,0,8,0,0,0,0,0,0,0,0,0,0,0,0,0,0,0,0,0,0,0,0,root,12,2,66.66666667,66.66666667,,,2,1.889882,,,,,,,,,,,,,,,,,,,,
GF01013572S,"the Upper Potaro River Basin in the Pakaraima Mountains, Potaro-Siparuni, Guyana",Neotropical,Boreal Brazilian,Guianan province,Dry forest|Moist forest,GF01013572S,Guianan province,0,0,0,0,0,0,0,4,0,0,0,0,0,0,0,0,0,0,0,0,0,0,0,0,0,0,0,0,root,4,1,100,100,,,1,1,,,,,,,,,,,,,,,,,,,,
GF01013573S,"the Upper Potaro River Basin in the Pakaraima Mountains, Potaro-Siparuni, Guyana",Neotropical,Boreal Brazilian,Guianan province,Dry forest|Moist forest,GF01013573S,Guianan province,0,0,0,0,0,0,0,6,0,0,0,0,0,0,0,0,0,0,0,0,0,0,0,0,0,0,0,0,root,6,1,100,100,,,1,1,,,,,,,,,,,,,,,,,,,,
GF01013574S,"the Upper Potaro River Basin in the Pakaraima Mountains, Potaro-Siparuni, Guyana",Neotropical,Boreal Brazilian,Guianan province,Dry forest|Moist forest,GF01013574S,Guianan province,0,0,0,0,0,0,0,5,0,0,0,0,0,0,0,0,0,0,0,0,0,0,0,0,0,0,0,0,root,5,1,100,100,,,1,1,,,,,,,,,,,,,,,,,,,,
GF01013575S,"the Upper Potaro River Basin in the Pakaraima Mountains, Potaro-Siparuni, Guyana",Neotropical,Boreal Brazilian,Guianan province,Dry forest|Moist forest,GF01013575S,Guianan province,1,0,0,0,0,0,0,10,0,0,0,0,0,0,0,0,0,0,0,0,0,0,0,0,0,0,0,0,root,11,2,90.90909091,90.90909091,,,2,1.356131,,,,,,,,,,,,,,,,,,,,
GF01013576S,"the Upper Potaro River Basin in the Pakaraima Mountains, Potaro-Siparuni, Guyana",Neotropical,Boreal Brazilian,Guianan province,Dry forest|Moist forest,GF01013576S,Guianan province,4,0,0,0,0,0,0,8,0,0,0,0,0,0,0,0,0,0,0,0,0,0,0,0,0,0,0,0,root,12,2,66.66666667,66.66666667,,,2,1.889882,,,,,,,,,,,,,,,,,,,,
GF01013577S,"the Upper Potaro River Basin in the Pakaraima Mountains, Potaro-Siparuni, Guyana",Neotropical,Boreal Brazilian,Guianan province,Dry forest|Moist forest,GF01013577S,Guianan province,3,0,0,0,0,0,0,6,0,0,0,0,0,0,0,0,0,0,0,0,0,0,0,0,0,0,0,1,root,10,3,60,60,,,3,2.454556,,,,,,,,,,,,,,,,,,,,
GF01013578S,"the Upper Potaro River Basin in the Pakaraima Mountains, Potaro-Siparuni, Guyana",Neotropical,Boreal Brazilian,Guianan province,Dry forest|Moist forest,GF01013578S,Guianan province,1,0,0,0,0,0,0,3,0,0,0,0,0,0,0,0,0,0,0,0,0,0,0,0,0,0,0,0,root,4,2,75,75,,,2,1.754765,,,,,,,,,,,,,,,,,,,,
GF01013579S,"the Upper Potaro River Basin in the Pakaraima Mountains, Potaro-Siparuni, Guyana",Neotropical,Boreal Brazilian,Guianan province,Dry forest|Moist forest,GF01013579S,Guianan province,2,0,0,0,0,0,0,6,0,0,0,0,0,0,0,0,0,0,0,0,0,0,0,0,0,0,0,0,root,8,2,75,75,,,2,1.754765,,,,,,,,,,,,,,,,,,,,
GF01013580S,"the Upper Potaro River Basin in the Pakaraima Mountains, Potaro-Siparuni, Guyana",Neotropical,Boreal Brazilian,Guianan province,Dry forest|Moist forest,GF01013580S,Guianan province,1,0,0,0,0,0,0,4,0,0,0,0,0,0,0,0,0,0,0,0,0,0,0,0,0,0,0,0,root,5,2,80,80,,,2,1.649385,,,,,,,,,,,,,,,,,,,,
GF01013581S,"the Upper Potaro River Basin in the Pakaraima Mountains, Potaro-Siparuni, Guyana",Neotropical,Boreal Brazilian,Guianan province,Dry forest|Moist forest,GF01013581S,Guianan province,3,0,0,0,0,0,0,7,0,0,0,0,0,0,0,0,0,0,0,0,0,0,0,0,0,0,0,0,root,10,2,70,70,,,2,1.842023,,,,,,,,,,,,,,,,,,,,
GF01013582S,"the Upper Potaro River Basin in the Pakaraima Mountains, Potaro-Siparuni, Guyana",Neotropical,Boreal Brazilian,Guianan province,Dry forest|Moist forest,GF01013582S,Guianan province,1,0,0,0,0,0,0,5,0,0,0,0,0,0,0,0,0,0,0,0,0,0,0,0,0,0,0,0,root,6,2,83.33333333,83.33333333,,,2,1.569193,,,,,,,,,,,,,,,,,,,,
GF01013583S,"the Upper Potaro River Basin in the Pakaraima Mountains, Potaro-Siparuni, Guyana",Neotropical,Boreal Brazilian,Guianan province,Dry forest|Moist forest,GF01013583S,Guianan province,1,0,0,0,0,0,0,5,0,0,0,0,0,0,0,0,0,0,0,0,0,0,0,0,0,0,0,0,root,6,2,83.33333333,83.33333333,,,2,1.569193,,,,,,,,,,,,,,,,,,,,
GF01013584S,"the Upper Potaro River Basin in the Pakaraima Mountains, Potaro-Siparuni, Guyana",Neotropical,Boreal Brazilian,Guianan province,Dry forest|Moist forest,GF01013584S,Guianan province,1,0,0,0,0,0,0,2,0,0,0,0,0,0,0,0,0,0,0,0,0,0,0,0,0,0,0,0,root,3,2,66.66666667,66.66666667,,,2,1.889882,,,,,,,,,,,,,,,,,,,,
GF01013585S,"the Upper Potaro River Basin in the Pakaraima Mountains, Potaro-Siparuni, Guyana",Neotropical,Boreal Brazilian,Guianan province,Dry forest|Moist forest,GF01013585S,Guianan province,2,0,0,0,0,0,0,5,0,0,0,0,0,0,0,0,0,0,0,0,0,0,0,0,0,0,0,0,root,7,2,71.42857143,71.42857143,,,2,1.818969,,,,,,,,,,,,,,,,,,,,
GF01013586S,"the Upper Potaro River Basin in the Pakaraima Mountains, Potaro-Siparuni, Guyana",Neotropical,Boreal Brazilian,Guianan province,Dry forest|Moist forest,GF01013586S,Guianan province,0,0,0,0,0,0,0,4,0,0,0,0,0,0,0,0,0,0,0,0,0,0,0,0,0,0,0,0,root,4,1,100,100,,,1,1,,,,,,,,,,,,,,,,,,,,
GF01013587S,"the Upper Potaro River Basin in the Pakaraima Mountains, Potaro-Siparuni, Guyana",Neotropical,Boreal Brazilian,Guianan province,Dry forest|Moist forest,GF01013587S,Guianan province,1,0,0,0,0,0,0,6,0,0,0,0,0,0,0,0,0,0,0,0,0,0,0,0,0,0,0,0,root,7,2,85.71428571,85.71428571,,,2,1.506993,,,,,,,,,,,,,,,,,,,,
GF01013904S,"Austin Kerry, Memorial Forest, Florida, USA",N/A,N/A,N/A,Dry forest|Moist forest,GF01013904S,N/A,2,0,0,0,0,0,0,4,0,0,0,0,0,0,0,1,0,0,0,0,0,0,0,0,0,0,0,0,soil,7,3,57.14285714,57.14285714,,,3,2.60049,,,,,,,,,,,,,,,,,,,,
GF01013905S,"Austin Kerry, Memorial Forest, Florida, USA",N/A,N/A,N/A,Dry forest|Moist forest,GF01013905S,N/A,3,0,0,0,0,0,0,5,0,0,0,0,0,0,0,0,0,0,0,0,0,3,0,0,0,1,0,0,soil,12,4,41.66666667,41.66666667,,,4,3.543098,,,,,,,,,,,,,,,,,,,,
GF01013906S,"Austin Kerry, Memorial Forest, Florida, USA",N/A,N/A,N/A,Dry forest|Moist forest,GF01013906S,N/A,2,0,1,0,0,0,0,6,0,0,0,0,0,0,0,1,0,0,0,0,0,1,0,0,0,1,0,0,soil,12,6,50,50,,,6,4.364495,,,,,,,,,,,,,,,,,,,,
GF01013907S,"Austin Kerry, Memorial Forest, Florida, USA",N/A,N/A,N/A,Dry forest|Moist forest,GF01013907S,N/A,4,0,1,0,0,0,0,7,0,0,0,0,0,1,0,2,0,0,0,0,0,2,0,0,0,0,0,0,soil,17,6,41.17647059,41.17647059,,,6,4.677089,,,,,,,,,,,,,,,,,,,,
GF01013908S,"Austin Kerry, Memorial Forest, Florida, USA",N/A,N/A,N/A,Dry forest|Moist forest,GF01013908S,N/A,3,0,0,0,0,0,0,5,0,0,0,0,0,1,0,2,0,0,0,0,0,0,0,0,0,0,0,0,soil,11,4,45.45454545,45.45454545,,,4,3.457979,,,,,,,,,,,,,,,,,,,,
GF01013909S,"Austin Kerry, Memorial Forest, Florida, USA",N/A,N/A,N/A,Dry forest|Moist forest,GF01013909S,N/A,9,0,1,0,0,0,0,7,0,0,0,0,0,0,0,1,0,0,0,0,0,3,0,0,0,0,0,0,soil,21,5,33.33333333,33.33333333,,,5,3.659306,,,,,,,,,,,,,,,,,,,,
GF01013910S,"Austin Kerry, Memorial Forest, Florida, USA",N/A,N/A,N/A,Dry forest|Moist forest,GF01013910S,N/A,8,0,0,0,0,0,0,7,0,0,0,0,0,0,0,0,0,0,0,0,0,6,0,0,0,0,0,0,soil,21,3,33.33333333,33.33333333,,,3,2.979592,,,,,,,,,,,,,,,,,,,,
GF01013911S,"Austin Kerry, Memorial Forest, Florida, USA",N/A,N/A,N/A,Dry forest|Moist forest,GF01013911S,N/A,2,0,0,0,0,0,0,4,0,0,0,0,0,0,0,1,0,0,0,0,0,0,0,0,0,0,0,0,soil,7,3,57.14285714,57.14285714,,,3,2.60049,,,,,,,,,,,,,,,,,,,,
GF01013912S,"Austin Kerry, Memorial Forest, Florida, USA",N/A,N/A,N/A,Dry forest|Moist forest,GF01013912S,N/A,4,0,0,1,0,0,0,8,0,0,0,0,0,0,0,0,0,0,0,0,0,3,0,0,0,1,0,0,soil,17,5,47.05882353,47.05882353,,,5,3.798449,,,,,,,,,,,,,,,,,,,,
GF01013913S,"Austin Kerry, Memorial Forest, Florida, USA",N/A,N/A,N/A,Dry forest|Moist forest,GF01013913S,N/A,2,0,0,0,0,0,0,4,0,0,0,0,0,0,0,0,0,0,0,0,0,2,0,0,0,0,0,0,soil,8,3,50,50,,,3,2.828427,,,,,,,,,,,,,,,,,,,,
GF01013914S,"Austin Kerry, Memorial Forest, Florida, USA",N/A,N/A,N/A,Dry forest|Moist forest,GF01013914S,N/A,5,0,1,0,0,0,0,5,0,0,0,0,0,0,0,0,0,0,0,0,0,5,0,0,0,0,0,0,soil,16,4,31.25,31.25,,,4,3.538634,,,,,,,,,,,,,,,,,,,,
GF01013915S,"Austin Kerry, Memorial Forest, Florida, USA",N/A,N/A,N/A,Dry forest|Moist forest,GF01013915S,N/A,5,0,0,0,0,0,0,2,0,0,0,0,0,0,0,0,0,0,0,0,0,3,0,0,0,0,0,0,soil,10,3,20,20,,,3,2.800094,,,,,,,,,,,,,,,,,,,,
GF01013916S,"Austin Kerry, Memorial Forest, Florida, USA",N/A,N/A,N/A,Dry forest|Moist forest,GF01013916S,N/A,2,0,0,0,0,0,0,1,0,0,0,0,0,0,0,1,0,0,0,0,0,2,0,0,0,0,0,0,soil,6,4,16.66666667,16.66666667,,,4,3.779763,,,,,,,,,,,,,,,,,,,,
GF01013944S,"Austin Kerry, Memorial Forest, Florida, USA",N/A,N/A,N/A,Dry forest|Moist forest,GF01013944S,N/A,3,0,0,0,0,0,0,4,0,0,0,0,0,0,0,0,0,0,0,0,0,1,0,0,0,0,0,0,soil,8,3,50,50,,,3,2.649351,,,,,,,,,,,,,,,,,,,,
GF01013945S,"Austin Kerry, Memorial Forest, Florida, USA",N/A,N/A,N/A,Dry forest|Moist forest,GF01013945S,N/A,3,0,0,0,0,0,0,4,0,0,0,0,0,0,0,0,0,0,0,0,0,0,0,0,0,0,0,0,soil,7,2,57.14285714,57.14285714,,,2,1.979626,,,,,,,,,,,,,,,,,,,,
GF01013946S,"Mark Elliot’s Property, Florida, USA",N/A,N/A,N/A,Dry forest|Moist forest,GF01013946S,N/A,5,0,0,0,0,0,0,3,0,0,0,0,0,6,0,0,0,1,0,0,0,3,0,0,0,0,0,1,soil,19,6,15.78947368,15.78947368,,,6,4.993583,,,,,,,,,,,,,,,,,,,,
GF01013955S,"Mark Elliot’s Property, Florida, USA",N/A,N/A,N/A,Dry forest|Moist forest,GF01013955S,N/A,3,0,0,0,0,0,0,10,0,0,0,0,0,0,0,0,0,0,0,0,0,4,0,0,0,0,0,0,soil,17,3,58.82352941,58.82352941,,,3,2.608282,,,,,,,,,,,,,,,,,,,,
GF01013961S,"Austin Kerry, Memorial Forest, Florida, USA",N/A,N/A,N/A,Dry forest|Moist forest,GF01013961S,N/A,7,0,0,0,0,0,0,4,0,0,0,0,0,0,0,1,0,0,0,0,0,3,0,0,0,0,0,0,soil,15,4,26.66666667,26.66666667,,,4,3.355356,,,,,,,,,,,,,,,,,,,,
GF01013962S,"Austin Kerry, Memorial Forest, Florida, USA",N/A,N/A,N/A,Dry forest|Moist forest,GF01013962S,N/A,4,0,1,0,0,0,0,6,0,0,0,0,0,0,0,0,0,0,0,0,0,3,0,0,0,0,0,0,soil,14,4,42.85714286,42.85714286,,,4,3.454437,,,,,,,,,,,,,,,,,,,,
GF01014019S,"Mark Elliot’s Property, Florida, USA",N/A,N/A,N/A,Dry forest|Moist forest,GF01014019S,N/A,10,0,0,0,0,0,0,2,0,0,0,0,0,3,0,0,0,1,0,0,1,2,0,0,0,0,0,1,soil,20,7,10,10,,,7,4.669343,,,,,,,,,,,,,,,,,,,,
GF01014028S,"Mark Elliot’s Property, Florida, USA",N/A,N/A,N/A,Dry forest|Moist forest,GF01014028S,N/A,7,0,0,0,0,0,0,3,0,0,0,0,0,0,0,0,0,0,0,0,0,4,0,0,0,0,0,0,soil,14,3,21.42857143,21.42857143,,,3,2.813984,,,,,,,,,,,,,,,,,,,,
GF01014041S,"Mark Elliot’s Property, Florida, USA",N/A,N/A,N/A,Dry forest|Moist forest,GF01014041S,N/A,11,0,0,0,0,0,0,2,0,0,0,0,0,0,0,0,0,0,0,0,0,3,0,0,0,0,0,0,soil,16,3,12.5,12.5,,,3,2.296537,,,,,,,,,,,,,,,,,,,,
GF01014053S,"Mark Elliot’s Property, Florida, USA",N/A,N/A,N/A,Dry forest|Moist forest,GF01014053S,N/A,3,0,0,0,0,0,0,6,0,0,0,0,0,0,0,0,0,0,0,0,0,3,0,0,0,0,0,0,soil,12,3,50,50,,,3,2.828427,,,,,,,,,,,,,,,,,,,,
GF01014055S,"Mark Elliot’s Property, Florida, USA",N/A,N/A,N/A,Dry forest|Moist forest,GF01014055S,N/A,5,0,0,0,0,0,0,3,0,0,0,0,0,0,0,0,0,0,0,0,0,2,0,0,0,0,0,0,soil,10,3,30,30,,,3,2.800094,,,,,,,,,,,,,,,,,,,,
GF01014061S,"Mark Elliot’s Property, Florida, USA",N/A,N/A,N/A,Dry forest|Moist forest,GF01014061S,N/A,4,0,0,0,0,0,0,5,0,0,0,0,0,0,0,1,0,0,0,0,0,3,0,0,0,1,0,1,soil,15,6,33.33333333,33.33333333,,,6,4.865502,,,,,,,,,,,,,,,,,,,,
GF01014078S,"Mark Elliot’s Property, Florida, USA",N/A,N/A,N/A,Dry forest|Moist forest,GF01014078S,N/A,7,0,0,0,0,0,0,5,0,0,0,0,0,1,0,0,0,0,0,0,0,7,0,0,0,0,0,1,soil,21,5,23.80952381,23.80952381,,,5,3.912003,,,,,,,,,,,,,,,,,,,,
GF01014101S,"Mark Elliot’s Property, Florida, USA",N/A,N/A,N/A,Dry forest|Moist forest,GF01014101S,N/A,6,0,0,0,0,0,0,7,0,0,0,0,0,1,0,0,0,0,0,0,0,3,0,0,0,0,0,1,soil,18,5,38.88888889,38.88888889,,,5,3.870074,,,,,,,,,,,,,,,,,,,,
GF01014110S,"Austin Kerry, Memorial Forest, Florida, USA",N/A,N/A,N/A,Dry forest|Moist forest,GF01014110S,N/A,15,0,0,2,0,0,0,4,0,0,0,0,0,0,0,2,0,0,0,0,0,3,0,0,0,0,0,0,soil,26,5,15.38461538,15.38461538,,,5,3.487143,,,,,,,,,,,,,,,,,,,,
GF01014164S,"Mark Elliot’s Property, Florida, USA",N/A,N/A,N/A,Dry forest|Moist forest,GF01014164S,N/A,3,0,0,0,0,0,0,4,0,0,0,0,0,0,0,0,0,0,0,0,0,3,0,0,0,0,0,0,soil,10,3,40,40,,,3,2.971004,,,,,,,,,,,,,,,,,,,,
GF01014174S,"Austin Kerry, Memorial Forest, Florida, USA",N/A,N/A,N/A,Dry forest|Moist forest,GF01014174S,N/A,7,0,0,0,0,0,0,4,0,0,0,0,0,0,0,0,0,0,0,0,0,2,0,0,0,0,0,0,soil,13,3,30.76923077,30.76923077,,,3,2.675032,,,,,,,,,,,,,,,,,,,,
GF01014206S,"Mark Elliot’s Property, Florida, USA",N/A,N/A,N/A,Dry forest|Moist forest,GF01014206S,N/A,7,0,0,0,0,0,0,9,0,0,0,0,0,0,0,0,0,0,0,0,0,4,0,0,0,0,0,1,soil,21,4,42.85714286,42.85714286,,,4,3.287614,,,,,,,,,,,,,,,,,,,,
GF01014212S,"Austin Kerry, Memorial Forest, Florida, USA",N/A,N/A,N/A,Dry forest|Moist forest,GF01014212S,N/A,3,0,0,0,0,0,0,6,0,0,0,0,0,0,0,0,0,0,0,0,0,3,0,0,0,0,0,0,soil,12,3,50,50,,,3,2.828427,,,,,,,,,,,,,,,,,,,,
GF01014213S,"Austin Kerry, Memorial Forest, Florida, USA",N/A,N/A,N/A,Dry forest|Moist forest,GF01014213S,N/A,4,0,0,1,0,0,0,6,0,0,0,0,0,0,0,0,0,0,0,0,0,1,0,0,0,0,0,0,soil,12,4,50,50,,,4,3.086164,,,,,,,,,,,,,,,,,,,,
GF01014214S,"Austin Kerry, Memorial Forest, Florida, USA",N/A,N/A,N/A,Dry forest|Moist forest,GF01014214S,N/A,4,0,0,0,0,0,1,4,0,0,0,0,0,0,0,0,0,0,0,0,0,2,0,0,0,0,0,0,soil,11,4,36.36363636,36.36363636,,,4,3.538328,,,,,,,,,,,,,,,,,,,,
GF01014215S,"Austin Kerry, Memorial Forest, Florida, USA",N/A,N/A,N/A,Dry forest|Moist forest,GF01014215S,N/A,9,0,2,0,0,0,0,5,0,0,0,0,0,1,0,0,0,0,0,0,0,5,0,0,0,0,0,0,soil,22,5,22.72727273,22.72727273,,,5,4.045486,,,,,,,,,,,,,,,,,,,,
GF01014216S,"Austin Kerry, Memorial Forest, Florida, USA",N/A,N/A,N/A,Dry forest|Moist forest,GF01014216S,N/A,3,0,0,0,0,0,0,2,0,0,0,0,0,0,0,0,0,0,0,0,0,0,0,0,0,0,0,0,soil,5,2,40,40,,,2,1.960132,,,,,,,,,,,,,,,,,,,,
GF01014222S,"Mark Elliot’s Property, Florida, USA",N/A,N/A,N/A,Dry forest|Moist forest,GF01014222S,N/A,1,0,0,0,0,0,0,2,0,0,0,0,0,1,0,0,0,1,0,0,0,2,0,0,0,0,0,0,soil,7,5,28.57142857,28.57142857,,,5,4.710651,,,,,,,,,,,,,,,,,,,,
GF01014228S,"Mark Elliot’s Property, Florida, USA",N/A,N/A,N/A,Dry forest|Moist forest,GF01014228S,N/A,1,0,0,0,0,0,0,2,0,0,0,0,0,0,0,0,0,0,0,0,0,2,0,0,0,0,0,0,soil,5,3,40,40,,,3,2.871746,,,,,,,,,,,,,,,,,,,,
GF01014245S,"Austin Kerry, Memorial Forest, Florida, USA",N/A,N/A,N/A,Dry forest|Moist forest,GF01014245S,N/A,8,0,0,0,0,0,1,5,0,0,0,0,0,1,0,0,0,0,0,0,0,2,0,0,0,0,0,0,soil,17,5,29.41176471,29.41176471,,,5,3.668349,,,,,,,,,,,,,,,,,,,,
GF01014269S,"Mark Elliot’s Property, Florida, USA",N/A,N/A,N/A,Dry forest|Moist forest,GF01014269S,N/A,3,0,0,0,0,0,0,4,0,0,0,0,0,1,0,0,0,0,0,0,0,2,0,0,0,0,0,0,soil,10,4,40,40,,,4,3.596115,,,,,,,,,,,,,,,,,,,,
GF01014276S,"Mark Elliot’s Property, Florida, USA",N/A,N/A,N/A,Dry forest|Moist forest,GF01014276S,N/A,9,0,0,0,0,0,0,5,0,0,0,0,0,1,0,0,0,1,0,0,0,5,0,0,0,0,0,0,soil,21,5,23.80952381,23.80952381,,,5,3.805532,,,,,,,,,,,,,,,,,,,,
GF01014290S,"Mark Elliot’s Property, Florida, USA",N/A,N/A,N/A,Dry forest|Moist forest,GF01014290S,N/A,15,0,0,0,0,0,0,2,0,0,0,0,0,0,0,0,0,1,0,0,0,0,0,0,0,0,0,1,soil,19,4,10.52631579,10.52631579,,,4,2.082443,,,,,,,,,,,,,,,,,,,,
GF01014307S,"Mark Elliot’s Property, Florida, USA",N/A,N/A,N/A,Dry forest|Moist forest,GF01014307S,N/A,4,0,0,0,0,0,0,1,0,0,0,0,0,5,0,0,0,1,0,0,0,0,0,0,0,0,0,0,soil,11,4,9.090909091,9.090909091,,,4,3.197041,,,,,,,,,,,,,,,,,,,,
GF01014340S,"Mark Elliot’s Property, Florida, USA",N/A,N/A,N/A,Dry forest|Moist forest,GF01014340S,N/A,3,0,0,0,0,0,0,2,0,0,0,0,0,0,0,0,0,0,0,0,0,2,0,0,0,0,0,0,soil,7,3,28.57142857,28.57142857,,,3,2.941713,,,,,,,,,,,,,,,,,,,,
GF01014359S,"Mark Elliot’s Property, Florida, USA",N/A,N/A,N/A,Dry forest|Moist forest,GF01014359S,N/A,4,0,0,0,0,0,0,2,0,0,0,0,0,2,0,0,0,1,0,0,0,5,0,0,0,0,0,0,soil,14,5,14.28571429,14.28571429,,,5,4.349809,,,,,,,,,,,,,,,,,,,,
GF01014394S,"Mark Elliot’s Property, Florida, USA",N/A,N/A,N/A,Dry forest|Moist forest,GF01014394S,N/A,2,0,0,0,0,0,0,3,0,0,0,0,0,0,0,0,0,0,0,0,0,3,0,0,0,0,0,0,soil,8,3,37.5,37.5,,,3,2.951152,,,,,,,,,,,,,,,,,,,,
GF01014400S,"Mark Elliot’s Property, Florida, USA",N/A,N/A,N/A,Dry forest|Moist forest,GF01014400S,N/A,5,0,0,0,0,0,0,9,0,0,0,0,0,0,0,0,0,1,0,0,0,3,0,0,0,0,0,2,soil,20,5,45,45,,,5,3.937379,,,,,,,,,,,,,,,,,,,,
GF01014402S,"Mark Elliot’s Property, Florida, USA",N/A,N/A,N/A,Dry forest|Moist forest,GF01014402S,N/A,2,0,0,0,0,0,0,2,0,0,0,0,0,1,0,0,0,1,0,0,0,0,0,0,0,0,0,2,soil,8,5,25,25,,,5,4.756828,,,,,,,,,,,,,,,,,,,,
GF01014412S,"Mark Elliot’s Property, Florida, USA",N/A,N/A,N/A,Dry forest|Moist forest,GF01014412S,N/A,4,0,0,0,0,0,0,5,0,0,0,0,0,0,0,0,0,0,0,0,0,3,0,0,0,0,0,0,soil,12,3,41.66666667,41.66666667,,,3,2.937493,,,,,,,,,,,,,,,,,,,,
GF01014454S,"Mark Elliot’s Property, Florida, USA",N/A,N/A,N/A,Dry forest|Moist forest,GF01014454S,N/A,2,0,0,0,0,0,0,2,0,0,0,0,0,0,0,0,0,0,0,0,0,1,0,0,0,0,0,0,soil,5,3,40,40,,,3,2.871746,,,,,,,,,,,,,,,,,,,,
GF01014458S,"Mark Elliot’s Property, Florida, USA",N/A,N/A,N/A,Dry forest|Moist forest,GF01014458S,N/A,0,0,0,0,0,0,0,0,0,0,0,0,0,0,0,0,0,0,0,0,0,0,0,0,0,0,0,0,soil,0,0,#DIV/0!,0,,,0,1,,,,,,,,,,,,,,,,,,,,
GF01016035S,"Argentina, Tierra del Fuego, Jeujepen South, Lowland",N/A,N/A,N/A,Moist forest|Wet forest,GF01016035S,N/A,20,0,0,0,0,0,0,9,0,1,0,0,0,11,0,2,1,0,0,0,0,9,0,0,0,0,0,3,soil,56,8,16.07142857,16.07142857,,,8,5.444315,,,,,,,,,,,,,,,,,,,,
GF01016036S,"Chile, Magallanes, Karukinka South, Mid-elevation",N/A,N/A,N/A,Moist forest|Wet forest,GF01016036S,N/A,52,0,0,0,0,0,0,13,0,3,0,0,1,25,0,3,2,0,0,0,0,22,0,0,0,0,0,7,soil,128,9,10.15625,10.15625,,,9,5.246863,,,,,,,,,,,,,,,,,,,,
GF01016037S,"Argentina, Tierra del Fuego, Jeujepen South, Lowland",N/A,N/A,N/A,Moist forest|Wet forest,GF01016037S,N/A,41,0,0,0,0,0,0,18,0,1,0,0,0,18,0,1,1,1,0,0,0,12,0,0,0,1,0,4,soil,98,10,18.36734694,18.36734694,,,10,4.996328,,,,,,,,,,,,,,,,,,,,
GF01016038S,"Argentina, Tierra del Fuego, Jeujepen South, Mid-elevation",N/A,N/A,N/A,Moist forest|Wet forest,GF01016038S,N/A,31,0,0,1,0,0,0,13,0,0,0,0,0,4,0,1,0,1,0,0,1,10,0,0,0,0,0,9,soil,71,9,18.30985915,18.30985915,,,9,5.01666,,,,,,,,,,,,,,,,,,,,
GF01016039S,"Chile, Magallanes, Karukinka North, Lowland",N/A,N/A,N/A,Dry forest|Moist forest,GF01016039S,N/A,41,0,0,1,0,0,0,3,0,1,0,0,0,11,0,2,0,7,0,0,0,31,0,0,0,1,0,3,soil,101,10,2.97029703,2.97029703,,,10,4.848275,,,,,,,,,,,,,,,,,,,,
GF01016040S,"Argentina, Tierra del Fuego, Jeujepen North, Treeline",N/A,N/A,N/A,Moist forest|Wet forest,GF01016040S,N/A,53,0,0,0,0,0,0,14,0,3,0,1,1,11,0,3,0,2,0,0,1,13,0,0,0,1,0,2,soil,105,12,13.33333333,13.33333333,,,12,5.155568,,,,,,,,,,,,,,,,,,,,
GF01016041S,"Chile, Magallanes, Karukinka North, Lowland",N/A,N/A,N/A,Dry forest|Moist forest,GF01016041S,N/A,21,0,0,0,0,0,0,10,0,0,0,0,0,1,0,0,1,0,0,0,1,12,0,0,0,0,0,12,soil,58,7,17.24137931,17.24137931,,,7,4.631502,,,,,,,,,,,,,,,,,,,,
GF01016042S,"Argentina, Tierra del Fuego, Andorra North, Treeline",N/A,N/A,N/A,Moist forest|Wet forest,GF01016042S,N/A,51,0,0,0,0,0,0,17,0,2,0,1,2,16,0,2,0,3,0,0,1,15,0,0,0,0,0,8,soil,118,11,14.40677966,14.40677966,,,11,5.690618,,,,,,,,,,,,,,,,,,,,
GF01016043S,"Chile, Magallanes, Karukinka North, Mid-elevation",N/A,N/A,N/A,Moist forest|Wet forest,GF01016043S,N/A,54,0,0,0,0,0,0,19,0,2,0,0,1,16,0,2,2,0,0,0,1,22,0,0,0,1,0,5,soil,125,11,15.2,15.2,,,11,5.264333,,,,,,,,,,,,,,,,,,,,
GF01016044S,"Chile, Magallanes, Karukinka South, Lowland",N/A,N/A,N/A,Steppe|Moist forest,GF01016044S,N/A,33,0,0,0,1,0,0,14,0,2,0,0,1,7,0,0,1,0,0,0,0,16,0,0,0,1,0,5,soil,81,10,17.28395062,17.28395062,,,10,5.37368,,,,,,,,,,,,,,,,,,,,
GF01016045S,"Argentina, Tierra del Fuego, Andorra North, Mid-elevation",N/A,N/A,N/A,Moist forest|Wet forest,GF01016045S,N/A,26,0,0,0,0,0,0,24,0,0,0,0,0,9,0,0,0,0,0,0,0,6,0,0,0,0,0,7,soil,72,5,33.33333333,33.33333333,,,5,4.168799,,,,,,,,,,,,,,,,,,,,
GF01016046S,"Chile, Magallanes, Karukinka North, Treeline",N/A,N/A,N/A,Moist forest|Wet forest,GF01016046S,N/A,45,0,0,0,0,0,0,11,0,2,0,0,3,11,0,2,2,0,0,0,1,24,0,0,0,0,0,4,soil,105,10,10.47619048,10.47619048,,,10,5.311618,,,,,,,,,,,,,,,,,,,,
GF01016047S,"Argentina, Tierra del Fuego, Andorra North, Treeline",N/A,N/A,N/A,Moist forest|Wet forest,GF01016047S,N/A,49,0,0,0,0,0,0,12,0,2,0,0,4,12,0,2,1,2,0,0,3,16,0,0,0,0,0,3,soil,106,11,11.32075472,11.32075472,,,11,5.638017,,,,,,,,,,,,,,,,,,,,
GF01016048S,"Argentina, Tierra del Fuego, Jeujepen North, Lowland",N/A,N/A,N/A,Dry forest|Moist forest,GF01016048S,N/A,48,0,0,3,0,0,0,13,0,0,0,0,0,12,0,1,0,3,0,0,1,15,0,1,0,3,0,4,soil,104,11,12.5,12.5,,,11,5.536534,,,,,,,,,,,,,,,,,,,,
GF01016049S,"Argentina, Tierra del Fuego, Andorra South, Lowland",N/A,N/A,N/A,Dry forest|Moist forest,GF01016049S,N/A,74,0,0,1,0,0,0,13,1,2,0,0,1,14,0,1,1,4,0,0,0,20,0,0,0,1,0,8,soil,141,13,9.219858156,9.219858156,,,13,4.949575,,,,,,,,,,,,,,,,,,,,
GF01016050S,"Argentina, Tierra del Fuego, Andorra South, Lowland",N/A,N/A,N/A,Dry forest|Moist forest,GF01016050S,N/A,55,0,0,1,0,0,1,12,0,1,0,0,0,6,0,1,1,4,0,0,1,13,0,0,0,0,0,9,soil,105,12,11.42857143,11.42857143,,,12,5.001789,,,,,,,,,,,,,,,,,,,,
GF01016051S,"Chile, Magallanes, Karukinka North, Treeline",N/A,N/A,N/A,Moist forest|Wet forest,GF01016051S,N/A,65,0,0,1,0,0,1,13,0,4,0,0,1,12,0,3,2,8,0,0,2,31,0,0,0,1,0,5,soil,149,14,8.724832215,8.724832215,,,14,6.055321,,,,,,,,,,,,,,,,,,,,
GF01016052S,"Argentina, Tierra del Fuego, Andorra North, Lowland",N/A,N/A,N/A,Moist forest|Wet forest,GF01016052S,N/A,61,0,0,1,0,0,0,14,0,1,0,0,0,6,0,0,0,1,0,0,1,20,0,0,0,1,0,6,soil,112,10,12.5,12.5,,,10,4.148439,,,,,,,,,,,,,,,,,,,,
GF01016053S,"Chile, Magallanes, Karukinka North, Lowland",N/A,N/A,N/A,Dry forest|Moist forest,GF01016053S,N/A,67,0,0,0,0,0,1,3,0,1,0,0,0,13,0,1,0,8,0,0,0,25,0,0,0,2,0,6,soil,127,10,2.362204724,2.362204724,,,10,4.380956,,,,,,,,,,,,,,,,,,,,
GF01016054S,"Chile, Magallanes, Karukinka North, Mid-elevation",N/A,N/A,N/A,Moist forest|Wet forest,GF01016054S,N/A,64,0,0,0,0,0,0,15,0,2,0,0,1,20,0,2,3,1,0,0,0,19,0,0,0,0,0,4,soil,131,10,11.45038168,11.45038168,,,10,4.759874,,,,,,,,,,,,,,,,,,,,
GF01016055S,"Chile, Magallanes, Karukinka North, Lowland",N/A,N/A,N/A,Dry forest|Moist forest,GF01016055S,N/A,91,0,0,5,0,0,1,7,0,1,0,0,0,19,0,2,0,7,0,0,0,35,0,0,0,4,0,7,soil,179,11,3.910614525,3.910614525,,,11,4.828166,,,,,,,,,,,,,,,,,,,,
GF01016056S,"Chile, Magallanes, Karukinka South, Treeline",N/A,N/A,N/A,Moist forest,GF01016056S,N/A,109,0,0,1,9,0,3,24,0,3,0,1,1,18,0,2,2,8,0,0,3,33,0,0,0,5,0,10,soil,232,16,10.34482759,10.34482759,,,16,6.339504,,,,,,,,,,,,,,,,,,,,
GF01016057S,"Argentina, Tierra del Fuego, Jeujepen North, Treeline",N/A,N/A,N/A,Moist forest|Wet forest,GF01016057S,N/A,32,0,0,0,0,0,0,17,0,2,0,0,0,14,0,1,0,1,0,0,2,14,0,0,0,1,0,2,soil,86,10,19.76744186,19.76744186,,,10,5.458261,,,,,,,,,,,,,,,,,,,,
GF01016058S,"Argentina, Tierra del Fuego, Jeujepen North, Lowland",N/A,N/A,N/A,Dry forest|Moist forest,GF01016058S,N/A,52,0,0,2,0,0,1,21,0,1,0,0,0,10,0,3,1,1,0,0,1,20,0,0,0,1,0,12,soil,126,13,16.66666667,16.66666667,,,13,5.848084,,,,,,,,,,,,,,,,,,,,
GF01016059S,"Argentina, Tierra del Fuego, Andorra South, Lowland",N/A,N/A,N/A,Dry forest|Moist forest,GF01016059S,N/A,56,2,0,1,2,0,1,13,0,1,1,0,1,12,0,1,0,3,0,0,0,14,0,0,0,1,0,9,soil,118,15,11.01694915,11.01694915,,,15,6.007123,,,,,,,,,,,,,,,,,,,,
GF01016060S,"Argentina, Tierra del Fuego, Jeujepen South, Mid-elevation",N/A,N/A,N/A,Moist forest|Wet forest,GF01016060S,N/A,35,0,0,0,0,0,0,14,0,2,0,0,0,14,0,1,0,2,0,0,1,11,0,0,0,0,0,2,soil,82,9,17.07317073,17.07317073,,,9,5.031228,,,,,,,,,,,,,,,,,,,,
GF01016061S,"Argentina, Tierra del Fuego, Andorra North, Mid-elevation",N/A,N/A,N/A,Moist forest|Wet forest,GF01016061S,N/A,38,0,0,0,0,0,0,21,0,2,0,0,0,13,0,1,0,3,0,0,1,14,0,0,0,0,0,7,soil,100,9,21,21,,,9,5.460778,,,,,,,,,,,,,,,,,,,,
GF01016062S,"Argentina, Tierra del Fuego, Andorra North, Mid-elevation",N/A,N/A,N/A,Moist forest|Wet forest,GF01016062S,N/A,35,0,0,0,0,0,1,18,0,0,0,0,0,6,0,0,0,0,0,0,0,9,0,0,0,0,0,5,soil,74,6,24.32432432,24.32432432,,,6,4.047764,,,,,,,,,,,,,,,,,,,,
GF01016063S,"Argentina, Tierra del Fuego, Jeujepen South, Lowland",N/A,N/A,N/A,Moist forest|Wet forest,GF01016063S,N/A,50,0,0,0,0,0,1,12,0,2,0,0,3,13,0,4,1,2,0,0,2,17,0,0,0,1,0,8,soil,116,13,10.34482759,10.34482759,,,13,6.373653,,,,,,,,,,,,,,,,,,,,
GF01016064S,"Argentina, Tierra del Fuego, Andorra North, Lowland",N/A,N/A,N/A,Moist forest|Wet forest,GF01016064S,N/A,38,0,0,1,0,0,0,17,0,0,0,0,0,5,0,0,0,0,0,0,1,12,0,0,0,0,0,3,soil,77,7,22.07792208,22.07792208,,,7,4.009025,,,,,,,,,,,,,,,,,,,,
GF01016065S,"Chile, Magallanes, Karukinka North, Treeline",N/A,N/A,N/A,Moist forest|Wet forest,GF01016065S,N/A,26,0,0,0,0,0,0,10,0,2,0,0,0,14,0,2,1,0,0,0,1,22,0,0,0,0,0,3,soil,81,9,12.34567901,12.34567901,,,9,5.439984,,,,,,,,,,,,,,,,,,,,
GF01016066S,"Chile, Magallanes, Karukinka North, Treeline",N/A,N/A,N/A,Moist forest|Wet forest,GF01016066S,N/A,42,0,0,0,0,0,0,9,0,2,0,0,1,13,0,1,1,2,0,0,2,26,0,0,0,0,0,7,soil,106,11,8.490566038,8.490566038,,,11,5.553651,,,,,,,,,,,,,,,,,,,,
GF01016067S,"Argentina, Tierra del Fuego, Andorra South, Mid-elevation",N/A,N/A,N/A,Moist forest|Wet forest,GF01016067S,N/A,47,0,0,0,0,0,0,14,0,0,0,0,1,17,0,1,1,0,0,0,0,22,0,0,0,0,0,5,soil,108,8,12.96296296,12.96296296,,,8,4.546544,,,,,,,,,,,,,,,,,,,,
GF01016068S,"Argentina, Tierra del Fuego, Andorra North, Lowland",N/A,N/A,N/A,Moist forest|Wet forest,GF01016068S,N/A,36,0,0,1,0,0,0,15,0,0,0,0,0,5,0,1,0,3,0,0,1,14,0,0,0,0,0,5,soil,81,9,18.51851852,18.51851852,,,9,4.976688,,,,,,,,,,,,,,,,,,,,
GF01016069S,"Argentina, Tierra del Fuego, Jeujepen North, Treeline",N/A,N/A,N/A,Moist forest|Wet forest,GF01016069S,N/A,50,0,0,0,0,0,0,14,0,5,0,0,1,11,0,3,0,4,0,1,3,13,0,0,0,1,0,3,soil,109,12,12.8440367,12.8440367,,,12,6.016874,,,,,,,,,,,,,,,,,,,,
GF01016070S,"Argentina, Tierra del Fuego, Andorra North, Treeline",N/A,N/A,N/A,Moist forest|Wet forest,GF01016070S,N/A,51,0,0,0,0,0,0,15,0,1,0,1,2,14,0,1,1,2,0,0,2,15,0,0,0,3,0,3,soil,111,13,13.51351351,13.51351351,,,13,5.70535,,,,,,,,,,,,,,,,,,,,
GF01016071S,"Chile, Magallanes, Karukinka North, Mid-elevation",N/A,N/A,N/A,Moist forest|Wet forest,GF01016071S,N/A,62,0,0,0,0,0,0,15,0,6,0,0,0,16,0,2,2,0,0,0,1,18,0,0,0,1,0,3,soil,126,10,11.9047619,11.9047619,,,10,4.877407,,,,,,,,,,,,,,,,,,,,
GF01016072S,"Argentina, Tierra del Fuego, Jeujepen North, Mid-elevation",N/A,N/A,N/A,Moist forest|Wet forest,GF01016072S,N/A,105,0,0,2,0,0,1,16,0,1,0,1,0,9,0,4,2,4,0,0,2,26,0,0,0,3,0,15,soil,191,14,8.376963351,8.376963351,,,14,4.976573,,,,,,,,,,,,,,,,,,,,
GF01016073S,"Chile, Magallanes, Karukinka North, Lowland",N/A,N/A,N/A,Dry forest|Moist forest,GF01016073S,N/A,65,0,0,0,2,0,0,3,0,2,0,0,1,13,0,2,0,7,0,0,0,33,0,0,0,7,0,3,soil,138,11,2.173913043,2.173913043,,,11,4.992796,,,,,,,,,,,,,,,,,,,,
GF01016074S,"Argentina, Tierra del Fuego, Jeujepen South, Treeline",N/A,N/A,N/A,Moist forest|Wet forest,GF01016074S,N/A,31,0,0,0,0,0,0,10,0,3,0,0,0,11,0,1,1,2,0,0,1,8,0,0,0,0,0,9,soil,77,10,12.98701299,12.98701299,,,10,5.9657,,,,,,,,,,,,,,,,,,,,
GF01016075S,"Argentina, Tierra del Fuego, Jeujepen North, Mid-elevation",N/A,N/A,N/A,Moist forest|Wet forest,GF01016075S,N/A,38,0,0,1,0,0,0,16,0,0,0,0,0,5,0,0,0,2,0,0,0,9,0,0,0,1,0,8,soil,80,8,20,20,,,8,4.602525,,,,,,,,,,,,,,,,,,,,
GF01016076S,"Argentina, Tierra del Fuego, Jeujepen South, Lowland",N/A,N/A,N/A,Moist forest|Wet forest,GF01016076S,N/A,31,0,0,0,0,0,0,9,0,2,0,0,0,7,0,2,1,0,0,0,2,15,0,0,0,2,0,8,soil,79,10,11.39240506,11.39240506,,,10,6.07535,,,,,,,,,,,,,,,,,,,,
GF01016077S,"Argentina, Tierra del Fuego, Andorra South, Lowland",N/A,N/A,N/A,Dry forest|Moist forest,GF01016077S,N/A,49,1,0,1,0,0,1,10,0,0,0,0,2,10,0,0,0,1,0,0,1,14,0,0,0,1,0,6,soil,97,12,10.30927835,10.30927835,,,12,5.093489,,,,,,,,,,,,,,,,,,,,
GF01016078S,"Argentina, Tierra del Fuego, Andorra North, Treeline",N/A,N/A,N/A,Moist forest|Wet forest,GF01016078S,N/A,53,0,0,0,0,0,0,12,0,2,0,0,0,10,0,2,2,1,0,0,1,16,0,0,0,3,0,5,soil,107,11,11.21495327,11.21495327,,,11,5.222046,,,,,,,,,,,,,,,,,,,,
GF01016079S,"Argentina, Tierra del Fuego, Andorra South, Mid-elevation",N/A,N/A,N/A,Moist forest|Wet forest,GF01016079S,N/A,22,0,0,0,0,0,0,13,0,1,0,0,0,9,0,1,1,1,0,0,0,14,0,0,0,0,0,4,soil,66,9,19.6969697,19.6969697,,,9,5.532559,,,,,,,,,,,,,,,,,,,,
GF01016080S,"Chile, Magallanes, Karukinka North, Mid-elevation",N/A,N/A,N/A,Moist forest|Wet forest,GF01016080S,N/A,62,0,0,0,0,0,0,28,0,5,0,0,0,14,0,1,2,1,0,0,2,24,0,0,0,1,0,4,soil,144,11,19.44444444,19.44444444,,,11,5.181154,,,,,,,,,,,,,,,,,,,,
GF01016081S,"Argentina, Tierra del Fuego, Jeujepen North, Mid-elevation",N/A,N/A,N/A,Moist forest|Wet forest,GF01016081S,N/A,60,0,0,0,0,0,1,23,0,0,0,0,1,17,0,4,0,1,0,0,2,14,0,0,0,1,0,10,soil,134,11,17.1641791,17.1641791,,,11,5.299685,,,,,,,,,,,,,,,,,,,,
GF01016082S,"Argentina, Tierra del Fuego, Jeujepen North, Treeline",N/A,N/A,N/A,Moist forest|Wet forest,GF01016082S,N/A,45,0,0,0,0,0,1,14,0,1,0,0,2,13,0,1,1,4,0,0,1,14,0,0,0,0,0,3,soil,100,12,14,14,,,12,5.570693,,,,,,,,,,,,,,,,,,,,
GF01016083S,"Argentina, Tierra del Fuego, Andorra South, Mid-elevation",N/A,N/A,N/A,Moist forest|Wet forest,GF01016083S,N/A,27,0,0,0,0,0,0,13,0,1,0,0,0,8,0,0,1,0,0,0,0,13,0,0,0,0,0,2,soil,65,7,20,20,,,7,4.49115,,,,,,,,,,,,,,,,,,,,
GF01016084S,"Chile, Magallanes, Karukinka South, Lowland",N/A,N/A,N/A,Steppe|Moist forest,GF01016084S,N/A,51,0,0,0,0,0,0,26,0,1,0,0,0,9,0,1,1,1,0,0,0,19,0,0,0,2,0,5,soil,116,10,22.4137931,22.4137931,,,10,4.761694,,,,,,,,,,,,,,,,,,,,
GF01016085S,"Chile, Magallanes, Karukinka South, Treeline",N/A,N/A,N/A,Moist forest,GF01016085S,N/A,41,0,0,0,0,0,1,14,0,2,0,1,3,20,0,1,1,2,0,0,1,15,0,0,0,2,0,6,soil,110,14,12.72727273,12.72727273,,,14,6.692517,,,,,,,,,,,,,,,,,,,,
GF01016086S,"Argentina, Tierra del Fuego, Jeujepen North, Mid-elevation",N/A,N/A,N/A,Moist forest|Wet forest,GF01016086S,N/A,59,0,0,0,0,0,0,15,0,3,0,0,1,11,0,1,0,5,0,0,2,18,0,0,0,0,0,7,soil,122,10,12.29508197,12.29508197,,,10,5.157742,,,,,,,,,,,,,,,,,,,,
GF01016087S,"Argentina, Tierra del Fuego, Jeujepen North, Treeline",N/A,N/A,N/A,Moist forest|Wet forest,GF01016087S,N/A,49,0,0,0,0,0,0,18,0,4,0,0,0,8,0,3,1,2,0,0,1,14,0,0,0,4,0,5,soil,109,11,16.51376147,16.51376147,,,11,5.779948,,,,,,,,,,,,,,,,,,,,
GF01016088S,"Argentina, Tierra del Fuego, Andorra North, Mid-elevation",N/A,N/A,N/A,Moist forest|Wet forest,GF01016088S,N/A,29,0,0,0,0,0,0,21,0,4,0,0,0,14,0,0,2,1,0,0,1,18,0,0,0,0,0,2,soil,92,9,22.82608696,22.82608696,,,9,5.517359,,,,,,,,,,,,,,,,,,,,
GF01016089S,"Argentina, Tierra del Fuego, Jeujepen North, Treeline",N/A,N/A,N/A,Moist forest|Wet forest,GF01016089S,N/A,30,0,0,1,0,0,1,10,0,2,0,0,0,11,0,3,1,1,0,0,1,12,0,0,0,0,0,2,soil,75,12,13.33333333,13.33333333,,,12,6.17068,,,,,,,,,,,,,,,,,,,,
GF01016090S,"Chile, Magallanes, Karukinka South, Treeline",N/A,N/A,N/A,Moist forest,GF01016090S,N/A,25,0,0,0,0,0,0,16,0,0,0,0,0,18,0,1,0,1,0,0,1,10,0,0,0,0,0,3,soil,75,8,21.33333333,21.33333333,,,8,4.994807,,,,,,,,,,,,,,,,,,,,
GF01016091S,"Argentina, Tierra del Fuego, Jeujepen North, Lowland",N/A,N/A,N/A,Dry forest|Moist forest,GF01016091S,N/A,44,0,0,2,0,0,1,12,0,0,0,0,0,8,0,0,0,1,0,0,1,18,0,0,0,1,0,9,soil,97,10,12.37113402,12.37113402,,,10,5.077121,,,,,,,,,,,,,,,,,,,,
GF01016092S,"Argentina, Tierra del Fuego, Jeujepen South, Treeline",N/A,N/A,N/A,Moist forest|Wet forest,GF01016092S,N/A,72,0,0,2,0,0,1,14,0,4,0,0,5,20,0,2,0,10,0,0,2,16,0,0,0,1,0,10,soil,159,13,8.805031447,8.805031447,,,13,6.314383,,,,,,,,,,,,,,,,,,,,
GF01016093S,"Argentina, Tierra del Fuego, Jeujepen North, Lowland",N/A,N/A,N/A,Dry forest|Moist forest,GF01016093S,N/A,85,0,0,5,0,0,0,15,0,1,0,0,0,8,0,3,0,6,0,0,2,27,0,0,0,3,0,10,soil,165,11,9.090909091,9.090909091,,,11,5.099552,,,,,,,,,,,,,,,,,,,,
GF01016094S,"Chile, Magallanes, Karukinka North, Mid-elevation",N/A,N/A,N/A,Moist forest|Wet forest,GF01016094S,N/A,62,0,0,0,0,0,0,18,0,8,0,0,0,19,0,2,2,3,0,0,1,15,0,0,0,0,0,3,soil,133,10,13.53383459,13.53383459,,,10,5.226298,,,,,,,,,,,,,,,,,,,,
GF01016095S,"Argentina, Tierra del Fuego, Andorra North, Lowland",N/A,N/A,N/A,Moist forest|Wet forest,GF01016095S,N/A,58,0,0,1,2,0,1,22,0,0,0,0,0,9,0,2,0,2,0,0,1,18,0,0,0,1,0,3,soil,120,12,18.33333333,18.33333333,,,12,4.942063,,,,,,,,,,,,,,,,,,,,
GF01016096S,"Argentina, Tierra del Fuego, Jeujepen North, Mid-elevation",N/A,N/A,N/A,Moist forest|Wet forest,GF01016096S,N/A,45,0,0,3,0,0,0,16,0,1,0,0,0,5,0,0,0,2,0,0,2,12,0,0,0,1,0,5,soil,92,10,17.39130435,17.39130435,,,10,5.015968,,,,,,,,,,,,,,,,,,,,
GF01016097S,"Argentina, Tierra del Fuego, Andorra North, Treeline",N/A,N/A,N/A,Moist forest|Wet forest,GF01016097S,N/A,65,0,0,0,0,0,0,22,0,2,0,0,4,10,0,1,1,2,0,0,1,18,0,0,0,0,0,5,soil,131,11,16.79389313,16.79389313,,,11,4.888994,,,,,,,,,,,,,,,,,,,,
GF01016098S,"Chile, Magallanes, Karukinka North, Treeline",N/A,N/A,N/A,Moist forest|Wet forest,GF01016098S,N/A,44,0,0,0,0,0,1,15,0,5,0,0,3,18,0,2,1,3,0,0,0,18,0,0,0,1,0,7,soil,118,12,12.71186441,12.71186441,,,12,6.568839,,,,,,,,,,,,,,,,,,,,
GF01016099S,"Argentina, Tierra del Fuego, Andorra South, Mid-elevation",N/A,N/A,N/A,Moist forest|Wet forest,GF01016099S,N/A,29,0,0,0,0,0,0,15,0,1,0,0,0,21,0,1,1,2,0,0,1,17,0,0,0,0,0,4,soil,92,10,16.30434783,16.30434783,,,10,5.612591,,,,,,,,,,,,,,,,,,,,
GF01016100S,"Argentina, Tierra del Fuego, Andorra North, Treeline",N/A,N/A,N/A,Moist forest|Wet forest,GF01016100S,N/A,35,0,0,0,0,0,0,13,0,1,0,0,0,12,0,0,1,2,0,0,1,10,0,0,0,0,0,2,soil,77,9,16.88311688,16.88311688,,,9,4.818159,,,,,,,,,,,,,,,,,,,,
GF01016101S,"Argentina, Tierra del Fuego, Andorra South, Lowland",N/A,N/A,N/A,Dry forest|Moist forest,GF01016101S,N/A,87,0,0,1,0,0,4,14,0,1,0,0,1,9,0,0,0,5,0,0,0,23,0,0,0,2,0,6,soil,153,11,9.150326797,9.150326797,,,11,4.396266,,,,,,,,,,,,,,,,,,,,
GF01016102S,"Argentina, Tierra del Fuego, Andorra North, Lowland",N/A,N/A,N/A,Moist forest|Wet forest,GF01016102S,N/A,75,0,0,1,0,0,1,30,0,0,0,0,1,6,0,1,1,2,0,0,1,29,0,0,0,2,0,8,soil,158,13,18.98734177,18.98734177,,,13,4.751364,,,,,,,,,,,,,,,,,,,,
GF01016103S,"Argentina, Tierra del Fuego, Andorra South, Lowland",N/A,N/A,N/A,Dry forest|Moist forest,GF01016103S,N/A,74,0,0,1,0,0,1,10,0,0,0,0,0,6,0,3,0,3,0,0,0,18,0,0,0,3,0,11,soil,130,10,7.692307692,7.692307692,,,10,4.386571,,,,,,,,,,,,,,,,,,,,
GF01016104S,"Argentina, Tierra del Fuego, Jeujepen North, Lowland",N/A,N/A,N/A,Dry forest|Moist forest,GF01016104S,N/A,46,0,0,1,0,0,0,14,0,0,0,0,0,9,0,1,0,2,0,0,2,18,0,0,0,3,0,4,soil,100,10,14,14,,,10,5.157098,,,,,,,,,,,,,,,,,,,,
GF01016105S,"Argentina, Tierra del Fuego, Jeujepen North, Lowland",N/A,N/A,N/A,Dry forest|Moist forest,GF01016105S,N/A,97,0,0,2,0,0,1,16,0,1,0,0,0,13,0,5,0,5,0,0,3,22,0,0,0,2,0,10,soil,177,12,9.039548023,9.039548023,,,12,4.906636,,,,,,,,,,,,,,,,,,,,
GF01016106S,"Argentina, Tierra del Fuego, Jeujepen South, Mid-elevation",N/A,N/A,N/A,Moist forest|Wet forest,GF01016106S,N/A,54,0,0,0,0,0,0,14,0,4,0,0,1,16,0,1,1,3,0,0,2,19,0,0,0,1,0,3,soil,119,12,11.76470588,11.76470588,,,12,5.484761,,,,,,,,,,,,,,,,,,,,
GF01016107S,"Chile, Magallanes, Karukinka North, Mid-elevation",N/A,N/A,N/A,Moist forest|Wet forest,GF01016107S,N/A,69,0,0,0,0,0,0,26,0,4,0,1,3,18,0,3,2,2,0,0,1,15,0,0,0,1,0,6,soil,151,13,17.21854305,17.21854305,,,13,5.685958,,,,,,,,,,,,,,,,,,,,
GF01016108S,"Argentina, Tierra del Fuego, Andorra South, Mid-elevation",N/A,N/A,N/A,Moist forest|Wet forest,GF01016108S,N/A,29,0,0,0,0,0,0,15,0,0,0,0,0,24,0,1,1,0,0,0,0,14,0,0,0,0,0,2,soil,86,7,17.44186047,17.44186047,,,7,4.544406,,,,,,,,,,,,,,,,,,,,
GF01016109S,"Chile, Magallanes, Karukinka North, Lowland",N/A,N/A,N/A,Dry forest|Moist forest,GF01016109S,N/A,72,0,0,3,3,0,1,8,0,0,0,0,1,15,0,2,0,9,0,0,0,31,0,0,0,4,0,7,soil,156,12,5.128205128,5.128205128,,,12,5.617133,,,,,,,,,,,,,,,,,,,,
GF01016110S,"Chile, Magallanes, Karukinka South, Lowland",N/A,N/A,N/A,Steppe|Moist forest,GF01016110S,N/A,44,0,0,1,0,0,0,20,0,0,0,0,0,9,0,1,1,1,0,0,0,15,0,0,0,1,0,13,soil,106,10,18.86792453,18.86792453,,,10,5.171021,,,,,,,,,,,,,,,,,,,,
GF01016111S,"Argentina, Tierra del Fuego, Andorra South, Treeline",N/A,N/A,N/A,Moist forest|Wet forest,GF01016111S,N/A,23,0,0,0,0,0,0,6,0,2,0,1,0,3,0,3,0,2,0,0,0,17,0,0,0,0,0,9,soil,66,9,9.090909091,9.090909091,,,9,5.828874,,,,,,,,,,,,,,,,,,,,
GF01016112S,"Argentina, Tierra del Fuego, Andorra South, Lowland",N/A,N/A,N/A,Dry forest|Moist forest,GF01016112S,N/A,25,0,0,0,0,0,0,8,0,0,0,0,0,3,0,1,0,0,0,0,0,7,0,0,0,1,0,8,soil,53,7,15.09433962,15.09433962,,,7,4.504179,,,,,,,,,,,,,,,,,,,,
GF01016113S,"Chile, Magallanes, Karukinka South, Mid-elevation",N/A,N/A,N/A,Moist forest|Wet forest,GF01016113S,N/A,34,0,0,0,0,0,0,14,0,1,0,0,0,22,0,1,2,0,0,0,0,13,0,0,0,0,0,4,soil,91,8,15.38461538,15.38461538,,,8,4.940335,,,,,,,,,,,,,,,,,,,,
GF01016114S,"Argentina, Tierra del Fuego, Andorra North, Treeline",N/A,N/A,N/A,Moist forest|Wet forest,GF01016114S,N/A,55,0,0,0,0,0,0,19,0,1,0,1,3,13,0,1,1,0,0,0,0,14,0,0,0,1,0,6,soil,115,11,16.52173913,16.52173913,,,11,4.995508,,,,,,,,,,,,,,,,,,,,
GF01016115S,"Argentina, Tierra del Fuego, Jeujepen South, Treeline",N/A,N/A,N/A,Moist forest|Wet forest,GF01016115S,N/A,47,0,0,1,0,0,0,9,0,4,0,0,1,9,0,2,0,4,0,0,1,9,0,0,0,2,0,10,soil,99,12,9.090909091,9.090909091,,,12,6.021972,,,,,,,,,,,,,,,,,,,,
GF01016116S,"Argentina, Tierra del Fuego, Andorra North, Lowland",N/A,N/A,N/A,Moist forest|Wet forest,GF01016116S,N/A,78,0,0,1,0,0,3,25,0,2,0,0,1,16,0,2,0,3,0,0,2,19,0,0,0,2,0,10,soil,164,13,15.24390244,15.24390244,,,13,5.534846,,,,,,,,,,,,,,,,,,,,
GF01016117S,"Argentina, Tierra del Fuego, Jeujepen South, Mid-elevation",N/A,N/A,N/A,Moist forest|Wet forest,GF01016117S,N/A,91,0,0,0,0,0,0,20,0,6,0,0,0,14,0,3,1,5,0,0,2,22,0,0,0,1,0,6,soil,171,11,11.69590643,11.69590643,,,11,4.839689,,,,,,,,,,,,,,,,,,,,
GF01016118S,"Chile, Magallanes, Karukinka South, Mid-elevation",N/A,N/A,N/A,Moist forest|Wet forest,GF01016118S,N/A,70,0,0,0,2,0,0,23,0,4,0,0,0,28,0,2,2,0,0,0,1,24,0,0,0,1,0,7,soil,164,11,14.02439024,14.02439024,,,11,5.314974,,,,,,,,,,,,,,,,,,,,
GF01016119S,"Argentina, Tierra del Fuego, Jeujepen South, Mid-elevation",N/A,N/A,N/A,Moist forest|Wet forest,GF01016119S,N/A,58,0,0,0,0,0,0,21,0,4,0,0,1,27,0,2,2,1,0,0,1,24,0,0,0,1,0,5,soil,147,12,14.28571429,14.28571429,,,12,5.572653,,,,,,,,,,,,,,,,,,,,
GF01016120S,"Argentina, Tierra del Fuego, Jeujepen South, Treeline",N/A,N/A,N/A,Moist forest|Wet forest,GF01016120S,N/A,19,0,0,0,0,0,0,8,0,2,0,0,0,12,0,1,0,3,0,0,0,9,0,0,0,0,0,7,soil,61,8,13.1147541,13.1147541,,,8,6.098042,,,,,,,,,,,,,,,,,,,,
GF01016121S,"Chile, Magallanes, Karukinka South, Mid-elevation",N/A,N/A,N/A,Moist forest|Wet forest,GF01016121S,N/A,26,0,0,0,0,0,0,10,0,0,0,0,1,16,0,1,1,0,0,0,0,16,0,0,0,0,0,8,soil,79,8,12.65822785,12.65822785,,,8,5.323049,,,,,,,,,,,,,,,,,,,,
GF01016122S,"Chile, Magallanes, Karukinka South, Mid-elevation",N/A,N/A,N/A,Moist forest|Wet forest,GF01016122S,N/A,33,0,0,0,0,0,0,19,0,1,0,0,0,26,0,2,2,0,0,0,0,19,0,0,0,0,0,4,soil,106,8,17.9245283,17.9245283,,,8,5.164069,,,,,,,,,,,,,,,,,,,,
GF01016123S,"Chile, Magallanes, Karukinka North, Treeline",N/A,N/A,N/A,Moist forest|Wet forest,GF01016123S,N/A,60,0,0,0,0,0,1,10,0,3,0,0,1,16,0,4,1,5,0,0,1,37,0,0,0,1,0,9,soil,149,13,6.711409396,6.711409396,,,13,5.81372,,,,,,,,,,,,,,,,,,,,
GF01016124S,"Argentina, Tierra del Fuego, Jeujepen South, Mid-elevation",N/A,N/A,N/A,Moist forest|Wet forest,GF01016124S,N/A,29,0,0,0,0,0,0,19,0,3,0,0,2,11,0,1,0,2,0,0,2,11,0,0,0,0,0,2,soil,82,10,23.17073171,23.17073171,,,10,5.944362,,,,,,,,,,,,,,,,,,,,
GF01016125S,"Chile, Magallanes, Karukinka South, Treeline",N/A,N/A,N/A,Moist forest,GF01016125S,N/A,43,0,0,0,0,0,0,17,0,2,0,0,1,29,0,1,1,0,0,0,1,16,0,0,0,0,0,5,soil,116,10,14.65517241,14.65517241,,,10,5.147786,,,,,,,,,,,,,,,,,,,,
GF01016126S,"Argentina, Tierra del Fuego, Jeujepen North, Treeline",N/A,N/A,N/A,Moist forest|Wet forest,GF01016126S,N/A,44,0,0,1,0,0,0,12,0,2,0,0,0,12,0,4,1,2,0,0,1,18,0,0,0,0,0,4,soil,101,11,11.88118812,11.88118812,,,11,5.605326,,,,,,,,,,,,,,,,,,,,
GF01016127S,"Argentina, Tierra del Fuego, Jeujepen North, Mid-elevation",N/A,N/A,N/A,Moist forest|Wet forest,GF01016127S,N/A,61,0,0,0,0,0,0,26,0,3,0,0,1,10,0,1,1,4,0,0,1,17,0,0,0,1,0,7,soil,133,12,19.54887218,19.54887218,,,12,5.279507,,,,,,,,,,,,,,,,,,,,
GF01016128S,"Argentina, Tierra del Fuego, Jeujepen South, Mid-elevation",N/A,N/A,N/A,Moist forest|Wet forest,GF01016128S,N/A,29,0,0,0,0,0,0,13,0,2,0,0,2,11,0,3,1,2,0,0,2,13,0,0,0,1,0,3,soil,82,12,15.85365854,15.85365854,,,12,6.909453,,,,,,,,,,,,,,,,,,,,
GF01016129S,"Argentina, Tierra del Fuego, Jeujepen South, Lowland",N/A,N/A,N/A,Moist forest|Wet forest,GF01016129S,N/A,21,0,0,0,0,0,0,11,0,0,0,0,0,9,0,0,2,1,0,0,1,9,0,0,0,0,0,5,soil,59,8,18.6440678,18.6440678,,,8,5.56557,,,,,,,,,,,,,,,,,,,,
GF01016130S,"Chile, Magallanes, Karukinka South, Treeline",N/A,N/A,N/A,Moist forest,GF01016130S,N/A,23,0,0,0,0,0,0,11,0,1,0,0,1,16,0,1,0,0,0,0,1,10,0,0,0,0,0,3,soil,67,9,16.41791045,16.41791045,,,9,5.363801,,,,,,,,,,,,,,,,,,,,
GF01016131S,"Chile, Magallanes, Karukinka South, Lowland",N/A,N/A,N/A,Steppe|Moist forest,GF01016131S,N/A,24,0,0,0,0,0,0,12,0,1,0,0,0,7,0,0,1,0,0,0,0,13,0,0,0,0,0,8,soil,66,7,18.18181818,18.18181818,,,7,5.04573,,,,,,,,,,,,,,,,,,,,
GF01016132S,"Chile, Magallanes, Karukinka North, Lowland",N/A,N/A,N/A,Dry forest|Moist forest,GF01016132S,N/A,69,0,0,0,0,0,1,6,0,0,0,0,0,9,0,0,0,4,0,0,1,32,0,0,0,2,0,9,soil,133,9,4.511278195,4.511278195,,,9,4.176735,,,,,,,,,,,,,,,,,,,,
GF01016133S,"Chile, Magallanes, Karukinka South, Mid-elevation",N/A,N/A,N/A,Moist forest|Wet forest,GF01016133S,N/A,50,0,0,2,0,0,0,17,0,1,0,1,1,15,0,2,2,2,0,0,2,27,0,0,0,2,0,1,soil,125,14,13.6,13.6,,,14,5.898975,,,,,,,,,,,,,,,,,,,,
GF01016134S,"Chile, Magallanes, Karukinka South, Lowland",N/A,N/A,N/A,Steppe|Moist forest,GF01016134S,N/A,56,0,0,0,0,0,0,23,0,4,0,0,1,14,0,0,1,1,0,0,0,20,0,0,0,4,0,6,soil,130,10,17.69230769,17.69230769,,,10,5.289377,,,,,,,,,,,,,,,,,,,,
GF01016135S,"Argentina, Tierra del Fuego, Andorra North, Mid-elevation",N/A,N/A,N/A,Moist forest|Wet forest,GF01016135S,N/A,49,0,0,0,0,0,0,22,0,0,0,0,0,8,0,0,0,3,0,0,1,13,0,0,0,0,0,6,soil,102,7,21.56862745,21.56862745,,,7,4.310134,,,,,,,,,,,,,,,,,,,,
GF01016136S,"Chile, Magallanes, Karukinka North, Mid-elevation",N/A,N/A,N/A,Moist forest|Wet forest,GF01016136S,N/A,52,0,0,0,0,0,0,14,0,1,0,0,0,15,0,1,2,0,0,0,0,30,0,0,0,2,0,5,soil,122,9,11.47540984,11.47540984,,,9,4.754246,,,,,,,,,,,,,,,,,,,,
GF01016137S,"Argentina, Tierra del Fuego, Jeujepen North, Treeline",N/A,N/A,N/A,Moist forest|Wet forest,GF01016137S,N/A,82,0,0,0,0,0,0,23,0,6,0,1,1,11,0,2,0,5,0,0,2,14,0,0,0,2,0,8,soil,157,12,14.64968153,14.64968153,,,12,5.1541,,,,,,,,,,,,,,,,,,,,
GF01016138S,"Argentina, Tierra del Fuego, Jeujepen South, Lowland",N/A,N/A,N/A,Moist forest|Wet forest,GF01016138S,N/A,40,0,0,0,0,0,0,14,0,2,0,0,0,11,0,4,1,2,0,0,3,12,0,0,0,1,0,4,soil,94,11,14.89361702,14.89361702,,,11,6.050498,,,,,,,,,,,,,,,,,,,,
GF01016139S,"Chile, Magallanes, Karukinka North, Treeline",N/A,N/A,N/A,Moist forest|Wet forest,GF01016139S,N/A,65,0,0,0,0,0,1,17,0,3,0,0,1,16,0,3,1,4,0,0,1,19,0,0,0,1,0,5,soil,137,13,12.40875912,12.40875912,,,13,5.520001,,,,,,,,,,,,,,,,,,,,
GF01016140S,"Chile, Magallanes, Karukinka North, Mid-elevation",N/A,N/A,N/A,Moist forest|Wet forest,GF01016140S,N/A,42,0,0,0,0,0,0,12,0,8,0,0,1,20,0,1,2,1,0,0,0,19,0,0,0,1,0,3,soil,110,11,10.90909091,10.90909091,,,11,5.784772,,,,,,,,,,,,,,,,,,,,
GF01016141S,"Argentina, Tierra del Fuego, Andorra South, Mid-elevation",N/A,N/A,N/A,Moist forest|Wet forest,GF01016141S,N/A,24,0,0,0,0,0,0,13,0,0,0,0,0,14,0,1,0,1,0,0,1,10,0,0,0,0,0,1,soil,65,8,20,20,,,8,4.784138,,,,,,,,,,,,,,,,,,,,
GF01016142S,"Argentina, Tierra del Fuego, Jeujepen South, Treeline",N/A,N/A,N/A,Moist forest|Wet forest,GF01016142S,N/A,41,0,0,0,0,0,0,12,0,2,0,0,1,9,0,2,0,7,0,0,1,8,0,0,0,0,0,6,soil,89,10,13.48314607,13.48314607,,,10,5.633575,,,,,,,,,,,,,,,,,,,,
GF01016143S,"Argentina, Tierra del Fuego, Jeujepen North, Mid-elevation",N/A,N/A,N/A,Moist forest|Wet forest,GF01016143S,N/A,65,0,0,2,0,0,0,11,0,3,0,1,0,10,0,2,0,2,0,0,2,21,0,0,0,1,0,11,soil,131,12,8.396946565,8.396946565,,,12,5.311768,,,,,,,,,,,,,,,,,,,,
GF01016144S,"Chile, Magallanes, Karukinka North, Mid-elevation",N/A,N/A,N/A,Moist forest|Wet forest,GF01016144S,N/A,44,0,0,0,0,0,0,13,0,5,0,0,2,16,0,1,2,2,0,0,1,22,0,0,0,1,0,4,soil,113,12,11.50442478,11.50442478,,,12,6.094275,,,,,,,,,,,,,,,,,,,,
GF01016145S,"Argentina, Tierra del Fuego, Jeujepen North, Treeline",N/A,N/A,N/A,Moist forest|Wet forest,GF01016145S,N/A,58,0,0,1,0,0,1,11,0,2,0,1,3,12,0,2,0,5,0,0,2,18,0,0,0,0,0,2,soil,118,13,9.322033898,9.322033898,,,13,5.554532,,,,,,,,,,,,,,,,,,,,
GF01016146S,"Argentina, Tierra del Fuego, Jeujepen North, Lowland",N/A,N/A,N/A,Dry forest|Moist forest,GF01016146S,N/A,44,0,0,2,0,0,0,13,0,0,0,0,0,9,0,3,0,2,0,0,1,13,0,0,0,1,0,7,soil,95,10,13.68421053,13.68421053,,,10,5.385953,,,,,,,,,,,,,,,,,,,,
GF01016147S,"Argentina, Tierra del Fuego, Jeujepen North, Lowland",N/A,N/A,N/A,Dry forest|Moist forest,GF01016147S,N/A,53,0,0,2,0,0,0,17,0,0,0,0,0,6,0,2,0,4,0,0,1,14,0,0,0,0,0,8,soil,107,9,15.88785047,15.88785047,,,9,4.840998,,,,,,,,,,,,,,,,,,,,
GF01016148S,"Argentina, Tierra del Fuego, Jeujepen North, Mid-elevation",N/A,N/A,N/A,Moist forest|Wet forest,GF01016148S,N/A,124,0,0,2,0,0,1,25,0,2,0,1,2,17,0,6,0,10,0,0,4,23,0,0,0,4,0,9,soil,230,14,10.86956522,10.86956522,,,14,5.298092,,,,,,,,,,,,,,,,,,,,
GF01016149S,"Chile, Magallanes, Karukinka North, Treeline",N/A,N/A,N/A,Moist forest|Wet forest,GF01016149S,N/A,40,0,0,0,0,0,0,20,0,2,0,0,0,9,0,2,1,0,0,0,1,9,0,0,0,0,0,2,soil,86,9,23.25581395,23.25581395,,,9,4.63513,,,,,,,,,,,,,,,,,,,,
GF01016150S,"Argentina, Tierra del Fuego, Andorra North, Lowland",N/A,N/A,N/A,Moist forest|Wet forest,GF01016150S,N/A,45,0,0,1,0,0,0,19,0,1,0,1,0,9,0,1,0,3,0,0,1,14,0,0,0,1,0,7,soil,103,12,18.44660194,18.44660194,,,12,5.54853,,,,,,,,,,,,,,,,,,,,
GF01016151S,"Argentina, Tierra del Fuego, Andorra South, Mid-elevation",N/A,N/A,N/A,Moist forest|Wet forest,GF01016151S,N/A,17,0,0,0,0,0,0,16,0,1,0,0,1,16,0,0,0,1,0,0,0,9,0,0,0,0,0,4,soil,65,8,24.61538462,24.61538462,,,8,5.359575,,,,,,,,,,,,,,,,,,,,
GF01016152S,"Argentina, Tierra del Fuego, Andorra South, Lowland",N/A,N/A,N/A,Dry forest|Moist forest,GF01016152S,N/A,86,1,0,3,0,0,1,14,0,0,0,0,1,8,0,0,0,4,0,0,1,18,0,0,0,1,0,15,soil,153,12,9.150326797,9.150326797,,,12,4.541024,,,,,,,,,,,,,,,,,,,,
GF01016153S,"Chile, Magallanes, Karukinka North, Treeline",N/A,N/A,N/A,Moist forest|Wet forest,GF01016153S,N/A,46,0,0,0,2,0,1,8,0,5,0,0,2,20,0,2,2,3,0,0,2,24,0,0,0,0,0,7,soil,124,13,6.451612903,6.451612903,,,13,6.755162,,,,,,,,,,,,,,,,,,,,
GF01016154S,"Argentina, Tierra del Fuego, Andorra North, Mid-elevation",N/A,N/A,N/A,Moist forest|Wet forest,GF01016154S,N/A,49,0,0,0,0,0,0,23,0,2,0,0,2,13,0,2,0,2,0,0,0,13,0,0,0,1,0,5,soil,112,10,20.53571429,20.53571429,,,10,5.233793,,,,,,,,,,,,,,,,,,,,
GF01016155S,"Argentina, Tierra del Fuego, Andorra North, Treeline",N/A,N/A,N/A,Moist forest|Wet forest,GF01016155S,N/A,30,0,0,0,0,0,0,14,0,2,0,0,0,12,0,0,0,0,0,0,0,4,0,0,0,0,0,7,soil,69,6,20.28985507,20.28985507,,,6,4.436382,,,,,,,,,,,,,,,,,,,,
GF01016156S,"Argentina, Tierra del Fuego, Andorra South, Treeline",N/A,N/A,N/A,Moist forest|Wet forest,GF01016156S,N/A,22,0,0,0,0,0,0,8,0,2,0,0,0,6,0,2,0,3,0,0,0,18,0,0,0,0,0,3,soil,64,8,12.5,12.5,,,8,5.524518,,,,,,,,,,,,,,,,,,,,
GF01016157S,"Chile, Magallanes, Karukinka South, Mid-elevation",N/A,N/A,N/A,Moist forest|Wet forest,GF01016157S,N/A,42,0,0,0,0,0,1,18,0,1,0,1,1,28,0,2,2,1,0,0,0,14,0,0,0,0,0,5,soil,116,12,15.51724138,15.51724138,,,12,5.672806,,,,,,,,,,,,,,,,,,,,
GF01016158S,"Argentina, Tierra del Fuego, Andorra South, Mid-elevation",N/A,N/A,N/A,Moist forest|Wet forest,GF01016158S,N/A,27,0,0,0,0,0,0,13,0,1,0,0,0,22,0,1,1,0,0,0,1,17,0,0,0,0,0,2,soil,85,9,15.29411765,15.29411765,,,9,5.055443,,,,,,,,,,,,,,,,,,,,
GF01016159S,"Argentina, Tierra del Fuego, Andorra South, Lowland",N/A,N/A,N/A,Dry forest|Moist forest,GF01016159S,N/A,29,0,0,1,0,0,0,15,0,0,0,0,0,3,0,0,0,3,0,0,1,13,0,0,0,3,0,5,soil,73,9,20.54794521,20.54794521,,,9,5.440469,,,,,,,,,,,,,,,,,,,,
GF01016160S,"Argentina, Tierra del Fuego, Andorra South, Mid-elevation",N/A,N/A,N/A,Moist forest|Wet forest,GF01016160S,N/A,37,0,0,0,0,0,0,23,0,0,0,0,0,8,0,1,1,1,0,0,0,10,0,0,0,0,0,4,soil,85,8,27.05882353,27.05882353,,,8,4.439626,,,,,,,,,,,,,,,,,,,,
GF01016161S,"Argentina, Tierra del Fuego, Jeujepen North, Mid-elevation",N/A,N/A,N/A,Moist forest|Wet forest,GF01016161S,N/A,80,0,0,1,0,0,0,20,0,6,0,0,2,14,0,3,1,6,0,0,1,24,0,0,0,4,0,8,soil,170,13,11.76470588,11.76470588,,,13,5.875169,,,,,,,,,,,,,,,,,,,,
GF01016162S,"Chile, Magallanes, Karukinka North, Lowland",N/A,N/A,N/A,Dry forest|Moist forest,GF01016162S,N/A,50,0,0,1,0,0,3,11,0,0,0,0,0,12,0,0,0,3,0,0,0,27,0,0,0,3,0,5,soil,115,9,9.565217391,9.565217391,,,9,5.081645,,,,,,,,,,,,,,,,,,,,
GF01016163S,"Argentina, Tierra del Fuego, Andorra South, Treeline",N/A,N/A,N/A,Moist forest|Wet forest,GF01016163S,N/A,48,0,0,0,0,0,0,13,0,2,0,0,1,16,0,4,1,2,0,0,1,25,0,0,0,0,0,8,soil,121,11,10.74380165,10.74380165,,,11,5.735234,,,,,,,,,,,,,,,,,,,,
GF01016164S,"Argentina, Tierra del Fuego, Andorra North, Mid-elevation",N/A,N/A,N/A,Moist forest|Wet forest,GF01016164S,N/A,38,0,0,0,0,0,0,12,0,0,0,0,1,20,0,0,1,0,0,0,0,10,0,0,0,0,0,8,soil,90,7,13.33333333,13.33333333,,,7,4.600747,,,,,,,,,,,,,,,,,,,,
GF01016165S,"Chile, Magallanes, Karukinka South, Lowland",N/A,N/A,N/A,Steppe|Moist forest,GF01016165S,N/A,53,0,0,0,0,0,0,13,0,0,0,0,0,7,0,0,1,2,0,0,1,19,0,0,0,1,0,7,soil,104,9,12.5,12.5,,,9,4.424887,,,,,,,,,,,,,,,,,,,,
GF01016166S,"Chile, Magallanes, Karukinka South, Mid-elevation",N/A,N/A,N/A,Moist forest|Wet forest,GF01016166S,N/A,33,0,0,0,1,0,0,13,0,0,0,0,0,21,0,1,2,1,0,0,0,18,0,0,0,0,0,2,soil,92,9,14.13043478,14.13043478,,,9,5.025768,,,,,,,,,,,,,,,,,,,,
GF01016167S,"Argentina, Tierra del Fuego, Andorra South, Mid-elevation",N/A,N/A,N/A,Moist forest|Wet forest,GF01016167S,N/A,54,0,0,0,0,0,1,20,0,0,0,0,0,12,0,2,1,1,0,0,2,18,0,0,0,0,0,8,soil,119,10,16.80672269,16.80672269,,,10,5.026081,,,,,,,,,,,,,,,,,,,,
GF01016168S,"Argentina, Tierra del Fuego, Andorra North, Mid-elevation",N/A,N/A,N/A,Moist forest|Wet forest,GF01016168S,N/A,36,0,0,0,0,0,0,15,0,2,0,1,0,9,0,1,1,0,0,0,0,12,0,0,0,0,0,7,soil,84,9,17.85714286,17.85714286,,,9,5.167434,,,,,,,,,,,,,,,,,,,,
GF01016169S,"Chile, Magallanes, Karukinka North, Treeline",N/A,N/A,N/A,Moist forest|Wet forest,GF01016169S,N/A,52,0,0,0,0,0,0,8,0,1,0,0,1,14,0,2,1,3,0,0,1,25,0,0,0,1,0,2,soil,111,12,7.207207207,7.207207207,,,12,4.933905,,,,,,,,,,,,,,,,,,,,
GF01016170S,"Chile, Magallanes, Karukinka North, Lowland",N/A,N/A,N/A,Dry forest|Moist forest,GF01016170S,N/A,76,0,0,1,0,0,1,9,0,0,0,0,1,11,0,1,0,9,0,0,1,35,0,0,0,1,0,5,soil,151,12,5.960264901,5.960264901,,,12,4.588674,,,,,,,,,,,,,,,,,,,,
GF01016171S,"Chile, Magallanes, Karukinka South, Treeline",N/A,N/A,N/A,Moist forest,GF01016171S,N/A,20,0,0,0,0,0,0,10,0,4,0,0,1,15,0,1,0,1,0,0,1,9,0,0,0,0,0,5,soil,67,10,14.92537313,14.92537313,,,10,6.43965,,,,,,,,,,,,,,,,,,,,
GF01016172S,"Argentina, Tierra del Fuego, Jeujepen South, Mid-elevation",N/A,N/A,N/A,Moist forest|Wet forest,GF01016172S,N/A,44,0,0,0,0,0,0,17,0,2,0,0,0,8,0,1,0,0,0,0,2,11,0,0,0,0,0,3,soil,88,8,19.31818182,19.31818182,,,8,4.393738,,,,,,,,,,,,,,,,,,,,
GF01016173S,"Argentina, Tierra del Fuego, Jeujepen North, Lowland",N/A,N/A,N/A,Dry forest|Moist forest,GF01016173S,N/A,55,0,0,1,0,0,1,14,0,0,0,0,0,6,0,3,0,2,0,0,1,16,0,0,0,1,0,5,soil,105,11,13.33333333,13.33333333,,,11,4.744088,,,,,,,,,,,,,,,,,,,,
GF01016174S,"Argentina, Tierra del Fuego, Jeujepen South, Mid-elevation",N/A,N/A,N/A,Moist forest|Wet forest,GF01016174S,N/A,46,0,0,0,0,0,0,15,0,3,0,0,0,14,0,3,0,5,0,0,2,13,0,0,0,1,0,4,soil,106,10,14.1509434,14.1509434,,,10,5.76682,,,,,,,,,,,,,,,,,,,,
GF01016175S,"Argentina, Tierra del Fuego, Jeujepen South, Mid-elevation",N/A,N/A,N/A,Moist forest|Wet forest,GF01016175S,N/A,44,0,0,0,0,0,0,10,0,3,0,0,2,18,0,3,2,1,0,0,0,18,0,0,0,1,0,4,soil,106,11,9.433962264,9.433962264,,,11,5.772629,,,,,,,,,,,,,,,,,,,,
GF01016176S,"Argentina, Tierra del Fuego, Jeujepen South, Treeline",N/A,N/A,N/A,Moist forest|Wet forest,GF01016176S,N/A,42,0,0,0,0,0,0,14,0,3,0,0,0,11,0,0,0,2,0,0,0,11,0,0,0,0,0,12,soil,95,7,14.73684211,14.73684211,,,7,4.923645,,,,,,,,,,,,,,,,,,,,
GF01016177S,"Argentina, Tierra del Fuego, Andorra North, Mid-elevation",N/A,N/A,N/A,Moist forest|Wet forest,GF01016177S,N/A,23,0,0,0,0,0,0,11,0,1,0,0,0,9,0,0,0,0,0,0,1,9,0,0,0,0,0,7,soil,61,7,18.03278689,18.03278689,,,7,5.076228,,,,,,,,,,,,,,,,,,,,
GF01016178S,"Chile, Magallanes, Karukinka South, Treeline",N/A,N/A,N/A,Moist forest,GF01016178S,N/A,30,0,0,0,0,0,1,8,0,3,0,1,1,11,0,1,0,3,0,0,2,12,0,0,0,0,0,3,soil,76,12,10.52631579,10.52631579,,,12,6.563407,,,,,,,,,,,,,,,,,,,,
GF01016179S,"Chile, Magallanes, Karukinka North, Lowland",N/A,N/A,N/A,Dry forest|Moist forest,GF01016179S,N/A,46,0,0,1,0,0,0,8,0,0,0,0,0,11,0,1,1,2,0,0,0,26,0,0,0,1,0,6,soil,103,10,7.766990291,7.766990291,,,10,4.792196,,,,,,,,,,,,,,,,,,,,
GF01016180S,"Argentina, Tierra del Fuego, Jeujepen South, Treeline",N/A,N/A,N/A,Moist forest|Wet forest,GF01016180S,N/A,48,0,0,1,0,0,0,12,0,4,0,1,0,14,0,2,0,8,0,0,4,15,0,0,0,0,0,9,soil,118,11,10.16949153,10.16949153,,,11,6.498724,,,,,,,,,,,,,,,,,,,,
GF01016181S,"Chile, Magallanes, Karukinka South, Treeline",N/A,N/A,N/A,Moist forest,GF01016181S,N/A,27,0,0,0,0,0,0,9,0,4,0,0,0,12,0,1,0,2,0,0,0,9,0,0,0,0,0,9,soil,73,8,12.32876712,12.32876712,,,8,5.785471,,,,,,,,,,,,,,,,,,,,
GF01016182S,"Argentina, Tierra del Fuego, Andorra North, Mid-elevation",N/A,N/A,N/A,Moist forest|Wet forest,GF01016182S,N/A,37,0,0,0,0,0,0,17,0,2,0,0,0,9,0,0,0,1,0,0,1,11,0,0,0,1,0,2,soil,81,9,20.98765432,20.98765432,,,9,4.694478,,,,,,,,,,,,,,,,,,,,
GF01016183S,"Argentina, Tierra del Fuego, Jeujepen North, Treeline",N/A,N/A,N/A,Moist forest|Wet forest,GF01016183S,N/A,45,0,0,0,0,0,1,14,0,1,0,0,0,13,0,3,1,2,0,0,2,16,0,0,0,0,0,3,soil,101,11,13.86138614,13.86138614,,,11,5.425952,,,,,,,,,,,,,,,,,,,,
GF01016184S,"Chile, Magallanes, Karukinka South, Treeline",N/A,N/A,N/A,Moist forest,GF01016184S,N/A,18,0,0,0,0,0,0,8,0,3,0,0,0,18,0,1,0,0,0,0,0,6,0,0,0,0,0,2,soil,56,7,14.28571429,14.28571429,,,7,4.926401,,,,,,,,,,,,,,,,,,,,
GF01016185S,"Argentina, Tierra del Fuego, Jeujepen South, Lowland",N/A,N/A,N/A,Moist forest|Wet forest,GF01016185S,N/A,31,0,0,1,0,0,1,10,0,1,0,0,0,8,0,2,1,1,0,0,1,12,0,0,0,1,0,6,soil,76,13,13.15789474,13.15789474,,,13,6.398852,,,,,,,,,,,,,,,,,,,,
GF01016186S,"Argentina, Tierra del Fuego, Jeujepen South, Lowland",N/A,N/A,N/A,Moist forest|Wet forest,GF01016186S,N/A,36,0,0,0,0,0,0,11,0,1,0,0,0,15,0,1,2,1,0,0,1,13,0,0,0,1,0,6,soil,88,11,12.5,12.5,,,11,5.658641,,,,,,,,,,,,,,,,,,,,
GF01016187S,"Argentina, Tierra del Fuego, Andorra South, Treeline",N/A,N/A,N/A,Moist forest|Wet forest,GF01016187S,N/A,18,0,0,0,0,0,0,2,0,2,0,0,0,3,0,0,0,2,0,0,1,15,0,0,0,0,0,3,soil,46,8,4.347826087,4.347826087,,,8,4.859127,,,,,,,,,,,,,,,,,,,,
GF01016188S,"Chile, Magallanes, Karukinka South, Mid-elevation",N/A,N/A,N/A,Moist forest|Wet forest,GF01016188S,N/A,33,0,0,0,0,0,0,17,0,2,0,0,0,30,0,1,2,0,0,0,1,15,0,0,0,0,0,5,soil,106,9,16.03773585,16.03773585,,,9,5.326154,,,,,,,,,,,,,,,,,,,,
GF01016189S,"Chile, Magallanes, Karukinka North, Mid-elevation",N/A,N/A,N/A,Moist forest|Wet forest,GF01016189S,N/A,74,0,0,0,0,0,0,16,0,6,0,0,3,21,0,2,2,2,0,0,0,24,0,0,0,0,0,2,soil,152,10,10.52631579,10.52631579,,,10,4.880825,,,,,,,,,,,,,,,,,,,,
GF01016190S,"Argentina, Tierra del Fuego, Jeujepen South, Treeline",N/A,N/A,N/A,Moist forest|Wet forest,GF01016190S,N/A,41,0,0,0,0,0,0,7,0,1,0,0,0,6,0,2,0,6,0,0,2,6,0,0,0,0,0,8,soil,79,9,8.860759494,8.860759494,,,9,5.031948,,,,,,,,,,,,,,,,,,,,
GF01016191S,"Chile, Magallanes, Karukinka South, Lowland",N/A,N/A,N/A,Steppe|Moist forest,GF01016191S,N/A,63,0,0,1,1,0,1,18,0,1,0,0,1,9,0,1,1,3,0,0,1,19,0,0,0,1,0,8,soil,129,15,13.95348837,13.95348837,,,15,5.428348,,,,,,,,,,,,,,,,,,,,
GF01016192S,"Argentina, Tierra del Fuego, Andorra South, Treeline",N/A,N/A,N/A,Moist forest|Wet forest,GF01016192S,N/A,18,0,0,0,0,0,0,4,0,1,0,0,0,3,0,2,0,2,0,0,1,18,0,0,0,0,0,4,soil,53,9,7.547169811,7.547169811,,,9,5.38313,,,,,,,,,,,,,,,,,,,,
GF01016193S,"Argentina, Tierra del Fuego, Jeujepen South, Treeline",N/A,N/A,N/A,Moist forest|Wet forest,GF01016193S,N/A,37,0,0,0,0,0,0,7,0,3,0,1,0,22,0,1,0,1,0,0,4,10,0,0,0,0,0,6,soil,92,10,7.608695652,7.608695652,,,10,5.579605,,,,,,,,,,,,,,,,,,,,
GF01016194S,"Chile, Magallanes, Karukinka South, Treeline",N/A,N/A,N/A,Moist forest,GF01016194S,N/A,24,0,0,0,0,0,0,9,0,1,0,1,1,7,0,1,0,1,0,0,3,9,0,0,0,0,0,5,soil,62,11,14.51612903,14.51612903,,,11,6.400426,,,,,,,,,,,,,,,,,,,,
GF01016195S,"Argentina, Tierra del Fuego, Andorra South, Treeline",N/A,N/A,N/A,Moist forest|Wet forest,GF01016195S,N/A,15,0,0,0,0,0,0,6,0,1,0,0,0,5,0,1,0,0,0,0,0,12,0,0,0,0,0,4,soil,44,7,13.63636364,13.63636364,,,7,5.104082,,,,,,,,,,,,,,,,,,,,
GF01016196S,"Argentina, Tierra del Fuego, Andorra North, Lowland",N/A,N/A,N/A,Moist forest|Wet forest,GF01016196S,N/A,56,0,0,1,0,0,0,13,0,1,0,0,0,5,0,0,0,2,0,0,1,11,0,0,0,1,0,3,soil,94,10,13.82978723,13.82978723,,,10,3.952953,,,,,,,,,,,,,,,,,,,,
GF01016197S,"Argentina, Tierra del Fuego, Andorra South, Treeline",N/A,N/A,N/A,Moist forest|Wet forest,GF01016197S,N/A,24,0,0,0,0,0,0,5,0,3,0,0,0,15,0,2,0,2,0,0,1,21,0,0,0,0,0,5,soil,78,9,6.41025641,6.41025641,,,9,5.779109,,,,,,,,,,,,,,,,,,,,
GF01016198S,"Argentina, Tierra del Fuego, Jeujepen North, Mid-elevation",N/A,N/A,N/A,Moist forest|Wet forest,GF01016198S,N/A,72,0,0,1,0,0,2,15,0,1,0,1,1,10,0,1,0,4,0,0,2,13,0,0,0,1,0,4,soil,128,14,11.71875,11.71875,,,14,4.856702,,,,,,,,,,,,,,,,,,,,
GF01016199S,"Argentina, Tierra del Fuego, Jeujepen South, Treeline",N/A,N/A,N/A,Moist forest|Wet forest,GF01016199S,N/A,28,0,0,0,0,0,0,6,0,2,0,0,0,7,0,2,0,2,0,0,0,14,0,0,0,0,0,1,soil,62,8,9.677419355,9.677419355,,,8,4.788309,,,,,,,,,,,,,,,,,,,,
GF01016200S,"Argentina, Tierra del Fuego, Andorra North, Lowland",N/A,N/A,N/A,Moist forest|Wet forest,GF01016200S,N/A,48,0,0,2,1,0,1,17,0,2,0,0,0,12,0,4,1,4,0,0,0,19,0,0,0,2,0,10,soil,123,13,13.82113821,13.82113821,,,13,6.695582,,,,,,,,,,,,,,,,,,,,
GF01016201S,"Chile, Magallanes, Karukinka South, Lowland",N/A,N/A,N/A,Steppe|Moist forest,GF01016201S,N/A,44,0,0,0,0,0,0,14,0,2,0,0,0,8,0,0,1,2,0,0,2,17,0,0,0,1,0,9,soil,100,10,14,14,,,10,5.383389,,,,,,,,,,,,,,,,,,,,
GF01016202S,"Chile, Magallanes, Karukinka South, Lowland",N/A,N/A,N/A,Steppe|Moist forest,GF01016202S,N/A,72,0,0,1,0,0,1,11,0,1,0,0,0,13,0,0,1,5,0,0,0,18,0,0,0,2,0,11,soil,136,11,8.088235294,8.088235294,,,11,4.775748,,,,,,,,,,,,,,,,,,,,
GF01016203S,"Argentina, Tierra del Fuego, Andorra North, Treeline",N/A,N/A,N/A,Moist forest|Wet forest,GF01016203S,N/A,53,0,0,0,0,0,0,18,0,2,0,0,2,20,0,2,1,3,0,0,1,13,0,0,0,1,0,8,soil,124,12,14.51612903,14.51612903,,,12,5.797154,,,,,,,,,,,,,,,,,,,,
GF01016204S,"Argentina, Tierra del Fuego, Jeujepen South, Lowland",N/A,N/A,N/A,Moist forest|Wet forest,GF01016204S,N/A,33,0,0,0,0,0,0,7,0,1,0,0,0,11,0,1,1,0,0,0,1,10,0,0,0,0,0,6,soil,71,9,9.85915493,9.85915493,,,9,4.945427,,,,,,,,,,,,,,,,,,,,
GF01016205S,"Argentina, Tierra del Fuego, Jeujepen South, Lowland",N/A,N/A,N/A,Moist forest|Wet forest,GF01016205S,N/A,29,0,0,0,0,0,0,7,0,1,0,0,1,6,0,0,2,0,0,0,1,12,0,0,0,0,0,7,soil,66,9,10.60606061,10.60606061,,,9,5.267857,,,,,,,,,,,,,,,,,,,,
GF01016206S,"Chile, Magallanes, Karukinka South, Lowland",N/A,N/A,N/A,Steppe|Moist forest,GF01016206S,N/A,44,0,0,0,0,0,1,14,0,1,0,0,0,5,0,2,2,2,0,0,0,17,0,0,0,1,0,6,soil,95,11,14.73684211,14.73684211,,,11,5.278495,,,,,,,,,,,,,,,,,,,,
GF01016207S,"Argentina, Tierra del Fuego, Andorra North, Lowland",N/A,N/A,N/A,Moist forest|Wet forest,GF01016207S,N/A,56,0,0,1,0,0,0,15,0,1,0,0,1,12,0,0,1,4,0,0,1,20,0,0,0,3,0,5,soil,120,12,12.5,12.5,,,12,5.376156,,,,,,,,,,,,,,,,,,,,
GF01016208S,"Chile, Magallanes, Karukinka South, Mid-elevation",N/A,N/A,N/A,Moist forest|Wet forest,GF01016208S,N/A,41,0,0,0,0,0,0,15,0,2,0,1,2,22,0,1,2,2,0,0,0,22,0,0,0,0,0,5,soil,115,11,13.04347826,13.04347826,,,11,5.852593,,,,,,,,,,,,,,,,,,,,
GF01016209S,"Argentina, Tierra del Fuego, Andorra South, Treeline",N/A,N/A,N/A,Moist forest|Wet forest,GF01016209S,N/A,38,0,0,0,0,0,0,12,0,3,0,0,2,13,0,2,0,3,0,0,1,25,0,0,0,0,0,6,soil,105,10,11.42857143,11.42857143,,,10,5.917875,,,,,,,,,,,,,,,,,,,,
GF01016210S,"Argentina, Tierra del Fuego, Andorra South, Treeline",N/A,N/A,N/A,Moist forest|Wet forest,GF01016210S,N/A,39,0,0,0,0,0,0,3,0,4,0,0,2,5,0,1,0,3,0,0,3,26,0,0,0,1,0,7,soil,94,11,3.191489362,3.191489362,,,11,5.543848,,,,,,,,,,,,,,,,,,,,
GF01016211S,"Argentina, Tierra del Fuego, Andorra South, Treeline",N/A,N/A,N/A,Moist forest|Wet forest,GF01016211S,N/A,35,0,0,0,0,0,0,3,0,2,0,0,2,4,0,1,0,1,0,0,1,22,0,0,0,0,0,2,soil,73,10,4.109589041,4.109589041,,,10,4.37634,,,,,,,,,,,,,,,,,,,,
GF01016212S,"Argentina, Tierra del Fuego, Andorra North, Treeline",N/A,N/A,N/A,Moist forest|Wet forest,GF01016212S,N/A,24,0,0,0,0,0,0,14,0,0,0,0,1,13,0,0,1,1,0,0,0,11,0,0,0,1,0,4,soil,70,9,20,20,,,9,5.466774,,,,,,,,,,,,,,,,,,,,
GF01016213S,"Argentina, Tierra del Fuego, Jeujepen North, Lowland",N/A,N/A,N/A,Dry forest|Moist forest,GF01016213S,N/A,25,0,0,2,0,0,0,6,0,0,0,0,0,6,0,2,0,1,0,0,1,12,0,0,0,1,0,10,soil,66,10,9.090909091,9.090909091,,,10,6.061289,,,,,,,,,,,,,,,,,,,,
GF01016214S,"Argentina, Tierra del Fuego, Andorra South, Lowland",N/A,N/A,N/A,Dry forest|Moist forest,GF01016214S,N/A,21,0,0,0,0,0,0,7,0,0,0,0,0,2,0,0,0,2,0,0,0,5,0,0,0,0,0,1,soil,38,6,18.42105263,18.42105263,,,6,3.713218,,,,,,,,,,,,,,,,,,,,
GF01018216S,Costa Rica,Neotropical,Mesoamerican,Pacific Lowlands province,Dry forest|Moist forest,GF01018216S,Pacific Lowlands province,144,0,0,4,0,0,0,1,0,1,1,0,0,9,0,4,0,12,0,0,0,18,0,0,0,12,0,17,soil,223,11,0.448430493,0.448430493,,,11,3.829878,,,,,,,,,,,,,,,,,,,,
GF01018217S,Costa Rica,Neotropical,Mesoamerican,Pacific Lowlands province,Dry forest|Moist forest,GF01018217S,Pacific Lowlands province,83,0,0,3,2,0,0,0,0,1,0,0,0,5,0,6,0,27,0,0,1,18,0,0,0,14,0,16,soil,176,11,0,0,,,11,5.419451,,,,,,,,,,,,,,,,,,,,
GF01018218S,Costa Rica,Neotropical,Mesoamerican,Pacific Lowlands province,Dry forest|Moist forest,GF01018218S,Pacific Lowlands province,99,0,0,3,3,0,0,1,0,1,1,0,0,11,0,3,0,18,0,0,0,16,0,0,0,14,0,20,soil,190,12,0.526315789,0.526315789,,,12,5.17975,,,,,,,,,,,,,,,,,,,,
GF01018219S,Costa Rica,Neotropical,Mesoamerican,Pacific Lowlands province,Dry forest|Moist forest,GF01018219S,Pacific Lowlands province,91,0,0,9,0,0,0,2,1,0,1,1,1,18,0,8,0,22,0,0,0,20,1,0,0,19,0,16,soil,210,14,0.952380952,0.952380952,,,14,6.53971,,,,,,,,,,,,,,,,,,,,
GF01018220S,Costa Rica,Neotropical,Mesoamerican,Pacific Lowlands province,Dry forest|Moist forest,GF01018220S,Pacific Lowlands province,93,0,0,7,0,0,0,0,0,0,1,0,0,4,0,5,0,15,0,0,0,13,0,0,0,12,0,12,soil,162,9,0,0,,,9,4.449775,,,,,,,,,,,,,,,,,,,,
GF01018221S,Costa Rica,Neotropical,Mesoamerican,Pacific Lowlands province,Dry forest|Moist forest,GF01018221S,Pacific Lowlands province,130,0,0,22,1,0,0,4,0,0,2,0,2,25,0,20,0,37,0,0,0,28,2,0,0,25,0,40,soil,338,13,1.183431953,1.183431953,,,13,7.097305,,,,,,,,,,,,,,,,,,,,
GF01018222S,Costa Rica,Neotropical,Mesoamerican,Pacific Lowlands province,Dry forest|Moist forest,GF01018222S,Pacific Lowlands province,133,0,0,1,10,0,2,3,0,1,0,0,0,4,0,4,0,10,0,0,0,25,0,0,0,12,0,10,soil,215,12,1.395348837,1.395348837,,,12,4.211478,,,,,,,,,,,,,,,,,,,,
GF01018223S,Costa Rica,Neotropical,Mesoamerican,Pacific Lowlands province,Dry forest|Moist forest,GF01018223S,Pacific Lowlands province,84,0,0,3,1,0,0,5,0,2,0,0,1,7,0,14,0,21,0,0,0,32,0,0,0,16,0,12,soil,198,12,2.525252525,2.525252525,,,12,6.241194,,,,,,,,,,,,,,,,,,,,
GF01018224S,Costa Rica,Neotropical,Mesoamerican,Pacific Lowlands province,Dry forest|Moist forest,GF01018224S,Pacific Lowlands province,40,0,0,3,3,0,0,1,0,1,0,0,0,8,0,5,0,14,0,0,0,14,0,0,0,3,0,9,soil,101,11,0.99009901,0.99009901,,,11,6.582973,,,,,,,,,,,,,,,,,,,,
GF01018225S,Costa Rica,Neotropical,Mesoamerican,Pacific Lowlands province,Dry forest|Moist forest,GF01018225S,Pacific Lowlands province,20,0,0,3,1,0,0,7,1,1,0,0,0,7,0,6,0,1,0,0,0,10,0,0,0,12,0,7,soil,76,12,9.210526316,9.210526316,,,12,8.369136,,,,,,,,,,,,,,,,,,,,
GF01018226S,Costa Rica,Neotropical,Mesoamerican,Pacific Lowlands province,Dry forest|Moist forest,GF01018226S,Pacific Lowlands province,78,0,0,4,1,0,1,3,0,0,3,0,0,12,0,5,1,27,0,0,0,19,1,0,0,23,0,17,soil,195,14,1.538461538,1.538461538,,,14,6.778965,,,,,,,,,,,,,,,,,,,,
GF01018227S,Costa Rica,Neotropical,Mesoamerican,Pacific Lowlands province,Dry forest|Moist forest,GF01018227S,Pacific Lowlands province,92,0,0,4,1,0,4,1,0,1,0,0,0,7,0,10,0,17,0,0,0,18,0,0,0,25,0,15,soil,195,12,0.512820513,0.512820513,,,12,5.8127,,,,,,,,,,,,,,,,,,,,
GF01018228S,Costa Rica,Neotropical,Mesoamerican,Pacific Lowlands province,Dry forest|Moist forest,GF01018228S,Pacific Lowlands province,77,0,0,5,1,0,0,19,0,0,0,0,0,11,0,14,0,20,0,0,0,27,1,0,0,30,0,21,soil,226,11,8.407079646,8.407079646,,,11,7.27163,,,,,,,,,,,,,,,,,,,,
GF01018229S,Costa Rica,Neotropical,Mesoamerican,Pacific Lowlands province,Dry forest|Moist forest,GF01018229S,Pacific Lowlands province,94,0,0,6,1,0,2,2,0,0,0,0,1,6,0,7,0,18,0,0,0,15,0,0,0,20,0,19,soil,191,12,1.047120419,1.047120419,,,12,5.619519,,,,,,,,,,,,,,,,,,,,
GF01018230S,Costa Rica,Neotropical,Mesoamerican,Pacific Lowlands province,Dry forest|Moist forest,GF01018230S,Pacific Lowlands province,59,0,0,5,2,0,0,0,0,0,0,0,1,8,0,3,0,8,0,0,0,14,0,0,0,6,0,10,soil,116,10,0,0,,,10,5.330433,,,,,,,,,,,,,,,,,,,,
GF01018231S,Costa Rica,Neotropical,Mesoamerican,Pacific Lowlands province,Dry forest|Moist forest,GF01018231S,Pacific Lowlands province,116,0,0,7,1,0,0,10,0,1,1,0,0,21,0,9,2,37,0,0,0,33,0,0,0,37,0,25,soil,300,13,3.333333333,3.333333333,,,13,6.796225,,,,,,,,,,,,,,,,,,,,
GF01018232S,Costa Rica,Neotropical,Mesoamerican,Pacific Lowlands province,Dry forest|Moist forest,GF01018232S,Pacific Lowlands province,84,0,0,5,1,0,1,1,1,0,0,0,0,6,0,6,3,18,0,0,0,16,0,0,0,18,0,5,soil,165,13,0.606060606,0.606060606,,,13,5.490103,,,,,,,,,,,,,,,,,,,,
GF01018233S,Costa Rica,Neotropical,Mesoamerican,Pacific Lowlands province,Dry forest|Moist forest,GF01018233S,Pacific Lowlands province,54,0,0,6,0,0,0,5,0,1,1,0,0,7,0,14,0,4,0,0,0,26,0,0,0,17,0,11,soil,146,11,3.424657534,3.424657534,,,11,6.715191,,,,,,,,,,,,,,,,,,,,
GF01018234S,Costa Rica,Neotropical,Mesoamerican,Pacific Lowlands province,Dry forest|Moist forest,GF01018234S,Pacific Lowlands province,93,0,0,9,4,0,0,1,0,1,1,0,0,9,0,4,1,20,0,0,0,21,0,0,0,19,0,18,soil,201,13,0.497512438,0.497512438,,,13,6.054811,,,,,,,,,,,,,,,,,,,,
GF01018235S,Costa Rica,Neotropical,Mesoamerican,Pacific Lowlands province,Dry forest|Moist forest,GF01018235S,Pacific Lowlands province,145,0,0,8,4,0,0,1,0,0,2,0,0,13,0,12,1,24,0,0,0,15,0,0,0,25,0,33,soil,283,12,0.35335689,0.35335689,,,12,5.386722,,,,,,,,,,,,,,,,,,,,
GF01018236S,Costa Rica,Neotropical,Mesoamerican,Pacific Lowlands province,Dry forest|Moist forest,GF01018236S,Pacific Lowlands province,122,0,0,3,7,0,0,2,0,1,0,0,0,2,0,7,1,7,0,0,0,30,0,0,0,12,0,3,soil,197,12,1.015228426,1.015228426,,,12,3.990213,,,,,,,,,,,,,,,,,,,,
GF01018237S,Costa Rica,Neotropical,Mesoamerican,Pacific Lowlands province,Dry forest|Moist forest,GF01018237S,Pacific Lowlands province,146,0,0,5,3,0,0,3,0,1,2,0,0,18,0,10,1,36,0,0,0,34,1,0,0,14,0,29,soil,303,14,0.99009901,0.99009901,,,14,5.732339,,,,,,,,,,,,,,,,,,,,
GF01018238S,Costa Rica,Neotropical,Mesoamerican,Pacific Lowlands province,Dry forest|Moist forest,GF01018238S,Pacific Lowlands province,77,0,0,10,1,0,0,5,0,0,2,0,0,12,0,14,1,12,0,0,0,37,0,0,0,18,0,15,soil,204,12,2.450980392,2.450980392,,,12,6.937231,,,,,,,,,,,,,,,,,,,,
GF01018239S,Costa Rica,Neotropical,Mesoamerican,Pacific Lowlands province,Dry forest|Moist forest,GF01018239S,Pacific Lowlands province,81,0,0,3,1,0,0,6,0,1,1,0,0,12,0,7,1,22,0,0,0,32,1,0,0,13,0,14,soil,195,14,3.076923077,3.076923077,,,14,6.519992,,,,,,,,,,,,,,,,,,,,
GF01018240S,Costa Rica,Neotropical,Mesoamerican,Pacific Lowlands province,Dry forest|Moist forest,GF01018240S,Pacific Lowlands province,85,0,0,3,5,0,0,3,0,0,0,1,0,1,0,8,1,17,0,0,0,23,0,0,0,20,0,19,soil,186,12,1.612903226,1.612903226,,,12,5.799613,,,,,,,,,,,,,,,,,,,,
GF01018241S,Costa Rica,Neotropical,Mesoamerican,Pacific Lowlands province,Dry forest|Moist forest,GF01018241S,Pacific Lowlands province,72,0,0,14,1,0,0,3,0,2,2,0,1,19,0,9,0,30,0,0,0,17,0,0,0,15,0,25,soil,210,13,1.428571429,1.428571429,,,13,7.56511,,,,,,,,,,,,,,,,,,,,
GF01018242S,Costa Rica,Neotropical,Mesoamerican,Pacific Lowlands province,Dry forest|Moist forest,GF01018242S,Pacific Lowlands province,80,0,0,2,6,0,2,0,0,0,0,0,1,8,0,4,0,14,0,0,1,18,1,0,0,15,0,9,soil,161,13,0,0,,,13,5.780426,,,,,,,,,,,,,,,,,,,,
GF01018243S,Costa Rica,Neotropical,Mesoamerican,Pacific Lowlands province,Dry forest|Moist forest,GF01018243S,Pacific Lowlands province,88,0,0,7,1,0,0,8,0,1,0,1,1,11,0,8,1,40,0,0,0,28,0,0,0,28,0,25,soil,248,14,3.225806452,3.225806452,,,14,7.080598,,,,,,,,,,,,,,,,,,,,
GF01018244S,Costa Rica,Neotropical,Mesoamerican,Pacific Lowlands province,Dry forest|Moist forest,GF01018244S,Pacific Lowlands province,108,0,0,5,6,0,0,2,0,2,1,0,0,11,0,5,2,26,0,0,0,27,0,0,0,22,0,10,soil,227,13,0.881057269,0.881057269,,,13,5.920093,,,,,,,,,,,,,,,,,,,,
GF01018245S,Costa Rica,Neotropical,Mesoamerican,Pacific Lowlands province,Dry forest|Moist forest,GF01018245S,Pacific Lowlands province,74,0,0,7,0,0,0,1,0,0,0,0,1,10,0,7,0,24,0,0,0,19,0,0,0,26,0,15,soil,184,10,0.543478261,0.543478261,,,10,6.116756,,,,,,,,,,,,,,,,,,,,
GF01018246S,Costa Rica,Neotropical,Mesoamerican,Pacific Lowlands province,Dry forest|Moist forest,GF01018246S,Pacific Lowlands province,144,0,0,3,12,0,0,6,0,2,0,0,1,12,0,6,2,11,0,0,2,37,1,0,0,23,0,20,soil,282,15,2.127659574,2.127659574,,,15,5.780357,,,,,,,,,,,,,,,,,,,,
GF01018247S,Costa Rica,Neotropical,Mesoamerican,Pacific Lowlands province,Dry forest|Moist forest,GF01018247S,Pacific Lowlands province,84,0,0,4,10,0,1,1,0,1,1,0,0,14,0,7,0,28,0,0,0,12,0,0,0,21,0,15,soil,199,13,0.502512563,0.502512563,,,13,6.561529,,,,,,,,,,,,,,,,,,,,
GF01018248S,Costa Rica,Neotropical,Mesoamerican,Pacific Lowlands province,Dry forest|Moist forest,GF01018248S,Pacific Lowlands province,124,0,0,9,1,0,1,1,0,1,0,0,0,11,0,8,0,32,0,0,1,21,0,0,0,16,0,22,soil,248,13,0.403225806,0.403225806,,,13,5.430531,,,,,,,,,,,,,,,,,,,,
GF01018249S,Costa Rica,Neotropical,Mesoamerican,Pacific Lowlands province,Dry forest|Moist forest,GF01018249S,Pacific Lowlands province,115,0,0,8,2,0,0,4,0,2,1,0,0,18,0,12,0,29,0,0,0,27,3,0,0,17,0,31,soil,269,13,1.486988848,1.486988848,,,13,6.608257,,,,,,,,,,,,,,,,,,,,
GF01018250S,Costa Rica,Neotropical,Mesoamerican,Pacific Lowlands province,Dry forest|Moist forest,GF01018250S,Pacific Lowlands province,51,0,0,3,6,0,0,6,0,0,0,0,0,2,0,7,0,6,0,0,0,19,0,0,0,16,0,14,soil,130,10,4.615384615,4.615384615,,,10,6.555957,,,,,,,,,,,,,,,,,,,,
GF01018251S,Costa Rica,Neotropical,Mesoamerican,Pacific Lowlands province,Dry forest|Moist forest,GF01018251S,Pacific Lowlands province,79,0,0,4,4,0,0,2,0,0,0,0,0,6,0,11,0,11,0,0,0,30,0,0,0,15,0,9,soil,171,10,1.169590643,1.169590643,,,10,5.633912,,,,,,,,,,,,,,,,,,,,
GF01018252S,Costa Rica,Neotropical,Mesoamerican,Pacific Lowlands province,Dry forest|Moist forest,GF01018252S,Pacific Lowlands province,52,0,0,7,6,0,0,2,0,0,0,0,0,8,0,2,1,9,0,0,0,9,0,0,0,15,0,14,soil,125,11,1.6,1.6,,,11,6.668635,,,,,,,,,,,,,,,,,,,,
GF01018253S,Costa Rica,Neotropical,Mesoamerican,Pacific Lowlands province,Dry forest|Moist forest,GF01018253S,Pacific Lowlands province,89,0,0,7,1,0,1,0,0,0,1,0,0,13,0,5,2,21,0,0,0,12,0,0,0,22,0,35,soil,209,12,0,0,,,12,5.999665,,,,,,,,,,,,,,,,,,,,
GF01018254S,Costa Rica,Neotropical,Mesoamerican,Pacific Lowlands province,Dry forest|Moist forest,GF01018254S,Pacific Lowlands province,44,0,0,5,3,0,1,0,0,0,2,0,0,10,0,3,0,24,0,0,0,21,0,0,0,10,0,9,soil,132,11,0,0,,,11,6.95271,,,,,,,,,,,,,,,,,,,,
GF01018255S,Costa Rica,Neotropical,Mesoamerican,Pacific Lowlands province,Dry forest|Moist forest,GF01018255S,Pacific Lowlands province,104,0,0,11,0,0,0,4,0,1,1,0,1,19,0,11,1,30,0,0,0,26,3,0,0,24,0,35,soil,271,14,1.47601476,1.47601476,,,14,7.07322,,,,,,,,,,,,,,,,,,,,
GF01018256S,Costa Rica,Neotropical,Mesoamerican,Pacific Lowlands province,Dry forest|Moist forest,GF01018256S,Pacific Lowlands province,111,0,0,0,8,0,1,2,1,1,0,0,0,5,0,2,0,15,0,0,0,8,0,0,0,14,0,5,soil,173,12,1.156069364,1.156069364,,,12,3.982169,,,,,,,,,,,,,,,,,,,,
GF01018257S,Costa Rica,Neotropical,Mesoamerican,Pacific Lowlands province,Dry forest|Moist forest,GF01018257S,Pacific Lowlands province,75,0,0,1,13,0,2,4,0,1,0,0,0,4,0,3,0,13,0,0,0,24,0,0,0,10,0,5,soil,155,12,2.580645161,2.580645161,,,12,5.639263,,,,,,,,,,,,,,,,,,,,
GF01018258S,Costa Rica,Neotropical,Mesoamerican,Pacific Lowlands province,Dry forest|Moist forest,GF01018258S,Pacific Lowlands province,114,0,0,2,2,0,0,0,0,0,0,0,0,3,0,2,0,24,0,0,0,12,0,0,0,2,0,9,soil,170,9,0,0,,,9,3.213492,,,,,,,,,,,,,,,,,,,,
GF01018259S,Costa Rica,Neotropical,Mesoamerican,Pacific Lowlands province,Dry forest|Moist forest,GF01018259S,Pacific Lowlands province,51,0,0,3,1,0,0,9,0,0,2,0,0,4,0,9,1,12,0,0,2,26,0,0,0,14,0,4,soil,138,13,6.52173913,6.52173913,,,13,7.139199,,,,,,,,,,,,,,,,,,,,
GF01018260S,Costa Rica,Neotropical,Mesoamerican,Pacific Lowlands province,Dry forest|Moist forest,GF01018260S,Pacific Lowlands province,110,0,0,12,1,0,2,1,0,0,1,0,0,19,0,12,0,31,0,0,0,13,0,0,0,22,0,30,soil,254,12,0.393700787,0.393700787,,,12,6.180244,,,,,,,,,,,,,,,,,,,,
GF01018261S,Costa Rica,Neotropical,Mesoamerican,Pacific Lowlands province,Dry forest|Moist forest,GF01018261S,Pacific Lowlands province,101,0,0,4,4,0,0,1,0,1,2,0,0,10,0,7,1,20,0,0,0,20,0,0,0,16,0,13,soil,200,13,0.5,0.5,,,13,5.665453,,,,,,,,,,,,,,,,,,,,
GF01018262S,Costa Rica,Neotropical,Mesoamerican,Pacific Lowlands province,Dry forest|Moist forest,GF01018262S,Pacific Lowlands province,145,0,0,5,1,0,5,1,1,0,1,0,4,5,0,7,1,18,0,0,0,19,1,0,0,13,0,22,soil,249,16,0.401606426,0.401606426,,,16,4.976819,,,,,,,,,,,,,,,,,,,,
GF01018263S,Costa Rica,Neotropical,Mesoamerican,Pacific Lowlands province,Dry forest|Moist forest,GF01018263S,Pacific Lowlands province,92,0,0,8,1,0,2,0,0,0,3,0,1,10,0,9,0,35,0,0,0,15,3,0,0,21,0,27,soil,227,13,0,0,,,13,6.649596,,,,,,,,,,,,,,,,,,,,
GF01018264S,Costa Rica,Neotropical,Mesoamerican,Pacific Lowlands province,Dry forest|Moist forest,GF01018264S,Pacific Lowlands province,2,0,0,0,0,0,0,8,0,0,0,0,0,0,0,0,0,2,0,0,0,5,0,0,0,3,0,0,soil,20,5,40,40,,,5,4.298108,,,,,,,,,,,,,,,,,,,,
GF01018265S,Costa Rica,Neotropical,Mesoamerican,Pacific Lowlands province,Dry forest|Moist forest,GF01018265S,Pacific Lowlands province,94,0,0,9,3,0,1,1,0,1,2,0,0,15,0,15,1,16,0,0,0,17,0,0,0,29,0,36,soil,240,14,0.416666667,0.416666667,,,14,6.895273,,,,,,,,,,,,,,,,,,,,
GF01018266S,Costa Rica,Neotropical,Mesoamerican,Pacific Lowlands province,Dry forest|Moist forest,GF01018266S,Pacific Lowlands province,116,0,0,17,6,0,1,3,0,0,1,0,0,14,0,10,0,35,0,0,0,21,1,0,0,34,0,39,soil,298,13,1.006711409,1.006711409,,,13,6.8399,,,,,,,,,,,,,,,,,,,,
GF01018267S,Costa Rica,Neotropical,Mesoamerican,Pacific Lowlands province,Dry forest|Moist forest,GF01018267S,Pacific Lowlands province,87,0,0,12,0,0,0,6,0,1,1,0,2,14,0,13,1,28,0,0,0,29,1,0,0,32,0,17,soil,244,14,2.459016393,2.459016393,,,14,7.465357,,,,,,,,,,,,,,,,,,,,
GF01018268S,Costa Rica,Neotropical,Mesoamerican,Pacific Lowlands province,Dry forest|Moist forest,GF01018268S,Pacific Lowlands province,61,0,0,2,3,0,0,1,0,0,0,0,0,2,0,10,1,8,0,0,0,34,0,0,0,20,0,4,soil,146,11,0.684931507,0.684931507,,,11,5.383128,,,,,,,,,,,,,,,,,,,,
GF01018269S,Costa Rica,Neotropical,Mesoamerican,Pacific Lowlands province,Dry forest|Moist forest,GF01018269S,Pacific Lowlands province,96,0,0,2,0,0,0,1,0,0,3,0,1,14,0,11,1,38,0,0,0,17,0,0,0,23,0,28,soil,235,12,0.425531915,0.425531915,,,12,6.101571,,,,,,,,,,,,,,,,,,,,
GF01018270S,Costa Rica,Neotropical,Mesoamerican,Pacific Lowlands province,Dry forest|Moist forest,GF01018270S,Pacific Lowlands province,96,0,0,9,4,0,3,4,0,1,2,0,1,19,0,9,1,28,0,0,0,18,0,0,0,29,0,37,soil,261,15,1.53256705,1.53256705,,,15,7.512133,,,,,,,,,,,,,,,,,,,,
GF01018271S,Costa Rica,Neotropical,Mesoamerican,Pacific Lowlands province,Dry forest|Moist forest,GF01018271S,Pacific Lowlands province,26,0,0,3,0,0,2,1,0,0,0,0,0,6,0,3,0,8,0,0,0,14,0,0,0,12,0,4,soil,79,10,1.265822785,1.265822785,,,10,6.918433,,,,,,,,,,,,,,,,,,,,
GF01018272S,Costa Rica,Neotropical,Mesoamerican,Pacific Lowlands province,Dry forest|Moist forest,GF01018272S,Pacific Lowlands province,78,0,0,6,2,0,0,2,0,1,1,0,0,15,0,6,0,18,0,0,0,17,0,0,0,16,0,18,soil,180,12,1.111111111,1.111111111,,,12,6.37521,,,,,,,,,,,,,,,,,,,,
GF01018273S,Costa Rica,Neotropical,Mesoamerican,Pacific Lowlands province,Dry forest|Moist forest,GF01018273S,Pacific Lowlands province,70,0,0,8,1,0,1,0,0,0,2,0,0,10,0,5,2,18,0,0,0,12,0,0,0,30,0,33,soil,192,12,0,0,,,12,6.599301,,,,,,,,,,,,,,,,,,,,
GF01018274S,Costa Rica,Neotropical,Mesoamerican,Pacific Lowlands province,Dry forest|Moist forest,GF01018274S,Pacific Lowlands province,97,0,0,2,1,0,0,1,0,1,3,0,1,11,0,11,0,30,0,0,0,24,0,0,0,13,0,21,soil,216,13,0.462962963,0.462962963,,,13,5.92461,,,,,,,,,,,,,,,,,,,,
GF01018275S,Costa Rica,Neotropical,Mesoamerican,Pacific Lowlands province,Dry forest|Moist forest,GF01018275S,Pacific Lowlands province,78,0,0,7,0,0,0,6,0,0,0,0,0,9,0,15,0,12,0,0,1,35,0,0,0,18,0,13,soil,194,10,3.092783505,3.092783505,,,10,6.322114,,,,,,,,,,,,,,,,,,,,
GF01018276S,Costa Rica,Neotropical,Mesoamerican,Pacific Lowlands province,Dry forest|Moist forest,GF01018276S,Pacific Lowlands province,107,0,0,6,2,0,1,2,0,0,2,0,1,13,0,11,0,23,0,0,0,17,0,0,0,29,0,25,soil,239,13,0.836820084,0.836820084,,,13,6.194288,,,,,,,,,,,,,,,,,,,,
GF01018277S,Costa Rica,Neotropical,Mesoamerican,Pacific Lowlands province,Dry forest|Moist forest,GF01018277S,Pacific Lowlands province,96,0,0,13,0,0,0,0,0,1,1,1,0,10,0,4,0,21,0,0,0,13,1,0,0,26,0,35,soil,222,12,0,0,,,12,5.869123,,,,,,,,,,,,,,,,,,,,
GF01018278S,Costa Rica,Neotropical,Mesoamerican,Pacific Lowlands province,Dry forest|Moist forest,GF01018278S,Pacific Lowlands province,75,0,0,4,6,0,1,2,0,3,0,0,0,6,0,5,0,10,0,0,0,22,0,0,0,10,0,12,soil,156,12,1.282051282,1.282051282,,,12,6.030938,,,,,,,,,,,,,,,,,,,,
GF01018279S,Costa Rica,Neotropical,Mesoamerican,Pacific Lowlands province,Dry forest|Moist forest,GF01018279S,Pacific Lowlands province,96,0,0,4,2,0,0,9,0,1,0,1,0,16,0,11,0,24,0,0,0,28,2,0,0,32,0,27,soil,253,13,3.557312253,3.557312253,,,13,7.032103,,,,,,,,,,,,,,,,,,,,
GF01018280S,Costa Rica,Neotropical,Mesoamerican,Pacific Lowlands province,Dry forest|Moist forest,GF01018280S,Pacific Lowlands province,126,0,0,0,8,0,2,3,0,1,2,0,1,7,0,5,0,20,0,0,0,26,0,0,0,21,0,14,soil,236,13,1.271186441,1.271186441,,,13,5.224956,,,,,,,,,,,,,,,,,,,,
GF01018281S,Costa Rica,Neotropical,Mesoamerican,Pacific Lowlands province,Dry forest|Moist forest,GF01018281S,Pacific Lowlands province,79,0,0,5,1,0,0,2,0,0,0,0,0,7,0,1,0,11,0,0,0,21,0,0,0,10,0,6,soil,143,10,1.398601399,1.398601399,,,10,4.57214,,,,,,,,,,,,,,,,,,,,
GF01018282S,Costa Rica,Neotropical,Mesoamerican,Pacific Lowlands province,Dry forest|Moist forest,GF01018282S,Pacific Lowlands province,98,0,0,1,5,0,0,4,0,2,2,0,0,10,0,1,0,27,0,0,0,22,0,0,0,8,0,19,soil,199,12,2.010050251,2.010050251,,,12,5.386077,,,,,,,,,,,,,,,,,,,,
GF01018283S,Costa Rica,Neotropical,Mesoamerican,Pacific Lowlands province,Dry forest|Moist forest,GF01018283S,Pacific Lowlands province,63,0,0,3,3,0,0,2,0,1,0,0,0,3,0,0,0,4,0,0,1,10,0,0,0,10,0,5,soil,105,11,1.904761905,1.904761905,,,11,4.448964,,,,,,,,,,,,,,,,,,,,
GF01018284S,Costa Rica,Neotropical,Mesoamerican,Pacific Lowlands province,Dry forest|Moist forest,GF01018284S,Pacific Lowlands province,74,0,0,2,2,0,0,3,0,0,1,0,0,5,0,5,0,22,0,0,0,24,0,0,0,13,0,11,soil,162,11,1.851851852,1.851851852,,,11,5.615278,,,,,,,,,,,,,,,,,,,,
GF01018285S,Costa Rica,Neotropical,Mesoamerican,Pacific Lowlands province,Dry forest|Moist forest,GF01018285S,Pacific Lowlands province,79,0,0,8,4,0,0,1,0,1,1,0,0,21,0,7,0,21,0,0,0,6,1,0,0,21,0,13,soil,184,13,0.543478261,0.543478261,,,13,6.438413,,,,,,,,,,,,,,,,,,,,
GF01018286S,Costa Rica,Neotropical,Mesoamerican,Pacific Lowlands province,Dry forest|Moist forest,GF01018286S,Pacific Lowlands province,102,0,0,11,1,0,0,0,0,0,1,0,0,12,0,12,0,33,0,0,0,13,2,0,0,26,0,28,soil,241,11,0,0,,,11,6.103773,,,,,,,,,,,,,,,,,,,,
GF01018287S,Costa Rica,Neotropical,Mesoamerican,Pacific Lowlands province,Dry forest|Moist forest,GF01018287S,Pacific Lowlands province,69,0,0,7,0,0,1,6,0,1,2,0,0,10,0,8,2,15,0,0,0,24,0,0,0,17,0,16,soil,178,13,3.370786517,3.370786517,,,13,7.3056,,,,,,,,,,,,,,,,,,,,
GF01018288S,Costa Rica,Neotropical,Mesoamerican,Pacific Lowlands province,Dry forest|Moist forest,GF01018288S,Pacific Lowlands province,53,0,0,10,0,0,0,1,0,0,1,0,0,9,0,8,0,23,0,0,0,6,1,0,0,14,0,23,soil,149,11,0.67114094,0.67114094,,,11,6.7172,,,,,,,,,,,,,,,,,,,,
GF01018289S,Costa Rica,Neotropical,Mesoamerican,Pacific Lowlands province,Dry forest|Moist forest,GF01018289S,Pacific Lowlands province,89,0,0,8,1,0,0,3,0,4,0,0,0,14,0,12,0,15,0,0,0,34,0,0,0,20,0,23,soil,223,11,1.34529148,1.34529148,,,11,6.620865,,,,,,,,,,,,,,,,,,,,
GF01018290S,Costa Rica,Neotropical,Mesoamerican,Pacific Lowlands province,Dry forest|Moist forest,GF01018290S,Pacific Lowlands province,88,0,0,4,9,0,2,3,0,0,1,0,0,7,0,3,0,20,0,0,0,23,0,0,0,12,0,11,soil,183,12,1.639344262,1.639344262,,,12,5.879652,,,,,,,,,,,,,,,,,,,,
GF01018291S,Costa Rica,Neotropical,Mesoamerican,Pacific Lowlands province,Dry forest|Moist forest,GF01018291S,Pacific Lowlands province,76,0,0,4,3,0,0,8,0,1,0,0,1,4,0,14,1,10,0,0,0,17,0,0,0,20,0,5,soil,164,13,4.87804878,4.87804878,,,13,6.233944,,,,,,,,,,,,,,,,,,,,
GF01018292S,Costa Rica,Neotropical,Mesoamerican,Pacific Lowlands province,Dry forest|Moist forest,GF01018292S,Pacific Lowlands province,114,0,0,5,2,0,1,1,0,1,3,0,0,12,0,6,2,25,0,0,0,26,1,0,0,17,0,28,soil,244,15,0.409836066,0.409836066,,,15,6.070724,,,,,,,,,,,,,,,,,,,,
GF01018293S,Costa Rica,Neotropical,Mesoamerican,Pacific Lowlands province,Dry forest|Moist forest,GF01018293S,Pacific Lowlands province,94,0,0,3,2,0,1,1,0,1,0,0,0,7,0,4,1,6,0,0,0,12,0,0,0,14,0,14,soil,160,13,0.625,0.625,,,13,4.671779,,,,,,,,,,,,,,,,,,,,
GF01018294S,Costa Rica,Neotropical,Mesoamerican,Pacific Lowlands province,Dry forest|Moist forest,GF01018294S,Pacific Lowlands province,91,0,0,0,4,0,1,3,0,1,0,0,0,8,0,4,2,13,0,0,1,14,0,0,0,10,0,3,soil,155,13,1.935483871,1.935483871,,,13,4.77179,,,,,,,,,,,,,,,,,,,,
GF01018295S,Costa Rica,Neotropical,Mesoamerican,Pacific Lowlands province,Dry forest|Moist forest,GF01018295S,Pacific Lowlands province,136,0,0,11,1,0,0,1,0,0,0,0,0,7,0,4,0,29,0,0,0,23,0,0,0,16,0,23,soil,251,10,0.398406375,0.398406375,,,10,4.672746,,,,,,,,,,,,,,,,,,,,
GF01018296S,Costa Rica,Neotropical,Mesoamerican,Pacific Lowlands province,Dry forest|Moist forest,GF01018296S,Pacific Lowlands province,102,0,0,7,1,0,2,2,0,0,3,1,1,20,0,7,0,33,0,0,0,29,0,0,0,17,0,25,soil,250,14,0.8,0.8,,,14,6.651733,,,,,,,,,,,,,,,,,,,,
GF01018297S,Costa Rica,Neotropical,Mesoamerican,Pacific Lowlands province,Dry forest|Moist forest,GF01018297S,Pacific Lowlands province,51,0,0,3,3,0,0,10,0,0,0,0,0,3,0,8,0,9,0,0,0,27,0,0,0,16,0,7,soil,137,10,7.299270073,7.299270073,,,10,6.53726,,,,,,,,,,,,,,,,,,,,
GF01018298S,Costa Rica,Neotropical,Mesoamerican,Pacific Lowlands province,Dry forest|Moist forest,GF01018298S,Pacific Lowlands province,38,0,0,4,3,0,0,10,0,0,1,0,0,1,0,8,0,5,0,0,0,24,0,0,0,18,0,7,soil,119,11,8.403361345,8.403361345,,,11,7.026708,,,,,,,,,,,,,,,,,,,,
GF01018299S,Costa Rica,Neotropical,Mesoamerican,Pacific Lowlands province,Dry forest|Moist forest,GF01018299S,Pacific Lowlands province,52,0,0,8,2,0,0,3,0,0,0,0,0,5,0,12,1,7,0,0,0,31,0,0,0,26,0,10,soil,157,11,1.910828025,1.910828025,,,11,6.817955,,,,,,,,,,,,,,,,,,,,
GF01018300S,Costa Rica,Neotropical,Mesoamerican,Pacific Lowlands province,Dry forest|Moist forest,GF01018300S,Pacific Lowlands province,88,0,0,4,4,0,0,2,0,0,0,0,0,15,0,5,1,17,0,0,0,20,0,0,0,17,0,21,soil,194,11,1.030927835,1.030927835,,,11,5.970199,,,,,,,,,,,,,,,,,,,,
GF01018301S,Costa Rica,Neotropical,Mesoamerican,Pacific Lowlands province,Dry forest|Moist forest,GF01018301S,Pacific Lowlands province,40,0,0,4,0,0,1,8,0,0,0,0,0,4,0,10,0,5,0,0,0,23,1,0,0,17,0,5,soil,118,11,6.779661017,6.779661017,,,11,6.91985,,,,,,,,,,,,,,,,,,,,
GF01018302S,Costa Rica,Neotropical,Mesoamerican,Pacific Lowlands province,Dry forest|Moist forest,GF01018302S,Pacific Lowlands province,30,0,0,3,0,0,0,9,0,0,0,0,1,2,0,7,0,5,0,0,0,28,0,0,0,12,0,6,soil,103,10,8.737864078,8.737864078,,,10,6.662844,,,,,,,,,,,,,,,,,,,,
GF01018303S,Costa Rica,Neotropical,Mesoamerican,Pacific Lowlands province,Dry forest|Moist forest,GF01018303S,Pacific Lowlands province,65,0,0,7,1,0,0,1,1,0,0,0,0,10,0,4,1,15,0,0,0,13,0,0,0,14,0,19,soil,151,12,0.662251656,0.662251656,,,12,6.270964,,,,,,,,,,,,,,,,,,,,
GF01018304S,Costa Rica,Neotropical,Mesoamerican,Pacific Lowlands province,Dry forest|Moist forest,GF01018304S,Pacific Lowlands province,70,0,0,3,2,0,0,0,0,0,1,0,0,8,0,1,0,13,0,0,0,11,0,0,0,6,0,10,soil,125,10,0,0,,,10,4.621107,,,,,,,,,,,,,,,,,,,,
GF01018305S,Costa Rica,Neotropical,Mesoamerican,Pacific Lowlands province,Dry forest|Moist forest,GF01018305S,Pacific Lowlands province,90,0,0,6,0,0,0,5,0,2,1,0,1,11,0,8,0,38,0,0,0,17,0,0,0,24,0,24,soil,227,12,2.202643172,2.202643172,,,12,6.48415,,,,,,,,,,,,,,,,,,,,
GF01018306S,Costa Rica,Neotropical,Mesoamerican,Pacific Lowlands province,Dry forest|Moist forest,GF01018306S,Pacific Lowlands province,89,0,0,4,4,0,2,5,0,0,1,0,0,13,0,3,1,17,0,0,1,30,0,0,0,10,0,13,soil,193,14,2.590673575,2.590673575,,,14,6.210861,,,,,,,,,,,,,,,,,,,,
GF01018307S,Costa Rica,Neotropical,Mesoamerican,Pacific Lowlands province,Dry forest|Moist forest,GF01018307S,Pacific Lowlands province,42,0,0,1,3,0,0,12,0,0,0,1,0,5,0,3,0,6,0,0,0,7,0,0,0,13,0,10,soil,103,11,11.65048544,11.65048544,,,11,6.653201,,,,,,,,,,,,,,,,,,,,
GF01018308S,Costa Rica,Neotropical,Mesoamerican,Pacific Lowlands province,Dry forest|Moist forest,GF01018308S,Pacific Lowlands province,109,0,0,5,13,0,0,3,0,0,1,0,0,9,0,6,0,12,0,0,0,28,0,0,0,16,0,8,soil,210,11,1.428571429,1.428571429,,,11,5.350379,,,,,,,,,,,,,,,,,,,,
GF01018309S,Costa Rica,Neotropical,Mesoamerican,Pacific Lowlands province,Dry forest|Moist forest,GF01018309S,Pacific Lowlands province,86,0,0,11,6,0,1,1,0,0,1,0,0,17,0,6,0,21,0,0,0,11,1,0,0,19,0,24,soil,205,13,0.487804878,0.487804878,,,13,6.688215,,,,,,,,,,,,,,,,,,,,
GF01018310S,Costa Rica,Neotropical,Mesoamerican,Pacific Lowlands province,Dry forest|Moist forest,GF01018310S,Pacific Lowlands province,79,0,0,3,1,0,2,4,0,0,1,0,0,11,0,7,1,17,0,0,1,15,0,0,0,14,0,15,soil,171,14,2.339181287,2.339181287,,,14,6.401223,,,,,,,,,,,,,,,,,,,,
GF01018311S,Costa Rica,Neotropical,Mesoamerican,Pacific Lowlands province,Dry forest|Moist forest,GF01018311S,Pacific Lowlands province,122,0,0,6,5,0,0,5,1,3,1,2,1,10,0,11,0,24,0,0,0,36,0,0,0,20,0,28,soil,275,15,1.818181818,1.818181818,,,15,6.60363,,,,,,,,,,,,,,,,,,,,
GF01018312S,Costa Rica,Neotropical,Mesoamerican,Pacific Lowlands province,Dry forest|Moist forest,GF01018312S,Pacific Lowlands province,105,0,0,6,4,0,0,1,0,1,1,0,0,14,0,9,1,13,0,0,0,20,0,0,0,20,0,26,soil,221,13,0.452488688,0.452488688,,,13,5.931102,,,,,,,,,,,,,,,,,,,,
GF01018313S,Costa Rica,Neotropical,Mesoamerican,Pacific Lowlands province,Dry forest|Moist forest,GF01018313S,Pacific Lowlands province,90,0,0,5,1,0,2,1,0,0,1,0,1,10,0,5,0,20,0,0,0,13,1,0,0,30,0,18,soil,198,14,0.505050505,0.505050505,,,14,5.984792,,,,,,,,,,,,,,,,,,,,
GF01018314S,Costa Rica,Neotropical,Mesoamerican,Pacific Lowlands province,Dry forest|Moist forest,GF01018314S,Pacific Lowlands province,77,0,0,9,2,0,1,3,0,0,0,0,0,11,0,10,0,37,0,0,0,22,0,0,0,18,0,25,soil,215,11,1.395348837,1.395348837,,,11,6.803495,,,,,,,,,,,,,,,,,,,,
GF01018315S,Costa Rica,Neotropical,Mesoamerican,Pacific Lowlands province,Dry forest|Moist forest,GF01018315S,Pacific Lowlands province,94,0,0,6,3,0,0,2,0,0,1,0,0,12,0,8,0,29,0,0,0,24,0,0,0,10,0,18,soil,207,11,0.966183575,0.966183575,,,11,5.858064,,,,,,,,,,,,,,,,,,,,
GF01018316S,Costa Rica,Neotropical,Mesoamerican,Pacific Lowlands province,Dry forest|Moist forest,GF01018316S,Pacific Lowlands province,67,0,0,5,0,0,1,3,0,0,0,0,0,5,0,3,0,9,0,0,0,21,0,0,0,9,0,7,soil,130,10,2.307692308,2.307692308,,,10,5.079303,,,,,,,,,,,,,,,,,,,,
GF01018317S,Costa Rica,Neotropical,Mesoamerican,Pacific Lowlands province,Dry forest|Moist forest,GF01018317S,Pacific Lowlands province,58,0,0,9,0,0,0,6,0,2,1,0,0,7,0,10,0,16,0,0,0,30,0,0,0,27,0,23,soil,189,11,3.174603175,3.174603175,,,11,7.433134,,,,,,,,,,,,,,,,,,,,
GF01018318S,Costa Rica,Neotropical,Mesoamerican,Pacific Lowlands province,Dry forest|Moist forest,GF01018318S,Pacific Lowlands province,60,0,0,4,2,0,0,2,0,0,0,0,0,7,0,16,0,7,0,0,1,35,0,0,0,20,0,13,soil,167,11,1.19760479,1.19760479,,,11,6.454822,,,,,,,,,,,,,,,,,,,,
GF01018319S,Costa Rica,Neotropical,Mesoamerican,Pacific Lowlands province,Dry forest|Moist forest,GF01018319S,Pacific Lowlands province,32,0,0,4,2,0,0,12,0,0,0,0,0,2,0,5,0,6,0,0,0,24,0,0,0,11,0,8,soil,106,10,11.32075472,11.32075472,,,10,7.061982,,,,,,,,,,,,,,,,,,,,
GF01018320S,Costa Rica,Neotropical,Mesoamerican,Pacific Lowlands province,Dry forest|Moist forest,GF01018320S,Pacific Lowlands province,71,0,0,9,1,0,0,13,0,0,0,0,2,8,0,7,3,32,0,0,0,23,0,0,0,21,0,14,soil,204,12,6.37254902,6.37254902,,,12,7.472327,,,,,,,,,,,,,,,,,,,,
GF01018321S,Costa Rica,Neotropical,Mesoamerican,Pacific Lowlands province,Dry forest|Moist forest,GF01018321S,Pacific Lowlands province,40,0,0,4,0,0,0,14,0,0,0,0,0,3,0,10,0,7,0,0,0,17,0,0,0,9,0,5,soil,109,9,12.8440367,12.8440367,,,9,6.581212,,,,,,,,,,,,,,,,,,,,
GF01018322S,Costa Rica,Neotropical,Mesoamerican,Pacific Lowlands province,Dry forest|Moist forest,GF01018322S,Pacific Lowlands province,154,0,0,8,5,0,1,1,1,1,2,0,1,22,0,19,0,26,0,0,0,31,2,0,0,15,0,42,soil,331,16,0.302114804,0.302114804,,,16,6.213409,,,,,,,,,,,,,,,,,,,,
GF01018323S,Costa Rica,Neotropical,Mesoamerican,Pacific Lowlands province,Dry forest|Moist forest,GF01018323S,Pacific Lowlands province,71,0,0,6,1,0,0,1,1,0,1,0,0,10,0,5,0,11,0,0,0,16,2,0,0,12,0,6,soil,143,13,0.699300699,0.699300699,,,13,5.846636,,,,,,,,,,,,,,,,,,,,
GF01018324S,Costa Rica,Neotropical,Mesoamerican,Pacific Lowlands province,Dry forest|Moist forest,GF01018324S,Pacific Lowlands province,62,0,0,2,2,0,0,3,0,0,0,0,0,18,0,5,0,9,0,0,0,15,0,0,0,14,0,5,soil,135,10,2.222222222,2.222222222,,,10,5.693027,,,,,,,,,,,,,,,,,,,,
GF01018325S,Costa Rica,Neotropical,Mesoamerican,Pacific Lowlands province,Dry forest|Moist forest,GF01018325S,Pacific Lowlands province,69,0,0,8,0,0,1,5,0,1,2,0,1,16,0,8,1,30,0,0,0,29,0,0,0,35,0,19,soil,225,14,2.222222222,2.222222222,,,14,7.702043,,,,,,,,,,,,,,,,,,,,
GF01018326S,Costa Rica,Neotropical,Mesoamerican,Pacific Lowlands province,Dry forest|Moist forest,GF01018326S,Pacific Lowlands province,63,0,0,1,4,0,0,0,0,0,0,0,0,6,0,5,0,6,0,0,0,11,0,0,0,10,0,12,soil,118,9,0,0,,,9,4.90326,,,,,,,,,,,,,,,,,,,,
GF01018327S,Costa Rica,Neotropical,Mesoamerican,Pacific Lowlands province,Dry forest|Moist forest,GF01018327S,Pacific Lowlands province,91,0,0,5,2,0,1,2,0,0,1,0,1,11,0,7,2,22,0,0,0,29,0,0,0,13,0,27,soil,214,14,0.934579439,0.934579439,,,14,6.411738,,,,,,,,,,,,,,,,,,,,
GF01018328S,Costa Rica,Neotropical,Mesoamerican,Pacific Lowlands province,Dry forest|Moist forest,GF01018328S,Pacific Lowlands province,62,0,0,4,3,0,2,2,0,1,2,0,0,6,0,11,0,19,0,0,0,29,1,0,0,13,0,25,soil,180,14,1.111111111,1.111111111,,,14,7.443046,,,,,,,,,,,,,,,,,,,,
GF01018329S,Costa Rica,Neotropical,Mesoamerican,Pacific Lowlands province,Dry forest|Moist forest,GF01018329S,Pacific Lowlands province,55,0,0,5,1,0,2,3,0,0,1,0,0,8,0,2,0,18,0,0,0,8,0,0,0,8,0,9,soil,120,12,2.5,2.5,,,12,6.165266,,,,,,,,,,,,,,,,,,,,
GF01018330S,Costa Rica,Neotropical,Mesoamerican,Pacific Lowlands province,Dry forest|Moist forest,GF01018330S,Pacific Lowlands province,51,0,0,2,2,0,2,2,0,1,0,0,0,2,0,3,0,10,0,0,0,13,0,0,0,3,0,8,soil,99,12,2.02020202,2.02020202,,,12,5.449942,,,,,,,,,,,,,,,,,,,,
GF01018331S,Costa Rica,Neotropical,Mesoamerican,Pacific Lowlands province,Dry forest|Moist forest,GF01018331S,Pacific Lowlands province,70,0,0,5,2,0,0,2,0,0,0,0,0,3,0,3,0,12,0,0,0,16,0,0,0,6,0,12,soil,131,10,1.526717557,1.526717557,,,10,4.933975,,,,,,,,,,,,,,,,,,,,
GF01018332S,Costa Rica,Neotropical,Mesoamerican,Pacific Lowlands province,Dry forest|Moist forest,GF01018332S,Pacific Lowlands province,60,0,0,5,3,0,2,0,0,1,0,0,0,11,0,5,0,16,0,0,0,15,0,0,0,16,0,12,soil,146,11,0,0,,,11,6.605332,,,,,,,,,,,,,,,,,,,,
GF01018333S,Costa Rica,Neotropical,Mesoamerican,Pacific Lowlands province,Dry forest|Moist forest,GF01018333S,Pacific Lowlands province,68,0,0,3,4,0,1,2,0,1,0,0,0,10,0,3,1,15,0,0,0,31,0,0,0,9,0,8,soil,156,13,1.282051282,1.282051282,,,13,6.050311,,,,,,,,,,,,,,,,,,,,
GF01018334S,Costa Rica,Neotropical,Mesoamerican,Pacific Lowlands province,Dry forest|Moist forest,GF01018334S,Pacific Lowlands province,15,0,0,3,1,0,0,2,0,0,1,0,1,2,0,0,0,5,0,0,0,8,0,0,0,7,0,1,soil,46,11,4.347826087,4.347826087,,,11,7.249711,,,,,,,,,,,,,,,,,,,,
GF01018335S,Costa Rica,Neotropical,Mesoamerican,Pacific Lowlands province,Dry forest|Moist forest,GF01018335S,Pacific Lowlands province,4,0,0,0,0,0,0,0,0,0,0,0,0,1,0,0,2,1,0,0,0,6,0,0,0,0,0,1,soil,15,6,0,0,,,6,4.614707,,,,,,,,,,,,,,,,,,,,
GF01018336S,Costa Rica,Neotropical,Mesoamerican,Pacific Lowlands province,Dry forest|Moist forest,GF01018336S,Pacific Lowlands province,55,0,0,3,8,0,0,2,0,0,0,0,0,1,0,0,0,4,0,0,0,6,0,0,0,5,0,1,soil,85,9,2.352941176,2.352941176,,,9,3.715405,,,,,,,,,,,,,,,,,,,,
GF03006825S,Maquenque National Wildlife Refuge,Neotropical,Pacific,Guatuso-Talamanca province,Moist forest|Wet forest,GF03006825S,Guatuso-Talamanca province,137,0,0,2,1,0,0,0,0,0,0,0,0,6,0,7,2,11,1,0,0,38,0,0,0,3,0,6,soil,214,11,0,0,,,11,3.506453,,,,,,,,,,,,,,,,,,,,
GF03006826S,Maquenque National Wildlife Refuge,Neotropical,Pacific,Guatuso-Talamanca province,Moist forest|Wet forest,GF03006826S,Guatuso-Talamanca province,83,0,0,0,1,0,0,0,0,0,0,0,0,0,0,3,2,5,0,0,0,13,0,0,0,0,0,1,soil,108,7,0,0,,,7,2.362127,,,,,,,,,,,,,,,,,,,,
GF03006827S,Maquenque National Wildlife Refuge,Neotropical,Pacific,Guatuso-Talamanca province,Moist forest|Wet forest,GF03006827S,Guatuso-Talamanca province,69,0,0,0,5,0,0,0,0,0,0,0,0,0,0,2,5,0,1,0,0,9,0,0,0,0,0,1,soil,92,7,0,0,,,7,2.563197,,,,,,,,,,,,,,,,,,,,
GF03006828S,Maquenque National Wildlife Refuge,Neotropical,Pacific,Guatuso-Talamanca province,Moist forest|Wet forest,GF03006828S,Guatuso-Talamanca province,49,0,0,1,4,0,0,0,0,0,0,0,0,0,0,4,5,2,1,0,0,28,0,0,0,0,0,0,soil,94,8,0,0,,,8,3.682787,,,,,,,,,,,,,,,,,,,,
GF03006829S,Maquenque National Wildlife Refuge,Neotropical,Pacific,Guatuso-Talamanca province,Moist forest|Wet forest,GF03006829S,Guatuso-Talamanca province,134,0,0,2,3,0,0,0,0,0,2,0,0,1,0,6,2,2,1,0,0,28,0,0,0,2,0,4,soil,187,12,0,0,,,12,2.946601,,,,,,,,,,,,,,,,,,,,
GF03006830S,Maquenque National Wildlife Refuge,Neotropical,Pacific,Guatuso-Talamanca province,Moist forest|Wet forest,GF03006830S,Guatuso-Talamanca province,71,0,0,2,1,0,0,0,0,0,1,0,0,2,0,6,1,4,1,0,0,34,0,0,0,1,0,5,soil,129,12,0,0,,,12,3.951361,,,,,,,,,,,,,,,,,,,,
GF03006831S,Maquenque National Wildlife Refuge,Neotropical,Pacific,Guatuso-Talamanca province,Moist forest|Wet forest,GF03006831S,Guatuso-Talamanca province,58,0,0,1,1,0,0,0,0,0,0,0,0,0,0,4,14,1,0,0,0,21,0,0,0,0,0,2,soil,102,8,0,0,,,8,3.522253,,,,,,,,,,,,,,,,,,,,
GF03006832S,Maquenque National Wildlife Refuge,Neotropical,Pacific,Guatuso-Talamanca province,Moist forest|Wet forest,GF03006832S,Guatuso-Talamanca province,58,0,0,0,3,0,0,0,0,0,0,0,0,0,0,2,0,1,0,0,0,11,0,0,0,1,0,1,soil,77,7,0,0,,,7,2.415549,,,,,,,,,,,,,,,,,,,,
GF03006833S,Maquenque National Wildlife Refuge,Neotropical,Pacific,Guatuso-Talamanca province,Moist forest|Wet forest,GF03006833S,Guatuso-Talamanca province,60,0,0,0,3,0,0,0,0,0,0,0,0,0,0,1,6,0,0,0,0,7,0,0,0,0,0,1,soil,78,6,0,0,,,6,2.345499,,,,,,,,,,,,,,,,,,,,
GF03006834S,Maquenque National Wildlife Refuge,Neotropical,Pacific,Guatuso-Talamanca province,Moist forest|Wet forest,GF03006834S,Guatuso-Talamanca province,72,0,0,0,5,0,0,0,0,0,0,0,0,0,0,2,9,0,1,0,0,6,0,0,0,0,0,1,soil,96,7,0,0,,,7,2.561539,,,,,,,,,,,,,,,,,,,,
GF03006835S,Maquenque National Wildlife Refuge,Neotropical,Pacific,Guatuso-Talamanca province,Moist forest|Wet forest,GF03006835S,Guatuso-Talamanca province,159,0,0,5,5,0,0,0,0,2,2,0,0,3,0,9,3,4,1,0,0,22,0,0,0,5,0,7,soil,227,13,0,0,,,13,3.510506,,,,,,,,,,,,,,,,,,,,
GF03006836S,Maquenque National Wildlife Refuge,Neotropical,Pacific,Guatuso-Talamanca province,Moist forest|Wet forest,GF03006836S,Guatuso-Talamanca province,24,0,0,0,2,0,0,0,0,0,0,0,0,3,0,2,2,8,1,0,0,32,0,0,0,0,0,6,soil,80,9,0,0,,,9,4.986858,,,,,,,,,,,,,,,,,,,,
GF03006837S,Maquenque National Wildlife Refuge,Neotropical,Pacific,Guatuso-Talamanca province,Moist forest|Wet forest,GF03006837S,Guatuso-Talamanca province,67,0,0,1,5,0,0,0,0,0,0,0,0,0,0,5,5,1,0,0,0,17,0,0,0,0,0,0,soil,101,7,0,0,,,7,3.034255,,,,,,,,,,,,,,,,,,,,
GF03006838S,Maquenque National Wildlife Refuge,Neotropical,Pacific,Guatuso-Talamanca province,Moist forest|Wet forest,GF03006838S,Guatuso-Talamanca province,8,0,0,0,0,0,0,0,0,0,0,0,0,0,0,0,1,0,0,0,0,5,0,0,0,0,0,0,soil,14,3,0,0,,,3,2.401289,,,,,,,,,,,,,,,,,,,,
GF03006839S,Maquenque National Wildlife Refuge,Neotropical,Pacific,Guatuso-Talamanca province,Moist forest|Wet forest,GF03006839S,Guatuso-Talamanca province,61,0,0,0,5,0,0,0,0,0,1,0,0,0,0,9,14,2,1,0,0,11,0,0,0,0,0,1,soil,105,9,0,0,,,9,3.992748,,,,,,,,,,,,,,,,,,,,
GF03006840S,Maquenque National Wildlife Refuge,Neotropical,Pacific,Guatuso-Talamanca province,Moist forest|Wet forest,GF03006840S,Guatuso-Talamanca province,54,0,0,0,1,0,0,0,0,0,0,0,0,0,0,2,2,1,0,0,0,11,0,0,0,0,0,2,soil,73,7,0,0,,,7,2.512822,,,,,,,,,,,,,,,,,,,,
GF03006841S,Maquenque National Wildlife Refuge,Neotropical,Pacific,Guatuso-Talamanca province,Moist forest|Wet forest,GF03006841S,Guatuso-Talamanca province,107,0,0,2,5,0,0,0,0,0,0,0,0,4,0,6,7,6,1,0,0,23,0,0,0,2,0,7,soil,170,11,0,0,,,11,4.004658,,,,,,,,,,,,,,,,,,,,
GF03006842S,Maquenque National Wildlife Refuge,Neotropical,Pacific,Guatuso-Talamanca province,Moist forest|Wet forest,GF03006842S,Guatuso-Talamanca province,60,0,0,0,4,0,0,0,0,0,0,0,0,0,0,5,2,1,1,0,0,10,0,0,0,0,0,0,soil,83,7,0,0,,,7,2.721512,,,,,,,,,,,,,,,,,,,,
GF03007153S,"La Bellaca, Buenos Aires",Neotropical,Chacoan,Pampean province,Dry forest|Moist forest,GF03007153S,Pampean province,65,0,0,6,8,0,2,6,0,0,1,0,0,6,0,2,0,11,0,0,0,25,0,0,0,5,0,7,soil,144,12,4.166666667,4.166666667,,,12,6.260822,,,,,,,,,,,,,,,,,,,,
GF03007154S,"Manantiales, Buenos Aires",Neotropical,Chacoan,Pampean province,Dry forest|Moist forest,GF03007154S,Pampean province,66,0,0,2,12,0,3,1,0,1,1,0,0,10,0,5,3,11,0,0,1,29,0,0,0,1,0,2,soil,148,15,0.675675676,0.675675676,,,15,6.147951,,,,,,,,,,,,,,,,,,,,
GF03007155S,"Manantiales, Buenos Aires",Neotropical,Chacoan,Pampean province,Dry forest|Moist forest,GF03007155S,Pampean province,64,0,0,2,13,0,6,2,0,2,2,0,0,6,0,1,0,14,0,0,0,15,0,0,0,1,0,7,soil,135,13,1.481481481,1.481481481,,,13,6.11561,,,,,,,,,,,,,,,,,,,,
GF03007156S,"La Bellaca, Buenos Aires",Neotropical,Chacoan,Pampean province,Dry forest|Moist forest,GF03007156S,Pampean province,79,0,0,4,8,0,4,5,0,1,1,0,0,10,0,1,0,6,0,0,0,23,0,0,0,2,0,5,soil,149,13,3.355704698,3.355704698,,,13,5.329032,,,,,,,,,,,,,,,,,,,,
GF03007157S,"Manantiales, Buenos Aires",Neotropical,Chacoan,Pampean province,Dry forest|Moist forest,GF03007157S,Pampean province,76,0,0,0,17,0,3,1,0,0,1,1,0,15,0,5,0,19,0,0,0,26,0,0,0,0,0,7,soil,171,11,0.584795322,0.584795322,,,11,5.635843,,,,,,,,,,,,,,,,,,,,
GF03007158S,"Manantiales, Buenos Aires",Neotropical,Chacoan,Pampean province,Dry forest|Moist forest,GF03007158S,Pampean province,63,0,0,2,12,0,4,0,0,1,2,0,0,11,0,2,0,22,0,0,0,16,1,0,0,3,0,10,soil,149,13,0,0,,,13,6.547556,,,,,,,,,,,,,,,,,,,,
GF03007159S,"Manantiales, Buenos Aires",Neotropical,Chacoan,Pampean province,Dry forest|Moist forest,GF03007159S,Pampean province,53,0,0,1,3,0,4,1,0,0,2,0,0,7,0,3,3,11,0,0,0,15,0,0,0,2,0,1,soil,106,13,0.943396226,0.943396226,,,13,5.731567,,,,,,,,,,,,,,,,,,,,
GF03007160S,"Manantiales, Buenos Aires",Neotropical,Chacoan,Pampean province,Dry forest|Moist forest,GF03007160S,Pampean province,43,0,0,1,15,0,3,0,0,1,1,0,0,2,0,0,0,8,0,0,0,9,0,0,0,2,0,8,soil,93,11,0,0,,,11,5.59083,,,,,,,,,,,,,,,,,,,,
GF03007161S,"La Bellaca, Buenos Aires",Neotropical,Chacoan,Pampean province,Dry forest|Moist forest,GF03007161S,Pampean province,112,0,0,4,15,0,8,4,0,1,3,0,0,13,0,3,0,9,0,0,0,29,0,0,0,5,0,18,soil,224,13,1.785714286,1.785714286,,,13,5.909605,,,,,,,,,,,,,,,,,,,,
GF03008033S,"Los Tuxtlas Tropical Biology Station, Veracruz",Neotropical,Mesoamerican,Veracruzan province,Moist forest,GF03008033S,Veracruzan province,72,0,0,6,10,0,0,1,0,0,1,0,0,9,0,2,0,18,0,0,0,11,0,0,0,4,0,10,root,144,11,0.694444444,0.694444444,,,11,5.512892,,,,,,,,,,,,,,,,,,,,
GF03008034S,"Los Tuxtlas Tropical Biology Station, Veracruz",Neotropical,Mesoamerican,Veracruzan province,Moist forest,GF03008034S,Veracruzan province,10,0,0,0,0,0,0,1,0,0,0,0,0,0,0,0,0,2,0,0,0,0,0,0,0,0,0,0,root,13,3,7.692307692,7.692307692,,,3,1.987926,,,,,,,,,,,,,,,,,,,,
GF03008035S,"Los Tuxtlas Tropical Biology Station, Veracruz",Neotropical,Mesoamerican,Veracruzan province,Moist forest,GF03008035S,Veracruzan province,76,0,0,8,4,0,1,1,0,0,1,0,0,11,0,5,3,18,3,0,0,10,5,0,0,5,0,17,root,168,15,0.595238095,0.595238095,,,15,7.095197,,,,,,,,,,,,,,,,,,,,
GF03008036S,"Los Tuxtlas Tropical Biology Station, Veracruz",Neotropical,Mesoamerican,Veracruzan province,Moist forest,GF03008036S,Veracruzan province,21,0,0,1,0,0,0,4,0,1,1,0,0,3,0,0,0,18,0,0,0,4,0,0,0,1,0,4,root,58,10,6.896551724,6.896551724,,,10,5.57036,,,,,,,,,,,,,,,,,,,,
GF03008037S,"Los Tuxtlas Tropical Biology Station, Veracruz",Neotropical,Mesoamerican,Veracruzan province,Moist forest,GF03008037S,Veracruzan province,41,0,0,0,1,0,0,8,0,0,0,0,0,5,0,0,0,6,0,0,0,2,0,0,0,1,0,4,root,68,8,11.76470588,11.76470588,,,8,3.886197,,,,,,,,,,,,,,,,,,,,
GF03008038S,"Los Tuxtlas Tropical Biology Station, Veracruz",Neotropical,Mesoamerican,Veracruzan province,Moist forest,GF03008038S,Veracruzan province,55,0,0,1,5,0,0,0,0,0,0,0,0,1,0,0,1,12,0,0,0,8,0,0,0,2,0,3,root,88,9,0,0,,,9,3.670072,,,,,,,,,,,,,,,,,,,,
GF03008039S,"Los Tuxtlas Tropical Biology Station, Veracruz",Neotropical,Mesoamerican,Veracruzan province,Moist forest,GF03008039S,Veracruzan province,31,0,0,1,20,0,0,0,0,0,0,0,0,3,0,0,0,6,0,0,0,5,0,0,0,1,0,3,root,70,8,0,0,,,8,4.522658,,,,,,,,,,,,,,,,,,,,
GF03008040S,"Los Tuxtlas Tropical Biology Station, Veracruz",Neotropical,Mesoamerican,Veracruzan province,Moist forest,GF03008040S,Veracruzan province,34,0,0,3,6,0,0,0,0,1,0,0,0,5,0,2,0,9,0,0,0,1,0,0,0,1,0,4,root,66,10,0,0,,,10,5.122536,,,,,,,,,,,,,,,,,,,,
GF03008041S,"Los Tuxtlas Tropical Biology Station, Veracruz",Neotropical,Mesoamerican,Veracruzan province,Moist forest,GF03008041S,Veracruzan province,51,0,0,5,13,0,0,1,0,0,0,0,0,2,0,0,1,21,0,0,0,6,0,0,0,2,0,6,root,108,10,0.925925926,0.925925926,,,10,5.080623,,,,,,,,,,,,,,,,,,,,
GF03008042S,"Los Tuxtlas Tropical Biology Station, Veracruz",Neotropical,Mesoamerican,Veracruzan province,Moist forest,GF03008042S,Veracruzan province,55,0,0,1,3,0,0,2,0,1,0,0,0,1,0,0,0,10,0,0,0,9,0,0,0,1,0,1,root,84,10,2.380952381,2.380952381,,,10,3.461472,,,,,,,,,,,,,,,,,,,,
GF03008043S,"Los Tuxtlas Tropical Biology Station, Veracruz",Neotropical,Mesoamerican,Veracruzan province,Moist forest,GF03008043S,Veracruzan province,30,0,0,3,1,0,0,0,0,1,0,0,0,5,0,0,0,5,0,0,0,6,0,0,0,2,0,3,root,56,9,0,0,,,9,4.861972,,,,,,,,,,,,,,,,,,,,
GF03008044S,"Los Tuxtlas Tropical Biology Station, Veracruz",Neotropical,Mesoamerican,Veracruzan province,Moist forest,GF03008044S,Veracruzan province,19,0,0,1,0,0,0,0,0,0,0,0,0,0,0,0,0,3,0,0,0,3,0,0,0,0,0,1,root,27,5,0,0,,,5,2.663626,,,,,,,,,,,,,,,,,,,,
GF03008045S,"Los Tuxtlas Tropical Biology Station, Veracruz",Neotropical,Mesoamerican,Veracruzan province,Moist forest,GF03008045S,Veracruzan province,37,0,0,2,0,0,0,0,0,0,0,0,0,1,0,1,1,4,0,0,0,2,0,0,0,0,0,0,root,48,7,0,0,,,7,2.495523,,,,,,,,,,,,,,,,,,,,
GF03008046S,"Los Tuxtlas Tropical Biology Station, Veracruz",Neotropical,Mesoamerican,Veracruzan province,Moist forest,GF03008046S,Veracruzan province,15,0,0,1,0,0,0,0,0,0,0,0,0,3,0,0,0,4,0,0,0,0,0,0,0,1,0,2,root,26,6,0,0,,,6,3.67812,,,,,,,,,,,,,,,,,,,,
GF03008047S,"Los Tuxtlas Tropical Biology Station, Veracruz",Neotropical,Mesoamerican,Veracruzan province,Moist forest,GF03008047S,Veracruzan province,28,0,0,1,2,0,0,0,0,0,0,0,0,3,0,0,0,2,0,0,0,5,0,0,0,0,0,0,root,41,6,0,0,,,6,2.985111,,,,,,,,,,,,,,,,,,,,
GF03008048S,"Los Tuxtlas Tropical Biology Station, Veracruz",Neotropical,Mesoamerican,Veracruzan province,Moist forest,GF03008048S,Veracruzan province,19,0,0,0,3,0,1,0,0,0,1,0,0,5,0,2,0,12,0,0,0,3,0,0,0,2,0,3,root,51,10,0,0,,,10,6.322841,,,,,,,,,,,,,,,,,,,,
GF03008049S,"Los Tuxtlas Tropical Biology Station, Veracruz",Neotropical,Mesoamerican,Veracruzan province,Moist forest,GF03008049S,Veracruzan province,19,0,0,1,5,0,0,1,0,0,0,0,0,4,0,0,0,6,0,0,0,3,0,0,0,1,0,1,root,41,9,2.43902439,2.43902439,,,9,5.338581,,,,,,,,,,,,,,,,,,,,
GF03008050S,"Los Tuxtlas Tropical Biology Station, Veracruz",Neotropical,Mesoamerican,Veracruzan province,Moist forest,GF03008050S,Veracruzan province,1,0,0,0,0,0,0,4,0,0,0,0,0,0,0,0,0,0,0,0,0,0,0,0,0,0,0,0,root,5,2,80,80,,,2,1.649385,,,,,,,,,,,,,,,,,,,,
GF03008051S,"Los Tuxtlas Tropical Biology Station, Veracruz",Neotropical,Mesoamerican,Veracruzan province,Moist forest,GF03008051S,Veracruzan province,4,0,0,0,0,0,0,2,0,0,0,0,0,0,0,0,0,0,0,0,0,0,0,0,0,0,0,0,root,6,2,33.33333333,33.33333333,,,2,1.889882,,,,,,,,,,,,,,,,,,,,
GF03008052S,"Los Tuxtlas Tropical Biology Station, Veracruz",Neotropical,Mesoamerican,Veracruzan province,Moist forest,GF03008052S,Veracruzan province,45,0,0,3,6,0,0,0,0,1,1,0,0,5,0,0,0,24,0,0,0,10,0,0,0,1,0,14,root,110,10,0,0,,,10,5.494563,,,,,,,,,,,,,,,,,,,,
GF03008053S,"Los Tuxtlas Tropical Biology Station, Veracruz",Neotropical,Mesoamerican,Veracruzan province,Moist forest,GF03008053S,Veracruzan province,17,0,0,1,2,0,0,1,0,0,0,0,0,0,0,0,0,2,1,0,0,1,0,0,0,2,0,1,root,28,9,3.571428571,3.571428571,,,9,4.32109,,,,,,,,,,,,,,,,,,,,
GF03008054S,"Los Tuxtlas Tropical Biology Station, Veracruz",Neotropical,Mesoamerican,Veracruzan province,Moist forest,GF03008054S,Veracruzan province,5,0,0,1,0,0,0,3,0,1,0,0,0,6,0,1,0,4,0,0,0,0,0,0,0,0,0,1,root,22,8,13.63636364,13.63636364,,,8,6.263475,,,,,,,,,,,,,,,,,,,,
GF03008055S,"Los Tuxtlas Tropical Biology Station, Veracruz",Neotropical,Mesoamerican,Veracruzan province,Moist forest,GF03008055S,Veracruzan province,63,0,0,4,6,0,0,0,0,0,0,0,0,2,0,0,0,4,0,0,0,4,0,0,0,1,0,1,root,85,8,0,0,,,8,2.810489,,,,,,,,,,,,,,,,,,,,
GF03008056S,"Los Tuxtlas Tropical Biology Station, Veracruz",Neotropical,Mesoamerican,Veracruzan province,Moist forest,GF03008056S,Veracruzan province,50,1,0,5,10,0,1,1,0,0,0,0,0,4,0,0,0,14,0,0,0,6,0,0,0,5,0,5,root,102,11,0.980392157,0.980392157,,,11,5.600765,,,,,,,,,,,,,,,,,,,,
GF03008057S,"Los Tuxtlas Tropical Biology Station, Veracruz",Neotropical,Mesoamerican,Veracruzan province,Moist forest,GF03008057S,Veracruzan province,24,0,0,1,1,0,0,0,0,0,0,0,0,1,0,0,0,1,0,0,0,0,0,0,0,0,0,2,root,30,6,0,0,,,6,2.253635,,,,,,,,,,,,,,,,,,,,
GF03008058S,"Los Tuxtlas Tropical Biology Station, Veracruz",Neotropical,Mesoamerican,Veracruzan province,Moist forest,GF03008058S,Veracruzan province,16,0,0,0,1,0,0,0,0,0,0,0,0,3,0,0,0,3,0,0,0,0,0,0,0,1,0,2,root,26,6,0,0,,,6,3.473085,,,,,,,,,,,,,,,,,,,,
GF03008059S,"Los Tuxtlas Tropical Biology Station, Veracruz",Neotropical,Mesoamerican,Veracruzan province,Moist forest,GF03008059S,Veracruzan province,46,0,0,1,0,0,0,8,0,0,0,0,0,6,0,3,0,3,0,0,0,7,0,0,0,1,0,1,root,76,9,10.52631579,10.52631579,,,9,4.003197,,,,,,,,,,,,,,,,,,,,
GF03008060S,"Los Tuxtlas Tropical Biology Station, Veracruz",Neotropical,Mesoamerican,Veracruzan province,Moist forest,GF03008060S,Veracruzan province,49,0,0,1,28,0,0,0,0,1,0,0,0,2,0,0,0,13,0,0,0,5,0,0,0,1,0,3,root,103,9,0,0,,,9,4.179206,,,,,,,,,,,,,,,,,,,,
GF03008061S,"Los Tuxtlas Tropical Biology Station, Veracruz",Neotropical,Mesoamerican,Veracruzan province,Moist forest,GF03008061S,Veracruzan province,36,0,0,3,7,0,0,0,0,1,0,0,0,5,0,1,0,11,0,0,0,4,0,0,0,1,0,3,root,72,10,0,0,,,10,5.201994,,,,,,,,,,,,,,,,,,,,
GF03008062S,"Los Tuxtlas Tropical Biology Station, Veracruz",Neotropical,Mesoamerican,Veracruzan province,Moist forest,GF03008062S,Veracruzan province,11,0,0,0,0,0,0,0,0,0,0,0,0,0,0,0,1,4,0,0,0,1,0,0,0,1,0,3,root,21,6,0,0,,,6,3.925451,,,,,,,,,,,,,,,,,,,,
GF03008063S,"Los Tuxtlas Tropical Biology Station, Veracruz",Neotropical,Mesoamerican,Veracruzan province,Moist forest,GF03008063S,Veracruzan province,22,0,0,3,4,0,0,0,0,1,0,0,0,1,0,0,0,4,0,0,0,1,0,0,0,2,0,1,root,39,9,0,0,,,9,4.551578,,,,,,,,,,,,,,,,,,,,
GF03008064S,"Los Tuxtlas Tropical Biology Station, Veracruz",Neotropical,Mesoamerican,Veracruzan province,Moist forest,GF03008064S,Veracruzan province,21,0,0,1,3,0,0,0,0,0,0,0,0,0,0,1,0,2,0,0,0,0,0,0,0,1,0,0,root,29,6,0,0,,,6,2.721515,,,,,,,,,,,,,,,,,,,,
GF03008065S,"Los Tuxtlas Tropical Biology Station, Veracruz",Neotropical,Mesoamerican,Veracruzan province,Moist forest,GF03008065S,Veracruzan province,74,0,0,3,20,0,0,1,0,0,0,0,0,5,0,0,0,15,0,0,0,2,0,0,0,3,0,4,root,127,9,0.787401575,0.787401575,,,9,3.95446,,,,,,,,,,,,,,,,,,,,
GF03008066S,"Los Tuxtlas Tropical Biology Station, Veracruz",Neotropical,Mesoamerican,Veracruzan province,Moist forest,GF03008066S,Veracruzan province,54,0,0,3,0,0,0,0,0,0,0,0,0,3,0,1,0,8,0,0,0,7,0,0,0,1,0,3,root,80,8,0,0,,,8,3.279389,,,,,,,,,,,,,,,,,,,,
GF03008067S,"Los Tuxtlas Tropical Biology Station, Veracruz",Neotropical,Mesoamerican,Veracruzan province,Moist forest,GF03008067S,Veracruzan province,21,0,0,1,0,0,0,1,0,0,0,0,0,1,0,0,0,2,0,0,0,0,0,0,0,0,0,0,root,26,5,3.846153846,3.846153846,,,5,2.108001,,,,,,,,,,,,,,,,,,,,
GF03008068S,"Los Tuxtlas Tropical Biology Station, Veracruz",Neotropical,Mesoamerican,Veracruzan province,Moist forest,GF03008068S,Veracruzan province,23,0,0,1,1,0,0,12,0,0,0,0,0,2,0,1,0,4,0,0,0,6,0,0,0,0,0,3,root,53,9,22.64150943,22.64150943,,,9,5.21311,,,,,,,,,,,,,,,,,,,,
GF03008069S,"Los Tuxtlas Tropical Biology Station, Veracruz",Neotropical,Mesoamerican,Veracruzan province,Moist forest,GF03008069S,Veracruzan province,36,0,0,1,3,0,0,0,0,1,0,0,0,1,0,0,1,8,0,0,0,6,0,0,0,1,0,5,root,63,10,0,0,,,10,4.395854,,,,,,,,,,,,,,,,,,,,
GF03008070S,"Los Tuxtlas Tropical Biology Station, Veracruz",Neotropical,Mesoamerican,Veracruzan province,Moist forest,GF03008070S,Veracruzan province,16,0,0,0,0,0,0,0,0,0,0,0,0,1,0,0,0,5,0,0,0,4,0,0,0,0,0,3,root,29,5,0,0,,,5,3.50868,,,,,,,,,,,,,,,,,,,,
GF03008071S,"Los Tuxtlas Tropical Biology Station, Veracruz",Neotropical,Mesoamerican,Veracruzan province,Moist forest,GF03008071S,Veracruzan province,60,0,0,3,6,0,0,3,0,0,0,0,0,5,0,1,1,7,0,0,0,10,0,0,0,1,0,9,root,106,11,2.830188679,2.830188679,,,11,4.826287,,,,,,,,,,,,,,,,,,,,
GF03008072S,"Los Tuxtlas Tropical Biology Station, Veracruz",Neotropical,Mesoamerican,Veracruzan province,Moist forest,GF03008072S,Veracruzan province,25,0,0,1,0,0,0,2,0,0,0,0,0,6,0,2,0,10,0,0,0,1,0,0,0,1,0,3,root,51,9,3.921568627,3.921568627,,,9,4.819519,,,,,,,,,,,,,,,,,,,,
GF03008073S,"Los Tuxtlas Tropical Biology Station, Veracruz",Neotropical,Mesoamerican,Veracruzan province,Moist forest,GF03008073S,Veracruzan province,26,0,0,1,0,0,0,0,0,1,0,0,0,2,0,0,0,7,0,0,0,3,0,0,0,1,0,3,root,44,8,0,0,,,8,3.927711,,,,,,,,,,,,,,,,,,,,
GF03008074S,"Los Tuxtlas Tropical Biology Station, Veracruz",Neotropical,Mesoamerican,Veracruzan province,Moist forest,GF03008074S,Veracruzan province,55,0,0,1,5,0,0,0,0,0,0,1,0,0,0,1,0,17,0,0,0,5,0,0,0,2,0,2,root,89,9,0,0,,,9,3.522005,,,,,,,,,,,,,,,,,,,,
GF03008075S,"Los Tuxtlas Tropical Biology Station, Veracruz",Neotropical,Mesoamerican,Veracruzan province,Moist forest,GF03008075S,Veracruzan province,12,0,0,1,3,0,0,0,0,1,0,0,0,1,0,0,0,2,0,0,0,0,0,0,0,0,0,1,root,21,7,0,0,,,7,4.061763,,,,,,,,,,,,,,,,,,,,
GF03008076S,"Los Tuxtlas Tropical Biology Station, Veracruz",Neotropical,Mesoamerican,Veracruzan province,Moist forest,GF03008076S,Veracruzan province,17,0,0,1,9,0,0,0,0,1,0,0,0,0,0,0,0,3,0,0,0,3,0,0,0,0,0,1,root,35,7,0,0,,,7,4.161526,,,,,,,,,,,,,,,,,,,,
GF03008077S,"Los Tuxtlas Tropical Biology Station, Veracruz",Neotropical,Mesoamerican,Veracruzan province,Moist forest,GF03008077S,Veracruzan province,29,0,0,1,10,0,0,0,0,1,0,0,0,1,0,0,0,6,0,0,0,1,0,0,0,0,0,3,root,52,8,0,0,,,8,3.897756,,,,,,,,,,,,,,,,,,,,
GF03008078S,"Los Tuxtlas Tropical Biology Station, Veracruz",Neotropical,Mesoamerican,Veracruzan province,Moist forest,GF03008078S,Veracruzan province,30,0,0,0,6,0,0,1,0,2,1,0,0,6,0,0,2,9,0,0,0,3,0,0,0,3,0,3,root,66,11,1.515151515,1.515151515,,,11,6.211735,,,,,,,,,,,,,,,,,,,,
GF03008079S,"Los Tuxtlas Tropical Biology Station, Veracruz",Neotropical,Mesoamerican,Veracruzan province,Moist forest,GF03008079S,Veracruzan province,25,0,0,3,12,0,0,0,0,0,0,0,0,2,0,2,0,7,0,0,0,3,0,0,0,1,0,0,root,55,8,0,0,,,8,4.875028,,,,,,,,,,,,,,,,,,,,
GF03008080S,"Los Tuxtlas Tropical Biology Station, Veracruz",Neotropical,Mesoamerican,Veracruzan province,Moist forest,GF03008080S,Veracruzan province,40,0,0,2,9,0,0,1,0,0,0,0,0,7,0,0,0,17,0,0,0,6,0,0,0,1,0,1,root,84,9,1.19047619,1.19047619,,,9,4.752908,,,,,,,,,,,,,,,,,,,,
GF03008081S,"Los Tuxtlas Tropical Biology Station, Veracruz",Neotropical,Mesoamerican,Veracruzan province,Moist forest,GF03008081S,Veracruzan province,23,0,0,1,0,0,0,0,0,0,1,0,0,3,0,0,0,17,0,0,0,8,0,0,0,1,0,3,root,57,8,0,0,,,8,4.596814,,,,,,,,,,,,,,,,,,,,
GF03008082S,"Los Tuxtlas Tropical Biology Station, Veracruz",Neotropical,Mesoamerican,Veracruzan province,Moist forest,GF03008082S,Veracruzan province,43,0,0,1,6,0,1,0,0,1,0,0,0,2,0,0,0,21,0,0,0,2,0,0,0,3,0,6,root,86,10,0,0,,,10,4.52556,,,,,,,,,,,,,,,,,,,,
GF03008083S,"Los Tuxtlas Tropical Biology Station, Veracruz",Neotropical,Mesoamerican,Veracruzan province,Moist forest,GF03008083S,Veracruzan province,20,0,0,1,3,0,0,0,0,1,0,0,0,1,0,0,0,7,0,0,0,0,0,0,0,0,0,3,root,36,7,0,0,,,7,3.887436,,,,,,,,,,,,,,,,,,,,
GF03008084S,"Los Tuxtlas Tropical Biology Station, Veracruz",Neotropical,Mesoamerican,Veracruzan province,Moist forest,GF03008084S,Veracruzan province,48,0,0,1,2,0,0,4,0,0,0,0,0,1,0,1,1,5,0,0,0,3,0,0,0,1,0,2,root,69,11,5.797101449,5.797101449,,,11,3.511903,,,,,,,,,,,,,,,,,,,,
GF03008085S,"Los Tuxtlas Tropical Biology Station, Veracruz",Neotropical,Mesoamerican,Veracruzan province,Moist forest,GF03008085S,Veracruzan province,41,0,0,1,4,0,0,0,0,0,0,0,0,3,0,1,0,5,1,0,0,4,0,0,0,3,0,3,root,66,10,0,0,,,10,4.23323,,,,,,,,,,,,,,,,,,,,
GF03008086S,"Los Tuxtlas Tropical Biology Station, Veracruz",Neotropical,Mesoamerican,Veracruzan province,Moist forest,GF03008086S,Veracruzan province,43,0,0,3,6,0,0,2,0,0,1,0,0,0,0,1,0,7,0,0,0,2,0,0,0,1,0,4,root,70,10,2.857142857,2.857142857,,,10,4.153556,,,,,,,,,,,,,,,,,,,,
GF03008087S,"Los Tuxtlas Tropical Biology Station, Veracruz",Neotropical,Mesoamerican,Veracruzan province,Moist forest,GF03008087S,Veracruzan province,15,0,0,1,3,0,0,0,0,0,0,0,0,3,0,0,0,11,0,0,0,0,0,0,0,1,0,0,root,34,6,0,0,,,6,3.903877,,,,,,,,,,,,,,,,,,,,
GF03008088S,"Los Tuxtlas Tropical Biology Station, Veracruz",Neotropical,Mesoamerican,Veracruzan province,Moist forest,GF03008088S,Veracruzan province,19,0,0,1,1,0,0,2,0,0,0,0,0,1,0,0,0,3,0,0,0,1,0,0,0,0,0,0,root,28,7,7.142857143,7.142857143,,,7,3.212256,,,,,,,,,,,,,,,,,,,,
GF03008089S,"Los Tuxtlas Tropical Biology Station, Veracruz",Neotropical,Mesoamerican,Veracruzan province,Moist forest,GF03008089S,Veracruzan province,10,0,0,1,0,0,0,0,0,0,0,0,0,0,0,0,0,4,0,0,0,3,0,0,0,1,0,2,root,21,6,0,0,,,6,4.310434,,,,,,,,,,,,,,,,,,,,
GF03008090S,"Los Tuxtlas Tropical Biology Station, Veracruz",Neotropical,Mesoamerican,Veracruzan province,Moist forest,GF03008090S,Veracruzan province,11,0,0,1,1,0,0,1,0,0,0,0,0,0,0,0,0,2,0,0,0,1,0,0,0,0,0,0,root,17,6,5.882352941,5.882352941,,,6,3.320407,,,,,,,,,,,,,,,,,,,,
GF03008091S,"Los Tuxtlas Tropical Biology Station, Veracruz",Neotropical,Mesoamerican,Veracruzan province,Moist forest,GF03008091S,Veracruzan province,37,0,0,0,0,0,0,4,0,0,0,0,0,1,0,0,0,2,0,0,0,3,0,0,0,1,0,0,root,48,6,8.333333333,8.333333333,,,6,2.398195,,,,,,,,,,,,,,,,,,,,
GF03008092S,"Los Tuxtlas Tropical Biology Station, Veracruz",Neotropical,Mesoamerican,Veracruzan province,Moist forest,GF03008092S,Veracruzan province,29,0,0,0,8,0,0,0,0,0,0,0,0,1,0,4,0,11,0,0,0,6,0,0,0,1,0,3,root,63,8,0,0,,,8,4.950042,,,,,,,,,,,,,,,,,,,,
GF03008093S,"Los Tuxtlas Tropical Biology Station, Veracruz",Neotropical,Mesoamerican,Veracruzan province,Moist forest,GF03008093S,Veracruzan province,14,0,0,0,4,0,0,1,0,0,0,0,0,1,0,0,1,1,0,0,0,0,0,0,0,0,0,0,root,22,6,4.545454545,4.545454545,,,6,3.188622,,,,,,,,,,,,,,,,,,,,
GF03008094S,"Los Tuxtlas Tropical Biology Station, Veracruz",Neotropical,Mesoamerican,Veracruzan province,Moist forest,GF03008094S,Veracruzan province,78,1,0,7,8,0,1,1,0,1,2,0,2,10,0,2,1,21,0,0,0,10,0,0,0,2,0,15,root,162,16,0.617283951,0.617283951,,,16,6.291791,,,,,,,,,,,,,,,,,,,,
GF03008095S,"Los Tuxtlas Tropical Biology Station, Veracruz",Neotropical,Mesoamerican,Veracruzan province,Moist forest,GF03008095S,Veracruzan province,30,0,0,1,2,0,0,0,0,0,0,0,0,0,0,0,0,4,0,0,0,2,0,0,0,0,0,3,root,42,6,0,0,,,6,2.805912,,,,,,,,,,,,,,,,,,,,
GF03008096S,"Los Tuxtlas Tropical Biology Station, Veracruz",Neotropical,Mesoamerican,Veracruzan province,Moist forest,GF03008096S,Veracruzan province,28,0,0,1,0,0,0,0,0,0,0,0,0,1,0,0,0,5,0,0,0,4,0,0,0,0,0,1,root,40,6,0,0,,,6,2.763581,,,,,,,,,,,,,,,,,,,,
GF03008097S,"Los Tuxtlas Tropical Biology Station, Veracruz",Neotropical,Mesoamerican,Veracruzan province,Moist forest,GF03008097S,Veracruzan province,50,0,0,2,22,0,0,0,0,0,0,0,0,4,0,0,0,13,0,0,0,3,0,0,0,2,0,3,root,99,8,0,0,,,8,4.242024,,,,,,,,,,,,,,,,,,,,
GF03008098S,"Los Tuxtlas Tropical Biology Station, Veracruz",Neotropical,Mesoamerican,Veracruzan province,Moist forest,GF03008098S,Veracruzan province,35,0,0,2,5,0,0,0,0,0,1,0,0,1,0,0,0,6,0,0,0,3,0,0,0,1,0,1,root,55,9,0,0,,,9,3.735688,,,,,,,,,,,,,,,,,,,,
GF03008099S,"Los Tuxtlas Tropical Biology Station, Veracruz",Neotropical,Mesoamerican,Veracruzan province,Moist forest,GF03008099S,Veracruzan province,31,0,0,0,1,0,0,2,0,0,0,0,0,6,0,0,0,4,0,0,0,4,0,0,0,1,0,2,root,51,8,3.921568627,3.921568627,,,8,3.903534,,,,,,,,,,,,,,,,,,,,
GF03008100S,"Los Tuxtlas Tropical Biology Station, Veracruz",Neotropical,Mesoamerican,Veracruzan province,Moist forest,GF03008100S,Veracruzan province,30,0,0,0,10,0,0,0,0,1,0,0,0,3,0,0,0,8,0,0,0,2,0,0,0,1,0,0,root,55,7,0,0,,,7,3.8416,,,,,,,,,,,,,,,,,,,,
GF03008101S,"Los Tuxtlas Tropical Biology Station, Veracruz",Neotropical,Mesoamerican,Veracruzan province,Moist forest,GF03008101S,Veracruzan province,47,0,0,3,2,0,0,6,0,0,0,0,0,2,0,0,0,1,0,0,0,7,0,0,0,1,0,0,root,69,8,8.695652174,8.695652174,,,8,3.22321,,,,,,,,,,,,,,,,,,,,
GF03008102S,"Los Tuxtlas Tropical Biology Station, Veracruz",Neotropical,Mesoamerican,Veracruzan province,Moist forest,GF03008102S,Veracruzan province,100,0,0,8,6,0,0,2,0,1,0,0,0,13,0,7,1,22,1,0,0,9,4,0,0,9,0,23,root,206,14,0.970873786,0.970873786,,,14,6.206495,,,,,,,,,,,,,,,,,,,,
GF03008103S,"Los Tuxtlas Tropical Biology Station, Veracruz",Neotropical,Mesoamerican,Veracruzan province,Moist forest,GF03008103S,Veracruzan province,54,0,0,5,13,0,0,1,0,0,0,0,0,6,0,1,0,11,0,0,0,3,0,0,0,1,0,2,root,97,10,1.030927835,1.030927835,,,10,4.465122,,,,,,,,,,,,,,,,,,,,
GF03008104S,"Los Tuxtlas Tropical Biology Station, Veracruz",Neotropical,Mesoamerican,Veracruzan province,Moist forest,GF03008104S,Veracruzan province,8,0,0,3,0,0,0,0,1,0,3,0,0,5,0,5,0,5,0,0,0,1,1,0,0,1,1,0,root,34,11,0,0,,,11,8.441511,,,,,,,,,,,,,,,,,,,,
GF03008105S,"Los Tuxtlas Tropical Biology Station, Veracruz",Neotropical,Mesoamerican,Veracruzan province,Moist forest,GF03008105S,Veracruzan province,32,0,0,2,0,0,0,6,0,0,0,0,0,3,0,1,0,2,0,0,0,4,0,0,0,0,0,0,root,50,7,12,12,,,7,3.478735,,,,,,,,,,,,,,,,,,,,
GF03008106S,"Los Tuxtlas Tropical Biology Station, Veracruz",Neotropical,Mesoamerican,Veracruzan province,Moist forest,GF03008106S,Veracruzan province,34,0,0,1,9,0,0,0,0,0,0,0,0,0,0,1,1,2,0,0,0,4,0,0,0,2,0,1,root,55,9,0,0,,,9,3.730802,,,,,,,,,,,,,,,,,,,,
GF03008107S,"Los Tuxtlas Tropical Biology Station, Veracruz",Neotropical,Mesoamerican,Veracruzan province,Moist forest,GF03008107S,Veracruzan province,21,0,0,1,7,0,0,2,0,0,0,0,0,1,0,0,0,6,0,0,0,0,0,0,0,0,0,2,root,40,7,5,5,,,7,4.103713,,,,,,,,,,,,,,,,,,,,
GF03008108S,"Los Tuxtlas Tropical Biology Station, Veracruz",Neotropical,Mesoamerican,Veracruzan province,Moist forest,GF03008108S,Veracruzan province,51,0,0,3,6,0,0,0,0,0,0,0,0,3,0,1,1,9,0,0,0,3,0,0,0,0,0,5,root,82,9,0,0,,,9,3.936675,,,,,,,,,,,,,,,,,,,,
GF03008109S,"Los Tuxtlas Tropical Biology Station, Veracruz",Neotropical,Mesoamerican,Veracruzan province,Moist forest,GF03008109S,Veracruzan province,14,0,0,0,1,0,0,2,0,0,0,0,0,1,0,0,0,6,0,0,0,0,0,0,0,0,0,2,root,26,6,7.692307692,7.692307692,,,6,3.732002,,,,,,,,,,,,,,,,,,,,
GF03008110S,"Los Tuxtlas Tropical Biology Station, Veracruz",Neotropical,Mesoamerican,Veracruzan province,Moist forest,GF03008110S,Veracruzan province,33,0,0,2,1,0,0,0,0,2,0,0,0,6,0,1,0,7,0,0,0,0,0,0,0,0,0,0,root,52,7,0,0,,,7,3.354478,,,,,,,,,,,,,,,,,,,,
GF03008111S,"Los Tuxtlas Tropical Biology Station, Veracruz",Neotropical,Mesoamerican,Veracruzan province,Moist forest,GF03008111S,Veracruzan province,14,0,0,2,0,0,0,0,0,1,0,0,0,0,0,0,0,3,0,0,0,1,0,0,0,1,0,1,root,23,7,0,0,,,7,3.76422,,,,,,,,,,,,,,,,,,,,
GF03008112S,"Los Tuxtlas Tropical Biology Station, Veracruz",Neotropical,Mesoamerican,Veracruzan province,Moist forest,GF03008112S,Veracruzan province,37,0,0,4,1,0,0,2,0,0,0,0,0,2,0,0,0,7,0,0,0,8,0,0,0,1,0,8,root,70,9,2.857142857,2.857142857,,,9,4.716892,,,,,,,,,,,,,,,,,,,,
GF03008113S,"Los Tuxtlas Tropical Biology Station, Veracruz",Neotropical,Mesoamerican,Veracruzan province,Moist forest,GF03008113S,Veracruzan province,35,0,0,5,2,0,0,0,0,1,0,0,0,2,0,0,0,11,0,0,0,2,0,0,0,1,0,6,root,65,9,0,0,,,9,4.486139,,,,,,,,,,,,,,,,,,,,
GF03008114S,"Los Tuxtlas Tropical Biology Station, Veracruz",Neotropical,Mesoamerican,Veracruzan province,Moist forest,GF03008114S,Veracruzan province,34,0,0,3,0,0,0,0,0,0,2,0,0,1,0,1,0,6,0,0,0,6,0,0,0,0,0,2,root,55,8,0,0,,,8,3.766465,,,,,,,,,,,,,,,,,,,,
GF03008115S,"Los Tuxtlas Tropical Biology Station, Veracruz",Neotropical,Mesoamerican,Veracruzan province,Moist forest,GF03008115S,Veracruzan province,45,0,0,2,1,0,0,10,0,0,0,0,1,0,0,0,1,6,0,0,0,4,0,0,0,0,0,2,root,72,9,13.88888889,13.88888889,,,9,3.716791,,,,,,,,,,,,,,,,,,,,
GF03008116S,"Los Tuxtlas Tropical Biology Station, Veracruz",Neotropical,Mesoamerican,Veracruzan province,Moist forest,GF03008116S,Veracruzan province,32,0,0,1,0,0,0,0,0,0,0,0,0,2,0,0,1,2,0,0,0,5,0,0,0,2,0,2,root,47,8,0,0,,,8,3.32443,,,,,,,,,,,,,,,,,,,,
GF03008117S,"Los Tuxtlas Tropical Biology Station, Veracruz",Neotropical,Mesoamerican,Veracruzan province,Moist forest,GF03008117S,Veracruzan province,17,0,0,1,0,0,0,2,0,0,0,0,0,1,0,0,0,2,0,0,0,3,0,0,0,0,0,3,root,29,7,6.896551724,6.896551724,,,7,3.989002,,,,,,,,,,,,,,,,,,,,
GF03008118S,"Los Tuxtlas Tropical Biology Station, Veracruz",Neotropical,Mesoamerican,Veracruzan province,Moist forest,GF03008118S,Veracruzan province,12,0,0,1,0,0,0,0,0,1,0,0,0,1,0,0,0,2,0,0,0,2,0,0,0,0,0,1,root,20,7,0,0,,,7,3.920263,,,,,,,,,,,,,,,,,,,,
GF03008119S,"Los Tuxtlas Tropical Biology Station, Veracruz",Neotropical,Mesoamerican,Veracruzan province,Moist forest,GF03008119S,Veracruzan province,18,0,0,1,0,0,0,0,0,0,0,0,0,4,0,0,1,4,0,0,0,2,0,0,0,0,0,3,root,33,7,0,0,,,7,4.229091,,,,,,,,,,,,,,,,,,,,
GF03008120S,"Los Tuxtlas Tropical Biology Station, Veracruz",Neotropical,Mesoamerican,Veracruzan province,Moist forest,GF03008120S,Veracruzan province,10,0,0,1,1,0,0,0,0,1,0,0,0,3,0,0,0,4,0,0,0,7,0,0,0,1,0,3,root,31,9,0,0,,,9,6.425712,,,,,,,,,,,,,,,,,,,,
GF03008121S,"Los Tuxtlas Tropical Biology Station, Veracruz",Neotropical,Mesoamerican,Veracruzan province,Moist forest,GF03008121S,Veracruzan province,26,0,0,2,0,0,0,0,0,0,0,1,1,8,0,1,0,21,0,0,0,0,0,0,0,1,0,8,root,69,9,0,0,,,9,4.843045,,,,,,,,,,,,,,,,,,,,
GF03008122S,"Los Tuxtlas Tropical Biology Station, Veracruz",Neotropical,Mesoamerican,Veracruzan province,Moist forest,GF03008122S,Veracruzan province,33,0,0,0,1,0,0,0,0,1,0,0,0,2,0,0,0,5,0,0,0,11,0,0,0,1,0,3,root,57,8,0,0,,,8,3.791206,,,,,,,,,,,,,,,,,,,,
GF03008123S,"Los Tuxtlas Tropical Biology Station, Veracruz",Neotropical,Mesoamerican,Veracruzan province,Moist forest,GF03008123S,Veracruzan province,20,0,0,1,1,0,0,1,0,0,0,0,0,0,0,0,0,4,0,0,0,3,0,0,0,0,0,3,root,33,7,3.03030303,3.03030303,,,7,3.717788,,,,,,,,,,,,,,,,,,,,
GF03008124S,"Los Tuxtlas Tropical Biology Station, Veracruz",Neotropical,Mesoamerican,Veracruzan province,Moist forest,GF03008124S,Veracruzan province,30,0,0,1,0,0,0,0,0,0,0,0,0,2,0,1,0,3,0,0,0,3,0,0,0,1,0,2,root,43,8,0,0,,,8,3.223598,,,,,,,,,,,,,,,,,,,,
GF03008125S,"Los Tuxtlas Tropical Biology Station, Veracruz",Neotropical,Mesoamerican,Veracruzan province,Moist forest,GF03008125S,Veracruzan province,27,0,0,1,1,0,0,1,0,1,0,0,0,0,0,0,0,8,0,0,0,4,0,0,0,0,0,5,root,48,8,2.083333333,2.083333333,,,8,4.005005,,,,,,,,,,,,,,,,,,,,
GF03008126S,"Los Tuxtlas Tropical Biology Station, Veracruz",Neotropical,Mesoamerican,Veracruzan province,Moist forest,GF03008126S,Veracruzan province,67,0,0,7,5,0,0,0,0,0,2,0,0,3,0,4,2,16,0,0,0,19,0,0,0,3,0,4,root,132,11,0,0,,,11,5.310016,,,,,,,,,,,,,,,,,,,,
GF03008127S,"Los Tuxtlas Tropical Biology Station, Veracruz",Neotropical,Mesoamerican,Veracruzan province,Moist forest,GF03008127S,Veracruzan province,32,0,0,1,8,0,0,0,0,0,0,0,0,3,0,2,0,13,0,0,0,4,0,0,0,1,0,2,root,66,9,0,0,,,9,4.835882,,,,,,,,,,,,,,,,,,,,
GF03008128S,"Los Tuxtlas Tropical Biology Station, Veracruz",Neotropical,Mesoamerican,Veracruzan province,Moist forest,GF03008128S,Veracruzan province,8,0,0,0,0,0,0,0,0,0,0,0,0,2,0,0,0,4,0,0,0,1,0,0,0,0,0,4,root,19,5,0,0,,,5,4.105054,,,,,,,,,,,,,,,,,,,,
GF03008129S,"Los Tuxtlas Tropical Biology Station, Veracruz",Neotropical,Mesoamerican,Veracruzan province,Moist forest,GF03008129S,Veracruzan province,16,0,0,2,0,0,0,0,0,2,0,0,0,1,0,0,0,1,0,0,0,3,0,0,0,1,0,1,root,27,8,0,0,,,8,4.17062,,,,,,,,,,,,,,,,,,,,
GF03008130S,"Los Tuxtlas Tropical Biology Station, Veracruz",Neotropical,Mesoamerican,Veracruzan province,Moist forest,GF03008130S,Veracruzan province,54,0,0,1,5,0,0,1,0,0,0,0,0,3,0,1,0,4,0,0,0,10,0,0,0,1,0,1,root,81,10,1.234567901,1.234567901,,,10,3.46378,,,,,,,,,,,,,,,,,,,,
GF03008131S,"Los Tuxtlas Tropical Biology Station, Veracruz",Neotropical,Mesoamerican,Veracruzan province,Moist forest,GF03008131S,Veracruzan province,19,0,0,0,0,0,0,0,0,2,0,0,0,3,0,0,0,5,0,0,0,5,0,0,0,1,0,1,root,36,7,0,0,,,7,4.273291,,,,,,,,,,,,,,,,,,,,
GF03008132S,"Los Tuxtlas Tropical Biology Station, Veracruz",Neotropical,Mesoamerican,Veracruzan province,Moist forest,GF03008132S,Veracruzan province,37,0,0,0,5,0,0,0,0,0,0,0,0,1,0,1,0,11,0,0,0,5,0,0,0,1,0,4,root,65,8,0,0,,,8,3.975807,,,,,,,,,,,,,,,,,,,,
GF03008133S,"Los Tuxtlas Tropical Biology Station, Veracruz",Neotropical,Mesoamerican,Veracruzan province,Moist forest,GF03008133S,Veracruzan province,22,0,0,4,1,0,0,0,0,1,0,0,0,5,0,2,0,11,0,0,0,6,0,0,0,2,0,3,root,57,10,0,0,,,10,6.383606,,,,,,,,,,,,,,,,,,,,
GF03008134S,"Los Tuxtlas Tropical Biology Station, Veracruz",Neotropical,Mesoamerican,Veracruzan province,Moist forest,GF03008134S,Veracruzan province,44,0,0,1,4,0,0,0,0,0,0,0,0,1,0,1,0,9,0,0,0,9,0,0,0,0,0,4,root,73,8,0,0,,,8,3.728008,,,,,,,,,,,,,,,,,,,,
GF03008135S,"Los Tuxtlas Tropical Biology Station, Veracruz",Neotropical,Mesoamerican,Veracruzan province,Moist forest,GF03008135S,Veracruzan province,17,0,0,1,4,0,0,0,0,0,0,0,0,1,0,0,0,3,0,0,0,3,0,0,0,0,0,2,root,31,7,0,0,,,7,4.237863,,,,,,,,,,,,,,,,,,,,
GF03008136S,"Los Tuxtlas Tropical Biology Station, Veracruz",Neotropical,Mesoamerican,Veracruzan province,Moist forest,GF03008136S,Veracruzan province,35,0,0,1,0,0,0,1,0,0,1,0,0,0,0,0,0,7,0,0,0,2,0,0,0,2,0,3,root,52,8,1.923076923,1.923076923,,,8,3.252979,,,,,,,,,,,,,,,,,,,,
GF03008137S,"Los Tuxtlas Tropical Biology Station, Veracruz",Neotropical,Mesoamerican,Veracruzan province,Moist forest,GF03008137S,Veracruzan province,14,0,0,0,0,0,0,0,0,0,0,0,0,3,0,0,0,11,0,0,0,1,0,0,0,0,0,2,root,31,5,0,0,,,5,3.456485,,,,,,,,,,,,,,,,,,,,
GF03008138S,"Los Tuxtlas Tropical Biology Station, Veracruz",Neotropical,Mesoamerican,Veracruzan province,Moist forest,GF03008138S,Veracruzan province,20,0,0,1,0,0,0,0,0,0,1,0,0,2,0,0,0,4,0,0,0,2,0,0,0,2,0,2,root,34,8,0,0,,,8,4.212171,,,,,,,,,,,,,,,,,,,,
GF03008139S,"Los Tuxtlas Tropical Biology Station, Veracruz",Neotropical,Mesoamerican,Veracruzan province,Moist forest,GF03008139S,Veracruzan province,3,0,0,0,0,0,0,0,0,0,0,0,0,0,0,0,0,1,0,0,0,0,0,0,0,1,0,1,root,6,4,0,0,,,4,3.464102,,,,,,,,,,,,,,,,,,,,
GF03008140S,"Los Tuxtlas Tropical Biology Station, Veracruz",Neotropical,Mesoamerican,Veracruzan province,Moist forest,GF03008140S,Veracruzan province,9,0,0,0,0,0,0,0,0,0,0,0,0,1,0,0,0,6,0,0,0,1,0,0,0,0,0,0,root,17,4,0,0,,,4,2.82241,,,,,,,,,,,,,,,,,,,,
GF03008141S,"Los Tuxtlas Tropical Biology Station, Veracruz",Neotropical,Mesoamerican,Veracruzan province,Moist forest,GF03008141S,Veracruzan province,1,0,0,0,0,0,0,0,0,0,0,0,0,0,0,0,0,1,0,0,0,0,0,0,0,0,0,1,root,3,3,0,0,,,3,3,,,,,,,,,,,,,,,,,,,,
GF03008142S,"Los Tuxtlas Tropical Biology Station, Veracruz",Neotropical,Mesoamerican,Veracruzan province,Moist forest,GF03008142S,Veracruzan province,14,0,0,2,0,0,0,0,0,0,0,0,0,2,0,0,0,5,0,0,0,3,0,0,0,2,0,0,root,28,6,0,0,,,6,4.301812,,,,,,,,,,,,,,,,,,,,
GF03008143S,"Los Tuxtlas Tropical Biology Station, Veracruz",Neotropical,Mesoamerican,Veracruzan province,Moist forest,GF03008143S,Veracruzan province,15,0,0,0,5,0,0,0,0,0,0,0,0,0,0,1,0,6,0,0,0,0,0,0,0,1,0,3,root,31,6,0,0,,,6,4.099824,,,,,,,,,,,,,,,,,,,,
GF03008144S,"Los Tuxtlas Tropical Biology Station, Veracruz",Neotropical,Mesoamerican,Veracruzan province,Moist forest,GF03008144S,Veracruzan province,41,0,0,3,0,0,1,1,0,0,0,0,0,4,0,0,1,2,0,0,0,3,0,0,0,1,0,2,root,59,10,1.694915254,1.694915254,,,10,3.470217,,,,,,,,,,,,,,,,,,,,
GF03008145S,"Los Tuxtlas Tropical Biology Station, Veracruz",Neotropical,Mesoamerican,Veracruzan province,Moist forest,GF03008145S,Veracruzan province,19,0,0,1,0,0,0,0,0,0,0,0,0,2,0,0,0,4,0,0,0,1,0,0,0,1,0,2,root,30,7,0,0,,,7,3.522346,,,,,,,,,,,,,,,,,,,,
GF03008146S,"Los Tuxtlas Tropical Biology Station, Veracruz",Neotropical,Mesoamerican,Veracruzan province,Moist forest,GF03008146S,Veracruzan province,48,0,0,1,0,0,0,2,0,0,0,0,0,0,0,0,0,9,0,0,0,7,0,0,0,1,0,6,root,74,7,2.702702703,2.702702703,,,7,3.246903,,,,,,,,,,,,,,,,,,,,
GF03008147S,"Los Tuxtlas Tropical Biology Station, Veracruz",Neotropical,Mesoamerican,Veracruzan province,Moist forest,GF03008147S,Veracruzan province,26,0,0,0,1,0,0,0,0,0,0,0,0,3,0,1,0,6,0,0,0,5,0,0,0,0,0,1,root,43,7,0,0,,,7,3.587243,,,,,,,,,,,,,,,,,,,,
GF03008148S,"Los Tuxtlas Tropical Biology Station, Veracruz",Neotropical,Mesoamerican,Veracruzan province,Moist forest,GF03008148S,Veracruzan province,45,0,0,3,11,0,0,0,0,1,1,0,0,8,0,3,0,15,1,0,0,5,0,0,0,3,0,7,root,103,12,0,0,,,12,6.380728,,,,,,,,,,,,,,,,,,,,
GF03008149S,"Los Tuxtlas Tropical Biology Station, Veracruz",Neotropical,Mesoamerican,Veracruzan province,Moist forest,GF03008149S,Veracruzan province,30,0,0,2,1,0,0,0,0,1,0,0,0,6,0,0,0,9,0,0,0,2,0,0,0,0,0,6,root,57,8,0,0,,,8,4.393661,,,,,,,,,,,,,,,,,,,,
GF03008150S,"Los Tuxtlas Tropical Biology Station, Veracruz",Neotropical,Mesoamerican,Veracruzan province,Moist forest,GF03008150S,Veracruzan province,15,0,0,1,1,0,0,0,0,1,0,0,0,2,0,0,0,4,0,0,0,5,0,0,0,1,0,2,root,32,9,0,0,,,9,5.392087,,,,,,,,,,,,,,,,,,,,
GF03008151S,"Los Tuxtlas Tropical Biology Station, Veracruz",Neotropical,Mesoamerican,Veracruzan province,Moist forest,GF03008151S,Veracruzan province,15,0,0,1,4,0,0,0,0,0,0,0,0,3,0,0,0,7,0,0,0,1,0,0,0,0,0,0,root,31,6,0,0,,,6,4.051338,,,,,,,,,,,,,,,,,,,,
GF03008152S,"Los Tuxtlas Tropical Biology Station, Veracruz",Neotropical,Mesoamerican,Veracruzan province,Moist forest,GF03008152S,Veracruzan province,20,0,0,2,9,0,0,0,0,0,0,0,0,4,0,1,0,5,0,0,0,0,0,0,0,1,0,2,root,44,8,0,0,,,8,4.958633,,,,,,,,,,,,,,,,,,,,
GF03008153S,"Los Tuxtlas Tropical Biology Station, Veracruz",Neotropical,Mesoamerican,Veracruzan province,Moist forest,GF03008153S,Veracruzan province,21,0,0,1,0,0,0,0,0,1,0,0,0,3,0,0,0,4,0,0,0,2,0,0,0,0,0,0,root,32,6,0,0,,,6,3.152402,,,,,,,,,,,,,,,,,,,,
GF03008154S,"Los Tuxtlas Tropical Biology Station, Veracruz",Neotropical,Mesoamerican,Veracruzan province,Moist forest,GF03008154S,Veracruzan province,18,0,0,1,0,0,0,0,0,0,0,0,0,1,0,1,0,2,0,0,1,1,0,0,0,0,0,0,root,25,7,0,0,,,7,2.951627,,,,,,,,,,,,,,,,,,,,
GF03008155S,"Los Tuxtlas Tropical Biology Station, Veracruz",Neotropical,Mesoamerican,Veracruzan province,Moist forest,GF03008155S,Veracruzan province,36,0,0,3,4,0,0,0,0,0,0,0,0,6,0,0,0,10,0,0,0,2,0,0,0,1,0,5,root,67,8,0,0,,,8,4.492191,,,,,,,,,,,,,,,,,,,,
GF03008156S,"Los Tuxtlas Tropical Biology Station, Veracruz",Neotropical,Mesoamerican,Veracruzan province,Moist forest,GF03008156S,Veracruzan province,15,0,0,1,0,0,0,0,0,0,0,0,0,0,0,0,0,6,0,0,0,1,0,0,0,2,0,2,root,27,6,0,0,,,6,3.63463,,,,,,,,,,,,,,,,,,,,
GF03008157S,"Los Tuxtlas Tropical Biology Station, Veracruz",Neotropical,Mesoamerican,Veracruzan province,Moist forest,GF03008157S,Veracruzan province,57,0,0,0,4,0,1,13,0,0,0,0,0,4,0,1,0,3,0,0,0,4,0,0,0,2,0,5,root,94,10,13.82978723,13.82978723,,,10,4.155938,,,,,,,,,,,,,,,,,,,,
GF03008158S,"Los Tuxtlas Tropical Biology Station, Veracruz",Neotropical,Mesoamerican,Veracruzan province,Moist forest,GF03008158S,Veracruzan province,28,0,0,2,14,0,0,0,0,2,0,0,0,0,0,0,0,7,0,0,0,1,0,0,0,1,0,3,root,58,8,0,0,,,8,4.372345,,,,,,,,,,,,,,,,,,,,
GF03008159S,"Los Tuxtlas Tropical Biology Station, Veracruz",Neotropical,Mesoamerican,Veracruzan province,Moist forest,GF03008159S,Veracruzan province,20,0,0,0,0,0,0,4,0,0,0,0,1,4,0,0,0,1,0,0,0,0,0,0,0,1,0,0,root,31,6,12.90322581,12.90322581,,,6,3.137742,,,,,,,,,,,,,,,,,,,,
GF03008160S,"Los Tuxtlas Tropical Biology Station, Veracruz",Neotropical,Mesoamerican,Veracruzan province,Moist forest,GF03008160S,Veracruzan province,15,0,0,0,0,0,0,0,0,1,0,0,0,1,0,0,0,4,0,0,0,1,0,0,0,0,0,4,root,26,6,0,0,,,6,3.558033,,,,,,,,,,,,,,,,,,,,
GF03008161S,"Los Tuxtlas Tropical Biology Station, Veracruz",Neotropical,Mesoamerican,Veracruzan province,Moist forest,GF03008161S,Veracruzan province,43,0,0,5,5,0,1,0,0,0,0,0,0,0,0,1,1,15,0,0,0,7,0,0,0,1,0,8,root,87,10,0,0,,,10,4.98905,,,,,,,,,,,,,,,,,,,,
GF03008162S,"Los Tuxtlas Tropical Biology Station, Veracruz",Neotropical,Mesoamerican,Veracruzan province,Moist forest,GF03008162S,Veracruzan province,6,0,0,1,0,0,0,0,0,0,0,0,0,2,0,0,0,10,0,0,0,1,0,0,0,0,0,0,root,20,5,0,0,,,5,3.44732,,,,,,,,,,,,,,,,,,,,
GF03008163S,"Los Tuxtlas Tropical Biology Station, Veracruz",Neotropical,Mesoamerican,Veracruzan province,Moist forest,GF03008163S,Veracruzan province,23,0,0,1,1,0,0,0,0,0,1,0,0,1,0,0,0,4,0,0,0,8,0,0,0,0,0,1,root,40,8,0,0,,,8,3.786539,,,,,,,,,,,,,,,,,,,,
GF03008164S,"Los Tuxtlas Tropical Biology Station, Veracruz",Neotropical,Mesoamerican,Veracruzan province,Moist forest,GF03008164S,Veracruzan province,31,0,0,0,3,0,0,0,0,0,0,0,0,0,0,1,0,9,0,0,0,1,0,0,0,2,0,1,root,48,7,0,0,,,7,3.138966,,,,,,,,,,,,,,,,,,,,
GF03008165S,"Los Tuxtlas Tropical Biology Station, Veracruz",Neotropical,Mesoamerican,Veracruzan province,Moist forest,GF03008165S,Veracruzan province,20,0,0,1,0,0,0,0,0,0,0,0,0,2,0,0,0,5,0,0,0,1,0,0,0,0,0,0,root,29,5,0,0,,,5,2.653769,,,,,,,,,,,,,,,,,,,,
GF03008166S,"Los Tuxtlas Tropical Biology Station, Veracruz",Neotropical,Mesoamerican,Veracruzan province,Moist forest,GF03008166S,Veracruzan province,24,0,0,0,7,0,0,0,0,1,0,0,0,1,0,0,0,3,0,0,0,0,0,0,0,1,0,0,root,37,6,0,0,,,6,2.980991,,,,,,,,,,,,,,,,,,,,
GF03008167S,"Los Tuxtlas Tropical Biology Station, Veracruz",Neotropical,Mesoamerican,Veracruzan province,Moist forest,GF03008167S,Veracruzan province,17,0,0,1,3,0,0,1,0,0,0,0,0,1,0,0,0,6,0,0,0,1,0,0,0,1,0,2,root,33,9,3.03030303,3.03030303,,,9,4.803363,,,,,,,,,,,,,,,,,,,,
GF03008168S,"Los Tuxtlas Tropical Biology Station, Veracruz",Neotropical,Mesoamerican,Veracruzan province,Moist forest,GF03008168S,Veracruzan province,24,0,0,2,1,0,3,0,0,2,0,0,0,5,0,0,0,19,0,0,0,1,0,0,0,2,0,1,root,60,10,0,0,,,10,5.115894,,,,,,,,,,,,,,,,,,,,
GF03008169S,"Los Tuxtlas Tropical Biology Station, Veracruz",Neotropical,Mesoamerican,Veracruzan province,Moist forest,GF03008169S,Veracruzan province,33,0,0,2,10,0,0,0,0,1,0,0,0,5,0,0,0,6,0,0,0,5,0,0,0,2,0,4,root,68,9,0,0,,,9,5.296039,,,,,,,,,,,,,,,,,,,,
GF03008170S,"Los Tuxtlas Tropical Biology Station, Veracruz",Neotropical,Mesoamerican,Veracruzan province,Moist forest,GF03008170S,Veracruzan province,20,0,0,1,1,0,0,0,0,0,0,0,0,3,0,0,0,9,0,0,0,4,0,0,0,1,0,0,root,39,7,0,0,,,7,4.029105,,,,,,,,,,,,,,,,,,,,
GF03008171S,"Los Tuxtlas Tropical Biology Station, Veracruz",Neotropical,Mesoamerican,Veracruzan province,Moist forest,GF03008171S,Veracruzan province,14,0,0,0,1,0,0,2,0,0,0,0,0,1,0,1,0,1,0,0,0,4,0,0,0,0,0,1,root,25,8,8,8,,,8,4.322115,,,,,,,,,,,,,,,,,,,,
GF03008172S,"Los Tuxtlas Tropical Biology Station, Veracruz",Neotropical,Mesoamerican,Veracruzan province,Moist forest,GF03008172S,Veracruzan province,7,0,0,1,0,0,0,0,0,0,0,0,0,0,0,0,0,2,0,0,0,0,0,0,0,1,0,2,root,13,5,0,0,,,5,3.683545,,,,,,,,,,,,,,,,,,,,
GF03008173S,"Los Tuxtlas Tropical Biology Station, Veracruz",Neotropical,Mesoamerican,Veracruzan province,Moist forest,GF03008173S,Veracruzan province,23,0,0,1,4,0,0,0,0,0,0,0,0,1,0,0,0,10,0,0,0,2,0,0,0,1,0,3,root,45,8,0,0,,,8,4.328052,,,,,,,,,,,,,,,,,,,,
GF03008174S,"Los Tuxtlas Tropical Biology Station, Veracruz",Neotropical,Mesoamerican,Veracruzan province,Moist forest,GF03008174S,Veracruzan province,12,0,0,1,0,0,0,0,0,0,0,0,0,2,0,0,0,8,0,0,0,1,0,0,0,2,0,3,root,29,7,0,0,,,7,4.740599,,,,,,,,,,,,,,,,,,,,
GF03008175S,"Los Tuxtlas Tropical Biology Station, Veracruz",Neotropical,Mesoamerican,Veracruzan province,Moist forest,GF03008175S,Veracruzan province,47,0,0,1,9,0,0,2,0,0,0,0,0,3,0,0,0,5,0,0,0,5,0,0,0,1,0,2,root,75,9,2.666666667,2.666666667,,,9,3.840329,,,,,,,,,,,,,,,,,,,,
GF03008176S,"Los Tuxtlas Tropical Biology Station, Veracruz",Neotropical,Mesoamerican,Veracruzan province,Moist forest,GF03008176S,Veracruzan province,3,0,0,0,0,0,0,0,0,0,0,0,0,0,0,0,0,1,0,0,0,0,0,0,0,0,0,2,root,6,3,0,0,,,3,2.749459,,,,,,,,,,,,,,,,,,,,
GF03008177S,"Los Tuxtlas Tropical Biology Station, Veracruz",Neotropical,Mesoamerican,Veracruzan province,Moist forest,GF03008177S,Veracruzan province,53,0,0,2,2,0,0,0,0,0,0,0,0,4,0,0,0,5,0,0,0,7,0,0,0,2,0,3,root,78,8,0,0,,,8,3.368538,,,,,,,,,,,,,,,,,,,,
GF03008178S,"Los Tuxtlas Tropical Biology Station, Veracruz",Neotropical,Mesoamerican,Veracruzan province,Moist forest,GF03008178S,Veracruzan province,9,0,0,1,5,0,0,0,0,0,0,0,0,1,0,0,0,7,0,0,0,2,0,0,0,2,0,2,root,29,8,0,0,,,8,6.018253,,,,,,,,,,,,,,,,,,,,
GF03008179S,"Los Tuxtlas Tropical Biology Station, Veracruz",Neotropical,Mesoamerican,Veracruzan province,Moist forest,GF03008179S,Veracruzan province,32,0,0,0,3,0,0,1,0,0,0,0,0,7,0,0,0,11,1,0,0,2,0,0,0,4,0,2,root,63,9,1.587301587,1.587301587,,,9,4.775629,,,,,,,,,,,,,,,,,,,,
GF03008180S,"Los Tuxtlas Tropical Biology Station, Veracruz",Neotropical,Mesoamerican,Veracruzan province,Moist forest,GF03008180S,Veracruzan province,36,0,0,1,7,0,0,0,0,2,0,0,0,6,0,0,0,13,0,0,0,2,0,0,0,3,0,3,root,73,9,0,0,,,9,4.974542,,,,,,,,,,,,,,,,,,,,
GF03008181S,"Los Tuxtlas Tropical Biology Station, Veracruz",Neotropical,Mesoamerican,Veracruzan province,Moist forest,GF03008181S,Veracruzan province,16,0,0,0,1,0,0,0,0,0,0,0,0,1,0,0,0,10,0,0,0,1,0,0,0,3,0,4,root,36,7,0,0,,,7,4.332161,,,,,,,,,,,,,,,,,,,,
GF03008182S,"Los Tuxtlas Tropical Biology Station, Veracruz",Neotropical,Mesoamerican,Veracruzan province,Moist forest,GF03008182S,Veracruzan province,28,0,0,1,6,0,0,0,0,0,0,0,0,1,0,0,0,3,0,0,0,0,0,0,0,1,0,6,root,46,7,0,0,,,7,3.529933,,,,,,,,,,,,,,,,,,,,
GF03008183S,"Los Tuxtlas Tropical Biology Station, Veracruz",Neotropical,Mesoamerican,Veracruzan province,Moist forest,GF03008183S,Veracruzan province,19,0,0,0,5,0,0,0,0,0,0,0,0,2,0,0,0,6,0,0,0,1,0,0,0,2,0,1,root,36,7,0,0,,,7,4.180093,,,,,,,,,,,,,,,,,,,,
GF03008184S,"Los Tuxtlas Tropical Biology Station, Veracruz",Neotropical,Mesoamerican,Veracruzan province,Moist forest,GF03008184S,Veracruzan province,35,0,0,3,3,0,0,1,0,0,0,0,0,2,0,0,0,8,0,0,0,1,0,0,0,0,0,1,root,54,8,1.851851852,1.851851852,,,8,3.417079,,,,,,,,,,,,,,,,,,,,
GF03008185S,"Los Tuxtlas Tropical Biology Station, Veracruz",Neotropical,Mesoamerican,Veracruzan province,Moist forest,GF03008185S,Veracruzan province,20,0,0,1,6,0,0,2,0,0,0,0,0,2,0,0,1,3,0,0,0,7,0,0,0,2,0,3,root,47,10,4.255319149,4.255319149,,,10,6.221935,,,,,,,,,,,,,,,,,,,,
GF03008186S,"Los Tuxtlas Tropical Biology Station, Veracruz",Neotropical,Mesoamerican,Veracruzan province,Moist forest,GF03008186S,Veracruzan province,11,0,0,1,1,0,0,2,0,0,0,0,0,1,0,0,0,2,0,0,0,3,0,0,0,0,0,2,root,23,8,8.695652174,8.695652174,,,8,5.283329,,,,,,,,,,,,,,,,,,,,
GF03008187S,"Los Tuxtlas Tropical Biology Station, Veracruz",Neotropical,Mesoamerican,Veracruzan province,Moist forest,GF03008187S,Veracruzan province,6,0,0,1,0,0,0,2,0,0,0,0,0,0,0,0,0,1,0,0,0,3,0,0,0,0,0,0,root,13,5,15.38461538,15.38461538,,,5,3.966244,,,,,,,,,,,,,,,,,,,,
GF03008188S,"Los Tuxtlas Tropical Biology Station, Veracruz",Neotropical,Mesoamerican,Veracruzan province,Moist forest,GF03008188S,Veracruzan province,25,0,0,2,0,0,0,5,0,1,0,0,0,2,0,0,0,4,0,0,0,2,0,0,0,1,0,2,root,44,9,11.36363636,11.36363636,,,9,4.573774,,,,,,,,,,,,,,,,,,,,
GF03008189S,"Los Tuxtlas Tropical Biology Station, Veracruz",Neotropical,Mesoamerican,Veracruzan province,Moist forest,GF03008189S,Veracruzan province,23,0,0,2,2,0,1,0,0,2,0,0,0,0,0,0,0,4,0,0,0,2,0,0,0,1,0,0,root,37,8,0,0,,,8,3.904335,,,,,,,,,,,,,,,,,,,,
GF03008190S,"Los Tuxtlas Tropical Biology Station, Veracruz",Neotropical,Mesoamerican,Veracruzan province,Moist forest,GF03008190S,Veracruzan province,31,0,0,0,3,0,0,0,0,1,0,0,0,2,0,0,0,7,0,0,0,4,0,0,0,2,0,4,root,54,8,0,0,,,8,4.252973,,,,,,,,,,,,,,,,,,,,
GF03008191S,"Los Tuxtlas Tropical Biology Station, Veracruz",Neotropical,Mesoamerican,Veracruzan province,Moist forest,GF03008191S,Veracruzan province,23,0,0,1,13,0,0,0,0,2,0,0,0,2,0,0,0,9,0,0,0,1,0,0,0,1,0,1,root,53,9,0,0,,,9,4.735279,,,,,,,,,,,,,,,,,,,,
GF03008192S,"Los Tuxtlas Tropical Biology Station, Veracruz",Neotropical,Mesoamerican,Veracruzan province,Moist forest,GF03008192S,Veracruzan province,3,0,0,0,1,0,0,0,0,0,0,0,0,0,0,0,0,2,0,0,0,0,0,0,0,0,0,1,root,7,4,0,0,,,4,3.585989,,,,,,,,,,,,,,,,,,,,
GF03008193S,"Los Tuxtlas Tropical Biology Station, Veracruz",Neotropical,Mesoamerican,Veracruzan province,Moist forest,GF03008193S,Veracruzan province,20,0,0,1,6,0,0,0,0,0,0,0,0,1,0,0,0,8,0,0,0,4,0,0,0,1,0,1,root,42,8,0,0,,,8,4.604586,,,,,,,,,,,,,,,,,,,,
GF03008194S,"Los Tuxtlas Tropical Biology Station, Veracruz",Neotropical,Mesoamerican,Veracruzan province,Moist forest,GF03008194S,Veracruzan province,36,0,0,2,6,0,1,0,0,0,0,0,0,1,0,1,0,13,0,0,0,5,0,0,0,2,0,1,root,68,10,0,0,,,10,4.548429,,,,,,,,,,,,,,,,,,,,
GF03008195S,"Los Tuxtlas Tropical Biology Station, Veracruz",Neotropical,Mesoamerican,Veracruzan province,Moist forest,GF03008195S,Veracruzan province,6,0,0,0,0,0,0,3,0,0,0,0,0,2,0,0,0,3,0,0,0,5,0,0,0,0,0,1,root,20,6,15,15,,,6,5.243276,,,,,,,,,,,,,,,,,,,,
GF03008196S,"Los Tuxtlas Tropical Biology Station, Veracruz",Neotropical,Mesoamerican,Veracruzan province,Moist forest,GF03008196S,Veracruzan province,48,0,0,0,1,0,0,0,0,1,0,0,0,2,0,2,0,8,0,0,0,5,0,0,0,1,0,1,root,69,9,0,0,,,9,3.136771,,,,,,,,,,,,,,,,,,,,
GF03008197S,"Los Tuxtlas Tropical Biology Station, Veracruz",Neotropical,Mesoamerican,Veracruzan province,Moist forest,GF03008197S,Veracruzan province,21,0,0,1,1,0,0,0,0,1,0,0,0,0,0,0,0,1,0,0,0,3,0,0,0,1,0,2,root,31,8,0,0,,,8,3.388991,,,,,,,,,,,,,,,,,,,,
GF03008198S,"Los Tuxtlas Tropical Biology Station, Veracruz",Neotropical,Mesoamerican,Veracruzan province,Moist forest,GF03008198S,Veracruzan province,38,0,0,1,5,0,0,1,0,1,0,0,0,7,0,0,0,11,0,0,0,7,0,0,0,2,0,2,root,75,10,1.333333333,1.333333333,,,10,5.02916,,,,,,,,,,,,,,,,,,,,
GF03008199S,"Los Tuxtlas Tropical Biology Station, Veracruz",Neotropical,Mesoamerican,Veracruzan province,Moist forest,GF03008199S,Veracruzan province,16,0,0,2,0,0,0,0,0,0,0,0,0,0,0,0,0,2,0,0,0,2,0,0,0,0,0,2,root,24,5,0,0,,,5,3,,,,,,,,,,,,,,,,,,,,
GF03008200S,"Los Tuxtlas Tropical Biology Station, Veracruz",Neotropical,Mesoamerican,Veracruzan province,Moist forest,GF03008200S,Veracruzan province,0,0,0,0,0,0,0,0,0,0,0,0,0,0,0,0,0,0,0,0,0,0,0,0,0,0,0,0,root,0,0,#DIV/0!,0,,,0,1,,,,,,,,,,,,,,,,,,,,
GF03008201S,"Los Tuxtlas Tropical Biology Station, Veracruz",Neotropical,Mesoamerican,Veracruzan province,Moist forest,GF03008201S,Veracruzan province,13,0,0,1,5,0,0,0,0,0,0,0,0,1,0,0,0,1,0,0,0,2,0,0,0,1,0,1,root,25,8,0,0,,,8,4.516615,,,,,,,,,,,,,,,,,,,,
GF03008202S,"Los Tuxtlas Tropical Biology Station, Veracruz",Neotropical,Mesoamerican,Veracruzan province,Moist forest,GF03008202S,Veracruzan province,25,0,0,1,0,0,0,0,0,0,0,0,0,0,0,0,1,9,0,0,0,7,0,0,0,0,0,2,root,45,6,0,0,,,6,3.474496,,,,,,,,,,,,,,,,,,,,
GF03008203S,"Los Tuxtlas Tropical Biology Station, Veracruz",Neotropical,Mesoamerican,Veracruzan province,Moist forest,GF03008203S,Veracruzan province,16,0,0,0,1,0,0,0,0,1,0,0,0,0,0,0,0,3,0,0,0,2,0,0,0,1,0,0,root,24,6,0,0,,,6,3.109844,,,,,,,,,,,,,,,,,,,,
GF03008204S,"Los Tuxtlas Tropical Biology Station, Veracruz",Neotropical,Mesoamerican,Veracruzan province,Moist forest,GF03008204S,Veracruzan province,24,0,0,1,27,0,0,0,0,0,0,0,0,1,0,0,0,7,0,0,0,0,0,0,0,1,0,3,root,64,7,0,0,,,7,3.714895,,,,,,,,,,,,,,,,,,,,
GF03008205S,"Los Tuxtlas Tropical Biology Station, Veracruz",Neotropical,Mesoamerican,Veracruzan province,Moist forest,GF03008205S,Veracruzan province,29,0,0,3,1,0,2,0,0,3,1,0,0,8,0,0,0,14,0,0,0,5,0,0,0,1,0,5,root,72,11,0,0,,,11,6.308241,,,,,,,,,,,,,,,,,,,,
GF03008206S,"Los Tuxtlas Tropical Biology Station, Veracruz",Neotropical,Mesoamerican,Veracruzan province,Moist forest,GF03008206S,Veracruzan province,6,0,0,2,0,0,0,0,1,0,0,0,0,5,0,1,0,9,0,0,0,1,0,0,0,0,0,0,root,25,7,0,0,,,7,5.055685,,,,,,,,,,,,,,,,,,,,
GF03008207S,"Los Tuxtlas Tropical Biology Station, Veracruz",Neotropical,Mesoamerican,Veracruzan province,Moist forest,GF03008207S,Veracruzan province,22,0,0,0,0,0,0,0,0,1,0,0,0,2,0,1,0,3,0,0,0,5,0,0,0,0,0,2,root,36,7,0,0,,,7,3.678291,,,,,,,,,,,,,,,,,,,,
GF03008208S,"Los Tuxtlas Tropical Biology Station, Veracruz",Neotropical,Mesoamerican,Veracruzan province,Moist forest,GF03008208S,Veracruzan province,17,0,0,2,5,0,0,0,0,2,0,0,0,0,0,0,0,3,0,0,0,2,0,0,0,0,0,2,root,33,7,0,0,,,7,4.596107,,,,,,,,,,,,,,,,,,,,
GF03008209S,"Los Tuxtlas Tropical Biology Station, Veracruz",Neotropical,Mesoamerican,Veracruzan province,Moist forest,GF03008209S,Veracruzan province,17,0,0,1,2,0,0,0,0,0,0,0,0,2,0,0,0,2,0,0,0,0,0,0,0,1,0,1,root,26,7,0,0,,,7,3.475206,,,,,,,,,,,,,,,,,,,,
GF03008210S,"Los Tuxtlas Tropical Biology Station, Veracruz",Neotropical,Mesoamerican,Veracruzan province,Moist forest,GF03008210S,Veracruzan province,9,0,0,4,0,0,0,0,0,0,3,0,0,6,0,2,0,4,0,0,0,1,0,0,0,3,0,0,root,32,8,0,0,,,8,6.79323,,,,,,,,,,,,,,,,,,,,
GF03008211S,"Los Tuxtlas Tropical Biology Station, Veracruz",Neotropical,Mesoamerican,Veracruzan province,Moist forest,GF03008211S,Veracruzan province,12,0,0,3,0,0,0,1,0,2,0,0,0,2,0,1,0,5,0,0,0,5,0,0,0,2,0,1,root,34,10,2.941176471,2.941176471,,,10,7.076038,,,,,,,,,,,,,,,,,,,,
GF03008212S,"Los Tuxtlas Tropical Biology Station, Veracruz",Neotropical,Mesoamerican,Veracruzan province,Moist forest,GF03008212S,Veracruzan province,11,0,0,2,1,0,0,0,0,1,0,0,0,1,0,0,0,7,0,0,0,0,0,0,0,1,0,3,root,27,8,0,0,,,8,5.160374,,,,,,,,,,,,,,,,,,,,
GF03008213S,"Los Tuxtlas Tropical Biology Station, Veracruz",Neotropical,Mesoamerican,Veracruzan province,Moist forest,GF03008213S,Veracruzan province,9,0,0,2,0,0,0,0,0,0,0,0,2,5,0,1,0,9,0,0,0,0,0,0,0,2,0,0,root,30,7,0,0,,,7,5.344102,,,,,,,,,,,,,,,,,,,,
GF03008214S,"Los Tuxtlas Tropical Biology Station, Veracruz",Neotropical,Mesoamerican,Veracruzan province,Moist forest,GF03008214S,Veracruzan province,17,0,0,1,2,0,0,3,0,0,0,0,0,2,0,0,0,3,0,0,0,0,0,0,0,0,0,2,root,30,7,10,10,,,7,4.209559,,,,,,,,,,,,,,,,,,,,
GF03008215S,"Los Tuxtlas Tropical Biology Station, Veracruz",Neotropical,Mesoamerican,Veracruzan province,Moist forest,GF03008215S,Veracruzan province,28,0,0,3,0,0,0,2,0,0,1,1,0,9,0,2,0,10,0,0,0,5,0,0,0,1,0,5,root,67,11,2.985074627,2.985074627,,,11,6.312441,,,,,,,,,,,,,,,,,,,,
GF03008216S,"Los Tuxtlas Tropical Biology Station, Veracruz",Neotropical,Mesoamerican,Veracruzan province,Moist forest,GF03008216S,Veracruzan province,18,0,0,0,1,0,0,1,0,0,0,0,0,2,0,0,0,7,0,0,0,0,0,0,0,1,0,0,root,30,6,3.333333333,3.333333333,,,6,3.211438,,,,,,,,,,,,,,,,,,,,
GF03008217S,"Los Tuxtlas Tropical Biology Station, Veracruz",Neotropical,Mesoamerican,Veracruzan province,Moist forest,GF03008217S,Veracruzan province,31,0,0,1,0,0,0,0,0,1,0,0,0,5,0,0,0,4,0,0,0,4,0,0,0,2,0,5,root,53,8,0,0,,,8,4.148129,,,,,,,,,,,,,,,,,,,,
GF03008218S,"Los Tuxtlas Tropical Biology Station, Veracruz",Neotropical,Mesoamerican,Veracruzan province,Moist forest,GF03008218S,Veracruzan province,13,0,0,4,0,0,0,0,0,0,0,0,0,7,0,0,0,14,0,0,0,0,0,0,0,3,0,4,root,45,6,0,0,,,6,5.064456,,,,,,,,,,,,,,,,,,,,
GF03008219S,"Los Tuxtlas Tropical Biology Station, Veracruz",Neotropical,Mesoamerican,Veracruzan province,Moist forest,GF03008219S,Veracruzan province,6,0,0,1,3,0,0,0,0,0,0,0,0,0,0,0,0,5,0,0,0,0,0,0,0,0,0,0,root,15,4,0,0,,,4,3.438876,,,,,,,,,,,,,,,,,,,,
GF03008220S,"Los Tuxtlas Tropical Biology Station, Veracruz",Neotropical,Mesoamerican,Veracruzan province,Moist forest,GF03008220S,Veracruzan province,8,0,0,0,6,0,0,5,0,0,0,0,0,1,0,1,0,8,0,0,0,1,0,0,0,0,0,1,root,31,8,16.12903226,16.12903226,,,8,5.779679,,,,,,,,,,,,,,,,,,,,
GF03008221S,"Los Tuxtlas Tropical Biology Station, Veracruz",Neotropical,Mesoamerican,Veracruzan province,Moist forest,GF03008221S,Veracruzan province,18,0,0,0,3,0,0,1,0,2,1,0,0,0,0,0,0,6,0,0,0,5,0,0,0,0,0,2,root,38,8,2.631578947,2.631578947,,,8,5.023313,,,,,,,,,,,,,,,,,,,,
GF03008222S,"Los Tuxtlas Tropical Biology Station, Veracruz",Neotropical,Mesoamerican,Veracruzan province,Moist forest,GF03008222S,Veracruzan province,21,0,0,1,0,0,0,0,0,2,0,0,0,2,0,2,0,6,0,0,0,5,0,0,0,0,0,3,root,42,8,0,0,,,8,4.905464,,,,,,,,,,,,,,,,,,,,
GF03008223S,"Los Tuxtlas Tropical Biology Station, Veracruz",Neotropical,Mesoamerican,Veracruzan province,Moist forest,GF03008223S,Veracruzan province,8,0,0,1,0,0,0,0,0,0,0,0,0,2,0,0,0,3,0,0,0,0,0,0,0,1,0,1,root,16,6,0,0,,,6,4.221687,,,,,,,,,,,,,,,,,,,,
GF03008224S,"Los Tuxtlas Tropical Biology Station, Veracruz",Neotropical,Mesoamerican,Veracruzan province,Moist forest,GF03008224S,Veracruzan province,5,0,0,0,0,0,0,0,0,0,0,0,0,2,0,0,0,13,0,0,0,0,0,0,0,1,0,1,root,22,5,0,0,,,5,3.14746,,,,,,,,,,,,,,,,,,,,
GF03008225S,"Los Tuxtlas Tropical Biology Station, Veracruz",Neotropical,Mesoamerican,Veracruzan province,Moist forest,GF03008225S,Veracruzan province,7,0,0,0,0,0,0,0,0,0,0,0,0,1,0,0,0,4,0,0,0,0,0,0,0,1,0,1,root,14,5,0,0,,,5,3.560917,,,,,,,,,,,,,,,,,,,,
GF03008226S,"Los Tuxtlas Tropical Biology Station, Veracruz",Neotropical,Mesoamerican,Veracruzan province,Moist forest,GF03008226S,Veracruzan province,4,0,0,0,0,0,0,2,0,0,0,0,0,0,0,0,0,0,0,0,0,1,0,0,0,0,0,0,root,7,3,28.57142857,28.57142857,,,3,2.60049,,,,,,,,,,,,,,,,,,,,
GF03008227S,"Los Tuxtlas Tropical Biology Station, Veracruz",Neotropical,Mesoamerican,Veracruzan province,Moist forest,GF03008227S,Veracruzan province,8,0,0,1,3,0,0,2,0,1,0,0,0,2,0,0,0,5,0,0,0,1,0,0,0,0,0,1,root,24,9,8.333333333,8.333333333,,,9,6.664241,,,,,,,,,,,,,,,,,,,,
GF03008228S,"Los Tuxtlas Tropical Biology Station, Veracruz",Neotropical,Mesoamerican,Veracruzan province,Moist forest,GF03008228S,Veracruzan province,2,0,0,0,0,0,0,0,0,0,0,0,0,0,0,0,0,0,0,0,0,0,0,0,0,0,0,0,root,2,1,0,0,,,1,1,,,,,,,,,,,,,,,,,,,,
GF03008229S,"Los Tuxtlas Tropical Biology Station, Veracruz",Neotropical,Mesoamerican,Veracruzan province,Moist forest,GF03008229S,Veracruzan province,6,0,0,3,0,0,0,0,1,0,1,0,0,5,0,0,0,4,0,0,0,1,0,0,0,1,1,0,root,23,9,0,0,,,9,6.915802,,,,,,,,,,,,,,,,,,,,
GF03008230S,"Los Tuxtlas Tropical Biology Station, Veracruz",Neotropical,Mesoamerican,Veracruzan province,Moist forest,GF03008230S,Veracruzan province,12,0,0,0,2,0,0,0,0,0,0,0,0,1,0,0,0,2,0,0,0,3,0,0,0,1,0,5,root,26,7,0,0,,,7,4.798524,,,,,,,,,,,,,,,,,,,,
GF03008231S,"Los Tuxtlas Tropical Biology Station, Veracruz",Neotropical,Mesoamerican,Veracruzan province,Moist forest,GF03008231S,Veracruzan province,3,0,0,1,0,0,0,0,0,0,3,0,0,4,0,1,0,3,0,0,0,1,0,0,0,0,0,0,root,16,7,0,0,,,7,6.098518,,,,,,,,,,,,,,,,,,,,
GF03008232S,"Los Tuxtlas Tropical Biology Station, Veracruz",Neotropical,Mesoamerican,Veracruzan province,Moist forest,GF03008232S,Veracruzan province,5,0,0,1,0,0,0,2,0,0,0,0,0,0,0,0,0,0,0,0,0,1,0,0,0,0,0,0,root,9,4,22.22222222,22.22222222,,,4,3.155225,,,,,,,,,,,,,,,,,,,,
GF03008233S,"Los Tuxtlas Tropical Biology Station, Veracruz",Neotropical,Mesoamerican,Veracruzan province,Moist forest,GF03008233S,Veracruzan province,2,0,0,4,0,0,0,0,0,0,0,0,0,3,0,0,0,7,0,0,0,0,0,0,0,0,1,1,root,18,6,0,0,,,6,4.784804,,,,,,,,,,,,,,,,,,,,
GF03008234S,"Los Tuxtlas Tropical Biology Station, Veracruz",Neotropical,Mesoamerican,Veracruzan province,Moist forest,GF03008234S,Veracruzan province,7,0,0,1,0,0,0,0,0,0,0,0,0,2,0,0,0,9,0,0,0,1,0,0,0,0,0,2,root,22,6,0,0,,,6,4.250335,,,,,,,,,,,,,,,,,,,,
GF03008235S,"Los Tuxtlas Tropical Biology Station, Veracruz",Neotropical,Mesoamerican,Veracruzan province,Moist forest,GF03008235S,Veracruzan province,11,0,0,0,0,0,0,0,0,0,0,0,0,0,0,0,1,4,0,0,0,0,0,0,0,0,0,1,root,17,4,0,0,,,4,2.599833,,,,,,,,,,,,,,,,,,,,
GF03008236S,"Los Tuxtlas Tropical Biology Station, Veracruz",Neotropical,Mesoamerican,Veracruzan province,Moist forest,GF03008236S,Veracruzan province,8,0,0,1,1,0,0,0,0,0,0,0,0,0,0,0,0,4,0,0,0,0,0,0,0,0,0,1,root,15,5,0,0,,,5,3.418959,,,,,,,,,,,,,,,,,,,,
GF03008237S,"Los Tuxtlas Tropical Biology Station, Veracruz",Neotropical,Mesoamerican,Veracruzan province,Moist forest,GF03008237S,Veracruzan province,7,0,0,0,0,0,0,0,0,1,0,0,0,1,0,0,0,4,0,0,0,0,0,0,0,0,0,0,root,13,4,0,0,,,4,2.976058,,,,,,,,,,,,,,,,,,,,
GF03008238S,"Los Tuxtlas Tropical Biology Station, Veracruz",Neotropical,Mesoamerican,Veracruzan province,Moist forest,GF03008238S,Veracruzan province,9,0,0,0,0,0,0,0,0,0,0,0,0,0,0,0,0,1,0,0,0,0,0,0,0,1,0,1,root,12,4,0,0,,,4,2.309401,,,,,,,,,,,,,,,,,,,,
GF03008239S,"Los Tuxtlas Tropical Biology Station, Veracruz",Neotropical,Mesoamerican,Veracruzan province,Moist forest,GF03008239S,Veracruzan province,4,0,0,2,0,0,0,0,0,0,1,0,0,2,0,0,3,4,0,0,0,2,0,0,0,3,0,0,root,21,8,0,0,,,8,7.422226,,,,,,,,,,,,,,,,,,,,
GF03008240S,"Los Tuxtlas Tropical Biology Station, Veracruz",Neotropical,Mesoamerican,Veracruzan province,Moist forest,GF03008240S,Veracruzan province,3,0,0,0,0,0,0,0,0,0,0,0,0,0,0,0,0,1,0,0,0,0,0,0,0,0,0,0,root,4,2,0,0,,,2,1.754765,,,,,,,,,,,,,,,,,,,,
GF03008241S,"Los Tuxtlas Tropical Biology Station, Veracruz",Neotropical,Mesoamerican,Veracruzan province,Moist forest,GF03008241S,Veracruzan province,3,0,0,0,0,0,0,2,0,0,0,0,0,1,0,0,0,0,0,0,0,0,0,0,0,0,0,0,root,6,3,33.33333333,33.33333333,,,3,2.749459,,,,,,,,,,,,,,,,,,,,
GF03008242S,"Los Tuxtlas Tropical Biology Station, Veracruz",Neotropical,Mesoamerican,Veracruzan province,Moist forest,GF03008242S,Veracruzan province,1,0,0,0,0,0,0,0,0,0,1,0,0,0,0,0,0,0,0,0,0,0,0,0,0,0,0,0,root,2,2,0,0,,,2,2,,,,,,,,,,,,,,,,,,,,
GF03008243S,"Los Tuxtlas Tropical Biology Station, Veracruz",Neotropical,Mesoamerican,Veracruzan province,Moist forest,GF03008243S,Veracruzan province,0,0,0,0,0,0,0,2,0,0,0,0,0,0,0,0,0,0,0,0,0,0,0,0,0,0,0,0,root,2,1,100,100,,,1,1,,,,,,,,,,,,,,,,,,,,
GF03008831S,Guajira,Neotropical,Pacific,Guajira province,,GF03008831S,Guajira province,6,0,0,3,0,0,4,0,1,0,0,0,0,1,0,0,0,1,0,0,0,0,0,0,0,3,0,0,rhizosphere soil,19,7,0,0,,,7,5.696424,,,,,,,,,,,,,,,,,,,,
GF03008832S,Guajira,Neotropical,Pacific,Guajira province,,GF03008832S,Guajira province,40,0,0,4,0,0,1,0,0,0,0,0,1,4,0,2,0,5,0,0,0,0,1,0,0,26,0,5,rhizosphere soil,89,10,0,0,,,10,4.748775,,,,,,,,,,,,,,,,,,,,
GF03008833S,Guajira,Neotropical,Pacific,Guajira province,Very dry forest,GF03008833S,Guajira province,14,0,0,3,0,0,0,0,0,0,0,0,0,3,0,1,0,2,0,0,0,3,0,0,0,10,0,2,rhizosphere soil,38,8,0,0,,,8,5.619248,,,,,,,,,,,,,,,,,,,,
GF03008834S,Guajira,Neotropical,Pacific,Guajira province,,GF03008834S,Guajira province,19,0,0,1,0,0,1,0,0,0,0,0,0,2,0,0,0,0,0,0,0,2,0,0,0,6,0,4,rhizosphere soil,35,7,0,0,,,7,4.104685,,,,,,,,,,,,,,,,,,,,
GF03008835S,Guajira,Neotropical,Pacific,Guajira province,Very dry forest,GF03008835S,Guajira province,21,0,0,3,0,0,3,0,1,0,1,0,0,2,0,3,0,8,0,0,0,0,0,0,0,12,0,1,rhizosphere soil,55,10,0,0,,,10,6.021132,,,,,,,,,,,,,,,,,,,,
GF03008836S,Guajira,Neotropical,Pacific,Guajira province,Very dry forest,GF03008836S,Guajira province,17,0,0,4,0,0,1,0,0,0,0,0,0,5,0,3,0,3,0,0,0,2,0,0,0,16,0,1,rhizosphere soil,52,9,0,0,,,9,5.795505,,,,,,,,,,,,,,,,,,,,
GF03008837S,Guajira,Neotropical,Pacific,Guajira province,,GF03008837S,Guajira province,5,0,0,1,0,0,1,0,0,0,0,0,0,1,0,0,0,2,0,0,0,2,0,0,0,6,0,1,rhizosphere soil,19,8,0,0,,,8,6.105306,,,,,,,,,,,,,,,,,,,,
GF03008838S,Guajira,Neotropical,Pacific,Guajira province,,GF03008838S,Guajira province,14,0,0,1,0,0,1,0,0,0,0,0,0,5,0,0,0,2,0,0,0,3,0,0,0,7,0,2,rhizosphere soil,35,8,0,0,,,8,5.513722,,,,,,,,,,,,,,,,,,,,
GF03008839S,Guajira,Neotropical,Pacific,Guajira province,,GF03008839S,Guajira province,7,0,0,4,0,0,2,0,0,0,0,0,0,3,0,0,0,4,0,0,0,2,0,0,0,3,0,1,rhizosphere soil,26,8,0,0,,,8,7.011009,,,,,,,,,,,,,,,,,,,,
GF03008841S,Espírito Santo,Neotropical,Parana,Atlantic province,Dry forest|Moist forest,GF03008841S,Atlantic province,131,0,0,16,4,0,6,0,1,0,3,0,0,28,0,12,4,29,0,0,0,31,3,0,0,19,0,27,soil,314,14,0,0,,,14,7.242439,,,,,,,,,,,,,,,,,,,,
GF03008842S,Espírito Santo,Neotropical,Parana,Atlantic province,Dry forest|Moist forest,GF03008842S,Atlantic province,122,0,0,12,8,0,1,0,2,0,5,0,0,15,0,3,5,21,0,0,0,26,0,0,0,22,0,22,soil,264,13,0,0,,,13,6.482817,,,,,,,,,,,,,,,,,,,,
GF03008843S,Espírito Santo,Neotropical,Parana,Atlantic province,Dry forest|Moist forest,GF03008843S,Atlantic province,129,0,0,15,2,0,0,3,1,0,1,0,0,15,0,10,1,21,0,0,0,35,1,0,0,8,0,27,soil,269,14,1.115241636,1.115241636,,,14,5.848782,,,,,,,,,,,,,,,,,,,,
GF03008844S,Espírito Santo,Neotropical,Parana,Atlantic province,Dry forest|Moist forest,GF03008844S,Atlantic province,94,0,0,8,2,0,1,1,1,0,3,0,0,21,0,9,2,13,0,0,0,29,0,0,0,17,0,28,soil,229,14,0.436681223,0.436681223,,,14,6.78224,,,,,,,,,,,,,,,,,,,,
GF03008845S,Espírito Santo,Neotropical,Parana,Atlantic province,Dry forest|Moist forest,GF03008845S,Atlantic province,138,0,0,13,2,0,3,2,0,0,4,0,0,21,0,8,2,28,0,0,0,40,0,0,0,23,0,24,soil,308,13,0.649350649,0.649350649,,,13,6.338143,,,,,,,,,,,,,,,,,,,,
GF03008846S,Espírito Santo,Neotropical,Parana,Atlantic province,Dry forest|Moist forest,GF03008846S,Atlantic province,192,0,0,14,9,0,3,3,2,0,8,0,1,21,0,13,2,25,0,0,0,56,1,0,0,31,0,46,soil,427,16,0.702576112,0.702576112,,,16,6.63977,,,,,,,,,,,,,,,,,,,,
GF03008847S,Espírito Santo,Neotropical,Parana,Atlantic province,Dry forest|Moist forest,GF03008847S,Atlantic province,158,0,0,17,14,0,6,1,2,0,6,1,2,37,0,9,1,42,0,0,0,30,3,0,0,20,0,32,soil,381,17,0.262467192,0.262467192,,,17,7.514627,,,,,,,,,,,,,,,,,,,,
GF03008851S,Espírito Santo,Neotropical,Parana,Atlantic province,Dry forest|Moist forest,GF03008851S,Atlantic province,73,0,0,11,0,0,2,1,3,1,4,0,0,14,0,6,1,13,0,0,0,38,2,0,0,17,0,18,soil,204,15,0.490196078,0.490196078,,,15,7.618611,,,,,,,,,,,,,,,,,,,,
GF03008853S,Espírito Santo,Neotropical,Parana,Atlantic province,Dry forest|Moist forest,GF03008853S,Atlantic province,120,0,0,14,5,0,1,0,1,0,4,0,1,13,0,9,2,9,0,0,0,35,0,0,0,12,0,17,soil,243,14,0,0,,,14,5.942911,,,,,,,,,,,,,,,,,,,,
GF03008855S,Espírito Santo,Neotropical,Parana,Atlantic province,Dry forest|Moist forest,GF03008855S,Atlantic province,142,1,0,13,8,0,3,1,0,0,2,0,0,23,0,10,1,27,0,0,0,44,0,0,0,16,0,30,soil,321,14,0.31152648,0.31152648,,,14,6.426772,,,,,,,,,,,,,,,,,,,,
GF03008858S,Espírito Santo,Neotropical,Parana,Atlantic province,Dry forest|Moist forest,GF03008858S,Atlantic province,99,0,0,9,5,0,1,1,1,0,2,0,0,19,0,6,3,23,0,0,0,40,0,0,0,18,0,31,soil,258,14,0.387596899,0.387596899,,,14,6.955397,,,,,,,,,,,,,,,,,,,,
GF03008859S,Espírito Santo,Neotropical,Parana,Atlantic province,Dry forest|Moist forest,GF03008859S,Atlantic province,168,0,0,21,14,0,1,0,1,0,3,0,0,19,0,12,2,19,0,0,0,48,0,0,0,16,0,30,soil,354,13,0,0,,,13,6.053386,,,,,,,,,,,,,,,,,,,,
GF03008861S,Espírito Santo,Neotropical,Parana,Atlantic province,Dry forest|Moist forest,GF03008861S,Atlantic province,121,0,0,13,3,0,2,0,0,0,4,0,0,22,0,10,3,22,0,0,0,43,0,0,0,22,0,34,soil,299,12,0,0,,,12,6.697352,,,,,,,,,,,,,,,,,,,,
GF03008863S,Espírito Santo,Neotropical,Parana,Atlantic province,Dry forest|Moist forest,GF03008863S,Atlantic province,136,0,0,17,5,0,3,4,1,0,4,1,1,35,0,14,3,21,0,0,0,29,3,0,0,24,0,26,soil,327,17,1.22324159,1.22324159,,,17,7.619721,,,,,,,,,,,,,,,,,,,,
GF03008864S,Espírito Santo,Neotropical,Parana,Atlantic province,Dry forest|Moist forest,GF03008864S,Atlantic province,146,0,0,15,14,0,1,0,3,0,5,0,3,20,0,7,2,23,0,0,0,42,2,0,0,17,0,30,soil,330,15,0,0,,,15,6.91838,,,,,,,,,,,,,,,,,,,,
GF03008869S,Espírito Santo,Neotropical,Parana,Atlantic province,Dry forest|Moist forest,GF03008869S,Atlantic province,122,0,0,18,13,0,3,13,2,0,7,0,2,19,0,10,1,14,0,0,0,48,1,0,0,33,0,33,soil,339,16,3.83480826,3.83480826,,,16,8.31479,,,,,,,,,,,,,,,,,,,,
GF03008872S,Espírito Santo,Neotropical,Parana,Atlantic province,Dry forest|Moist forest,GF03008872S,Atlantic province,137,0,0,24,9,0,2,2,2,0,8,0,1,42,0,11,3,42,0,0,0,29,3,0,0,21,0,24,soil,360,16,0.555555556,0.555555556,,,16,7.883649,,,,,,,,,,,,,,,,,,,,
GF03008873S,Espírito Santo,Neotropical,Parana,Atlantic province,Dry forest|Moist forest,GF03008873S,Atlantic province,79,0,0,5,1,0,2,0,2,0,1,0,0,12,0,11,1,18,0,0,0,31,1,0,0,16,0,17,soil,197,14,0,0,,,14,6.798245,,,,,,,,,,,,,,,,,,,,
GF03008875S,Espírito Santo,Neotropical,Parana,Atlantic province,Dry forest|Moist forest,GF03008875S,Atlantic province,126,0,0,18,5,0,3,0,1,0,1,0,0,21,0,11,5,30,0,0,0,39,0,0,0,16,0,31,soil,307,13,0,0,,,13,6.862681,,,,,,,,,,,,,,,,,,,,
GF03008878S,Espírito Santo,Neotropical,Parana,Atlantic province,Dry forest|Moist forest,GF03008878S,Atlantic province,79,0,0,8,1,0,2,0,0,0,1,0,0,21,0,8,1,10,0,0,0,23,0,0,0,12,0,10,soil,176,12,0,0,,,12,6.099331,,,,,,,,,,,,,,,,,,,,
GF03008880S,Espírito Santo,Neotropical,Parana,Atlantic province,Dry forest|Moist forest,GF03008880S,Atlantic province,105,0,0,11,1,0,1,1,0,0,2,0,0,25,0,8,1,16,0,0,0,38,0,0,0,14,0,23,soil,246,13,0.406504065,0.406504065,,,13,6.207141,,,,,,,,,,,,,,,,,,,,
GF03008881S,Espírito Santo,Neotropical,Parana,Atlantic province,Dry forest|Moist forest,GF03008881S,Atlantic province,147,0,0,19,11,0,3,1,1,0,7,0,2,28,0,11,3,36,0,0,1,29,3,0,0,22,0,24,soil,348,17,0.287356322,0.287356322,,,17,7.585771,,,,,,,,,,,,,,,,,,,,
GF03008885S,Espírito Santo,Neotropical,Parana,Atlantic province,Dry forest|Moist forest,GF03008885S,Atlantic province,69,0,0,11,4,0,2,1,2,0,2,0,0,7,0,7,1,13,0,0,0,30,1,0,0,18,0,25,soil,193,15,0.518134715,0.518134715,,,15,7.635948,,,,,,,,,,,,,,,,,,,,
GF03009044S,Lanín National Park,N/A,N/A,N/A,Moist forest|Wet forest,GF03009044S,N/A,94,0,0,3,0,0,1,4,0,4,1,2,1,48,0,0,0,34,0,0,4,16,0,0,0,5,0,17,litter,234,14,1.709401709,1.709401709,,,14,6.06701,,,,,,,,,,,,,,,,,,,,
GF03009045S,Lanín National Park,N/A,N/A,N/A,Moist forest|Wet forest,GF03009045S,N/A,48,0,0,0,0,0,1,1,0,2,0,0,2,26,0,0,0,10,0,0,0,0,0,0,0,2,0,7,litter,99,9,1.01010101,1.01010101,,,9,4.264519,,,,,,,,,,,,,,,,,,,,
GF03009046S,Lanín National Park,N/A,N/A,N/A,Moist forest|Wet forest,GF03009046S,N/A,50,0,0,1,0,0,0,2,0,3,0,0,0,34,0,0,0,15,0,0,3,3,0,0,0,4,0,7,litter,122,10,1.639344262,1.639344262,,,10,5.132068,,,,,,,,,,,,,,,,,,,,
GF03009047S,Lanín National Park,N/A,N/A,N/A,Moist forest|Wet forest,GF03009047S,N/A,58,0,0,0,0,0,0,1,0,1,0,0,0,31,0,0,0,9,0,0,0,4,0,0,0,1,0,7,litter,112,8,0.892857143,0.892857143,,,8,3.734441,,,,,,,,,,,,,,,,,,,,
GF04001024S,"Coatepec, Xalapa region, Veracruz state",Neotropical,Mesoamerican,Veracruzan province,Dry forest|Moist forest,GF04001024S,Veracruzan province,14,0,0,0,0,0,0,43,0,0,0,0,0,0,0,0,0,0,0,0,2,10,0,0,0,0,0,0,root,69,4,62.31884058,62.31884058,,,4,2.720757,,,,,,,,,,,,,,,,,,,,
GF04001025S,"Coatepec, Xalapa region, Veracruz state",Neotropical,Mesoamerican,Veracruzan province,Dry forest|Moist forest,GF04001025S,Veracruzan province,22,0,1,0,0,0,0,24,0,2,0,0,0,3,0,3,0,1,0,0,4,10,0,0,0,0,0,1,root,71,10,33.8028169,33.8028169,,,10,5.561377,,,,,,,,,,,,,,,,,,,,
GF04001026S,"Coatepec, Xalapa region, Veracruz state",Neotropical,Mesoamerican,Veracruzan province,Dry forest|Moist forest,GF04001026S,Veracruzan province,55,0,1,0,0,0,0,48,0,1,0,0,0,4,0,4,0,4,0,0,4,29,0,0,0,3,0,4,root,157,11,30.57324841,30.57324841,,,11,5.203211,,,,,,,,,,,,,,,,,,,,
GF04001027S,"Coatepec, Xalapa region, Veracruz state",Neotropical,Mesoamerican,Veracruzan province,Dry forest|Moist forest,GF04001027S,Veracruzan province,23,0,0,3,0,0,0,34,0,0,0,0,0,1,0,3,0,3,0,0,3,14,0,0,0,0,0,1,root,85,9,40,40,,,9,4.922974,,,,,,,,,,,,,,,,,,,,
GF04001029S,"Fortuna Forest Reserve, Chiriquí province",Neotropical,Pacific,Puntarenas-Chiriqui province,Moist forest,GF04001029S,Puntarenas-Chiriqui province,9,0,0,0,0,0,1,27,0,0,0,0,0,1,0,1,0,0,0,0,0,6,0,0,0,0,0,1,root,46,7,58.69565217,58.69565217,,,7,3.42304,,,,,,,,,,,,,,,,,,,,
GF04001031S,"Fortuna Forest Reserve, Chiriquí province",Neotropical,Pacific,Puntarenas-Chiriqui province,Moist forest|Wet forest,GF04001031S,Puntarenas-Chiriqui province,11,0,0,1,0,0,0,22,0,0,0,0,0,1,0,0,0,0,0,0,4,7,0,0,0,1,0,1,root,48,8,45.83333333,45.83333333,,,8,4.507093,,,,,,,,,,,,,,,,,,,,
GF04001034S,"Fortuna Forest Reserve, Chiriquí province",Neotropical,Pacific,Puntarenas-Chiriqui province,Moist forest|Wet forest,GF04001034S,Puntarenas-Chiriqui province,26,0,0,0,0,0,0,22,0,1,0,0,0,0,0,0,0,1,0,0,2,3,0,0,0,3,0,1,root,59,8,37.28813559,37.28813559,,,8,3.872709,,,,,,,,,,,,,,,,,,,,
GF04001035S,"Coatepec, Xalapa region, Veracruz state",Neotropical,Mesoamerican,Veracruzan province,Dry forest|Moist forest,GF04001035S,Veracruzan province,20,0,0,4,0,0,0,26,0,1,0,0,0,4,0,1,0,1,0,0,4,9,0,0,0,1,0,3,root,74,11,35.13513514,35.13513514,,,11,6.129409,,,,,,,,,,,,,,,,,,,,
GF04001039S,"Comaltepec, Sierra Juárez region, Oaxaca state",Neotropical,NA,Sierra Madre del Sur province,Moist forest,GF04001039S,Sierra Madre del Sur province,3,0,0,0,0,0,0,18,0,0,0,0,0,0,0,1,0,0,0,0,1,4,0,0,0,1,0,0,root,28,6,64.28571429,64.28571429,,,6,3.184699,,,,,,,,,,,,,,,,,,,,
GF04001044S,"Comaltepec, Sierra Juárez region, Oaxaca state",Neotropical,NA,Sierra Madre del Sur province,Moist forest,GF04001044S,Sierra Madre del Sur province,27,0,0,1,0,0,0,29,0,0,1,0,0,4,0,2,0,0,0,0,3,18,0,0,0,3,0,1,root,89,10,32.58426966,32.58426966,,,10,5.233352,,,,,,,,,,,,,,,,,,,,
GF04001045S,"Comaltepec, Sierra Juárez region, Oaxaca state",Neotropical,NA,Sierra Madre del Sur province,Moist forest,GF04001045S,Sierra Madre del Sur province,14,0,0,2,0,0,0,35,0,1,0,0,0,1,0,0,0,2,0,0,5,18,0,0,0,1,0,0,root,79,9,44.30379747,44.30379747,,,9,4.623203,,,,,,,,,,,,,,,,,,,,
GF04001046S,"Fortuna Forest Reserve, Chiriquí province",Neotropical,Pacific,Puntarenas-Chiriqui province,Moist forest,GF04001046S,Puntarenas-Chiriqui province,12,0,0,0,0,0,0,26,0,3,0,0,0,2,0,0,0,0,0,0,0,4,0,0,0,0,0,2,root,49,6,53.06122449,53.06122449,,,6,3.733976,,,,,,,,,,,,,,,,,,,,
GF04001047S,"Coatepec, Xalapa region, Veracruz state",Neotropical,Mesoamerican,Veracruzan province,Dry forest|Moist forest,GF04001047S,Veracruzan province,14,0,0,2,0,0,0,25,0,2,0,0,0,1,0,3,0,3,0,0,3,12,0,0,0,1,0,2,root,68,11,36.76470588,36.76470588,,,11,6.345111,,,,,,,,,,,,,,,,,,,,
GF04001048S,"Coatepec, Xalapa region, Veracruz state",Neotropical,Mesoamerican,Veracruzan province,Dry forest|Moist forest,GF04001048S,Veracruzan province,19,0,0,2,0,0,0,66,0,2,0,0,0,0,0,0,0,1,0,0,3,9,0,0,0,1,0,2,root,105,9,62.85714286,62.85714286,,,9,3.415517,,,,,,,,,,,,,,,,,,,,
GF04001053S,"Comaltepec, Sierra Juárez region, Oaxaca state",Neotropical,NA,Sierra Madre del Sur province,Moist forest,GF04001053S,Sierra Madre del Sur province,14,0,1,0,0,0,0,33,0,0,0,0,0,7,0,2,0,0,0,0,1,14,0,0,0,0,0,1,root,73,8,45.20547945,45.20547945,,,8,4.446071,,,,,,,,,,,,,,,,,,,,
GF04001061S,"Comaltepec, Sierra Juárez region, Oaxaca state",Neotropical,NA,Sierra Madre del Sur province,Moist forest,GF04001061S,Sierra Madre del Sur province,14,0,0,0,0,0,0,19,0,0,0,0,0,2,0,3,0,0,0,0,4,15,0,0,0,1,0,0,root,58,7,32.75862069,32.75862069,,,7,4.865555,,,,,,,,,,,,,,,,,,,,
GF04001063S,"Fortuna Forest Reserve, Chiriquí province",Neotropical,Pacific,Puntarenas-Chiriqui province,Moist forest,GF04001063S,Puntarenas-Chiriqui province,13,0,0,0,0,0,0,21,0,0,0,0,0,2,0,2,0,0,0,0,3,3,0,0,0,1,0,0,root,45,7,46.66666667,46.66666667,,,7,4.207233,,,,,,,,,,,,,,,,,,,,
GF04001064S,"Fortuna Forest Reserve, Chiriquí province",Neotropical,Pacific,Puntarenas-Chiriqui province,Moist forest,GF04001064S,Puntarenas-Chiriqui province,12,0,0,1,0,0,0,30,0,1,0,0,0,2,0,0,0,1,0,0,4,8,0,0,0,1,0,2,root,62,10,48.38709677,48.38709677,,,10,4.942995,,,,,,,,,,,,,,,,,,,,
GF04001065S,"Coatepec, Xalapa region, Veracruz state",Neotropical,Mesoamerican,Veracruzan province,Dry forest|Moist forest,GF04001065S,Veracruzan province,8,0,0,0,0,0,0,25,0,1,0,0,0,1,0,0,0,0,0,0,2,6,0,0,0,0,0,1,root,44,7,56.81818182,56.81818182,,,7,3.674309,,,,,,,,,,,,,,,,,,,,
GF04001066S,"Fortuna Forest Reserve, Chiriquí province",Neotropical,Pacific,Puntarenas-Chiriqui province,Moist forest|Wet forest,GF04001066S,Puntarenas-Chiriqui province,18,0,0,0,0,0,0,22,0,0,0,0,0,1,0,0,0,0,0,0,3,5,0,0,0,1,0,1,root,51,7,43.1372549,43.1372549,,,7,3.880218,,,,,,,,,,,,,,,,,,,,
GF04001067S,"Coatepec, Xalapa region, Veracruz state",Neotropical,Mesoamerican,Veracruzan province,Dry forest|Moist forest,GF04001067S,Veracruzan province,13,0,0,0,0,0,0,20,0,1,0,0,0,1,0,0,0,0,0,0,5,8,0,0,0,0,0,0,root,48,6,41.66666667,41.66666667,,,6,4.11271,,,,,,,,,,,,,,,,,,,,
GF04001069S,"Comaltepec, Sierra Juárez region, Oaxaca state",Neotropical,NA,Sierra Madre del Sur province,Moist forest,GF04001069S,Sierra Madre del Sur province,17,0,0,2,0,0,0,54,0,1,0,0,0,1,0,0,0,1,0,0,2,16,0,0,0,1,0,0,root,95,9,56.84210526,56.84210526,,,9,3.608567,,,,,,,,,,,,,,,,,,,,
GF04001071S,"Coatepec, Xalapa region, Veracruz state",Neotropical,Mesoamerican,Veracruzan province,Dry forest|Moist forest,GF04001071S,Veracruzan province,7,0,0,1,0,0,0,24,0,0,0,0,0,0,0,0,0,0,0,0,1,6,0,0,0,0,0,0,root,39,5,61.53846154,61.53846154,,,5,2.953276,,,,,,,,,,,,,,,,,,,,
GF04001072S,"Comaltepec, Sierra Juárez region, Oaxaca state",Neotropical,NA,Sierra Madre del Sur province,Moist forest,GF04001072S,Sierra Madre del Sur province,28,0,0,1,0,0,0,21,0,1,1,0,0,8,0,2,0,1,0,0,1,15,0,0,0,1,0,1,root,81,12,25.92592593,25.92592593,,,12,5.636554,,,,,,,,,,,,,,,,,,,,
GF04001073S,"Fortuna Forest Reserve, Chiriquí province",Neotropical,Pacific,Puntarenas-Chiriqui province,Moist forest,GF04001073S,Puntarenas-Chiriqui province,25,0,1,0,0,0,0,55,0,0,0,0,0,2,0,0,0,0,0,0,1,3,0,0,0,1,0,1,root,89,8,61.79775281,61.79775281,,,8,2.873146,,,,,,,,,,,,,,,,,,,,
GF04001074S,"Fortuna Forest Reserve, Chiriquí province",Neotropical,Pacific,Puntarenas-Chiriqui province,Moist forest,GF04001074S,Puntarenas-Chiriqui province,11,0,0,0,0,0,0,34,0,0,0,0,0,1,0,0,0,0,0,0,0,4,0,0,0,0,0,2,root,52,5,65.38461538,65.38461538,,,5,2.731912,,,,,,,,,,,,,,,,,,,,
GF04001079S,"Coatepec, Xalapa region, Veracruz state",Neotropical,Mesoamerican,Veracruzan province,Dry forest|Moist forest,GF04001079S,Veracruzan province,12,0,0,0,0,0,0,41,0,1,0,0,0,1,0,0,0,0,0,0,0,4,0,0,0,0,0,0,root,59,5,69.49152542,69.49152542,,,5,2.453532,,,,,,,,,,,,,,,,,,,,
GF04001085S,"Fortuna Forest Reserve, Chiriquí province",Neotropical,Pacific,Puntarenas-Chiriqui province,Moist forest|Wet forest,GF04001085S,Puntarenas-Chiriqui province,9,0,1,0,0,0,0,32,0,0,0,0,0,1,0,4,0,0,0,0,3,5,0,0,0,1,0,0,root,56,8,57.14285714,57.14285714,,,8,4.015776,,,,,,,,,,,,,,,,,,,,
GF04001087S,"Coatepec, Xalapa region, Veracruz state",Neotropical,Mesoamerican,Veracruzan province,Dry forest|Moist forest,GF04001087S,Veracruzan province,19,0,0,1,0,0,0,27,0,0,0,0,0,1,0,4,0,0,0,0,5,15,0,0,0,1,0,1,root,74,9,36.48648649,36.48648649,,,9,5.017419,,,,,,,,,,,,,,,,,,,,
GF04001088S,"Comaltepec, Sierra Juárez region, Oaxaca state",Neotropical,NA,Sierra Madre del Sur province,Moist forest,GF04001088S,Sierra Madre del Sur province,23,0,0,3,0,0,0,30,0,2,0,0,0,1,0,2,0,1,0,0,2,19,0,0,0,1,0,1,root,85,11,35.29411765,35.29411765,,,11,5.19621,,,,,,,,,,,,,,,,,,,,
GF04001094S,"Fortuna Forest Reserve, Chiriquí province",Neotropical,Pacific,Puntarenas-Chiriqui province,Moist forest,GF04001094S,Puntarenas-Chiriqui province,6,0,0,0,0,0,0,27,0,0,0,0,0,0,0,1,0,0,0,0,0,0,0,0,0,0,0,0,root,34,3,79.41176471,79.41176471,,,3,1.809201,,,,,,,,,,,,,,,,,,,,
GF04001095S,"Comaltepec, Sierra Juárez region, Oaxaca state",Neotropical,NA,Sierra Madre del Sur province,Moist forest,GF04001095S,Sierra Madre del Sur province,19,0,0,1,0,0,0,30,0,1,0,0,0,4,0,2,0,1,0,0,3,4,0,0,0,0,0,1,root,66,10,45.45454545,45.45454545,,,10,4.744743,,,,,,,,,,,,,,,,,,,,
GF04001099S,"Comaltepec, Sierra Juárez region, Oaxaca state",Neotropical,NA,Sierra Madre del Sur province,Moist forest,GF04001099S,Sierra Madre del Sur province,12,0,0,0,0,0,0,24,0,0,0,0,0,1,0,0,0,0,0,0,2,13,0,0,0,1,0,0,root,53,6,45.28301887,45.28301887,,,6,3.718267,,,,,,,,,,,,,,,,,,,,
GF04001101S,"Comaltepec, Sierra Juárez region, Oaxaca state",Neotropical,NA,Sierra Madre del Sur province,Moist forest,GF04001101S,Sierra Madre del Sur province,24,0,0,0,0,0,0,24,0,0,1,0,0,2,0,0,0,0,0,0,1,23,0,0,0,0,0,0,root,75,6,32,32,,,6,3.682155,,,,,,,,,,,,,,,,,,,,
GF04001102S,"Comaltepec, Sierra Juárez region, Oaxaca state",Neotropical,NA,Sierra Madre del Sur province,Moist forest,GF04001102S,Sierra Madre del Sur province,7,0,1,1,0,0,0,23,0,0,0,0,0,1,0,1,0,0,0,0,1,6,0,0,0,1,0,0,root,42,9,54.76190476,54.76190476,,,9,4.222086,,,,,,,,,,,,,,,,,,,,
GF04001105S,"Fortuna Forest Reserve, Chiriquí province",Neotropical,Pacific,Puntarenas-Chiriqui province,Moist forest,GF04001105S,Puntarenas-Chiriqui province,17,0,0,0,0,0,0,38,0,0,0,0,0,1,0,0,0,0,0,0,0,3,0,0,0,1,0,1,root,61,6,62.29508197,62.29508197,,,6,2.721607,,,,,,,,,,,,,,,,,,,,
GF04001106S,"Fortuna Forest Reserve, Chiriquí province",Neotropical,Pacific,Puntarenas-Chiriqui province,Moist forest,GF04001106S,Puntarenas-Chiriqui province,21,0,0,0,0,0,1,32,0,0,0,0,0,3,0,0,0,1,0,0,1,7,0,0,0,0,0,1,root,67,8,47.76119403,47.76119403,,,8,3.829242,,,,,,,,,,,,,,,,,,,,
GF04001107S,"Fortuna Forest Reserve, Chiriquí province",Neotropical,Pacific,Puntarenas-Chiriqui province,Moist forest,GF04001107S,Puntarenas-Chiriqui province,29,0,0,0,0,0,0,42,0,1,0,0,0,4,0,1,0,0,0,0,3,6,0,0,0,1,0,0,root,87,8,48.27586207,48.27586207,,,8,3.720632,,,,,,,,,,,,,,,,,,,,
GF04001108S,"Fortuna Forest Reserve, Chiriquí province",Neotropical,Pacific,Puntarenas-Chiriqui province,Moist forest,GF04001108S,Puntarenas-Chiriqui province,27,0,0,0,0,0,0,27,0,0,0,0,0,2,0,0,0,0,0,0,3,7,0,0,0,1,0,1,root,68,7,39.70588235,39.70588235,,,7,3.792617,,,,,,,,,,,,,,,,,,,,
GF04001109S,"Comaltepec, Sierra Juárez region, Oaxaca state",Neotropical,NA,Sierra Madre del Sur province,Moist forest,GF04001109S,Sierra Madre del Sur province,13,0,0,1,0,0,1,10,0,0,0,0,0,1,0,0,0,1,0,0,2,13,0,0,0,1,0,0,root,43,9,23.25581395,23.25581395,,,9,5.168467,,,,,,,,,,,,,,,,,,,,
GF04001111S,"Fortuna Forest Reserve, Chiriquí province",Neotropical,Pacific,Puntarenas-Chiriqui province,Moist forest,GF04001111S,Puntarenas-Chiriqui province,5,0,1,0,0,0,0,31,0,0,0,0,0,0,0,0,0,0,0,0,1,1,0,0,0,0,0,0,root,39,5,79.48717949,79.48717949,,,5,2.070197,,,,,,,,,,,,,,,,,,,,
GF04001114S,"Fortuna Forest Reserve, Chiriquí province",Neotropical,Pacific,Puntarenas-Chiriqui province,Moist forest,GF04001114S,Puntarenas-Chiriqui province,13,0,1,1,0,0,0,52,0,0,0,0,0,3,0,0,0,0,0,0,2,8,0,0,0,0,0,1,root,81,8,64.19753086,64.19753086,,,8,3.26418,,,,,,,,,,,,,,,,,,,,
GF04001120S,"Coatepec, Xalapa region, Veracruz state",Neotropical,Mesoamerican,Veracruzan province,Dry forest|Moist forest,GF04001120S,Veracruzan province,21,0,0,0,0,0,0,40,0,1,0,0,0,2,0,3,0,3,0,0,3,19,0,0,0,2,0,1,root,95,10,42.10526316,42.10526316,,,10,4.980413,,,,,,,,,,,,,,,,,,,,
GF04001122S,"Comaltepec, Sierra Juárez region, Oaxaca state",Neotropical,NA,Sierra Madre del Sur province,Moist forest,GF04001122S,Sierra Madre del Sur province,10,0,0,0,0,0,0,26,0,1,0,0,0,5,0,0,0,1,0,0,4,15,0,0,0,2,0,2,root,66,9,39.39393939,39.39393939,,,9,5.440472,,,,,,,,,,,,,,,,,,,,
GF04001123S,"Coatepec, Xalapa region, Veracruz state",Neotropical,Mesoamerican,Veracruzan province,Dry forest|Moist forest,GF04001123S,Veracruzan province,13,0,0,1,0,0,0,20,0,1,0,0,0,5,0,1,0,1,0,0,2,12,0,0,0,1,0,1,root,58,11,34.48275862,34.48275862,,,11,5.904794,,,,,,,,,,,,,,,,,,,,
GF04001125S,"Coatepec, Xalapa region, Veracruz state",Neotropical,Mesoamerican,Veracruzan province,Dry forest|Moist forest,GF04001125S,Veracruzan province,10,0,0,0,0,0,0,22,0,0,0,0,0,1,0,2,0,0,0,0,1,2,0,0,0,0,0,0,root,38,6,57.89473684,57.89473684,,,6,3.219187,,,,,,,,,,,,,,,,,,,,
GF04001126S,"Fortuna Forest Reserve, Chiriquí province",Neotropical,Pacific,Puntarenas-Chiriqui province,Moist forest|Wet forest,GF04001126S,Puntarenas-Chiriqui province,13,0,0,0,0,0,0,20,0,0,0,0,0,2,0,1,0,0,0,0,3,4,0,0,0,1,0,2,root,46,8,43.47826087,43.47826087,,,8,4.705831,,,,,,,,,,,,,,,,,,,,
GF04001133S,"Comaltepec, Sierra Juárez region, Oaxaca state",Neotropical,NA,Sierra Madre del Sur province,Moist forest,GF04001133S,Sierra Madre del Sur province,20,0,0,1,0,0,1,25,0,1,0,0,0,5,0,1,0,0,0,0,5,12,0,0,0,2,0,0,root,73,10,34.24657534,34.24657534,,,10,5.581274,,,,,,,,,,,,,,,,,,,,
GF04001134S,"Fortuna Forest Reserve, Chiriquí province",Neotropical,Pacific,Puntarenas-Chiriqui province,Moist forest,GF04001134S,Puntarenas-Chiriqui province,13,0,0,1,0,0,1,30,0,0,0,0,0,2,0,1,0,0,0,0,4,1,0,0,0,1,0,0,root,54,9,55.55555556,55.55555556,,,9,3.871266,,,,,,,,,,,,,,,,,,,,
GF04001136S,"Comaltepec, Sierra Juárez region, Oaxaca state",Neotropical,NA,Sierra Madre del Sur province,Moist forest,GF04001136S,Sierra Madre del Sur province,18,0,0,2,0,0,0,24,0,0,0,0,0,3,0,4,0,4,0,0,2,14,0,0,0,2,0,1,root,74,10,32.43243243,32.43243243,,,10,6.174274,,,,,,,,,,,,,,,,,,,,
GF04001140S,"Fortuna Forest Reserve, Chiriquí province",Neotropical,Pacific,Puntarenas-Chiriqui province,Moist forest,GF04001140S,Puntarenas-Chiriqui province,8,0,0,0,0,0,0,16,0,0,0,0,0,3,0,0,0,1,0,0,1,2,0,0,0,1,0,1,root,33,8,48.48484848,48.48484848,,,8,4.509708,,,,,,,,,,,,,,,,,,,,
GF04001144S,"Comaltepec, Sierra Juárez region, Oaxaca state",Neotropical,NA,Sierra Madre del Sur province,Moist forest,GF04001144S,Sierra Madre del Sur province,10,0,0,2,0,0,0,12,0,0,0,0,0,1,0,0,0,0,0,0,2,15,0,0,0,4,0,0,root,46,7,26.08695652,26.08695652,,,7,5.032727,,,,,,,,,,,,,,,,,,,,
GF04001145S,"Comaltepec, Sierra Juárez region, Oaxaca state",Neotropical,NA,Sierra Madre del Sur province,Moist forest,GF04001145S,Sierra Madre del Sur province,11,0,0,3,0,0,0,20,0,0,0,0,0,0,0,1,0,0,0,0,0,12,0,0,0,2,0,1,root,50,7,40,40,,,7,4.46457,,,,,,,,,,,,,,,,,,,,
GF04001146S,"Coatepec, Xalapa region, Veracruz state",Neotropical,Mesoamerican,Veracruzan province,Dry forest|Moist forest,GF04001146S,Veracruzan province,15,0,0,0,0,0,0,54,0,1,0,0,0,3,0,1,0,3,0,0,3,9,0,0,0,0,0,1,root,90,9,60,60,,,9,3.764044,,,,,,,,,,,,,,,,,,,,
GF04001149S,"Coatepec, Xalapa region, Veracruz state",Neotropical,Mesoamerican,Veracruzan province,Dry forest|Moist forest,GF04001149S,Veracruzan province,8,0,0,0,0,0,0,8,0,0,0,0,0,2,0,1,0,1,0,0,2,8,0,0,0,0,0,1,root,31,8,25.80645161,25.80645161,,,8,5.666993,,,,,,,,,,,,,,,,,,,,
GF04001156S,"Comaltepec, Sierra Juárez region, Oaxaca state",Neotropical,NA,Sierra Madre del Sur province,Moist forest,GF04001156S,Sierra Madre del Sur province,23,0,0,1,0,0,0,20,0,1,0,0,0,2,0,0,0,3,0,0,2,13,0,0,0,2,0,2,root,69,10,28.98550725,28.98550725,,,10,5.524715,,,,,,,,,,,,,,,,,,,,
GF04001158S,"Comaltepec, Sierra Juárez region, Oaxaca state",Neotropical,NA,Sierra Madre del Sur province,Moist forest,GF04001158S,Sierra Madre del Sur province,8,0,0,0,0,0,0,27,0,0,0,0,0,0,0,2,0,0,0,0,2,11,0,0,0,2,0,0,root,52,6,51.92307692,51.92307692,,,6,3.791661,,,,,,,,,,,,,,,,,,,,
GF04001161S,"Coatepec, Xalapa region, Veracruz state",Neotropical,Mesoamerican,Veracruzan province,Dry forest|Moist forest,GF04001161S,Veracruzan province,6,0,0,0,0,0,0,24,0,0,0,0,0,1,0,0,0,1,0,0,3,2,0,0,0,3,0,0,root,40,7,60,60,,,7,3.720411,,,,,,,,,,,,,,,,,,,,
GF04004400S,Régina,Neotropical,Boreal Brazilian,Guianan Lowlands province,Moist forest|Wet forest,GF04004400S,Guianan Lowlands province,17,0,0,1,0,0,0,0,0,0,0,0,0,2,0,0,0,0,0,0,0,1,0,0,0,0,0,3,root,24,5,0,0,,,5,2.6541,,,,,,,,,,,,,,,,,,,,
GF04004401S,Régina,Neotropical,Boreal Brazilian,Guianan Lowlands province,Moist forest|Wet forest,GF04004401S,Guianan Lowlands province,100,0,0,2,5,0,0,0,0,0,0,0,0,5,0,7,2,0,0,0,0,7,0,0,0,2,0,5,root,135,9,0,0,,,9,2.952365,,,,,,,,,,,,,,,,,,,,
GF04004402S,Régina,Neotropical,Boreal Brazilian,Guianan Lowlands province,Moist forest|Wet forest,GF04004402S,Guianan Lowlands province,15,0,0,1,0,0,0,1,0,0,0,0,0,4,0,1,0,1,0,0,0,0,0,0,0,0,0,0,root,23,6,4.347826087,4.347826087,,,6,3.090336,,,,,,,,,,,,,,,,,,,,
GF04004403S,Régina,Neotropical,Boreal Brazilian,Guianan Lowlands province,Moist forest|Wet forest,GF04004403S,Guianan Lowlands province,22,0,0,0,0,0,0,0,0,0,1,0,0,2,0,1,0,4,0,0,0,5,0,0,0,0,0,0,root,35,6,0,0,,,6,3.268873,,,,,,,,,,,,,,,,,,,,
GF04004404S,Régina,Neotropical,Boreal Brazilian,Guianan Lowlands province,Moist forest|Wet forest,GF04004404S,Guianan Lowlands province,20,0,0,0,1,0,0,1,0,0,0,0,0,3,0,0,0,0,0,0,0,2,0,0,0,0,0,0,root,27,5,3.703703704,3.703703704,,,5,2.46789,,,,,,,,,,,,,,,,,,,,
GF04004405S,Petit-Saut,Neotropical,Boreal Brazilian,Guianan Lowlands province,Moist forest,GF04004405S,Guianan Lowlands province,32,0,0,0,0,0,0,0,0,0,0,0,0,4,0,0,0,1,0,0,0,1,0,0,0,0,0,6,root,44,5,0,0,,,5,2.443171,,,,,,,,,,,,,,,,,,,,
GF04004406S,Régina,Neotropical,Boreal Brazilian,Guianan Lowlands province,Moist forest|Wet forest,GF04004406S,Guianan Lowlands province,18,0,0,1,0,0,1,0,0,0,0,1,1,1,0,0,0,1,0,0,0,4,0,0,0,1,0,2,root,31,10,0,0,,,10,4.627936,,,,,,,,,,,,,,,,,,,,
GF04004407S,Régina,Neotropical,Boreal Brazilian,Guianan Lowlands province,Moist forest|Wet forest,GF04004407S,Guianan Lowlands province,67,0,0,0,4,0,0,0,0,0,0,0,0,1,0,0,0,0,0,0,0,1,0,0,0,0,0,2,root,75,5,0,0,,,5,1.598197,,,,,,,,,,,,,,,,,,,,
GF04004408S,Petit-Saut,Neotropical,Boreal Brazilian,Guianan Lowlands province,Moist forest,GF04004408S,Guianan Lowlands province,38,0,0,3,4,0,0,0,0,0,0,0,1,2,0,0,0,6,0,0,0,2,0,0,0,0,0,2,root,58,8,0,0,,,8,3.552694,,,,,,,,,,,,,,,,,,,,
GF04004409S,Petit-Saut,Neotropical,Boreal Brazilian,Guianan Lowlands province,Moist forest,GF04004409S,Guianan Lowlands province,45,0,0,1,0,0,0,0,0,0,0,0,0,2,0,1,0,2,0,0,0,6,1,0,0,0,0,2,root,60,8,0,0,,,8,2.693542,,,,,,,,,,,,,,,,,,,,
GF04004410S,Régina,Neotropical,Boreal Brazilian,Guianan Lowlands province,Moist forest|Wet forest,GF04004410S,Guianan Lowlands province,31,0,0,0,11,0,0,1,0,0,0,0,0,2,0,0,0,2,0,0,0,2,0,0,0,0,0,1,root,50,7,2,2,,,7,3.229206,,,,,,,,,,,,,,,,,,,,
GF04004411S,Régina,Neotropical,Boreal Brazilian,Guianan Lowlands province,Moist forest|Wet forest,GF04004411S,Guianan Lowlands province,40,0,0,0,4,0,0,0,0,0,0,0,0,1,0,0,0,0,0,0,0,1,0,0,0,0,0,1,root,47,5,0,0,,,5,1.808854,,,,,,,,,,,,,,,,,,,,
GF04004412S,Nouragues reserve,Neotropical,Boreal Brazilian,Guianan Lowlands province,Moist forest|Wet forest,GF04004412S,Guianan Lowlands province,21,0,0,0,4,0,0,0,0,0,0,0,0,5,0,0,0,3,0,0,0,6,0,0,0,0,0,0,root,39,5,0,0,,,5,3.726678,,,,,,,,,,,,,,,,,,,,
GF04004413S,Régina,Neotropical,Boreal Brazilian,Guianan Lowlands province,Moist forest|Wet forest,GF04004413S,Guianan Lowlands province,32,0,0,0,2,0,0,2,0,0,0,0,0,1,0,2,0,0,0,0,1,4,0,0,0,2,0,2,root,48,9,4.166666667,4.166666667,,,9,3.672161,,,,,,,,,,,,,,,,,,,,
GF04004414S,Régina,Neotropical,Boreal Brazilian,Guianan Lowlands province,Moist forest|Wet forest,GF04004414S,Guianan Lowlands province,16,0,0,2,0,0,0,0,0,0,0,0,0,4,0,1,0,0,0,0,0,1,0,0,0,2,0,3,root,29,7,0,0,,,7,4.208569,,,,,,,,,,,,,,,,,,,,
GF04004415S,Régina,Neotropical,Boreal Brazilian,Guianan Lowlands province,Moist forest|Wet forest,GF04004415S,Guianan Lowlands province,25,0,0,0,0,0,0,0,0,0,0,0,0,5,0,1,0,2,0,0,0,5,0,0,0,0,0,4,root,42,6,0,0,,,6,3.573114,,,,,,,,,,,,,,,,,,,,
GF04004416S,Régina,Neotropical,Boreal Brazilian,Guianan Lowlands province,Moist forest|Wet forest,GF04004416S,Guianan Lowlands province,28,0,0,0,0,0,0,1,0,0,0,0,0,2,0,1,0,0,0,0,0,6,0,0,0,1,0,0,root,39,6,2.564102564,2.564102564,,,6,2.611718,,,,,,,,,,,,,,,,,,,,
GF04004417S,Régina,Neotropical,Boreal Brazilian,Guianan Lowlands province,Moist forest|Wet forest,GF04004417S,Guianan Lowlands province,43,0,0,0,7,0,0,0,0,0,0,0,0,2,0,0,0,2,0,0,0,3,0,0,0,2,0,0,root,59,6,0,0,,,6,2.662064,,,,,,,,,,,,,,,,,,,,
GF04004418S,Saint-Georges,Neotropical,Boreal Brazilian,Guianan Lowlands province,Moist forest|Wet forest,GF04004418S,Guianan Lowlands province,28,0,0,1,0,0,0,0,0,0,1,0,0,6,0,0,0,10,0,0,0,4,0,0,0,4,0,3,root,57,8,0,0,,,8,4.764635,,,,,,,,,,,,,,,,,,,,
GF04004419S,Régina,Neotropical,Boreal Brazilian,Guianan Lowlands province,Moist forest|Wet forest,GF04004419S,Guianan Lowlands province,37,0,0,3,0,0,0,0,0,1,1,0,0,2,0,1,0,7,0,0,0,4,0,0,0,7,0,5,root,68,10,0,0,,,10,4.881109,,,,,,,,,,,,,,,,,,,,
GF04004420S,Petit-Saut,Neotropical,Boreal Brazilian,Guianan Lowlands province,Moist forest,GF04004420S,Guianan Lowlands province,36,0,0,0,9,0,0,0,0,0,0,0,0,3,0,1,0,1,0,0,0,2,0,0,0,0,0,2,root,54,7,0,0,,,7,3.069114,,,,,,,,,,,,,,,,,,,,
GF04004421S,Petit-Saut,Neotropical,Boreal Brazilian,Guianan Lowlands province,Moist forest,GF04004421S,Guianan Lowlands province,56,0,0,0,2,0,0,1,0,1,0,0,0,3,0,1,0,2,0,0,0,5,0,0,0,0,0,1,root,72,9,1.388888889,1.388888889,,,9,2.585158,,,,,,,,,,,,,,,,,,,,
GF04004422S,Petit-Saut,Neotropical,Boreal Brazilian,Guianan Lowlands province,Moist forest,GF04004422S,Guianan Lowlands province,37,0,0,0,0,0,0,0,0,0,0,0,0,2,0,2,0,0,0,0,0,2,0,0,0,0,0,2,root,45,5,0,0,,,5,2.043082,,,,,,,,,,,,,,,,,,,,
GF04004423S,Régina,Neotropical,Boreal Brazilian,Guianan Lowlands province,Moist forest|Wet forest,GF04004423S,Guianan Lowlands province,34,0,0,1,1,0,0,2,0,0,0,0,0,2,0,3,0,0,0,0,0,6,0,0,0,0,0,0,root,49,7,4.081632653,4.081632653,,,7,3.009318,,,,,,,,,,,,,,,,,,,,
GF04004424S,Régina,Neotropical,Boreal Brazilian,Guianan Lowlands province,Moist forest|Wet forest,GF04004424S,Guianan Lowlands province,9,0,0,0,0,0,0,1,0,0,0,0,0,2,0,0,0,1,0,0,0,0,0,0,0,0,0,0,root,13,4,7.692307692,7.692307692,,,4,2.552711,,,,,,,,,,,,,,,,,,,,
GF04004425S,Régina,Neotropical,Boreal Brazilian,Guianan Lowlands province,Moist forest|Wet forest,GF04004425S,Guianan Lowlands province,31,0,0,1,0,0,0,1,0,0,0,0,1,3,0,2,0,3,0,0,0,4,1,0,0,2,0,2,root,51,11,1.960784314,1.960784314,,,11,4.595033,,,,,,,,,,,,,,,,,,,,
GF04004426S,Petit-Saut,Neotropical,Boreal Brazilian,Guianan Lowlands province,Moist forest,GF04004426S,Guianan Lowlands province,74,0,0,0,7,0,0,0,0,0,0,1,0,4,0,0,0,0,0,0,0,4,0,0,0,0,0,3,root,93,6,0,0,,,6,2.240509,,,,,,,,,,,,,,,,,,,,
GF04004427S,Nouragues reserve,Neotropical,Boreal Brazilian,Guianan Lowlands province,Moist forest|Wet forest,GF04004427S,Guianan Lowlands province,21,0,0,0,0,0,1,0,0,0,0,0,0,2,0,2,0,6,0,0,0,1,0,0,0,0,0,3,root,36,7,0,0,,,7,3.820394,,,,,,,,,,,,,,,,,,,,
GF04004428S,Petit-Saut,Neotropical,Boreal Brazilian,Guianan Lowlands province,Moist forest,GF04004428S,Guianan Lowlands province,37,0,0,2,5,0,0,0,0,0,0,0,0,4,0,0,0,0,0,0,0,4,0,0,0,0,0,2,root,54,6,0,0,,,6,3.031609,,,,,,,,,,,,,,,,,,,,
GF04004429S,Régina,Neotropical,Boreal Brazilian,Guianan Lowlands province,Moist forest|Wet forest,GF04004429S,Guianan Lowlands province,32,0,0,1,6,0,0,0,0,0,0,0,0,1,0,0,0,0,0,0,0,1,0,0,0,0,0,0,root,41,5,0,0,,,5,2.10939,,,,,,,,,,,,,,,,,,,,
GF04004430S,Petit-Saut,Neotropical,Boreal Brazilian,Guianan Lowlands province,Moist forest,GF04004430S,Guianan Lowlands province,51,0,0,1,2,0,0,0,0,0,1,0,0,4,0,1,0,7,0,0,0,3,0,0,0,2,0,4,root,76,10,0,0,,,10,3.62288,,,,,,,,,,,,,,,,,,,,
GF04004431S,Petit-Saut,Neotropical,Boreal Brazilian,Guianan Lowlands province,Moist forest,GF04004431S,Guianan Lowlands province,32,0,0,1,4,0,0,0,0,0,0,0,0,3,0,0,0,6,0,0,0,3,0,0,0,0,0,3,root,52,7,0,0,,,7,3.724599,,,,,,,,,,,,,,,,,,,,
GF04004432S,Petit-Saut,Neotropical,Boreal Brazilian,Guianan Lowlands province,Moist forest,GF04004432S,Guianan Lowlands province,41,0,0,2,6,0,0,0,0,0,1,1,0,5,0,0,0,0,0,0,0,3,0,0,0,0,0,2,root,61,8,0,0,,,8,3.344189,,,,,,,,,,,,,,,,,,,,
GF04004433S,Régina,Neotropical,Boreal Brazilian,Guianan Lowlands province,Moist forest|Wet forest,GF04004433S,Guianan Lowlands province,53,0,0,0,4,0,0,0,0,0,0,0,0,1,0,0,0,1,0,0,0,6,0,0,0,0,0,1,root,66,6,0,0,,,6,2.126516,,,,,,,,,,,,,,,,,,,,
GF04004434S,Régina,Neotropical,Boreal Brazilian,Guianan Lowlands province,Moist forest|Wet forest,GF04004434S,Guianan Lowlands province,43,0,0,2,0,0,0,0,0,0,0,0,0,3,0,1,0,3,0,0,0,12,0,0,0,2,0,2,root,68,8,0,0,,,8,3.471172,,,,,,,,,,,,,,,,,,,,
GF04004435S,Petit-Saut,Neotropical,Boreal Brazilian,Guianan Lowlands province,Moist forest,GF04004435S,Guianan Lowlands province,65,0,0,0,2,0,0,1,0,0,0,0,0,6,0,3,0,1,0,0,0,3,0,0,0,0,0,1,root,82,8,1.219512195,1.219512195,,,8,2.385377,,,,,,,,,,,,,,,,,,,,
GF04004436S,Petit-Saut,Neotropical,Boreal Brazilian,Guianan Lowlands province,Moist forest,GF04004436S,Guianan Lowlands province,43,0,0,0,4,0,0,0,0,0,1,0,0,4,0,4,2,0,0,0,0,1,0,0,0,3,0,4,root,66,9,0,0,,,9,3.789231,,,,,,,,,,,,,,,,,,,,
GF04004437S,Nouragues reserve,Neotropical,Boreal Brazilian,Guianan Lowlands province,Moist forest|Wet forest,GF04004437S,Guianan Lowlands province,36,0,0,1,6,0,0,0,0,0,0,0,1,8,0,3,0,24,0,0,0,2,0,0,0,3,0,5,root,89,10,0,0,,,10,5.443123,,,,,,,,,,,,,,,,,,,,
GF04004438S,Régina,Neotropical,Boreal Brazilian,Guianan Lowlands province,Moist forest|Wet forest,GF04004438S,Guianan Lowlands province,46,0,0,2,5,0,0,0,0,0,0,0,0,3,0,2,0,0,0,0,0,1,0,0,0,0,0,4,root,63,7,0,0,,,7,2.816634,,,,,,,,,,,,,,,,,,,,
GF04004439S,Petit-Saut,Neotropical,Boreal Brazilian,Guianan Lowlands province,Moist forest,GF04004439S,Guianan Lowlands province,71,0,0,0,1,0,0,0,0,0,0,0,0,1,0,0,0,0,0,0,0,1,0,0,0,1,0,2,root,77,6,0,0,,,6,1.484798,,,,,,,,,,,,,,,,,,,,
GF04004440S,Régina,Neotropical,Boreal Brazilian,Guianan Lowlands province,Moist forest|Wet forest,GF04004440S,Guianan Lowlands province,39,0,0,0,0,0,0,0,0,0,0,0,0,1,0,0,0,0,0,0,0,0,0,0,0,0,0,5,root,45,3,0,0,,,3,1.57263,,,,,,,,,,,,,,,,,,,,
GF04004441S,Régina,Neotropical,Boreal Brazilian,Guianan Lowlands province,Moist forest|Wet forest,GF04004441S,Guianan Lowlands province,18,0,0,0,0,0,0,1,0,0,0,0,0,0,0,0,0,1,0,0,1,0,0,0,0,0,0,2,root,23,5,4.347826087,4.347826087,,,5,2.255091,,,,,,,,,,,,,,,,,,,,
GF04004442S,Régina,Neotropical,Boreal Brazilian,Guianan Lowlands province,Moist forest|Wet forest,GF04004442S,Guianan Lowlands province,21,0,0,0,0,0,0,0,0,0,0,0,1,2,0,1,0,3,0,0,0,1,0,0,0,1,0,0,root,30,7,0,0,,,7,3.0464,,,,,,,,,,,,,,,,,,,,
GF04004443S,Saint-Georges,Neotropical,Boreal Brazilian,Guianan Lowlands province,Moist forest|Wet forest,GF04004443S,Guianan Lowlands province,35,0,0,6,1,0,1,0,0,0,1,1,0,4,0,0,0,4,0,0,1,5,0,0,0,3,0,3,root,65,12,0,0,,,12,5.467064,,,,,,,,,,,,,,,,,,,,
GF04004444S,Nouragues reserve,Neotropical,Boreal Brazilian,Guianan Lowlands province,Moist forest|Wet forest,GF04004444S,Guianan Lowlands province,25,0,0,0,4,0,0,0,0,0,0,0,0,0,0,0,0,1,0,0,0,2,0,0,0,0,0,4,root,36,5,0,0,,,5,2.722675,,,,,,,,,,,,,,,,,,,,
GF04004445S,Petit-Saut,Neotropical,Boreal Brazilian,Guianan Lowlands province,Moist forest,GF04004445S,Guianan Lowlands province,22,0,0,1,2,0,0,0,0,0,0,0,0,2,0,0,0,3,0,0,0,2,0,0,0,0,0,2,root,34,7,0,0,,,7,3.547505,,,,,,,,,,,,,,,,,,,,
GF04004446S,Nouragues reserve,Neotropical,Boreal Brazilian,Guianan Lowlands province,Moist forest|Wet forest,GF04004446S,Guianan Lowlands province,22,0,0,0,2,0,0,0,0,0,0,1,0,2,0,1,0,4,0,0,0,1,0,0,0,1,0,1,root,35,9,0,0,,,9,3.954114,,,,,,,,,,,,,,,,,,,,
GF04004447S,Régina,Neotropical,Boreal Brazilian,Guianan Lowlands province,Moist forest|Wet forest,GF04004447S,Guianan Lowlands province,48,0,0,1,9,0,0,0,0,0,0,0,2,1,0,0,0,1,0,0,0,3,0,0,0,0,0,2,root,67,8,0,0,,,8,2.845025,,,,,,,,,,,,,,,,,,,,
GF04004448S,Régina,Neotropical,Boreal Brazilian,Guianan Lowlands province,Moist forest|Wet forest,GF04004448S,Guianan Lowlands province,41,0,0,2,5,0,0,0,0,1,0,0,1,5,0,2,0,3,0,0,0,3,0,0,0,3,0,3,root,69,11,0,0,,,11,4.77309,,,,,,,,,,,,,,,,,,,,
GF04004449S,Régina,Neotropical,Boreal Brazilian,Guianan Lowlands province,Moist forest|Wet forest,GF04004449S,Guianan Lowlands province,25,0,0,0,0,0,0,0,0,0,1,0,0,3,0,0,0,2,0,0,0,6,0,0,0,1,0,1,root,39,7,0,0,,,7,3.33499,,,,,,,,,,,,,,,,,,,,
GF04004450S,Saint-Georges,Neotropical,Boreal Brazilian,Guianan Lowlands province,Moist forest|Wet forest,GF04004450S,Guianan Lowlands province,25,0,0,0,0,0,0,0,0,0,0,0,0,2,0,0,0,5,0,0,0,6,0,0,0,0,0,2,root,40,5,0,0,,,5,3.119971,,,,,,,,,,,,,,,,,,,,
GF04004451S,Régina,Neotropical,Boreal Brazilian,Guianan Lowlands province,Moist forest|Wet forest,GF04004451S,Guianan Lowlands province,82,0,0,0,7,0,0,0,1,0,2,0,0,5,0,8,3,1,0,0,0,1,0,0,0,4,0,4,root,118,11,0,0,,,11,3.490734,,,,,,,,,,,,,,,,,,,,
GF04004452S,Petit-Saut,Neotropical,Boreal Brazilian,Guianan Lowlands province,Moist forest,GF04004452S,Guianan Lowlands province,69,0,0,3,0,0,0,0,0,0,1,0,3,5,0,2,0,7,0,0,0,8,0,0,0,0,0,2,root,100,9,0,0,,,9,3.343283,,,,,,,,,,,,,,,,,,,,
GF04004453S,Petit-Saut,Neotropical,Boreal Brazilian,Guianan Lowlands province,Moist forest,GF04004453S,Guianan Lowlands province,21,0,0,0,1,0,0,0,0,0,0,0,0,1,0,1,0,4,0,0,0,2,0,0,0,1,0,2,root,33,8,0,0,,,8,3.695185,,,,,,,,,,,,,,,,,,,,
GF04004454S,Régina,Neotropical,Boreal Brazilian,Guianan Lowlands province,Moist forest|Wet forest,GF04004454S,Guianan Lowlands province,15,0,0,0,0,0,0,0,0,0,0,0,0,2,0,1,0,3,0,0,0,4,0,0,0,0,0,1,root,26,6,0,0,,,6,3.67812,,,,,,,,,,,,,,,,,,,,
GF04004455S,Petit-Saut,Neotropical,Boreal Brazilian,Guianan Lowlands province,Moist forest,GF04004455S,Guianan Lowlands province,46,0,0,1,0,0,0,0,0,0,0,1,0,1,0,1,0,4,0,0,0,2,0,0,0,1,0,4,root,61,9,0,0,,,9,2.770884,,,,,,,,,,,,,,,,,,,,
GF04004456S,Saint-Georges,Neotropical,Boreal Brazilian,Guianan Lowlands province,Moist forest|Wet forest,GF04004456S,Guianan Lowlands province,20,0,0,0,1,0,0,0,0,0,0,0,0,3,0,0,0,3,0,0,0,2,1,0,0,0,0,1,root,31,7,0,0,,,7,3.469127,,,,,,,,,,,,,,,,,,,,
GF04004457S,Petit-Saut,Neotropical,Boreal Brazilian,Guianan Lowlands province,Moist forest,GF04004457S,Guianan Lowlands province,19,0,0,0,0,0,0,0,0,0,0,0,0,1,0,0,0,1,0,0,0,0,0,0,0,0,0,2,root,23,4,0,0,,,4,1.901909,,,,,,,,,,,,,,,,,,,,
GF04004458S,Nouragues reserve,Neotropical,Boreal Brazilian,Guianan Lowlands province,Moist forest|Wet forest,GF04004458S,Guianan Lowlands province,29,0,0,0,3,0,0,0,0,0,0,0,1,1,0,0,0,1,0,0,0,2,0,0,0,0,0,1,root,38,7,0,0,,,7,2.571768,,,,,,,,,,,,,,,,,,,,
GF04004459S,Régina,Neotropical,Boreal Brazilian,Guianan Lowlands province,Moist forest|Wet forest,GF04004459S,Guianan Lowlands province,40,0,0,0,8,0,0,1,0,0,0,0,1,2,0,0,0,2,0,0,0,4,0,0,0,1,0,0,root,59,8,1.694915254,1.694915254,,,8,3.169789,,,,,,,,,,,,,,,,,,,,
GF04004460S,Petit-Saut,Neotropical,Boreal Brazilian,Guianan Lowlands province,Moist forest,GF04004460S,Guianan Lowlands province,4,0,0,0,0,0,0,0,0,0,0,0,0,1,0,0,0,0,0,0,0,0,0,0,0,0,0,1,root,6,3,0,0,,,3,2.381102,,,,,,,,,,,,,,,,,,,,
GF04004461S,Régina,Neotropical,Boreal Brazilian,Guianan Lowlands province,Moist forest|Wet forest,GF04004461S,Guianan Lowlands province,45,0,0,2,0,0,0,2,0,0,0,0,0,3,0,1,0,1,0,0,0,8,0,0,0,0,0,2,root,64,8,3.125,3.125,,,8,3.021983,,,,,,,,,,,,,,,,,,,,
GF04004462S,Petit-Saut,Neotropical,Boreal Brazilian,Guianan Lowlands province,Moist forest,GF04004462S,Guianan Lowlands province,34,0,0,0,0,0,0,0,0,0,0,0,0,5,0,1,0,2,0,0,0,0,0,0,0,0,0,2,root,44,5,0,0,,,5,2.255498,,,,,,,,,,,,,,,,,,,,
GF04004463S,Régina,Neotropical,Boreal Brazilian,Guianan Lowlands province,Moist forest|Wet forest,GF04004463S,Guianan Lowlands province,54,0,0,0,4,0,0,0,0,0,0,0,1,0,0,0,0,2,0,0,0,0,0,0,0,0,0,1,root,62,5,0,0,,,5,1.717827,,,,,,,,,,,,,,,,,,,,
GF04004464S,Petit-Saut,Neotropical,Boreal Brazilian,Guianan Lowlands province,Moist forest,GF04004464S,Guianan Lowlands province,21,0,0,0,0,0,0,0,0,0,0,0,0,0,0,0,0,0,0,0,0,3,0,0,0,0,0,1,root,25,3,0,0,,,3,1.698327,,,,,,,,,,,,,,,,,,,,
GF04004465S,Petit-Saut,Neotropical,Boreal Brazilian,Guianan Lowlands province,Moist forest,GF04004465S,Guianan Lowlands province,56,0,0,0,0,0,0,1,0,0,0,0,0,2,0,0,0,0,0,0,2,2,0,0,0,1,0,0,root,64,6,1.5625,1.5625,,,6,1.771307,,,,,,,,,,,,,,,,,,,,
GF04004466S,Saint-Georges,Neotropical,Boreal Brazilian,Guianan Lowlands province,Moist forest|Wet forest,GF04004466S,Guianan Lowlands province,32,0,0,1,1,0,0,0,0,0,1,0,0,5,0,2,0,13,0,0,0,7,0,0,0,2,0,2,root,66,10,0,0,,,10,5.016617,,,,,,,,,,,,,,,,,,,,
GF04004467S,Nouragues reserve,Neotropical,Boreal Brazilian,Guianan Lowlands province,Moist forest|Wet forest,GF04004467S,Guianan Lowlands province,14,0,0,0,0,0,0,0,0,0,0,0,0,0,0,0,0,0,0,0,0,0,0,0,0,0,0,0,root,14,1,0,0,,,1,1,,,,,,,,,,,,,,,,,,,,
GF04004468S,Régina,Neotropical,Boreal Brazilian,Guianan Lowlands province,Moist forest|Wet forest,GF04004468S,Guianan Lowlands province,39,0,0,1,1,0,0,0,0,0,0,0,3,4,0,1,0,2,0,0,0,1,0,0,0,0,0,1,root,53,9,0,0,,,9,2.949086,,,,,,,,,,,,,,,,,,,,
GF04004469S,Régina,Neotropical,Boreal Brazilian,Guianan Lowlands province,Moist forest|Wet forest,GF04004469S,Guianan Lowlands province,67,0,0,3,10,0,0,0,0,2,0,0,2,1,0,0,0,2,0,0,0,2,0,0,0,2,0,5,root,96,10,0,0,,,10,3.318826,,,,,,,,,,,,,,,,,,,,
GF04004470S,Régina,Neotropical,Boreal Brazilian,Guianan Lowlands province,Moist forest|Wet forest,GF04004470S,Guianan Lowlands province,27,0,0,0,2,0,0,0,1,0,0,0,0,5,0,1,0,6,0,0,0,1,0,0,0,3,0,6,root,52,9,0,0,,,9,4.863052,,,,,,,,,,,,,,,,,,,,
GF04004471S,Régina,Neotropical,Boreal Brazilian,Guianan Lowlands province,Moist forest|Wet forest,GF04004471S,Guianan Lowlands province,13,0,0,0,0,0,0,0,0,0,0,0,0,0,0,0,0,0,0,0,0,0,0,0,0,0,0,1,root,14,2,0,0,,,2,1.293457,,,,,,,,,,,,,,,,,,,,
GF04004472S,Petit-Saut,Neotropical,Boreal Brazilian,Guianan Lowlands province,Moist forest,GF04004472S,Guianan Lowlands province,32,0,0,2,4,0,0,0,0,0,0,1,2,2,0,0,0,5,0,0,0,5,1,0,0,0,0,7,root,61,10,0,0,,,10,5.18908,,,,,,,,,,,,,,,,,,,,
GF04004473S,Régina,Neotropical,Boreal Brazilian,Guianan Lowlands province,Moist forest|Wet forest,GF04004473S,Guianan Lowlands province,55,0,0,0,7,0,0,0,0,0,0,0,0,4,0,0,0,0,0,0,0,1,0,0,0,0,0,1,root,68,5,0,0,,,5,2.006559,,,,,,,,,,,,,,,,,,,,
GF04004474S,Petit-Saut,Neotropical,Boreal Brazilian,Guianan Lowlands province,Moist forest,GF04004474S,Guianan Lowlands province,70,0,0,9,0,0,0,0,2,0,0,1,1,1,0,1,0,9,0,0,0,4,1,0,0,0,0,1,root,100,11,0,0,,,11,3.210441,,,,,,,,,,,,,,,,,,,,
GF04004475S,Nouragues reserve,Neotropical,Boreal Brazilian,Guianan Lowlands province,Moist forest|Wet forest,GF04004475S,Guianan Lowlands province,15,0,0,1,0,0,0,0,1,0,0,0,0,0,0,3,0,5,0,0,0,2,0,0,0,3,0,0,root,30,7,0,0,,,7,4.540333,,,,,,,,,,,,,,,,,,,,
GF04004476S,Petit-Saut,Neotropical,Boreal Brazilian,Guianan Lowlands province,Moist forest,GF04004476S,Guianan Lowlands province,37,0,0,1,0,0,0,0,0,1,0,0,0,0,0,0,0,8,0,0,0,3,0,0,0,0,0,1,root,51,6,0,0,,,6,2.512627,,,,,,,,,,,,,,,,,,,,
GF04004477S,Régina,Neotropical,Boreal Brazilian,Guianan Lowlands province,Moist forest|Wet forest,GF04004477S,Guianan Lowlands province,30,0,0,0,5,0,0,0,0,0,0,0,0,6,0,1,0,0,0,0,0,0,0,0,0,0,0,4,root,46,5,0,0,,,5,2.948437,,,,,,,,,,,,,,,,,,,,
GF04004478S,Petit-Saut,Neotropical,Boreal Brazilian,Guianan Lowlands province,Moist forest,GF04004478S,Guianan Lowlands province,57,0,0,0,0,0,0,0,0,1,0,0,0,4,0,2,0,1,0,0,1,3,0,0,0,1,0,4,root,74,9,0,0,,,9,2.655628,,,,,,,,,,,,,,,,,,,,
GF04004479S,Régina,Neotropical,Boreal Brazilian,Guianan Lowlands province,Moist forest|Wet forest,GF04004479S,Guianan Lowlands province,37,0,0,3,4,0,0,0,0,0,0,0,0,2,0,0,0,0,0,0,0,3,0,0,0,0,0,2,root,51,6,0,0,,,6,2.772635,,,,,,,,,,,,,,,,,,,,
GF04004480S,Régina,Neotropical,Boreal Brazilian,Guianan Lowlands province,Moist forest|Wet forest,GF04004480S,Guianan Lowlands province,37,0,0,1,7,0,0,0,0,0,1,0,1,7,0,1,0,6,0,0,0,7,2,0,0,2,0,7,root,79,12,0,0,,,12,6.155769,,,,,,,,,,,,,,,,,,,,
GF04004481S,Petit-Saut,Neotropical,Boreal Brazilian,Guianan Lowlands province,Moist forest,GF04004481S,Guianan Lowlands province,17,0,0,3,0,0,0,0,0,0,0,0,0,7,0,0,0,2,0,0,1,1,0,0,0,2,0,2,root,35,8,0,0,,,8,4.840615,,,,,,,,,,,,,,,,,,,,
GF04004482S,Régina,Neotropical,Boreal Brazilian,Guianan Lowlands province,Moist forest|Wet forest,GF04004482S,Guianan Lowlands province,27,0,0,1,0,0,0,0,0,0,0,0,0,1,0,0,0,0,0,0,0,4,0,0,0,0,0,1,root,34,5,0,0,,,5,2.108517,,,,,,,,,,,,,,,,,,,,
GF04004483S,Petit-Saut,Neotropical,Boreal Brazilian,Guianan Lowlands province,Moist forest,GF04004483S,Guianan Lowlands province,25,0,0,3,1,0,0,0,0,0,0,0,0,0,0,0,0,5,0,0,0,1,0,0,0,0,0,1,root,36,6,0,0,,,6,2.809775,,,,,,,,,,,,,,,,,,,,
GF04004484S,Petit-Saut,Neotropical,Boreal Brazilian,Guianan Lowlands province,Moist forest,GF04004484S,Guianan Lowlands province,17,0,0,0,0,0,0,0,0,0,0,0,0,1,0,0,0,0,0,0,0,2,0,0,0,0,0,2,root,22,4,0,0,,,4,2.172144,,,,,,,,,,,,,,,,,,,,
GF04004485S,Petit-Saut,Neotropical,Boreal Brazilian,Guianan Lowlands province,Moist forest,GF04004485S,Guianan Lowlands province,41,0,0,2,2,0,0,0,0,0,0,0,0,3,0,0,0,1,0,0,0,9,0,0,0,0,0,8,root,66,7,0,0,,,7,3.452566,,,,,,,,,,,,,,,,,,,,
GF04004486S,Régina,Neotropical,Boreal Brazilian,Guianan Lowlands province,Moist forest|Wet forest,GF04004486S,Guianan Lowlands province,47,0,0,0,0,0,0,2,0,0,0,0,0,1,0,2,0,1,0,0,0,2,0,0,0,0,0,2,root,57,7,3.50877193,3.50877193,,,7,2.162109,,,,,,,,,,,,,,,,,,,,
GF04004487S,Petit-Saut,Neotropical,Boreal Brazilian,Guianan Lowlands province,Moist forest,GF04004487S,Guianan Lowlands province,40,0,0,2,2,0,0,0,0,1,0,0,2,3,0,2,0,2,0,0,0,6,1,0,0,0,0,0,root,61,10,0,0,,,10,3.849861,,,,,,,,,,,,,,,,,,,,
GF04004488S,Régina,Neotropical,Boreal Brazilian,Guianan Lowlands province,Moist forest|Wet forest,GF04004488S,Guianan Lowlands province,38,0,0,3,0,0,0,0,0,0,0,0,0,5,0,0,0,1,0,0,0,4,1,0,0,0,0,2,root,54,7,0,0,,,7,2.976608,,,,,,,,,,,,,,,,,,,,
GF04004489S,Petit-Saut,Neotropical,Boreal Brazilian,Guianan Lowlands province,Moist forest,GF04004489S,Guianan Lowlands province,13,0,0,0,0,0,0,0,0,0,0,0,0,8,0,0,0,0,0,0,0,0,0,0,0,0,0,3,root,24,3,0,0,,,3,2.607084,,,,,,,,,,,,,,,,,,,,
GF04004490S,Petit-Saut,Neotropical,Boreal Brazilian,Guianan Lowlands province,Moist forest,GF04004490S,Guianan Lowlands province,28,0,0,1,0,0,0,0,0,0,0,0,0,3,0,0,0,2,0,0,0,0,0,0,0,0,0,1,root,35,5,0,0,,,5,2.129334,,,,,,,,,,,,,,,,,,,,
GF04004491S,Régina,Neotropical,Boreal Brazilian,Guianan Lowlands province,Moist forest|Wet forest,GF04004491S,Guianan Lowlands province,51,0,0,0,7,0,0,0,0,0,0,0,1,3,0,1,0,3,0,0,0,8,0,0,0,1,0,1,root,76,9,0,0,,,9,3.34485,,,,,,,,,,,,,,,,,,,,
GF04004492S,Régina,Neotropical,Boreal Brazilian,Guianan Lowlands province,Moist forest|Wet forest,GF04004492S,Guianan Lowlands province,18,0,0,0,1,0,0,0,0,0,0,0,0,3,0,1,0,6,0,0,0,4,0,0,0,3,0,2,root,38,8,0,0,,,8,5.102247,,,,,,,,,,,,,,,,,,,,
GF04004493S,Régina,Neotropical,Boreal Brazilian,Guianan Lowlands province,Moist forest|Wet forest,GF04004493S,Guianan Lowlands province,25,0,0,1,0,0,0,0,0,1,0,0,4,4,0,0,0,3,0,0,0,1,0,0,0,1,0,0,root,40,8,0,0,,,8,3.733803,,,,,,,,,,,,,,,,,,,,
GF04004494S,Petit-Saut,Neotropical,Boreal Brazilian,Guianan Lowlands province,Moist forest,GF04004494S,Guianan Lowlands province,35,0,0,0,1,0,0,0,0,0,0,0,0,1,0,0,0,0,0,0,1,0,0,0,0,0,0,1,root,39,5,0,0,,,5,1.604584,,,,,,,,,,,,,,,,,,,,
GF04004495S,Régina,Neotropical,Boreal Brazilian,Guianan Lowlands province,Moist forest|Wet forest,GF04004495S,Guianan Lowlands province,20,0,0,1,0,0,0,0,0,0,0,0,0,0,0,1,0,0,0,0,0,5,0,0,0,0,0,3,root,30,5,0,0,,,5,2.789721,,,,,,,,,,,,,,,,,,,,
GF04004496S,Régina,Neotropical,Boreal Brazilian,Guianan Lowlands province,Moist forest|Wet forest,GF04004496S,Guianan Lowlands province,52,0,0,1,0,0,0,0,0,0,0,0,0,4,0,0,0,1,0,0,0,2,0,0,0,0,0,2,root,62,6,0,0,,,6,1.971965,,,,,,,,,,,,,,,,,,,,
GF04004497S,Nouragues reserve,Neotropical,Boreal Brazilian,Guianan Lowlands province,Moist forest|Wet forest,GF04004497S,Guianan Lowlands province,28,0,0,0,1,0,0,0,0,0,0,0,2,3,0,1,0,11,0,0,0,1,0,0,0,1,0,2,root,50,9,0,0,,,9,4.043388,,,,,,,,,,,,,,,,,,,,
GF04004498S,Régina,Neotropical,Boreal Brazilian,Guianan Lowlands province,Moist forest|Wet forest,GF04004498S,Guianan Lowlands province,63,0,0,0,2,0,0,0,0,0,0,0,0,2,0,0,0,1,0,0,0,2,0,0,0,0,0,3,root,73,6,0,0,,,6,1.845514,,,,,,,,,,,,,,,,,,,,
GF04004499S,Petit-Saut,Neotropical,Boreal Brazilian,Guianan Lowlands province,Moist forest,GF04004499S,Guianan Lowlands province,17,0,0,1,0,0,0,0,0,2,0,0,0,4,0,0,0,1,0,0,0,2,0,0,0,0,0,1,root,28,7,0,0,,,7,3.724662,,,,,,,,,,,,,,,,,,,,
GF04004500S,Régina,Neotropical,Boreal Brazilian,Guianan Lowlands province,Moist forest|Wet forest,GF04004500S,Guianan Lowlands province,36,0,0,0,11,0,0,2,0,0,0,0,2,0,0,0,0,0,0,0,0,1,0,0,0,0,0,2,root,54,6,3.703703704,3.703703704,,,6,2.813685,,,,,,,,,,,,,,,,,,,,
GF04004501S,Petit-Saut,Neotropical,Boreal Brazilian,Guianan Lowlands province,Moist forest,GF04004501S,Guianan Lowlands province,19,0,0,0,0,0,0,0,0,0,0,0,4,6,0,0,0,2,0,0,0,1,0,0,0,0,0,0,root,32,5,0,0,,,5,3.20564,,,,,,,,,,,,,,,,,,,,
GF04004502S,Régina,Neotropical,Boreal Brazilian,Guianan Lowlands province,Moist forest|Wet forest,GF04004502S,Guianan Lowlands province,24,0,0,0,0,0,0,1,0,0,0,0,0,0,0,1,0,0,0,0,0,1,0,0,0,0,0,2,root,29,5,3.448275862,3.448275862,,,5,1.992478,,,,,,,,,,,,,,,,,,,,
GF04004503S,Nouragues reserve,Neotropical,Boreal Brazilian,Guianan Lowlands province,Moist forest|Wet forest,GF04004503S,Guianan Lowlands province,29,0,0,2,0,0,0,0,0,0,0,0,0,5,0,1,4,7,0,0,0,2,0,0,0,5,0,2,root,57,9,0,0,,,9,5.146362,,,,,,,,,,,,,,,,,,,,
GF04004504S,Régina,Neotropical,Boreal Brazilian,Guianan Lowlands province,Moist forest|Wet forest,GF04004504S,Guianan Lowlands province,31,0,0,0,1,0,0,1,0,0,0,0,0,2,0,3,0,2,0,0,0,5,0,0,0,0,0,5,root,50,8,2,2,,,8,3.817878,,,,,,,,,,,,,,,,,,,,
GF04004505S,Régina,Neotropical,Boreal Brazilian,Guianan Lowlands province,Moist forest|Wet forest,GF04004505S,Guianan Lowlands province,30,0,0,0,1,0,0,0,0,0,0,0,0,1,0,1,0,1,0,0,0,0,0,0,0,0,0,2,root,36,6,0,0,,,6,2.035374,,,,,,,,,,,,,,,,,,,,
GF04004506S,Régina,Neotropical,Boreal Brazilian,Guianan Lowlands province,Moist forest|Wet forest,GF04004506S,Guianan Lowlands province,33,0,0,2,0,0,0,0,0,0,0,0,0,0,0,2,0,1,0,0,1,3,0,0,0,2,0,4,root,48,8,0,0,,,8,3.308586,,,,,,,,,,,,,,,,,,,,
GF04004507S,Régina,Neotropical,Boreal Brazilian,Guianan Lowlands province,Moist forest|Wet forest,GF04004507S,Guianan Lowlands province,30,0,0,0,0,0,0,0,0,0,0,1,1,3,0,0,0,2,0,0,0,2,0,0,0,0,0,2,root,41,7,0,0,,,7,2.837912,,,,,,,,,,,,,,,,,,,,
GF04004508S,Petit-Saut,Neotropical,Boreal Brazilian,Guianan Lowlands province,Moist forest,GF04004508S,Guianan Lowlands province,38,0,0,0,0,0,0,0,0,0,0,0,0,0,0,0,0,0,0,0,0,2,0,0,0,0,0,0,root,40,2,0,0,,,2,1.219591,,,,,,,,,,,,,,,,,,,,
GF04004509S,Régina,Neotropical,Boreal Brazilian,Guianan Lowlands province,Moist forest|Wet forest,GF04004509S,Guianan Lowlands province,19,0,0,2,0,0,0,4,0,0,0,0,0,0,0,3,0,1,0,0,0,0,0,0,0,0,0,0,root,29,5,13.79310345,13.79310345,,,5,2.960964,,,,,,,,,,,,,,,,,,,,
GF04004510S,Régina,Neotropical,Boreal Brazilian,Guianan Lowlands province,Moist forest|Wet forest,GF04004510S,Guianan Lowlands province,31,0,0,0,0,0,0,1,0,0,1,0,1,1,0,2,0,2,0,0,0,6,0,0,0,0,0,3,root,48,9,2.083333333,2.083333333,,,9,3.680403,,,,,,,,,,,,,,,,,,,,
GF04004511S,Régina,Neotropical,Boreal Brazilian,Guianan Lowlands province,Moist forest|Wet forest,GF04004511S,Guianan Lowlands province,75,0,0,0,10,0,0,0,0,0,1,0,0,6,0,3,2,0,0,0,0,0,0,0,0,1,0,3,root,101,8,0,0,,,8,2.706497,,,,,,,,,,,,,,,,,,,,
GF04004512S,Petit-Saut,Neotropical,Boreal Brazilian,Guianan Lowlands province,Moist forest,GF04004512S,Guianan Lowlands province,33,0,0,2,1,0,0,0,0,0,1,1,0,1,0,0,0,2,0,0,0,3,0,0,0,1,0,4,root,49,10,0,0,,,10,3.66936,,,,,,,,,,,,,,,,,,,,
GF04004513S,Petit-Saut,Neotropical,Boreal Brazilian,Guianan Lowlands province,Moist forest,GF04004513S,Guianan Lowlands province,45,0,0,0,0,0,0,0,0,0,0,0,0,1,0,0,0,2,0,0,0,5,0,0,0,0,0,0,root,53,4,0,0,,,4,1.751075,,,,,,,,,,,,,,,,,,,,
GF04004514S,Petit-Saut,Neotropical,Boreal Brazilian,Guianan Lowlands province,Moist forest,GF04004514S,Guianan Lowlands province,17,0,0,0,0,0,0,0,0,0,0,0,0,0,0,0,0,1,0,0,0,1,0,0,0,0,0,0,root,19,3,0,0,,,3,1.506002,,,,,,,,,,,,,,,,,,,,
GF04004515S,Régina,Neotropical,Boreal Brazilian,Guianan Lowlands province,Moist forest|Wet forest,GF04004515S,Guianan Lowlands province,12,0,0,0,2,0,0,0,0,0,0,0,1,2,0,0,0,0,0,0,0,0,0,0,0,0,0,1,root,18,5,0,0,,,5,2.943898,,,,,,,,,,,,,,,,,,,,
GF04004516S,Régina,Neotropical,Boreal Brazilian,Guianan Lowlands province,Moist forest|Wet forest,GF04004516S,Guianan Lowlands province,26,0,0,0,7,0,0,1,0,0,0,0,0,6,0,0,0,0,0,0,0,1,0,0,0,0,0,1,root,42,6,2.380952381,2.380952381,,,6,3.128234,,,,,,,,,,,,,,,,,,,,
GF04004517S,Petit-Saut,Neotropical,Boreal Brazilian,Guianan Lowlands province,Moist forest,GF04004517S,Guianan Lowlands province,22,0,0,2,0,0,0,0,0,0,0,1,0,4,0,0,0,1,0,0,0,1,0,0,0,0,0,1,root,32,7,0,0,,,7,3.077248,,,,,,,,,,,,,,,,,,,,
GF04004518S,Régina,Neotropical,Boreal Brazilian,Guianan Lowlands province,Moist forest|Wet forest,GF04004518S,Guianan Lowlands province,18,0,0,1,0,0,0,0,0,0,0,0,0,4,0,0,0,5,0,0,0,3,0,0,0,1,0,6,root,38,7,0,0,,,7,4.66985,,,,,,,,,,,,,,,,,,,,
GF04004519S,Petit-Saut,Neotropical,Boreal Brazilian,Guianan Lowlands province,Moist forest,GF04004519S,Guianan Lowlands province,25,0,0,0,0,0,0,0,0,0,0,0,0,2,0,0,0,0,0,0,0,0,0,0,0,0,0,0,root,27,2,0,0,,,2,1.302196,,,,,,,,,,,,,,,,,,,,
GF04004520S,Petit-Saut,Neotropical,Boreal Brazilian,Guianan Lowlands province,Moist forest,GF04004520S,Guianan Lowlands province,20,0,0,2,0,0,0,0,0,0,0,0,0,0,0,0,0,1,0,0,0,1,0,0,0,0,0,4,root,28,5,0,0,,,5,2.57241,,,,,,,,,,,,,,,,,,,,
GF04004521S,Petit-Saut,Neotropical,Boreal Brazilian,Guianan Lowlands province,Moist forest,GF04004521S,Guianan Lowlands province,26,0,0,3,0,0,0,0,0,1,1,0,1,2,0,0,0,9,0,0,0,3,0,0,0,0,0,2,root,48,9,0,0,,,9,4.478689,,,,,,,,,,,,,,,,,,,,
GF04004522S,Petit-Saut,Neotropical,Boreal Brazilian,Guianan Lowlands province,Moist forest,GF04004522S,Guianan Lowlands province,75,0,0,1,2,0,0,0,0,0,0,0,1,5,0,1,0,1,0,0,0,3,0,0,0,0,0,2,root,91,9,0,0,,,9,2.219703,,,,,,,,,,,,,,,,,,,,
GF04004523S,Régina,Neotropical,Boreal Brazilian,Guianan Lowlands province,Moist forest|Wet forest,GF04004523S,Guianan Lowlands province,48,0,0,2,0,0,0,1,1,1,0,1,1,1,0,0,0,3,0,0,0,5,0,0,0,0,0,1,root,65,11,1.538461538,1.538461538,,,11,3.064298,,,,,,,,,,,,,,,,,,,,
GF04004524S,Petit-Saut,Neotropical,Boreal Brazilian,Guianan Lowlands province,Moist forest,GF04004524S,Guianan Lowlands province,56,0,0,0,3,0,0,1,0,0,0,0,0,2,0,1,0,0,0,0,0,2,0,0,0,0,0,2,root,67,7,1.492537313,1.492537313,,,7,2.072913,,,,,,,,,,,,,,,,,,,,
GF04004525S,Régina,Neotropical,Boreal Brazilian,Guianan Lowlands province,Moist forest|Wet forest,GF04004525S,Guianan Lowlands province,20,0,0,0,0,0,0,0,0,0,0,0,1,1,0,0,0,2,0,0,0,3,0,0,0,0,0,1,root,28,6,0,0,,,6,2.787588,,,,,,,,,,,,,,,,,,,,
GF04004526S,Petit-Saut,Neotropical,Boreal Brazilian,Guianan Lowlands province,Moist forest,GF04004526S,Guianan Lowlands province,14,0,0,0,0,0,0,0,0,0,0,0,0,1,0,1,0,2,0,0,0,2,0,0,0,0,0,4,root,24,6,0,0,,,6,3.640169,,,,,,,,,,,,,,,,,,,,
GF04004527S,Régina,Neotropical,Boreal Brazilian,Guianan Lowlands province,Moist forest|Wet forest,GF04004527S,Guianan Lowlands province,24,0,0,1,0,0,0,0,0,0,0,0,0,4,0,2,0,2,0,0,0,3,0,0,0,0,0,2,root,38,7,0,0,,,7,3.626586,,,,,,,,,,,,,,,,,,,,
GF04004528S,Petit-Saut,Neotropical,Boreal Brazilian,Guianan Lowlands province,Moist forest,GF04004528S,Guianan Lowlands province,14,0,0,0,1,0,0,0,0,0,0,0,1,1,0,2,0,0,0,0,0,0,0,0,0,0,0,2,root,21,6,0,0,,,6,3.168071,,,,,,,,,,,,,,,,,,,,
GF04004529S,Petit-Saut,Neotropical,Boreal Brazilian,Guianan Lowlands province,Moist forest,GF04004529S,Guianan Lowlands province,48,0,0,3,2,0,0,0,0,0,0,0,0,4,0,1,0,2,0,0,0,3,0,0,0,0,0,5,root,68,8,0,0,,,8,3.155976,,,,,,,,,,,,,,,,,,,,
GF04004530S,Nouragues reserve,Neotropical,Boreal Brazilian,Guianan Lowlands province,Moist forest|Wet forest,GF04004530S,Guianan Lowlands province,20,0,0,0,6,0,0,0,0,0,0,0,0,1,0,1,0,2,0,0,0,2,0,0,0,0,0,0,root,32,6,0,0,,,6,3.224587,,,,,,,,,,,,,,,,,,,,
GF04004531S,Régina,Neotropical,Boreal Brazilian,Guianan Lowlands province,Moist forest|Wet forest,GF04004531S,Guianan Lowlands province,17,0,0,0,0,0,0,0,0,0,0,0,1,3,0,0,0,4,0,0,0,0,0,0,0,0,0,2,root,27,5,0,0,,,5,3.105493,,,,,,,,,,,,,,,,,,,,
GF04004532S,Nouragues reserve,Neotropical,Boreal Brazilian,Guianan Lowlands province,Moist forest|Wet forest,GF04004532S,Guianan Lowlands province,20,0,0,0,1,0,0,0,0,0,0,0,0,0,0,0,0,3,0,0,0,1,0,0,0,0,0,0,root,25,4,0,0,,,4,1.994626,,,,,,,,,,,,,,,,,,,,
GF04004533S,Saint-Georges,Neotropical,Boreal Brazilian,Guianan Lowlands province,Moist forest|Wet forest,GF04004533S,Guianan Lowlands province,12,0,0,2,0,0,0,0,0,0,1,0,0,4,0,1,0,3,0,0,0,2,1,0,0,3,0,0,root,29,9,0,0,,,9,6.202423,,,,,,,,,,,,,,,,,,,,
GF04004534S,Régina,Neotropical,Boreal Brazilian,Guianan Lowlands province,Moist forest|Wet forest,GF04004534S,Guianan Lowlands province,34,0,0,1,2,0,0,0,0,0,0,2,0,2,0,1,0,0,0,0,1,1,0,0,0,1,0,5,root,50,10,0,0,,,10,3.560769,,,,,,,,,,,,,,,,,,,,
GF04004535S,Régina,Neotropical,Boreal Brazilian,Guianan Lowlands province,Moist forest|Wet forest,GF04004535S,Guianan Lowlands province,41,0,0,0,4,0,0,0,0,0,0,0,0,0,0,0,0,1,0,0,0,0,0,0,0,0,0,0,root,46,3,0,0,,,3,1.489099,,,,,,,,,,,,,,,,,,,,
GF04004536S,Régina,Neotropical,Boreal Brazilian,Guianan Lowlands province,Moist forest|Wet forest,GF04004536S,Guianan Lowlands province,36,0,0,0,8,0,0,0,0,0,0,0,0,3,0,1,0,2,0,0,0,1,0,0,0,0,0,1,root,52,7,0,0,,,7,2.8875,,,,,,,,,,,,,,,,,,,,
GF04004537S,Petit-Saut,Neotropical,Boreal Brazilian,Guianan Lowlands province,Moist forest,GF04004537S,Guianan Lowlands province,36,0,0,2,0,0,0,0,0,0,0,0,3,2,0,1,0,1,0,0,0,1,0,0,0,0,0,3,root,49,8,0,0,,,8,2.909332,,,,,,,,,,,,,,,,,,,,
GF04004538S,Régina,Neotropical,Boreal Brazilian,Guianan Lowlands province,Moist forest|Wet forest,GF04004538S,Guianan Lowlands province,25,0,0,1,0,0,0,0,0,0,0,0,1,3,0,2,0,1,0,0,0,3,0,0,0,0,0,0,root,36,7,0,0,,,7,3.085082,,,,,,,,,,,,,,,,,,,,
GF04004539S,Nouragues reserve,Neotropical,Boreal Brazilian,Guianan Lowlands province,Moist forest|Wet forest,GF04004539S,Guianan Lowlands province,27,0,0,0,2,0,0,0,0,0,0,0,0,3,0,3,0,7,0,0,0,1,0,0,0,1,0,3,root,47,8,0,0,,,8,4.16664,,,,,,,,,,,,,,,,,,,,
GF04004540S,Régina,Neotropical,Boreal Brazilian,Guianan Lowlands province,Moist forest|Wet forest,GF04004540S,Guianan Lowlands province,23,0,0,1,0,0,0,0,0,0,1,1,0,2,0,0,0,4,0,0,0,4,0,0,0,0,0,3,root,39,8,0,0,,,8,4.095961,,,,,,,,,,,,,,,,,,,,
GF04004541S,Saint-Georges,Neotropical,Boreal Brazilian,Guianan Lowlands province,Moist forest|Wet forest,GF04004541S,Guianan Lowlands province,6,0,0,0,0,0,0,0,0,0,1,0,0,1,0,0,0,1,0,0,0,2,0,0,0,1,0,0,root,12,6,0,0,,,6,4.364495,,,,,,,,,,,,,,,,,,,,
GF04004542S,Petit-Saut,Neotropical,Boreal Brazilian,Guianan Lowlands province,Moist forest,GF04004542S,Guianan Lowlands province,61,0,0,0,0,0,0,1,0,0,0,3,0,0,0,0,0,3,0,0,0,4,0,0,0,0,0,2,root,74,6,1.351351351,1.351351351,,,6,2.080538,,,,,,,,,,,,,,,,,,,,
GF04004543S,Saint-Georges,Neotropical,Boreal Brazilian,Guianan Lowlands province,Moist forest|Wet forest,GF04004543S,Guianan Lowlands province,71,0,0,2,2,0,0,0,0,0,1,1,1,1,0,4,2,8,0,0,0,5,0,0,0,3,0,3,root,104,13,0,0,,,13,3.820069,,,,,,,,,,,,,,,,,,,,
GF04004544S,Régina,Neotropical,Boreal Brazilian,Guianan Lowlands province,Moist forest|Wet forest,GF04004544S,Guianan Lowlands province,19,0,0,0,0,0,0,1,0,0,0,0,0,2,0,0,0,0,0,0,1,0,0,0,0,0,0,0,root,23,4,4.347826087,4.347826087,,,4,1.901909,,,,,,,,,,,,,,,,,,,,
GF04004545S,Petit-Saut,Neotropical,Boreal Brazilian,Guianan Lowlands province,Moist forest,GF04004545S,Guianan Lowlands province,27,0,0,0,0,0,0,0,0,1,0,0,0,1,0,0,0,2,0,0,0,1,0,0,0,0,0,1,root,33,6,0,0,,,6,2.133801,,,,,,,,,,,,,,,,,,,,
GF04004546S,Régina,Neotropical,Boreal Brazilian,Guianan Lowlands province,Moist forest|Wet forest,GF04004546S,Guianan Lowlands province,14,0,0,0,0,0,0,0,0,0,0,0,1,4,0,0,0,2,0,0,0,0,0,0,0,0,0,0,root,21,4,0,0,,,4,2.598881,,,,,,,,,,,,,,,,,,,,
GF04004547S,Petit-Saut,Neotropical,Boreal Brazilian,Guianan Lowlands province,Moist forest,GF04004547S,Guianan Lowlands province,22,0,0,0,0,0,0,0,0,1,0,0,0,1,0,0,0,1,0,0,0,0,0,0,0,0,0,1,root,26,5,0,0,,,5,1.901416,,,,,,,,,,,,,,,,,,,,
GF04004548S,Régina,Neotropical,Boreal Brazilian,Guianan Lowlands province,Moist forest|Wet forest,GF04004548S,Guianan Lowlands province,28,0,0,1,1,0,0,1,0,0,1,0,0,1,0,1,0,2,0,0,0,3,0,0,0,1,0,2,root,42,11,2.380952381,2.380952381,,,11,3.9421,,,,,,,,,,,,,,,,,,,,
GF04004549S,Régina,Neotropical,Boreal Brazilian,Guianan Lowlands province,Moist forest|Wet forest,GF04004549S,Guianan Lowlands province,23,0,0,0,0,0,0,2,0,0,0,0,0,1,0,2,0,1,0,0,0,1,0,0,0,0,0,1,root,31,7,6.451612903,6.451612903,,,7,2.768247,,,,,,,,,,,,,,,,,,,,
GF04004550S,Régina,Neotropical,Boreal Brazilian,Guianan Lowlands province,Moist forest|Wet forest,GF04004550S,Guianan Lowlands province,13,0,0,0,0,0,0,0,0,1,0,0,0,1,0,0,0,1,0,0,0,3,0,0,0,0,0,2,root,21,6,0,0,,,6,3.434042,,,,,,,,,,,,,,,,,,,,
GF04004551S,Régina,Neotropical,Boreal Brazilian,Guianan Lowlands province,Moist forest|Wet forest,GF04004551S,Guianan Lowlands province,27,0,0,2,0,0,0,0,0,0,0,0,0,1,0,1,0,3,0,0,0,4,0,0,0,1,0,1,root,40,8,0,0,,,8,3.348481,,,,,,,,,,,,,,,,,,,,
GF04004552S,Régina,Neotropical,Boreal Brazilian,Guianan Lowlands province,Moist forest|Wet forest,GF04004552S,Guianan Lowlands province,32,0,0,1,0,0,0,0,0,0,0,1,1,2,0,0,0,1,0,0,0,0,0,0,0,0,0,0,root,38,6,0,0,,,6,1.978997,,,,,,,,,,,,,,,,,,,,
GF04004553S,Petit-Saut,Neotropical,Boreal Brazilian,Guianan Lowlands province,Moist forest,GF04004553S,Guianan Lowlands province,37,0,0,3,0,0,1,0,0,0,0,0,0,1,0,1,0,0,0,0,0,4,0,0,0,0,0,2,root,49,7,0,0,,,7,2.602541,,,,,,,,,,,,,,,,,,,,
GF04004554S,Régina,Neotropical,Boreal Brazilian,Guianan Lowlands province,Moist forest|Wet forest,GF04004554S,Guianan Lowlands province,18,0,0,0,6,0,0,0,0,0,0,0,0,2,0,0,0,0,0,0,0,1,0,0,0,0,0,0,root,27,4,0,0,,,4,2.507809,,,,,,,,,,,,,,,,,,,,
GF04004555S,Régina,Neotropical,Boreal Brazilian,Guianan Lowlands province,Moist forest|Wet forest,GF04004555S,Guianan Lowlands province,21,0,0,3,0,0,0,3,0,0,1,0,0,1,0,0,0,1,0,0,0,1,0,0,0,0,0,0,root,31,7,9.677419355,9.677419355,,,7,3.186535,,,,,,,,,,,,,,,,,,,,
GF04004556S,Petit-Saut,Neotropical,Boreal Brazilian,Guianan Lowlands province,Moist forest,GF04004556S,Guianan Lowlands province,16,0,0,0,0,0,0,0,0,0,0,0,0,1,0,0,0,0,0,0,0,1,0,0,0,0,0,3,root,21,4,0,0,,,4,2.170873,,,,,,,,,,,,,,,,,,,,
GF04004557S,Petit-Saut,Neotropical,Boreal Brazilian,Guianan Lowlands province,Moist forest,GF04004557S,Guianan Lowlands province,27,0,0,2,0,0,0,0,0,0,0,0,0,2,0,1,0,1,0,0,0,2,0,0,0,0,0,1,root,36,7,0,0,,,7,2.707747,,,,,,,,,,,,,,,,,,,,
GF04004558S,Petit-Saut,Neotropical,Boreal Brazilian,Guianan Lowlands province,Moist forest,GF04004558S,Guianan Lowlands province,34,0,0,2,0,0,0,0,0,0,1,0,0,1,0,0,0,0,0,0,1,3,0,0,0,1,0,1,root,44,8,0,0,,,8,2.593122,,,,,,,,,,,,,,,,,,,,
GF04004559S,Petit-Saut,Neotropical,Boreal Brazilian,Guianan Lowlands province,Moist forest,GF04004559S,Guianan Lowlands province,29,0,0,0,0,0,0,0,0,0,0,0,0,3,0,2,0,0,0,0,0,0,0,0,0,0,0,3,root,37,4,0,0,,,4,2.129879,,,,,,,,,,,,,,,,,,,,
GF04004560S,Petit-Saut,Neotropical,Boreal Brazilian,Guianan Lowlands province,Moist forest,GF04004560S,Guianan Lowlands province,43,0,0,0,4,0,0,0,0,0,0,0,0,3,0,2,0,0,0,0,0,0,0,0,0,0,0,2,root,54,5,0,0,,,5,2.179047,,,,,,,,,,,,,,,,,,,,
GF04004561S,Petit-Saut,Neotropical,Boreal Brazilian,Guianan Lowlands province,Moist forest,GF04004561S,Guianan Lowlands province,34,0,0,0,0,0,0,1,0,0,0,0,0,6,0,2,0,1,0,0,0,0,0,0,0,0,0,5,root,49,6,2.040816327,2.040816327,,,6,2.80959,,,,,,,,,,,,,,,,,,,,
GF04004562S,Régina,Neotropical,Boreal Brazilian,Guianan Lowlands province,Moist forest|Wet forest,GF04004562S,Guianan Lowlands province,27,0,0,0,0,0,0,0,0,0,2,0,0,3,0,5,0,0,0,0,0,0,0,0,0,0,0,0,root,37,4,0,0,,,4,2.367447,,,,,,,,,,,,,,,,,,,,
GF04004563S,Petit-Saut,Neotropical,Boreal Brazilian,Guianan Lowlands province,Moist forest,GF04004563S,Guianan Lowlands province,36,0,0,0,1,0,0,0,0,0,0,0,0,1,0,0,0,0,0,0,0,1,0,0,0,0,0,0,root,39,4,0,0,,,4,1.427176,,,,,,,,,,,,,,,,,,,,
GF04004564S,Petit-Saut,Neotropical,Boreal Brazilian,Guianan Lowlands province,Moist forest,GF04004564S,Guianan Lowlands province,23,0,0,2,5,0,0,0,0,0,0,0,0,1,0,0,0,6,0,0,0,1,0,0,0,1,0,0,root,39,7,0,0,,,7,3.657883,,,,,,,,,,,,,,,,,,,,
GF04004565S,Petit-Saut,Neotropical,Boreal Brazilian,Guianan Lowlands province,Moist forest,GF04004565S,Guianan Lowlands province,55,0,0,0,3,0,0,0,0,0,0,0,0,2,0,0,0,0,0,0,0,0,0,0,0,0,0,5,root,65,4,0,0,,,4,1.7999,,,,,,,,,,,,,,,,,,,,
GF04004566S,Petit-Saut,Neotropical,Boreal Brazilian,Guianan Lowlands province,Moist forest,GF04004566S,Guianan Lowlands province,15,0,0,1,3,0,0,0,0,1,0,0,0,3,0,2,0,2,0,0,0,4,0,0,0,0,0,2,root,33,9,0,0,,,9,5.881228,,,,,,,,,,,,,,,,,,,,
GF04004567S,Régina,Neotropical,Boreal Brazilian,Guianan Lowlands province,Moist forest|Wet forest,GF04004567S,Guianan Lowlands province,22,0,0,0,2,0,0,0,0,0,0,0,0,1,0,0,0,0,0,0,0,1,0,0,0,0,0,2,root,28,5,0,0,,,5,2.235595,,,,,,,,,,,,,,,,,,,,
GF04004568S,Régina,Neotropical,Boreal Brazilian,Guianan Lowlands province,Moist forest|Wet forest,GF04004568S,Guianan Lowlands province,6,0,0,1,0,0,0,2,0,0,0,0,0,6,0,3,0,3,0,0,0,1,0,0,0,1,0,0,root,23,8,8.695652174,8.695652174,,,8,6.384001,,,,,,,,,,,,,,,,,,,,
GF04004569S,Petit-Saut,Neotropical,Boreal Brazilian,Guianan Lowlands province,Moist forest,GF04004569S,Guianan Lowlands province,51,0,0,3,0,0,0,1,0,0,1,1,0,2,0,1,0,5,0,0,0,2,0,0,0,0,0,3,root,70,10,1.428571429,1.428571429,,,10,3.111623,,,,,,,,,,,,,,,,,,,,
GF04004570S,Petit-Saut,Neotropical,Boreal Brazilian,Guianan Lowlands province,Moist forest,GF04004570S,Guianan Lowlands province,34,0,0,1,3,0,0,0,0,0,0,0,0,2,0,0,0,4,0,0,0,4,0,0,0,0,0,2,root,50,7,0,0,,,7,3.224965,,,,,,,,,,,,,,,,,,,,
GF04004571S,Nouragues reserve,Neotropical,Boreal Brazilian,Guianan Lowlands province,Moist forest|Wet forest,GF04004571S,Guianan Lowlands province,19,0,0,0,4,0,0,0,0,0,0,0,0,1,0,1,0,0,0,0,0,2,0,0,0,0,0,0,root,27,5,0,0,,,5,2.630314,,,,,,,,,,,,,,,,,,,,
GF04004572S,Régina,Neotropical,Boreal Brazilian,Guianan Lowlands province,Moist forest|Wet forest,GF04004572S,Guianan Lowlands province,24,0,0,1,0,0,0,0,0,0,1,0,6,2,0,0,0,3,0,0,0,2,0,0,0,0,0,0,root,39,7,0,0,,,7,3.584361,,,,,,,,,,,,,,,,,,,,
GF04004573S,Petit-Saut,Neotropical,Boreal Brazilian,Guianan Lowlands province,Moist forest,GF04004573S,Guianan Lowlands province,34,0,0,0,6,0,0,0,0,0,0,0,0,4,0,4,0,0,0,0,0,1,0,0,0,0,0,1,root,50,6,0,0,,,6,2.93668,,,,,,,,,,,,,,,,,,,,
GF04004574S,Régina,Neotropical,Boreal Brazilian,Guianan Lowlands province,Moist forest|Wet forest,GF04004574S,Guianan Lowlands province,30,0,0,1,0,0,0,0,1,0,0,0,0,4,0,2,0,1,0,0,0,4,0,0,0,2,0,3,root,48,9,0,0,,,9,4.00674,,,,,,,,,,,,,,,,,,,,
GF04004575S,Saint-Georges,Neotropical,Boreal Brazilian,Guianan Lowlands province,Moist forest|Wet forest,GF04004575S,Guianan Lowlands province,8,0,0,1,0,0,0,0,0,0,0,0,0,3,0,0,0,3,0,0,0,4,0,0,0,2,0,0,root,21,6,0,0,,,6,4.994788,,,,,,,,,,,,,,,,,,,,
GF04004576S,Régina,Neotropical,Boreal Brazilian,Guianan Lowlands province,Moist forest|Wet forest,GF04004576S,Guianan Lowlands province,12,0,0,0,0,0,0,0,0,0,0,0,0,1,0,0,0,0,0,0,0,0,0,0,0,0,0,0,root,13,2,0,0,,,2,1.311523,,,,,,,,,,,,,,,,,,,,
GF04004577S,Nouragues reserve,Neotropical,Boreal Brazilian,Guianan Lowlands province,Moist forest|Wet forest,GF04004577S,Guianan Lowlands province,16,0,0,0,0,0,0,0,0,0,0,0,0,2,0,0,0,0,0,0,0,0,0,0,0,0,0,0,root,18,2,0,0,,,2,1.417411,,,,,,,,,,,,,,,,,,,,
GF04004578S,Régina,Neotropical,Boreal Brazilian,Guianan Lowlands province,Moist forest|Wet forest,GF04004578S,Guianan Lowlands province,12,0,0,2,0,0,0,0,0,0,0,0,1,0,0,0,0,0,0,0,0,2,0,0,0,1,0,1,root,19,6,0,0,,,6,3.418147,,,,,,,,,,,,,,,,,,,,
GF04004579S,Petit-Saut,Neotropical,Boreal Brazilian,Guianan Lowlands province,Moist forest,GF04004579S,Guianan Lowlands province,52,0,0,0,1,0,0,0,0,1,0,0,0,1,0,1,0,0,0,0,0,2,0,0,0,0,0,0,root,58,6,0,0,,,6,1.638936,,,,,,,,,,,,,,,,,,,,
GF04004580S,Petit-Saut,Neotropical,Boreal Brazilian,Guianan Lowlands province,Moist forest,GF04004580S,Guianan Lowlands province,22,0,0,1,0,0,0,1,0,0,0,0,0,1,0,0,0,1,0,0,0,0,0,0,0,0,0,1,root,27,6,3.703703704,3.703703704,,,6,2.175394,,,,,,,,,,,,,,,,,,,,
GF04004581S,Nouragues reserve,Neotropical,Boreal Brazilian,Guianan Lowlands province,Moist forest|Wet forest,GF04004581S,Guianan Lowlands province,26,0,0,0,1,0,0,0,0,0,0,0,0,0,0,0,0,0,0,0,0,2,0,0,0,0,0,2,root,31,4,0,0,,,4,1.844027,,,,,,,,,,,,,,,,,,,,
GF04004582S,Petit-Saut,Neotropical,Boreal Brazilian,Guianan Lowlands province,Moist forest,GF04004582S,Guianan Lowlands province,13,0,0,0,0,0,0,0,0,0,0,0,1,0,0,0,0,1,0,0,0,0,0,0,0,0,0,1,root,16,4,0,0,,,4,1.990861,,,,,,,,,,,,,,,,,,,,
GF04004583S,Régina,Neotropical,Boreal Brazilian,Guianan Lowlands province,Moist forest|Wet forest,GF04004583S,Guianan Lowlands province,24,0,0,0,2,0,0,0,0,0,1,1,1,4,0,1,0,2,0,0,0,1,0,0,0,0,0,3,root,40,10,0,0,,,10,4.444676,,,,,,,,,,,,,,,,,,,,
GF04004584S,Saint-Georges,Neotropical,Boreal Brazilian,Guianan Lowlands province,Moist forest|Wet forest,GF04004584S,Guianan Lowlands province,19,0,0,2,1,0,0,0,0,0,0,1,2,3,0,0,0,3,0,0,0,4,1,0,0,1,0,3,root,40,11,0,0,,,11,6.266005,,,,,,,,,,,,,,,,,,,,
GF04004585S,Petit-Saut,Neotropical,Boreal Brazilian,Guianan Lowlands province,Moist forest,GF04004585S,Guianan Lowlands province,25,0,0,0,1,0,0,0,0,0,0,0,0,0,0,1,0,0,0,0,0,1,0,0,0,0,0,0,root,28,4,0,0,,,4,1.581238,,,,,,,,,,,,,,,,,,,,
GF04004586S,Régina,Neotropical,Boreal Brazilian,Guianan Lowlands province,Moist forest|Wet forest,GF04004586S,Guianan Lowlands province,17,0,0,0,2,0,0,0,0,0,0,0,0,2,0,0,0,1,0,0,0,0,0,0,0,0,0,0,root,22,4,0,0,,,4,2.172144,,,,,,,,,,,,,,,,,,,,
GF04004587S,Régina,Neotropical,Boreal Brazilian,Guianan Lowlands province,Moist forest|Wet forest,GF04004587S,Guianan Lowlands province,24,0,0,0,0,0,0,1,0,0,0,0,0,0,0,1,0,0,0,0,0,2,0,0,0,0,0,2,root,30,5,3.333333333,3.333333333,,,5,2.151865,,,,,,,,,,,,,,,,,,,,
GF04004588S,Petit-Saut,Neotropical,Boreal Brazilian,Guianan Lowlands province,Moist forest,GF04004588S,Guianan Lowlands province,26,0,0,0,0,0,0,1,0,1,0,0,0,0,0,0,0,1,0,0,0,1,0,0,0,0,0,2,root,32,6,3.125,3.125,,,6,2.17105,,,,,,,,,,,,,,,,,,,,
GF04004589S,Petit-Saut,Neotropical,Boreal Brazilian,Guianan Lowlands province,Moist forest,GF04004589S,Guianan Lowlands province,13,0,0,1,0,0,0,0,0,0,1,0,0,3,0,0,0,1,0,0,0,2,0,0,0,1,0,0,root,22,7,0,0,,,7,3.906205,,,,,,,,,,,,,,,,,,,,
GF04004590S,Régina,Neotropical,Boreal Brazilian,Guianan Lowlands province,Moist forest|Wet forest,GF04004590S,Guianan Lowlands province,21,0,0,0,8,0,0,0,0,0,1,0,1,3,0,1,0,5,0,0,0,9,0,0,0,1,0,2,root,52,10,0,0,,,10,5.910482,,,,,,,,,,,,,,,,,,,,
GF04004591S,Petit-Saut,Neotropical,Boreal Brazilian,Guianan Lowlands province,Moist forest,GF04004591S,Guianan Lowlands province,13,0,0,0,0,0,0,0,0,0,0,0,0,1,0,0,0,1,0,0,0,1,0,0,0,0,0,2,root,18,5,0,0,,,5,2.614027,,,,,,,,,,,,,,,,,,,,
GF04004592S,Régina,Neotropical,Boreal Brazilian,Guianan Lowlands province,Moist forest|Wet forest,GF04004592S,Guianan Lowlands province,15,0,0,0,1,0,0,0,0,0,0,0,0,2,0,0,0,0,0,0,0,0,0,0,0,0,0,1,root,19,4,0,0,,,4,2.082443,,,,,,,,,,,,,,,,,,,,
GF04004593S,Régina,Neotropical,Boreal Brazilian,Guianan Lowlands province,Moist forest|Wet forest,GF04004593S,Guianan Lowlands province,3,0,0,0,0,0,0,0,0,0,0,0,0,0,0,0,0,0,0,0,0,0,0,0,0,0,0,1,root,4,2,0,0,,,2,1.754765,,,,,,,,,,,,,,,,,,,,
GF04004594S,Régina,Neotropical,Boreal Brazilian,Guianan Lowlands province,Moist forest|Wet forest,GF04004594S,Guianan Lowlands province,22,0,0,0,5,0,0,0,0,0,0,0,1,1,0,0,0,2,0,0,0,4,0,0,0,0,0,0,root,35,6,0,0,,,6,3.268873,,,,,,,,,,,,,,,,,,,,
GF04004595S,Régina,Neotropical,Boreal Brazilian,Guianan Lowlands province,Moist forest|Wet forest,GF04004595S,Guianan Lowlands province,7,0,0,0,0,0,0,0,0,0,0,0,1,0,0,0,0,1,0,0,0,1,0,0,0,0,0,0,root,10,4,0,0,,,4,2.561129,,,,,,,,,,,,,,,,,,,,
GF04004596S,Petit-Saut,Neotropical,Boreal Brazilian,Guianan Lowlands province,Moist forest,GF04004596S,Guianan Lowlands province,28,0,0,0,1,0,0,0,0,0,0,2,0,1,0,0,0,0,0,0,0,5,0,0,0,0,0,1,root,38,6,0,0,,,6,2.544739,,,,,,,,,,,,,,,,,,,,
GF04004597S,Régina,Neotropical,Boreal Brazilian,Guianan Lowlands province,Moist forest|Wet forest,GF04004597S,Guianan Lowlands province,8,0,0,2,0,0,0,0,0,0,0,0,0,1,0,1,0,0,0,0,0,1,0,0,0,1,0,1,root,15,7,0,0,,,7,4.511344,,,,,,,,,,,,,,,,,,,,
GF04004598S,Régina,Neotropical,Boreal Brazilian,Guianan Lowlands province,Moist forest|Wet forest,GF04004598S,Guianan Lowlands province,10,0,0,0,1,0,0,1,0,0,0,0,0,0,0,0,0,0,0,0,0,0,1,0,0,0,0,0,root,13,4,7.692307692,7.692307692,,,4,2.211631,,,,,,,,,,,,,,,,,,,,
GF04004599S,Régina,Neotropical,Boreal Brazilian,Guianan Lowlands province,Moist forest|Wet forest,GF04004599S,Guianan Lowlands province,34,0,0,0,4,0,0,0,0,0,0,0,0,0,0,0,0,1,0,0,2,0,0,0,0,0,0,2,root,43,5,0,0,,,5,2.180335,,,,,,,,,,,,,,,,,,,,
GF04004600S,Régina,Neotropical,Boreal Brazilian,Guianan Lowlands province,Moist forest|Wet forest,GF04004600S,Guianan Lowlands province,17,0,0,1,0,0,0,0,0,0,0,0,0,1,0,0,0,4,0,0,0,4,0,0,0,4,0,1,root,32,7,0,0,,,7,4.223782,,,,,,,,,,,,,,,,,,,,
GF04004601S,Régina,Neotropical,Boreal Brazilian,Guianan Lowlands province,Moist forest|Wet forest,GF04004601S,Guianan Lowlands province,14,0,0,0,1,0,0,0,0,0,0,0,0,2,0,0,0,0,0,0,0,0,0,0,0,0,0,1,root,18,4,0,0,,,4,2.139892,,,,,,,,,,,,,,,,,,,,
GF04004602S,Régina,Neotropical,Boreal Brazilian,Guianan Lowlands province,Moist forest|Wet forest,GF04004602S,Guianan Lowlands province,25,0,0,0,1,0,0,1,0,0,0,0,0,1,0,0,0,0,0,0,2,0,0,0,0,0,0,3,root,33,6,3.03030303,3.03030303,,,6,2.499479,,,,,,,,,,,,,,,,,,,,
GF04004603S,Régina,Neotropical,Boreal Brazilian,Guianan Lowlands province,Moist forest|Wet forest,GF04004603S,Guianan Lowlands province,20,0,0,0,1,0,0,0,0,0,0,0,0,1,0,0,0,0,0,0,0,2,0,0,0,0,0,0,root,24,4,0,0,,,4,1.866095,,,,,,,,,,,,,,,,,,,,
GF04004604S,Petit-Saut,Neotropical,Boreal Brazilian,Guianan Lowlands province,Moist forest,GF04004604S,Guianan Lowlands province,25,0,0,0,0,0,0,1,0,1,0,0,0,0,0,0,0,2,0,0,0,3,0,0,0,0,0,1,root,33,6,3.03030303,3.03030303,,,6,2.499479,,,,,,,,,,,,,,,,,,,,
GF04004605S,Petit-Saut,Neotropical,Boreal Brazilian,Guianan Lowlands province,Moist forest,GF04004605S,Guianan Lowlands province,22,0,0,2,0,0,0,0,0,0,0,0,0,3,0,1,0,4,0,0,0,2,0,0,0,0,0,0,root,34,6,0,0,,,6,3.269698,,,,,,,,,,,,,,,,,,,,
GF04004606S,Nouragues reserve,Neotropical,Boreal Brazilian,Guianan Lowlands province,Moist forest|Wet forest,GF04004606S,Guianan Lowlands province,15,0,0,0,1,0,0,0,0,0,0,0,0,0,0,0,0,1,0,0,0,1,0,0,0,0,0,1,root,19,5,0,0,,,5,2.240064,,,,,,,,,,,,,,,,,,,,
GF04004607S,Régina,Neotropical,Boreal Brazilian,Guianan Lowlands province,Moist forest|Wet forest,GF04004607S,Guianan Lowlands province,14,0,0,0,0,0,0,0,0,0,0,0,0,2,0,0,0,1,0,0,0,0,0,0,0,3,0,0,root,20,4,0,0,,,4,2.494992,,,,,,,,,,,,,,,,,,,,
GF04004608S,Régina,Neotropical,Boreal Brazilian,Guianan Lowlands province,Moist forest|Wet forest,GF04004608S,Guianan Lowlands province,2,0,0,0,0,0,0,0,0,0,0,0,0,1,0,0,0,0,0,0,0,1,0,0,0,1,0,1,root,6,5,0,0,,,5,4.762203,,,,,,,,,,,,,,,,,,,,
GF04004609S,Nouragues reserve,Neotropical,Boreal Brazilian,Guianan Lowlands province,Moist forest|Wet forest,GF04004609S,Guianan Lowlands province,22,0,0,0,0,0,0,0,0,0,0,0,0,1,0,0,0,0,0,0,0,1,0,0,0,0,0,0,root,24,3,0,0,,,3,1.411423,,,,,,,,,,,,,,,,,,,,
GF04004610S,Petit-Saut,Neotropical,Boreal Brazilian,Guianan Lowlands province,Moist forest,GF04004610S,Guianan Lowlands province,15,0,0,0,0,0,0,0,0,0,0,0,0,1,0,0,0,0,0,0,0,1,0,0,0,0,0,1,root,18,4,0,0,,,4,1.884501,,,,,,,,,,,,,,,,,,,,
GF04004611S,Régina,Neotropical,Boreal Brazilian,Guianan Lowlands province,Moist forest|Wet forest,GF04004611S,Guianan Lowlands province,12,0,0,0,0,0,0,0,0,0,0,0,0,0,0,0,0,0,0,0,0,0,0,0,0,0,0,0,root,12,1,0,0,,,1,1,,,,,,,,,,,,,,,,,,,,
GF04004612S,Régina,Neotropical,Boreal Brazilian,Guianan Lowlands province,Moist forest|Wet forest,GF04004612S,Guianan Lowlands province,9,0,0,0,0,0,0,0,0,1,0,0,0,1,0,0,0,0,0,0,2,0,0,0,0,0,0,0,root,13,4,0,0,,,4,2.552711,,,,,,,,,,,,,,,,,,,,
GF04007242S,"Ordway-Swisher Biological Station, Ashley Prairie, east side of Goose Lake across from classrooms, Melrose, FL 32666, Florida",N/A,N/A,N/A,Dry forest|Moist forest,GF04007242S,N/A,46,0,0,3,0,0,1,10,0,0,0,1,0,4,0,4,0,6,0,0,1,12,0,0,0,11,0,4,topsoil,103,12,9.708737864,9.708737864,,,12,6.409787,,,,,,,,,,,,,,,,,,,,
GF04007274S,"Ordway-Swisher Biological Station, Ashley Prairie, east side of Goose Lake across from classrooms, Melrose, FL 32666, Florida",N/A,N/A,N/A,Dry forest|Moist forest,GF04007274S,N/A,7,0,0,0,0,0,0,6,0,0,0,0,0,4,0,2,1,5,0,0,0,10,0,0,0,4,0,3,topsoil,42,9,14.28571429,14.28571429,,,9,7.706129,,,,,,,,,,,,,,,,,,,,
GF04007277S,"Ordway-Swisher Biological Station, northwest of Goose Lake, sampled from southeast side of Blue Pond, Melrose, FL 32666, Florida",N/A,N/A,N/A,Dry forest|Moist forest,GF04007277S,N/A,45,0,0,3,0,0,1,3,0,1,0,3,1,5,0,0,0,3,0,0,1,4,0,0,0,4,0,7,topsoil,81,13,3.703703704,3.703703704,,,13,5.542514,,,,,,,,,,,,,,,,,,,,
GF04007280S,"Ordway-Swisher Biological Station, northwest of Goose Lake, sampled from southeast side of Blue Pond, Melrose, FL 32666, Florida",N/A,N/A,N/A,Dry forest|Moist forest,GF04007280S,N/A,16,0,0,0,0,0,0,10,0,0,0,0,0,0,0,0,0,0,0,0,0,2,0,0,0,0,0,2,soil,30,4,33.33333333,33.33333333,,,4,2.893698,,,,,,,,,,,,,,,,,,,,
GF04007292S,"Ordway-Swisher Biological Station, Ashley Prairie, east side of Goose Lake across from classrooms, Melrose, FL 32666, Florida",N/A,N/A,N/A,Dry forest|Moist forest,GF04007292S,N/A,1,0,0,0,0,0,0,0,0,0,0,0,0,0,0,2,0,0,0,0,0,3,0,0,0,2,0,1,soil,9,5,0,0,,,5,4.585756,,,,,,,,,,,,,,,,,,,,
GF04007300S,"Ordway-Swisher Biological Station, Ashley Prairie, east side of Goose Lake across from classrooms, Melrose, FL 32666, Florida",N/A,N/A,N/A,Dry forest|Moist forest,GF04007300S,N/A,4,0,0,0,0,0,0,16,0,0,0,0,0,0,0,0,0,0,0,0,0,2,0,1,0,0,0,0,soil,23,4,69.56521739,69.56521739,,,4,2.472843,,,,,,,,,,,,,,,,,,,,
GF04007306S,"Ordway-Swisher Biological Station, northwest of Goose Lake, sampled from southeast side of Blue Pond, Melrose, FL 32666, Florida",N/A,N/A,N/A,Dry forest|Moist forest,GF04007306S,N/A,74,0,0,1,4,0,1,4,2,0,0,0,0,8,0,3,0,15,0,0,2,10,0,0,0,6,0,13,topsoil,143,13,2.797202797,2.797202797,,,13,5.730514,,,,,,,,,,,,,,,,,,,,
GF04007311S,"Ordway-Swisher Biological Station, Ashley Prairie, east side of Goose Lake across from classrooms, Melrose, FL 32666, Florida",N/A,N/A,N/A,Dry forest|Moist forest,GF04007311S,N/A,0,0,0,0,0,0,0,1,0,0,0,0,0,1,0,0,0,0,0,0,0,0,0,0,0,0,0,0,soil,2,2,50,50,,,2,2,,,,,,,,,,,,,,,,,,,,
GF04007312S,"Ordway-Swisher Biological Station, Ashley Prairie, east side of Goose Lake across from classrooms, Melrose, FL 32666, Florida",N/A,N/A,N/A,Dry forest|Moist forest,GF04007312S,N/A,21,0,0,0,0,0,1,15,0,0,0,0,0,1,0,1,0,0,0,0,0,6,0,0,0,2,0,2,soil,49,8,30.6122449,30.6122449,,,8,4.401949,,,,,,,,,,,,,,,,,,,,
GF04007320S,"Ordway-Swisher Biological Station, northwest of Goose Lake, sampled from southeast side of Blue Pond, Melrose, FL 32666, Florida",N/A,N/A,N/A,Dry forest|Moist forest,GF04007320S,N/A,30,0,0,0,0,0,1,3,0,0,0,0,0,1,0,1,0,0,0,0,1,2,0,0,0,2,0,4,soil,45,9,6.666666667,6.666666667,,,9,3.600661,,,,,,,,,,,,,,,,,,,,
GF04007325S,"Ordway-Swisher Biological Station, northwest of Goose Lake, sampled from southeast side of Blue Pond, Melrose, FL 32666, Florida",N/A,N/A,N/A,Dry forest|Moist forest,GF04007325S,N/A,1,0,0,0,0,0,0,0,0,0,0,0,0,0,0,0,0,0,0,0,0,1,0,0,0,2,0,0,topsoil,4,3,0,0,,,3,2.828427,,,,,,,,,,,,,,,,,,,,
GF04007330S,"Ordway-Swisher Biological Station, Ashley Prairie, east side of Goose Lake across from classrooms, Melrose, FL 32666, Florida",N/A,N/A,N/A,Dry forest|Moist forest,GF04007330S,N/A,62,0,0,8,0,0,1,17,0,0,0,2,0,10,0,2,0,4,0,0,0,9,0,0,0,8,0,7,topsoil,130,11,13.07692308,13.07692308,,,11,5.898985,,,,,,,,,,,,,,,,,,,,
GF04007339S,"Ordway-Swisher Biological Station, northwest of Goose Lake, sampled from southeast side of Blue Pond, Melrose, FL 32666, Florida",N/A,N/A,N/A,Dry forest|Moist forest,GF04007339S,N/A,1,0,0,0,0,0,0,9,0,0,0,0,0,0,0,0,0,0,0,0,0,0,0,0,0,0,0,0,soil,10,2,90,90,,,2,1.384145,,,,,,,,,,,,,,,,,,,,
GF04007342S,"Ordway-Swisher Biological Station, northwest of Goose Lake, sampled from southeast side of Blue Pond, Melrose, FL 32666, Florida",N/A,N/A,N/A,Dry forest|Moist forest,GF04007342S,N/A,28,0,0,0,0,0,0,11,0,0,0,0,0,3,0,0,0,2,0,0,0,6,0,0,0,2,0,10,topsoil,62,7,17.74193548,17.74193548,,,7,4.731187,,,,,,,,,,,,,,,,,,,,
GF04007350S,"Ordway-Swisher Biological Station, northwest of Goose Lake, sampled from southeast side of Blue Pond, Melrose, FL 32666, Florida",N/A,N/A,N/A,Dry forest|Moist forest,GF04007350S,N/A,32,0,0,1,0,0,0,7,0,0,0,3,1,1,0,1,0,1,0,0,0,9,0,0,0,2,0,11,topsoil,69,11,10.14492754,10.14492754,,,11,5.433986,,,,,,,,,,,,,,,,,,,,
GF04007351S,"Ordway-Swisher Biological Station, northwest of Goose Lake, sampled from southeast side of Blue Pond, Melrose, FL 32666, Florida",N/A,N/A,N/A,Dry forest|Moist forest,GF04007351S,N/A,0,0,0,0,0,0,0,1,0,0,0,0,0,1,0,0,3,0,0,0,0,1,0,0,0,2,0,0,soil,8,5,12.5,12.5,,,5,4.45566,,,,,,,,,,,,,,,,,,,,
GF04007354S,"Cuieras, Amazonia",Neotropical,Boreal Brazilian,Roraima province,Moist forest,GF04007354S,Roraima province,43,0,0,0,0,0,0,0,0,0,1,1,2,13,0,0,0,5,0,0,0,4,1,0,0,1,0,7,litter,78,10,0,0,,,10,4.432962,,,,,,,,,,,,,,,,,,,,
GF04007355S,"Benjamin Constant, Amazonia",Neotropical,South Brazilian,Rondonia province,Moist forest,GF04007355S,Rondonia province,28,0,0,4,0,0,0,1,0,0,1,0,0,3,0,7,0,13,0,0,0,9,0,0,0,7,0,5,litter,78,10,1.282051282,1.282051282,,,10,6.778352,,,,,,,,,,,,,,,,,,,,
GF04007356S,"Caxiuana, Amazonia",Neotropical,South-eastern Amazonian,Xingu-Tapajos province,Moist forest,GF04007356S,Xingu-Tapajos province,16,0,0,0,0,0,0,0,0,0,0,0,0,0,0,0,0,0,0,0,0,1,0,0,0,0,0,1,soil,18,3,0,0,,,3,1.530889,,,,,,,,,,,,,,,,,,,,
GF04007357S,"Caxiuana, Amazonia",Neotropical,South-eastern Amazonian,Xingu-Tapajos province,Moist forest,GF04007357S,Xingu-Tapajos province,10,0,0,2,0,0,0,0,0,0,0,0,0,1,0,13,1,4,0,0,0,6,0,0,0,9,0,1,litter,47,9,0,0,,,9,6.384182,,,,,,,,,,,,,,,,,,,,
GF04007358S,"Caxiuana, Amazonia",Neotropical,South-eastern Amazonian,Xingu-Tapajos province,Moist forest,GF04007358S,Xingu-Tapajos province,2,0,0,0,0,0,0,0,0,0,0,0,0,1,0,4,0,0,0,0,0,9,0,0,0,3,0,1,soil,20,6,0,0,,,6,4.462083,,,,,,,,,,,,,,,,,,,,
GF04007359S,"Cuieras, Amazonia",Neotropical,Boreal Brazilian,Roraima province,Moist forest,GF04007359S,Roraima province,31,0,0,1,0,0,0,1,0,1,0,0,0,8,0,2,0,6,0,0,0,0,1,0,0,10,0,0,litter,61,9,1.639344262,1.639344262,,,9,4.556621,,,,,,,,,,,,,,,,,,,,
GF04007360S,"Benjamin Constant, Amazonia",Neotropical,South Brazilian,Rondonia province,Moist forest,GF04007360S,Rondonia province,17,0,0,8,0,0,0,0,0,0,1,0,3,2,0,5,0,1,0,0,0,2,0,0,0,10,0,8,litter,57,10,0,0,,,10,7.118879,,,,,,,,,,,,,,,,,,,,
GF04007361S,"Benjamin Constant, Amazonia",Neotropical,South Brazilian,Rondonia province,Moist forest,GF04007361S,Rondonia province,56,0,0,4,3,0,0,5,0,0,1,0,0,8,0,2,0,5,0,0,0,15,0,0,0,1,0,21,soil,121,11,4.132231405,4.132231405,,,11,5.549471,,,,,,,,,,,,,,,,,,,,
GF04007362S,"Jaú, Amazonia",Neotropical,Boreal Brazilian,Imeri province,Moist forest,GF04007362S,Imeri province,41,0,0,2,0,0,0,0,0,1,1,0,0,14,0,1,0,17,0,0,0,1,1,0,0,2,0,6,litter,87,11,0,0,,,11,4.865177,,,,,,,,,,,,,,,,,,,,
GF04007363S,"Caxiuana, Amazonia",Neotropical,South-eastern Amazonian,Xingu-Tapajos province,Moist forest,GF04007363S,Xingu-Tapajos province,9,0,0,1,0,0,0,0,0,0,3,0,0,8,0,13,2,10,0,0,0,5,0,0,0,13,0,5,litter,69,10,0,0,,,10,8.207906,,,,,,,,,,,,,,,,,,,,
GF04007364S,"Caxiuana, Amazonia",Neotropical,South-eastern Amazonian,Xingu-Tapajos province,Moist forest,GF04007364S,Xingu-Tapajos province,10,0,0,0,0,0,0,0,0,0,0,0,0,0,0,1,0,0,0,0,0,0,0,0,0,2,0,9,soil,22,4,0,0,,,4,2.952153,,,,,,,,,,,,,,,,,,,,
GF04007365S,"Cuieras, Amazonia",Neotropical,Boreal Brazilian,Roraima province,Moist forest,GF04007365S,Roraima province,30,0,0,0,0,0,0,0,0,0,1,0,1,1,0,0,0,0,0,0,0,5,0,0,0,7,0,7,litter,52,7,0,0,,,7,3.707515,,,,,,,,,,,,,,,,,,,,
GF04007366S,"Caxiuana, Amazonia",Neotropical,South-eastern Amazonian,Xingu-Tapajos province,Moist forest,GF04007366S,Xingu-Tapajos province,4,0,0,0,0,0,0,0,0,0,0,0,0,1,0,12,4,7,0,0,0,4,0,0,0,10,0,0,litter,42,7,0,0,,,7,5.806972,,,,,,,,,,,,,,,,,,,,
GF04007367S,"Benjamin Constant, Amazonia",Neotropical,South Brazilian,Rondonia province,Moist forest,GF04007367S,Rondonia province,26,0,0,1,0,0,0,1,0,1,0,0,0,2,0,1,0,0,0,0,1,1,0,0,0,2,0,0,litter,36,9,2.777777778,2.777777778,,,9,3.169053,,,,,,,,,,,,,,,,,,,,
GF04007368S,"Cuieras, Amazonia",Neotropical,Boreal Brazilian,Roraima province,Moist forest,GF04007368S,Roraima province,23,0,0,2,0,0,0,0,0,1,0,0,0,7,0,1,0,10,0,0,0,0,0,0,0,3,0,6,litter,53,8,0,0,,,8,5.088413,,,,,,,,,,,,,,,,,,,,
GF04007369S,"Cuieras, Amazonia",Neotropical,Boreal Brazilian,Roraima province,Moist forest,GF04007369S,Roraima province,11,0,0,0,0,0,0,0,0,0,0,0,0,0,0,1,0,2,0,0,0,0,0,0,0,7,0,1,soil,22,5,0,0,,,5,3.353244,,,,,,,,,,,,,,,,,,,,
GF04007370S,"Jaú, Amazonia",Neotropical,Boreal Brazilian,Imeri province,Moist forest,GF04007370S,Imeri province,7,0,0,0,0,0,0,0,0,0,0,0,0,0,0,0,0,0,0,0,0,3,0,0,0,7,0,0,soil,17,3,0,0,,,3,2.820252,,,,,,,,,,,,,,,,,,,,
GF04007371S,"Jaú, Amazonia",Neotropical,Boreal Brazilian,Imeri province,Moist forest,GF04007371S,Imeri province,11,0,0,0,0,0,0,0,0,0,0,0,0,3,0,4,0,0,0,0,0,3,0,0,0,17,0,6,litter,44,6,0,0,,,6,4.806152,,,,,,,,,,,,,,,,,,,,
GF04007372S,"Benjamin Constant, Amazonia",Neotropical,South Brazilian,Rondonia province,Moist forest,GF04007372S,Rondonia province,9,0,0,4,0,0,0,0,0,0,1,0,0,0,0,12,0,5,0,0,0,4,0,0,0,4,0,7,litter,46,8,0,0,,,8,6.806074,,,,,,,,,,,,,,,,,,,,
GF04007373S,"Caxiuana, Amazonia",Neotropical,South-eastern Amazonian,Xingu-Tapajos province,Moist forest,GF04007373S,Xingu-Tapajos province,12,0,0,1,0,0,0,0,1,0,0,0,0,4,0,12,2,3,0,0,0,9,0,0,0,12,0,4,litter,60,10,0,0,,,10,7.470352,,,,,,,,,,,,,,,,,,,,
GF04007374S,"Jaú, Amazonia",Neotropical,Boreal Brazilian,Roraima province,Moist forest,GF04007374S,Roraima province,12,0,0,0,0,0,0,0,0,0,0,0,0,0,0,1,0,0,0,0,0,1,0,0,0,2,0,0,soil,16,4,0,0,,,4,2.275649,,,,,,,,,,,,,,,,,,,,
GF04007375S,"Benjamin Constant, Amazonia",Neotropical,South Brazilian,Rondonia province,Moist forest,GF04007375S,Rondonia province,5,0,0,2,0,0,0,0,0,0,0,0,0,0,0,1,0,1,0,0,0,0,0,0,0,7,0,4,soil,20,6,0,0,,,6,4.786171,,,,,,,,,,,,,,,,,,,,
GF04007376S,"Benjamin Constant, Amazonia",Neotropical,South Brazilian,Rondonia province,Moist forest,GF04007376S,Rondonia province,11,0,0,2,0,0,0,0,0,0,1,0,1,3,0,3,0,1,0,0,0,1,0,0,0,4,0,15,litter,42,10,0,0,,,10,6.175001,,,,,,,,,,,,,,,,,,,,
GF04007377S,"Benjamin Constant, Amazonia",Neotropical,South Brazilian,Rondonia province,Moist forest,GF04007377S,Rondonia province,21,0,0,0,0,0,0,2,0,0,0,0,0,0,0,0,0,0,0,0,0,1,0,0,0,7,0,2,soil,33,5,6.060606061,6.060606061,,,5,2.89301,,,,,,,,,,,,,,,,,,,,
GF04007378S,"Jaú, Amazonia",Neotropical,Boreal Brazilian,Imeri province,Moist forest,GF04007378S,Imeri province,9,0,0,3,0,0,0,0,0,0,1,0,0,4,0,2,0,0,0,0,0,8,0,0,0,8,0,2,soil,37,8,0,0,,,8,6.445349,,,,,,,,,,,,,,,,,,,,
GF04007379S,"Benjamin Constant, Amazonia",Neotropical,South Brazilian,Rondonia province,Moist forest,GF04007379S,Rondonia province,9,0,0,2,0,0,1,0,0,0,1,0,0,2,0,4,0,7,0,0,0,3,0,0,0,7,0,5,litter,41,10,0,0,,,10,8.06284,,,,,,,,,,,,,,,,,,,,
GF04007380S,"Caxiuana, Amazonia",Neotropical,South-eastern Amazonian,Xingu-Tapajos province,Moist forest,GF04007380S,Xingu-Tapajos province,7,0,0,1,0,0,0,0,0,0,0,0,0,1,0,1,0,2,0,0,0,12,0,0,0,1,0,2,soil,27,8,0,0,,,8,4.875634,,,,,,,,,,,,,,,,,,,,
GF04007381S,"Caxiuana, Amazonia",Neotropical,South-eastern Amazonian,Xingu-Tapajos province,Moist forest,GF04007381S,Xingu-Tapajos province,7,0,1,2,0,0,0,1,0,0,0,0,0,2,0,1,0,2,0,0,0,3,0,0,0,2,0,2,soil,23,10,4.347826087,4.347826087,,,10,8.154705,,,,,,,,,,,,,,,,,,,,
GF04007382S,"Benjamin Constant, Amazonia",Neotropical,South Brazilian,Rondonia province,Moist forest,GF04007382S,Rondonia province,4,0,0,0,0,0,0,0,0,0,0,0,0,1,0,0,0,2,0,0,0,1,0,0,0,11,0,3,soil,22,6,0,0,,,6,4.167087,,,,,,,,,,,,,,,,,,,,
GF04007383S,"Caxiuana, Amazonia",Neotropical,South-eastern Amazonian,Xingu-Tapajos province,Moist forest,GF04007383S,Xingu-Tapajos province,19,0,0,1,0,0,0,0,0,1,0,0,0,1,0,0,0,0,0,0,2,2,0,0,0,4,0,1,soil,31,8,0,0,,,8,3.900154,,,,,,,,,,,,,,,,,,,,
GF04007384S,"Cuieras, Amazonia",Neotropical,Boreal Brazilian,Roraima province,Moist forest,GF04007384S,Roraima province,59,0,0,2,0,0,0,2,0,0,1,0,0,8,0,3,0,9,0,0,0,13,0,0,0,2,0,9,soil,108,10,1.851851852,1.851851852,,,10,4.742582,,,,,,,,,,,,,,,,,,,,
GF04007385S,"Cuieras, Amazonia",Neotropical,Boreal Brazilian,Roraima province,Moist forest,GF04007385S,Roraima province,20,0,0,0,0,0,0,2,0,0,0,0,0,0,0,1,0,1,0,0,0,1,0,0,0,0,0,0,soil,25,5,8,8,,,5,2.152948,,,,,,,,,,,,,,,,,,,,
GF04007386S,"Cuieras, Amazonia",Neotropical,Boreal Brazilian,Roraima province,Moist forest,GF04007386S,Roraima province,16,0,0,0,0,0,0,0,0,0,0,0,0,3,0,0,0,7,0,0,0,0,0,0,0,4,0,2,litter,32,5,0,0,,,5,3.796844,,,,,,,,,,,,,,,,,,,,
GF04007387S,"Jaú, Amazonia",Neotropical,Boreal Brazilian,Imeri province,Moist forest,GF04007387S,Imeri province,29,0,0,3,0,0,0,0,0,0,1,0,1,10,0,0,0,19,0,0,0,0,1,0,0,2,0,8,litter,74,9,0,0,,,9,5.099833,,,,,,,,,,,,,,,,,,,,
GF04007388S,"Caxiuana, Amazonia",Neotropical,South-eastern Amazonian,Xingu-Tapajos province,Moist forest,GF04007388S,Xingu-Tapajos province,7,0,0,0,0,0,0,0,0,0,1,0,0,1,0,8,0,3,0,0,0,0,0,0,0,13,0,8,litter,41,7,0,0,,,7,5.345159,,,,,,,,,,,,,,,,,,,,
GF04007389S,"Cuieras, Amazonia",Neotropical,Boreal Brazilian,Roraima province,Moist forest,GF04007389S,Roraima province,2,0,0,1,0,0,0,0,0,0,0,0,0,1,0,0,0,1,0,0,0,4,0,0,0,0,0,0,soil,9,5,0,0,,,5,4.166436,,,,,,,,,,,,,,,,,,,,
GF04007390S,"Benjamin Constant, Amazonia",Neotropical,South Brazilian,Rondonia province,Moist forest,GF04007390S,Rondonia province,7,0,0,0,0,0,0,0,0,0,0,0,0,1,0,0,0,1,0,0,0,0,0,0,0,12,0,4,soil,25,5,0,0,,,5,3.523514,,,,,,,,,,,,,,,,,,,,
GF04007391S,"Jaú, Amazonia",Neotropical,Boreal Brazilian,Imeri province,Moist forest,GF04007391S,Imeri province,8,0,0,0,0,0,0,0,0,0,1,0,0,1,0,0,0,3,0,0,0,1,0,0,0,2,0,0,soil,16,6,0,0,,,6,4.221687,,,,,,,,,,,,,,,,,,,,
GF04007392S,"Caxiuana, Amazonia",Neotropical,South-eastern Amazonian,Xingu-Tapajos province,Moist forest,GF04007392S,Xingu-Tapajos province,2,0,0,0,0,0,0,0,0,0,2,0,0,1,0,3,0,10,0,0,0,2,0,0,0,10,0,2,litter,32,8,0,0,,,8,5.756551,,,,,,,,,,,,,,,,,,,,
GF04007393S,"Jaú, Amazonia",Neotropical,Boreal Brazilian,Imeri province,Moist forest,GF04007393S,Imeri province,17,0,0,0,0,0,0,0,0,0,0,0,0,2,0,2,0,1,0,0,0,4,0,0,0,7,0,1,litter,34,7,0,0,,,7,4.325316,,,,,,,,,,,,,,,,,,,,
GF04007394S,"Cuieras, Amazonia",Neotropical,Boreal Brazilian,Roraima province,Moist forest,GF04007394S,Roraima province,27,0,1,0,0,0,0,0,0,1,0,1,0,5,0,0,0,3,0,0,0,1,0,0,0,4,0,4,litter,47,9,0,0,,,9,4.390699,,,,,,,,,,,,,,,,,,,,
GF04007395S,"Cuieras, Amazonia",Neotropical,Boreal Brazilian,Roraima province,Moist forest,GF04007395S,Roraima province,25,0,0,0,0,0,0,0,0,0,0,0,2,4,0,3,0,1,0,0,0,1,0,0,0,5,0,5,litter,46,8,0,0,,,8,4.513359,,,,,,,,,,,,,,,,,,,,
GF04007396S,"Caxiuana, Amazonia",Neotropical,South-eastern Amazonian,Xingu-Tapajos province,Moist forest,GF04007396S,Xingu-Tapajos province,6,0,0,1,0,0,0,0,0,0,0,0,0,0,0,1,0,0,0,0,0,4,0,0,0,1,0,2,soil,15,6,0,0,,,6,4.614707,,,,,,,,,,,,,,,,,,,,
GF04007397S,"Jaú, Amazonia",Neotropical,Boreal Brazilian,Imeri province,Moist forest,GF04007397S,Imeri province,4,0,0,0,0,0,0,0,0,0,0,0,0,0,0,0,0,0,0,0,0,2,0,0,0,16,0,3,litter,25,4,0,0,,,4,2.816026,,,,,,,,,,,,,,,,,,,,
GF04007398S,"Cuieras, Amazonia",Neotropical,Boreal Brazilian,Roraima province,Moist forest,GF04007398S,Roraima province,9,0,0,0,0,0,0,0,0,0,0,0,0,0,0,0,0,1,0,0,0,0,0,0,0,5,0,0,soil,15,3,0,0,,,3,2.347231,,,,,,,,,,,,,,,,,,,,
GF04007399S,"Benjamin Constant, Amazonia",Neotropical,South Brazilian,Rondonia province,Moist forest,GF04007399S,Rondonia province,25,0,0,6,0,0,0,0,0,0,1,0,0,8,0,8,0,17,0,0,0,8,0,0,0,15,0,14,litter,102,9,0,0,,,9,7.453519,,,,,,,,,,,,,,,,,,,,
GF04007400S,"Caxiuana, Amazonia",Neotropical,South-eastern Amazonian,Xingu-Tapajos province,Moist forest,GF04007400S,Xingu-Tapajos province,6,0,0,1,0,0,0,0,0,0,0,0,0,2,0,13,1,1,0,0,0,9,0,0,0,7,0,1,litter,41,9,0,0,,,9,5.987827,,,,,,,,,,,,,,,,,,,,
GF04007401S,"Jaú, Amazonia",Neotropical,Boreal Brazilian,Imeri province,Moist forest,GF04007401S,Imeri province,2,0,0,0,0,0,0,0,0,0,0,0,0,0,0,4,0,0,0,0,0,3,0,0,0,16,0,1,litter,26,5,0,0,,,5,3.185248,,,,,,,,,,,,,,,,,,,,
GF04007402S,"Cuieras, Amazonia",Neotropical,Boreal Brazilian,Roraima province,Moist forest,GF04007402S,Roraima province,14,0,0,0,0,0,0,0,0,0,0,0,0,0,0,0,0,0,0,0,0,1,0,0,0,1,0,3,soil,19,4,0,0,,,4,2.28509,,,,,,,,,,,,,,,,,,,,
GF04007403S,"Jaú, Amazonia",Neotropical,Boreal Brazilian,Imeri province,Moist forest,GF04007403S,Imeri province,2,0,0,0,0,0,0,0,0,0,0,0,0,0,0,2,0,0,0,0,0,3,0,0,0,13,0,0,soil,20,4,0,0,,,4,2.787357,,,,,,,,,,,,,,,,,,,,
GF04007404S,"Caxiuana, Amazonia",Neotropical,South-eastern Amazonian,Xingu-Tapajos province,Moist forest,GF04007404S,Xingu-Tapajos province,5,0,0,0,0,0,0,0,0,0,0,0,0,0,0,1,0,1,0,0,0,1,0,0,0,0,0,0,soil,8,4,0,0,,,4,2.925727,,,,,,,,,,,,,,,,,,,,
GF04007405S,"Benjamin Constant, Amazonia",Neotropical,South Brazilian,Rondonia province,Moist forest,GF04007405S,Rondonia province,3,0,0,2,0,0,0,0,0,0,0,0,0,1,0,0,0,1,0,0,0,0,0,0,0,10,0,1,soil,18,6,0,0,,,6,3.861437,,,,,,,,,,,,,,,,,,,,
GF04007406S,"Caxiuana, Amazonia",Neotropical,South-eastern Amazonian,Xingu-Tapajos province,Moist forest,GF04007406S,Xingu-Tapajos province,2,0,0,0,0,0,0,0,0,0,0,0,0,0,0,3,0,0,0,0,0,2,1,0,0,7,0,4,soil,19,6,0,0,,,6,5.03434,,,,,,,,,,,,,,,,,,,,
GF04007407S,"Caxiuana, Amazonia",Neotropical,South-eastern Amazonian,Xingu-Tapajos province,Moist forest,GF04007407S,Xingu-Tapajos province,31,0,0,0,0,0,0,0,0,1,0,0,0,1,0,0,0,7,0,0,0,0,0,0,0,7,0,4,litter,51,6,0,0,,,6,3.325432,,,,,,,,,,,,,,,,,,,,
GF04007408S,"Caxiuana, Amazonia",Neotropical,South-eastern Amazonian,Xingu-Tapajos province,Moist forest,GF04007408S,Xingu-Tapajos province,24,0,0,3,0,0,0,0,0,0,0,0,0,2,0,1,0,0,0,0,0,3,0,0,0,5,0,5,soil,43,7,0,0,,,7,4.168601,,,,,,,,,,,,,,,,,,,,
GF04007409S,"Jaú, Amazonia",Neotropical,Boreal Brazilian,Imeri province,Moist forest,GF04007409S,Imeri province,16,0,0,0,0,0,0,0,0,0,0,0,0,0,0,0,0,1,0,0,0,0,0,0,0,1,0,0,soil,18,3,0,0,,,3,1.530889,,,,,,,,,,,,,,,,,,,,
GF04007410S,"Jaú, Amazonia",Neotropical,Boreal Brazilian,Imeri province,Moist forest,GF04007410S,Imeri province,3,0,0,1,0,0,0,0,0,0,0,0,0,1,0,1,0,0,0,0,0,2,0,0,0,7,0,1,soil,16,7,0,0,,,7,5.096835,,,,,,,,,,,,,,,,,,,,
GF04007411S,"Caxiuana, Amazonia",Neotropical,South-eastern Amazonian,Xingu-Tapajos province,Moist forest,GF04007411S,Xingu-Tapajos province,5,0,0,1,0,0,0,0,1,0,0,0,0,2,0,7,4,9,0,0,0,2,0,0,0,8,0,5,litter,44,10,0,0,,,10,8.103361,,,,,,,,,,,,,,,,,,,,
GF04007412S,"Cuieras, Amazonia",Neotropical,Boreal Brazilian,Roraima province,Moist forest,GF04007412S,Roraima province,0,0,0,0,0,0,0,0,0,0,0,0,0,0,0,1,0,2,0,0,0,0,0,0,0,2,0,1,soil,6,4,0,0,,,4,3.779763,,,,,,,,,,,,,,,,,,,,
GF04007413S,"Jaú, Amazonia",Neotropical,Boreal Brazilian,Roraima province,Moist forest,GF04007413S,Roraima province,18,0,0,0,0,0,0,0,0,0,0,0,0,1,0,0,0,2,0,0,0,4,0,0,0,9,0,4,litter,38,6,0,0,,,6,4.136022,,,,,,,,,,,,,,,,,,,,
GF04007414S,"Jaú, Amazonia",Neotropical,Boreal Brazilian,Imeri province,Moist forest,GF04007414S,Imeri province,2,0,0,1,0,0,0,0,0,0,0,0,0,2,0,1,0,0,0,0,1,11,0,0,0,3,0,0,litter,21,7,0,0,,,7,4.479491,,,,,,,,,,,,,,,,,,,,
GF04007415S,"Cuieras, Amazonia",Neotropical,Boreal Brazilian,Roraima province,Moist forest,GF04007415S,Roraima province,23,0,0,2,0,0,0,0,1,1,0,0,0,1,0,4,0,2,0,0,0,4,0,0,0,13,0,6,litter,57,10,0,0,,,10,5.81853,,,,,,,,,,,,,,,,,,,,
GF04007416S,"Benjamin Constant, Amazonia",Neotropical,South Brazilian,Rondonia province,Moist forest,GF04007416S,Rondonia province,14,0,0,0,0,0,0,0,0,0,1,0,0,1,0,10,0,7,0,0,0,6,0,0,0,4,0,6,litter,49,8,0,0,,,8,6.283558,,,,,,,,,,,,,,,,,,,,
GF04007417S,"Caxiuana, Amazonia",Neotropical,South-eastern Amazonian,Xingu-Tapajos province,Moist forest,GF04007417S,Xingu-Tapajos province,17,0,0,0,0,0,0,0,0,0,0,0,0,1,0,0,0,0,0,0,0,5,0,0,0,0,0,0,soil,23,3,0,0,,,3,1.996713,,,,,,,,,,,,,,,,,,,,
GF04007418S,"Jaú, Amazonia",Neotropical,Boreal Brazilian,Imeri province,Moist forest,GF04007418S,Imeri province,5,0,0,3,0,0,0,0,0,0,0,0,0,5,0,5,0,2,0,0,0,10,0,0,0,5,0,1,litter,36,8,0,0,,,8,6.819053,,,,,,,,,,,,,,,,,,,,
GF04007419S,"Caxiuana, Amazonia",Neotropical,South-eastern Amazonian,Xingu-Tapajos province,Moist forest,GF04007419S,Xingu-Tapajos province,6,0,0,1,0,0,0,0,1,0,0,0,0,1,0,11,2,2,0,0,1,11,0,0,0,15,0,6,litter,57,11,0,0,,,11,7.235856,,,,,,,,,,,,,,,,,,,,
GF04007420S,"Caxiuana, Amazonia",Neotropical,South-eastern Amazonian,Xingu-Tapajos province,Moist forest,GF04007420S,Xingu-Tapajos province,7,0,0,0,0,0,0,1,0,0,0,0,0,0,0,0,0,0,0,0,0,0,0,0,0,0,0,2,soil,10,3,10,10,,,3,2.229592,,,,,,,,,,,,,,,,,,,,
GF04007421S,"Caxiuana, Amazonia",Neotropical,South-eastern Amazonian,Xingu-Tapajos province,Moist forest,GF04007421S,Xingu-Tapajos province,2,0,0,1,0,0,0,0,0,0,0,0,0,4,0,7,2,0,0,0,0,6,0,0,0,10,0,2,litter,34,8,0,0,,,8,6.340101,,,,,,,,,,,,,,,,,,,,
GF04007422S,"Benjamin Constant, Amazonia",Neotropical,South Brazilian,Rondonia province,Moist forest,GF04007422S,Rondonia province,4,0,0,3,0,0,0,0,0,0,0,0,0,0,0,2,0,2,0,0,0,5,0,0,0,4,0,2,soil,22,7,0,0,,,7,6.568616,,,,,,,,,,,,,,,,,,,,
GF04007423S,"Jaú, Amazonia",Neotropical,Boreal Brazilian,Imeri province,Moist forest,GF04007423S,Imeri province,6,0,0,1,0,0,0,0,0,0,0,0,0,0,0,1,0,0,0,0,0,0,0,0,0,3,0,2,soil,13,5,0,0,,,5,3.966244,,,,,,,,,,,,,,,,,,,,
GF04007424S,"Benjamin Constant, Amazonia",Neotropical,South Brazilian,Rondonia province,Moist forest,GF04007424S,Rondonia province,4,0,0,1,0,0,0,0,0,0,0,0,0,0,0,1,0,1,0,0,0,4,0,0,0,19,0,2,soil,32,7,0,0,,,7,3.771904,,,,,,,,,,,,,,,,,,,,
GF04007425S,"Benjamin Constant, Amazonia",Neotropical,South Brazilian,Rondonia province,Moist forest,GF04007425S,Rondonia province,24,0,0,5,0,0,0,1,0,0,0,0,0,0,0,8,0,2,0,0,0,4,0,0,0,3,0,6,litter,53,8,1.886792453,1.886792453,,,8,5.310323,,,,,,,,,,,,,,,,,,,,
GF04007426S,"Caxiuana, Amazonia",Neotropical,South-eastern Amazonian,Xingu-Tapajos province,Moist forest,GF04007426S,Xingu-Tapajos province,0,0,0,0,0,0,0,0,0,0,0,0,0,0,0,4,1,1,0,0,0,2,0,0,0,0,0,0,litter,8,4,0,0,,,4,3.363586,,,,,,,,,,,,,,,,,,,,
GF04007427S,"Jaú, Amazonia",Neotropical,Boreal Brazilian,Imeri province,Moist forest,GF04007427S,Imeri province,0,0,0,0,0,0,0,0,0,0,0,0,0,0,0,0,0,0,0,0,0,0,0,0,0,2,0,0,soil,2,1,0,0,,,1,1,,,,,,,,,,,,,,,,,,,,
GF04007428S,"Benjamin Constant, Amazonia",Neotropical,South Brazilian,Rondonia province,Moist forest,GF04007428S,Rondonia province,6,0,0,0,0,0,0,0,0,1,0,0,0,0,0,0,0,1,0,0,0,1,0,0,0,3,0,0,soil,12,5,0,0,,,5,3.722419,,,,,,,,,,,,,,,,,,,,
GF04007429S,"Cuieras, Amazonia",Neotropical,Boreal Brazilian,Roraima province,Moist forest,GF04007429S,Roraima province,13,0,0,0,0,0,0,0,0,0,0,0,0,0,0,0,0,1,0,0,0,0,0,0,0,1,0,0,soil,15,3,0,0,,,3,1.624328,,,,,,,,,,,,,,,,,,,,
GF04007501S,"Arequipa, Chili River",Neotropical,South American Transition Zone,Desert province,Desert,GF04007501S,Desert province,11,0,0,0,0,0,0,0,0,0,0,0,0,2,0,0,0,14,0,0,0,2,0,0,0,2,0,2,soil,33,6,0,0,,,6,4.094208,,,,,,,,,,,,,,,,,,,,
GF04007502S,"Arequipa, Bajo Cural",Neotropical,South American Transition Zone,Desert province,Desert,GF04007502S,Desert province,19,0,0,0,0,0,1,0,0,0,0,0,0,0,0,0,0,7,0,0,0,5,0,0,0,1,0,2,soil,35,6,0,0,,,6,3.662801,,,,,,,,,,,,,,,,,,,,
GF04007503S,"Arequipa, Chili River",Neotropical,South American Transition Zone,Desert province,Desert,GF04007503S,Desert province,13,0,0,0,0,0,0,0,0,0,0,0,0,1,0,0,0,7,0,0,0,1,0,0,0,2,0,2,soil,26,6,0,0,,,6,3.838513,,,,,,,,,,,,,,,,,,,,
GF04007504S,"Arequipa, Zamacola",Neotropical,South American Transition Zone,Desert province,Desert,GF04007504S,Desert province,18,0,0,1,0,0,1,0,0,0,0,1,0,0,0,2,0,8,0,0,0,5,0,0,0,1,0,2,soil,39,9,0,0,,,9,5.081272,,,,,,,,,,,,,,,,,,,,
GF04007505S,"Arequipa, Alto Cural",Neotropical,South American Transition Zone,Desert province,Desert,GF04007505S,Desert province,22,0,0,0,0,0,2,0,0,0,0,0,0,0,0,1,0,6,0,0,0,7,0,0,0,1,0,1,soil,40,7,0,0,,,7,3.837613,,,,,,,,,,,,,,,,,,,,
GF04007506S,"Arequipa, Chili River",Neotropical,South American Transition Zone,Desert province,Desert,GF04007506S,Desert province,14,0,0,1,0,0,0,0,0,0,0,0,0,0,0,0,0,8,0,0,0,3,0,0,0,0,0,0,soil,26,4,0,0,,,4,2.916763,,,,,,,,,,,,,,,,,,,,
GF04007507S,"Arequipa, Zamacola",Neotropical,South American Transition Zone,Desert province,Desert,GF04007507S,Desert province,17,0,0,0,0,0,2,0,0,0,2,0,0,2,0,1,1,10,0,0,0,4,0,0,0,0,0,0,soil,39,8,0,0,,,8,4.900527,,,,,,,,,,,,,,,,,,,,
GF04007508S,"Arequipa, Chili River",Neotropical,South American Transition Zone,Desert province,Desert,GF04007508S,Desert province,19,0,0,1,0,0,0,0,0,0,1,0,0,1,0,0,0,9,0,0,0,3,0,0,0,0,0,1,soil,35,7,0,0,,,7,3.661127,,,,,,,,,,,,,,,,,,,,
GF04007509S,"Arequipa, Chili River",Neotropical,South American Transition Zone,Desert province,Desert,GF04007509S,Desert province,7,0,0,0,0,0,0,0,0,0,1,0,0,1,0,0,0,11,0,0,0,3,0,0,0,0,0,1,soil,24,6,0,0,,,6,3.951656,,,,,,,,,,,,,,,,,,,,
GF04007510S,"Arequipa, Chili River",Neotropical,South American Transition Zone,Desert province,Desert,GF04007510S,Desert province,14,0,0,0,0,0,2,0,0,0,0,1,0,1,0,1,0,7,0,0,0,4,0,0,0,2,0,1,soil,33,9,0,0,,,9,5.540502,,,,,,,,,,,,,,,,,,,,
GF04007511S,"Arequipa, Cayma",Neotropical,South American Transition Zone,Desert province,Desert,GF04007511S,Desert province,13,0,0,0,0,0,0,0,0,0,0,0,0,0,0,1,0,7,0,0,0,3,0,0,0,1,0,1,soil,26,6,0,0,,,6,3.762035,,,,,,,,,,,,,,,,,,,,
GF04007512S,"Arequipa, Cayma",Neotropical,South American Transition Zone,Desert province,Desert,GF04007512S,Desert province,11,0,0,0,0,0,0,0,0,0,0,0,0,0,0,1,0,5,0,0,0,3,0,0,0,0,0,1,soil,21,5,0,0,,,5,3.484547,,,,,,,,,,,,,,,,,,,,
GF04017847S,"Lanín National Park, 30 km west from San Martín de los Andes",N/A,N/A,N/A,Moist forest|Wet forest,GF04017847S,N/A,38,0,0,2,0,0,1,3,0,1,0,0,1,23,0,0,0,10,0,0,0,2,0,0,0,1,0,5,litter,87,11,3.448275862,3.448275862,,,11,5.059361,,,,,,,,,,,,,,,,,,,,
GF04017848S,"Lanín National Park, 30 km west from San Martín de los Andes",N/A,N/A,N/A,Moist forest|Wet forest,GF04017848S,N/A,50,0,0,0,0,0,1,2,0,1,0,0,1,26,0,0,0,14,0,0,1,3,0,0,0,1,0,5,litter,105,11,1.904761905,1.904761905,,,11,4.532255,,,,,,,,,,,,,,,,,,,,
GF04017849S,"Lanín National Park, 30 km west from San Martín de los Andes",N/A,N/A,N/A,Moist forest|Wet forest,GF04017849S,N/A,49,0,0,1,0,0,0,1,0,0,0,0,0,24,0,0,0,13,0,0,0,3,0,0,0,1,0,7,litter,99,8,1.01010101,1.01010101,,,8,4.017805,,,,,,,,,,,,,,,,,,,,
GF04017850S,"Lanín National Park, 30 km west from San Martín de los Andes",N/A,N/A,N/A,Moist forest|Wet forest,GF04017850S,N/A,45,0,0,2,0,0,0,1,0,2,0,0,1,26,0,1,0,15,0,0,3,6,0,0,0,1,0,8,litter,111,12,0.900900901,0.900900901,,,12,5.673386,,,,,,,,,,,,,,,,,,,,
GF05000001V,"Colombia,Puerto Santander,Cascada",Neotropical,Boreal Brazilian,Imeri province,Moist forest,GF05000001V,Imeri province,62,0,0,3,0,0,0,1,0,0,1,0,0,6,0,4,0,7,0,0,1,10,0,0,0,1,0,3,soil,99,11,1.01010101,1.01010101,,,11,4.09223,,,,,,,,,,,,,,,,,,,,
GF05000002V,"Colombia,Puerto Santander,Sitio El Infierno",Neotropical,Boreal Brazilian,Imeri province,Moist forest,GF05000002V,Imeri province,28,0,0,1,0,0,0,0,0,2,0,0,0,4,0,3,0,6,0,0,2,7,0,0,0,1,0,2,soil,56,10,0,0,,,10,5.429763,,,,,,,,,,,,,,,,,,,,
GF05000003V,"Colombia,Amazonas,Pena Roja",Neotropical,Boreal Brazilian,Imeri province,Moist forest,GF05000003V,Imeri province,50,0,0,4,0,0,0,1,0,0,0,0,0,1,0,3,0,3,0,0,0,4,0,0,0,2,0,2,soil,70,9,1.428571429,1.428571429,,,9,3.196269,,,,,,,,,,,,,,,,,,,,
GF05000004V,"Colombia,Amazonas,Villa Azul,Sabana",Neotropical,Boreal Brazilian,Imeri province,Moist forest,GF05000004V,Imeri province,59,0,0,0,0,0,0,2,0,3,0,0,0,4,0,2,0,5,0,0,0,6,0,0,0,0,0,2,soil,83,8,2.409638554,2.409638554,,,8,3.118169,,,,,,,,,,,,,,,,,,,,
GF05000005V,"Colombia,Amazonas,El Zafire",Neotropical,Boreal Brazilian,Imeri province,Moist forest,GF05000005V,Imeri province,48,0,0,2,0,0,0,4,0,2,0,0,0,3,0,3,0,8,0,0,1,5,0,0,0,1,0,1,soil,78,11,5.128205128,5.128205128,,,11,4.335511,,,,,,,,,,,,,,,,,,,,
GF05000006V,"Colombia,Amazonas,El Zafire",Neotropical,Boreal Brazilian,Imeri province,Moist forest,GF05000006V,Imeri province,53,0,0,3,0,0,0,8,0,4,0,0,0,8,0,5,0,8,0,0,1,11,0,0,0,5,0,6,soil,112,11,7.142857143,7.142857143,,,11,6.29637,,,,,,,,,,,,,,,,,,,,
GF05000007V,"Colombia,Amazonas,El Zafire",Neotropical,Boreal Brazilian,Imeri province,Moist forest,GF05000007V,Imeri province,50,0,0,3,0,0,0,9,0,4,0,0,0,6,0,4,0,11,0,0,1,6,0,0,0,4,0,3,soil,101,11,8.910891089,8.910891089,,,11,5.921985,,,,,,,,,,,,,,,,,,,,
GF05000008V,"Colombia,Puerto Santana,Quebrada",Neotropical,Boreal Brazilian,Imeri province,Moist forest,GF05000008V,Imeri province,97,0,0,3,1,0,0,8,0,2,0,0,0,5,0,2,0,7,0,0,1,9,0,0,0,3,0,3,soil,141,12,5.673758865,5.673758865,,,12,3.66901,,,,,,,,,,,,,,,,,,,,
GF05000009V,"Colombia,Puerto Santander,Loma",Neotropical,Boreal Brazilian,Imeri province,Moist forest,GF05000009V,Imeri province,17,0,0,2,0,0,0,8,0,0,0,0,0,3,0,2,0,3,0,0,0,2,0,0,0,3,0,3,soil,43,9,18.60465116,18.60465116,,,9,6.365622,,,,,,,,,,,,,,,,,,,,
GF05000010V,"Colombia,Puerto Santander,Cascada",Neotropical,Boreal Brazilian,Imeri province,Moist forest,GF05000010V,Imeri province,50,0,0,2,0,0,0,7,0,7,0,0,0,7,0,4,0,5,0,0,1,9,0,0,0,3,0,7,soil,102,11,6.862745098,6.862745098,,,11,6.050304,,,,,,,,,,,,,,,,,,,,
GF05000011V,"Colombia,Amazonas,Pena Roja",Neotropical,Boreal Brazilian,Imeri province,Moist forest,GF05000011V,Imeri province,11,0,0,1,0,0,0,8,0,0,0,0,0,1,0,2,0,2,0,0,0,4,0,0,0,1,0,0,soil,30,8,26.66666667,26.66666667,,,8,5.420524,,,,,,,,,,,,,,,,,,,,
GF05000012V,"Colombia,Amazonas,Pena Roja",Neotropical,Boreal Brazilian,Imeri province,Moist forest,GF05000012V,Imeri province,73,0,0,3,0,0,0,9,0,4,0,0,0,12,0,7,0,12,0,0,1,10,0,0,0,10,0,2,soil,143,11,6.293706294,6.293706294,,,11,5.631986,,,,,,,,,,,,,,,,,,,,
GF05000013V,"Colombia,Amazonas,Pena Roja",Neotropical,Boreal Brazilian,Imeri province,Moist forest,GF05000013V,Imeri province,48,0,0,7,0,0,0,7,0,3,0,0,0,8,0,3,0,10,0,0,1,13,0,0,0,7,0,3,soil,110,11,6.363636364,6.363636364,,,11,6.594014,,,,,,,,,,,,,,,,,,,,
GF05000014V,"Colombia,Meta,Mezcia",Neotropical,Boreal Brazilian,Imeri province,Moist forest,GF05000014V,Imeri province,52,0,1,7,0,0,0,4,0,0,0,0,0,7,0,9,0,14,0,0,0,19,0,0,0,10,0,5,soil,128,10,3.125,3.125,,,10,6.473516,,,,,,,,,,,,,,,,,,,,
GF05000015V,"Colombia,Amazonas,El Zafire",Neotropical,Boreal Brazilian,Imeri province,Moist forest,GF05000015V,Imeri province,17,0,2,4,0,0,0,1,0,0,0,0,0,5,0,3,0,0,0,0,0,14,0,0,0,7,0,1,soil,54,9,1.851851852,1.851851852,,,9,6.185341,,,,,,,,,,,,,,,,,,,,
GF05000016V,"Colombia,Amazonas,El Zafire",Neotropical,Boreal Brazilian,Imeri province,Moist forest,GF05000016V,Imeri province,17,0,0,10,0,0,0,1,0,0,0,0,0,1,0,5,0,3,0,0,0,5,0,0,0,21,0,1,soil,64,9,1.5625,1.5625,,,9,5.723473,,,,,,,,,,,,,,,,,,,,
GF05000017V,"Colombia,Amazonas,El Zafire",Neotropical,Boreal Brazilian,Imeri province,Moist forest,GF05000017V,Imeri province,11,0,0,3,0,0,0,2,0,0,0,0,0,1,0,3,1,1,0,0,0,15,0,0,0,11,0,1,soil,49,10,4.081632653,4.081632653,,,10,6.192901,,,,,,,,,,,,,,,,,,,,
GF05000018V,"Colombia,Amazonas,El Zafire",Neotropical,Boreal Brazilian,Imeri province,Moist forest,GF05000018V,Imeri province,8,0,0,4,0,0,0,0,0,0,0,0,0,1,0,3,0,0,0,0,0,11,0,0,0,3,0,1,soil,31,7,0,0,,,7,5.232974,,,,,,,,,,,,,,,,,,,,
GF05000019V,"Colombia,Amazonas,El Zafire",Neotropical,Boreal Brazilian,Imeri province,Moist forest,GF05000019V,Imeri province,35,0,0,8,0,0,0,1,0,0,2,0,0,8,0,3,0,4,0,0,0,20,0,0,0,6,0,2,soil,89,10,1.123595506,1.123595506,,,10,6.002359,,,,,,,,,,,,,,,,,,,,
GF05000020V,"Colombia,Amazonas,El Zafire",Neotropical,Boreal Brazilian,Imeri province,Moist forest,GF05000020V,Imeri province,107,0,1,5,0,0,1,7,0,0,2,0,0,7,0,7,1,12,0,0,0,17,0,0,0,7,0,29,soil,203,13,3.448275862,3.448275862,,,13,5.312798,,,,,,,,,,,,,,,,,,,,
GF05000021V,"Colombia,Amazonas,El Zafire",Neotropical,Boreal Brazilian,Imeri province,Moist forest,GF05000021V,Imeri province,19,0,0,4,0,0,0,0,0,0,0,0,0,1,0,4,0,0,0,0,0,3,0,0,0,67,0,1,soil,99,7,0,0,,,7,2.826701,,,,,,,,,,,,,,,,,,,,
GF05000022V,"Colombia,Amazonas,Km 18",Neotropical,Boreal Brazilian,Imeri province,Moist forest,GF05000022V,Imeri province,9,0,0,4,0,0,0,0,0,0,1,0,0,1,0,4,0,2,0,0,0,6,0,0,0,41,0,0,soil,68,8,0,0,,,8,3.849936,,,,,,,,,,,,,,,,,,,,
GF05000023V,"Colombia,Murillo",Neotropical,South American Transition Zone,Paramo province,Moist forest|Wet forest,GF05000023V,Paramo province,20,0,0,3,0,0,1,0,0,3,0,0,0,2,0,2,1,0,0,0,0,13,0,0,0,7,0,3,soil,55,10,0,0,,,10,6.258061,,,,,,,,,,,,,,,,,,,,
GF05000024V,"Colombia,Murillo",Neotropical,Pacific,Magdalena province,Moist forest|Wet forest,GF05000024V,Magdalena province,22,0,0,3,0,0,1,1,0,2,0,0,0,5,0,8,2,2,0,0,1,28,0,0,0,13,0,4,soil,92,13,1.086956522,1.086956522,,,13,7.362834,,,,,,,,,,,,,,,,,,,,
GF05000025V,"Colombia,Murillo",Neotropical,Pacific,Magdalena province,Moist forest|Wet forest,GF05000025V,Magdalena province,16,0,0,5,0,0,1,2,0,1,0,0,0,4,0,5,1,1,0,0,0,19,0,0,0,3,0,4,soil,62,12,3.225806452,3.225806452,,,12,7.35454,,,,,,,,,,,,,,,,,,,,
GF05000026V,"Colombia,Santa Rosa de Osos",Neotropical,Pacific,Magdalena province,Moist forest|Wet forest,GF05000026V,Magdalena province,11,0,1,5,0,0,0,3,0,0,0,1,0,3,0,4,1,0,0,0,2,20,0,0,0,2,0,2,soil,55,12,5.454545455,5.454545455,,,12,7.358075,,,,,,,,,,,,,,,,,,,,
GF05000027V,"Colombia,Santa Rosa de Osos",Neotropical,Pacific,Magdalena province,Moist forest|Wet forest,GF05000027V,Magdalena province,22,0,1,3,0,0,0,4,0,1,0,0,0,1,0,5,3,1,0,0,1,26,0,0,0,4,0,5,soil,77,13,5.194805195,5.194805195,,,13,6.833652,,,,,,,,,,,,,,,,,,,,
GF05000028V,"Colombia,Santa Rosa de Osos",Neotropical,Pacific,Magdalena province,Moist forest|Wet forest,GF05000028V,Magdalena province,25,0,0,1,0,0,0,3,0,1,1,0,0,3,0,5,0,1,0,0,1,24,0,0,0,6,0,9,soil,80,12,3.75,3.75,,,12,6.411904,,,,,,,,,,,,,,,,,,,,
GF05000029V,"Colombia,Amazonas,Pena Roja",Neotropical,Boreal Brazilian,Imeri province,Moist forest,GF05000029V,Imeri province,36,0,0,6,0,0,0,6,0,0,1,0,0,3,0,8,2,8,0,0,0,9,2,0,0,13,0,6,soil,100,12,6,6,,,12,7.908975,,,,,,,,,,,,,,,,,,,,
GF05000030V,"Colombia,Amazonas,Villa Azul,Sabana",Neotropical,Boreal Brazilian,Imeri province,Moist forest,GF05000030V,Imeri province,4,0,0,1,0,0,0,0,0,0,0,0,0,2,0,3,0,3,0,0,0,2,0,0,0,9,0,3,soil,27,8,0,0,,,8,6.613805,,,,,,,,,,,,,,,,,,,,
GF05000031V,"Colombia,Amazonas,Pena Roja",Neotropical,Boreal Brazilian,Imeri province,Moist forest,GF05000031V,Imeri province,8,0,0,2,0,0,0,0,0,0,0,0,0,1,0,5,0,3,0,0,0,6,0,0,0,3,0,1,soil,29,8,0,0,,,8,6.490608,,,,,,,,,,,,,,,,,,,,
GF05000032V,"Colombia,Amazonas,Pena Roja",Neotropical,Boreal Brazilian,Imeri province,Moist forest,GF05000032V,Imeri province,26,0,0,3,0,0,0,3,0,0,0,0,0,4,0,7,0,6,0,0,0,9,0,0,0,6,0,10,soil,74,9,4.054054054,4.054054054,,,9,6.974765,,,,,,,,,,,,,,,,,,,,
GF05000033V,"Colombia,Puerto Santander,Cascada",Neotropical,Boreal Brazilian,Imeri province,Moist forest,GF05000033V,Imeri province,26,0,0,2,0,0,0,5,0,0,1,0,0,8,0,4,0,14,0,0,0,7,0,0,0,3,0,5,soil,75,10,6.666666667,6.666666667,,,10,6.965779,,,,,,,,,,,,,,,,,,,,
GF05000034V,"Colombia,Puerto Santander,Sitio El Infierno",Neotropical,Boreal Brazilian,Imeri province,Moist forest,GF05000034V,Imeri province,66,0,0,5,0,0,0,1,0,0,2,0,0,7,0,8,0,13,0,0,0,17,0,0,0,3,0,18,soil,140,10,0.714285714,0.714285714,,,10,5.504957,,,,,,,,,,,,,,,,,,,,
GF05000035V,"Colombia,Caquetá,Solano,Canon del diablo",Neotropical,Boreal Brazilian,Imeri province,Moist forest,GF05000035V,Imeri province,44,0,0,0,0,0,0,2,0,0,0,0,0,2,0,1,0,4,0,0,0,18,0,0,0,0,0,2,soil,73,7,2.739726027,2.739726027,,,7,3.202563,,,,,,,,,,,,,,,,,,,,
GF05000036V,"Colombia,Boyaca,Arcabuco,Madremonte",Neotropical,Pacific,Magdalena province,Dry forest|Moist forest,GF05000036V,Magdalena province,14,0,0,3,0,0,0,4,0,0,0,1,0,4,0,5,1,4,0,0,1,22,0,0,0,3,0,5,soil,67,12,5.970149254,5.970149254,,,12,7.778701,,,,,,,,,,,,,,,,,,,,
GF05000037V,"Colombia,Tolima,Murillo,Sector el Infierno",Neotropical,Pacific,Magdalena province,Moist forest|Wet forest,GF05000037V,Magdalena province,2,0,0,0,0,0,0,0,0,0,0,0,0,0,0,0,0,0,0,0,0,2,0,0,0,0,0,0,soil,4,2,0,0,,,2,2,,,,,,,,,,,,,,,,,,,,
GF05000038V,"Colombia,Tolima,Murillo,La Albania",Neotropical,Pacific,Magdalena province,Moist forest|Wet forest,GF05000038V,Magdalena province,11,0,0,4,0,0,0,9,0,0,0,0,0,1,0,3,1,2,0,0,0,17,0,0,0,2,0,3,soil,53,10,16.98113208,16.98113208,,,10,6.749208,,,,,,,,,,,,,,,,,,,,
GF05000039V,"Colombia,Tolima,Murillo,Sector cabanas",Neotropical,South American Transition Zone,Paramo province,Wet forest,GF05000039V,Paramo province,18,0,0,0,0,0,4,1,0,0,0,0,0,1,0,2,0,2,0,0,0,13,0,0,0,0,0,2,soil,43,8,2.325581395,2.325581395,,,8,4.712184,,,,,,,,,,,,,,,,,,,,
GF05000040V,"Colombia,Antioquia,Rionegro,San Vicente Fundacion",Neotropical,Pacific,Magdalena province,Moist forest|Wet forest,GF05000040V,Magdalena province,16,0,0,0,0,0,0,8,0,0,0,0,0,3,0,2,0,3,0,0,0,15,0,0,0,3,0,6,soil,56,8,14.28571429,14.28571429,,,8,6.156187,,,,,,,,,,,,,,,,,,,,
GF05000041V,"Colombia,Antioquia,Medellin,Santa Elena,Vereda Mazo",Neotropical,Pacific,Magdalena province,Moist forest|Wet forest,GF05000041V,Magdalena province,7,0,0,1,0,0,0,3,0,0,0,0,0,1,0,4,0,0,0,0,0,16,0,0,0,5,0,0,soil,37,7,8.108108108,8.108108108,,,7,4.890906,,,,,,,,,,,,,,,,,,,,
GF05000042V,"Colombia,Tolima,Murillo,La Antena",Neotropical,Pacific,Magdalena province,Moist forest|Wet forest,GF05000042V,Magdalena province,20,0,0,1,0,0,2,2,0,0,0,0,0,2,0,0,0,2,0,0,1,16,0,0,0,1,0,3,soil,50,10,4,4,,,10,5.205321,,,,,,,,,,,,,,,,,,,,
GF05000043V,"Colombia,Tolima,Murillo",Neotropical,Pacific,Magdalena province,Moist forest|Wet forest,GF05000043V,Magdalena province,17,0,0,1,0,0,2,3,0,1,0,0,0,3,0,1,0,4,0,0,0,14,0,0,0,3,0,3,soil,52,11,5.769230769,5.769230769,,,11,6.873421,,,,,,,,,,,,,,,,,,,,
GF05000044V,"Colombia,Boyacá,Arcabuco,Rute Arcabuco-Villa de Leyva",Neotropical,South American Transition Zone,Paramo province,Dry forest|Moist forest,GF05000044V,Paramo province,30,0,0,0,0,0,2,15,0,1,0,0,0,11,0,2,0,3,0,0,0,22,0,0,0,1,0,15,soil,102,10,14.70588235,14.70588235,,,10,6.31766,,,,,,,,,,,,,,,,,,,,
GF05000045V,"Colombia,Boyacá,Arcabuco,Rute Arcabuco-Villa de Leyva",Neotropical,Pacific,Magdalena province,Dry forest|Moist forest,GF05000045V,Magdalena province,22,0,0,0,0,0,0,13,1,0,0,0,0,11,0,0,0,2,0,0,0,11,0,0,0,0,0,2,soil,62,7,20.96774194,20.96774194,,,7,4.937779,,,,,,,,,,,,,,,,,,,,
GF05000046V,"Colombia,Amazonas,El Zafire",Neotropical,Boreal Brazilian,Imeri province,Moist forest,GF05000046V,Imeri province,29,0,0,2,0,0,0,4,0,0,0,0,0,2,0,4,0,7,0,0,0,9,0,0,0,1,0,4,soil,62,9,6.451612903,6.451612903,,,9,5.476265,,,,,,,,,,,,,,,,,,,,
GF05000047V,"Colombia,Amazonas,El Zafire",Neotropical,Boreal Brazilian,Imeri province,Moist forest,GF05000047V,Imeri province,37,0,0,2,0,0,0,4,0,0,0,0,0,1,0,8,1,6,0,0,0,6,0,0,0,4,0,5,soil,74,10,5.405405405,5.405405405,,,10,5.506322,,,,,,,,,,,,,,,,,,,,
GF05000048V,"Colombia,Amazonas,El Zafire",Neotropical,Boreal Brazilian,Imeri province,Moist forest,GF05000048V,Imeri province,30,0,0,2,0,0,0,7,0,0,0,0,0,1,0,7,0,11,0,0,0,8,0,0,0,0,0,7,soil,73,8,9.589041096,9.589041096,,,8,5.61097,,,,,,,,,,,,,,,,,,,,
GF05000049V,"Colombia,Amazonas,Km 18",Neotropical,Boreal Brazilian,Imeri province,Moist forest,GF05000049V,Imeri province,29,0,0,4,0,0,0,1,0,0,0,0,0,1,0,8,1,8,0,0,0,14,0,0,0,1,0,10,soil,77,10,1.298701299,1.298701299,,,10,6.005228,,,,,,,,,,,,,,,,,,,,
GF05000050V,"Colombia,Amazonas,El Zafire",Neotropical,Boreal Brazilian,Imeri province,Moist forest,GF05000050V,Imeri province,41,0,0,3,0,0,0,1,0,0,0,0,0,5,0,5,1,5,0,0,0,22,0,0,0,3,0,8,soil,94,10,1.063829787,1.063829787,,,10,5.453113,,,,,,,,,,,,,,,,,,,,
GF05000051V,"Colombia,Amazonas,El Zafire",Neotropical,Boreal Brazilian,Imeri province,Moist forest,GF05000051V,Imeri province,60,0,0,2,2,0,0,0,0,0,0,0,0,13,0,2,0,11,0,0,0,12,1,0,0,5,0,5,soil,113,10,0,0,,,10,4.863591,,,,,,,,,,,,,,,,,,,,
GF05000052V,"Colombia,Magdalena,Santa Marta,Gaira",Neotropical,Pacific,Guajira province,Very dry forest,GF05000052V,Guajira province,8,0,0,1,0,0,0,0,0,0,0,0,0,3,0,3,0,5,0,0,0,7,0,0,0,4,0,1,soil,32,8,0,0,,,8,6.615771,,,,,,,,,,,,,,,,,,,,
GF05000053V,"Colombia,Antioquia,San Luis,Reserva Natural Canon del Río Claro",Neotropical,Pacific,Magdalena province,Moist forest,GF05000053V,Magdalena province,8,0,0,2,0,0,0,1,0,0,0,0,0,3,0,3,1,1,0,0,0,10,0,0,0,4,0,0,soil,33,9,3.03030303,3.03030303,,,9,6.585401,,,,,,,,,,,,,,,,,,,,
GF05000054V,"Colombia,Antioquia,Santa Rosa de Osos,Vereda Guanacas",Neotropical,Pacific,Magdalena province,Moist forest|Wet forest,GF05000054V,Magdalena province,15,0,0,1,0,0,0,2,0,0,0,0,0,2,0,4,0,3,0,0,0,16,0,0,0,2,0,2,soil,47,9,4.255319149,4.255319149,,,9,5.674186,,,,,,,,,,,,,,,,,,,,
GF05000055V,"Colombia,Antioquia,Santa Rosa de Osos,El Chaquiro",Neotropical,Pacific,Magdalena province,Moist forest|Wet forest,GF05000055V,Magdalena province,13,0,0,0,0,0,1,0,0,1,0,0,1,2,0,2,0,3,0,0,0,14,0,0,0,6,0,1,soil,44,10,0,0,,,10,6.07641,,,,,,,,,,,,,,,,,,,,
GF05000056V,"Brazil,Benjamin Constant",Neotropical,South Brazilian,Rondonia province,Moist forest,GF05000056V,Rondonia province,14,0,0,2,1,0,0,0,0,0,0,0,0,2,0,1,0,4,0,0,0,3,0,0,0,5,0,2,soil,34,9,0,0,,,9,6.17592,,,,,,,,,,,,,,,,,,,,
GF05000057V,"Brazil,Benjamin Constant",Neotropical,South Brazilian,Rondonia province,Moist forest,GF05000057V,Rondonia province,46,0,0,2,0,0,0,3,0,1,0,0,0,1,0,0,0,2,0,0,0,3,0,0,0,13,0,2,soil,73,9,4.109589041,4.109589041,,,9,3.574593,,,,,,,,,,,,,,,,,,,,
GF05000058V,"Brazil,Benjamin Constant",Neotropical,South Brazilian,Rondonia province,Moist forest,GF05000058V,Rondonia province,69,0,0,2,0,0,0,1,0,1,0,0,0,3,0,1,1,10,0,0,0,9,0,0,0,15,0,5,soil,117,11,0.854700855,0.854700855,,,11,4.23479,,,,,,,,,,,,,,,,,,,,
GF05000059V,"Brazil,Benjamin Constant",Neotropical,South Brazilian,Rondonia province,Moist forest,GF05000059V,Rondonia province,5,0,0,1,0,0,0,0,0,0,0,0,0,0,0,1,0,0,0,0,0,6,0,0,0,30,0,0,soil,43,5,0,0,,,5,2.588594,,,,,,,,,,,,,,,,,,,,
GF05000060V,"Brazil,Benjamin Constant",Neotropical,South Brazilian,Rondonia province,Moist forest,GF05000060V,Rondonia province,6,0,0,2,0,0,0,0,0,0,0,0,0,0,0,1,0,5,0,0,0,2,0,0,0,10,0,5,soil,31,7,0,0,,,7,5.673543,,,,,,,,,,,,,,,,,,,,
GF05000061V,"Brazil,Benjamin Constant",Neotropical,South Brazilian,Rondonia province,Moist forest,GF05000061V,Rondonia province,7,0,0,3,0,0,0,0,0,0,0,0,0,0,0,2,0,1,0,0,0,6,0,0,0,5,0,0,soil,24,6,0,0,,,6,5.114954,,,,,,,,,,,,,,,,,,,,
GF05000062V,"Brazil,Benjamin Constant",Neotropical,South Brazilian,Rondonia province,Moist forest,GF05000062V,Rondonia province,4,0,0,0,0,0,0,0,0,0,0,0,0,1,0,0,0,1,0,0,0,0,0,0,0,11,0,3,soil,20,5,0,0,,,5,3.437826,,,,,,,,,,,,,,,,,,,,
GF05000063V,"Brazil,Benjamin Constant",Neotropical,South Brazilian,Rondonia province,Moist forest,GF05000063V,Rondonia province,11,0,0,2,0,0,0,0,0,0,0,0,0,2,0,1,0,6,0,0,0,4,0,0,0,44,0,3,soil,73,8,0,0,,,8,3.82628,,,,,,,,,,,,,,,,,,,,
GF05000064V,"Brazil,Benjamin Constant",Neotropical,South Brazilian,Rondonia province,Moist forest,GF05000064V,Rondonia province,11,0,0,0,0,0,0,0,1,0,1,0,0,2,0,1,0,6,0,0,0,1,0,0,0,13,0,7,soil,43,9,0,0,,,9,5.890299,,,,,,,,,,,,,,,,,,,,
GF05000065V,"Brazil,Caxiuana",Neotropical,South-eastern Amazonian,Xingu-Tapajos province,Moist forest,GF05000065V,Xingu-Tapajos province,3,0,0,0,0,0,0,0,0,0,0,0,0,1,0,2,0,0,0,0,0,4,2,0,0,10,0,2,soil,24,7,0,0,,,7,5.349382,,,,,,,,,,,,,,,,,,,,
GF05000066V,"Brazil,Caxiuana",Neotropical,South-eastern Amazonian,Xingu-Tapajos province,Moist forest,GF05000066V,Xingu-Tapajos province,24,0,0,0,0,0,0,2,0,0,0,0,0,1,0,1,0,2,0,0,0,5,0,0,0,1,0,1,soil,37,8,5.405405405,5.405405405,,,8,3.515041,,,,,,,,,,,,,,,,,,,,
GF05000067V,"Brazil,Caxiuana",Neotropical,South-eastern Amazonian,Xingu-Tapajos province,Moist forest,GF05000067V,Xingu-Tapajos province,13,0,0,0,0,0,0,0,0,0,0,0,0,0,0,1,0,0,0,0,0,0,0,0,0,1,0,1,soil,16,4,0,0,,,4,1.990861,,,,,,,,,,,,,,,,,,,,
GF05000068V,"Brazil,Caxiuana",Neotropical,South-eastern Amazonian,Xingu-Tapajos province,Moist forest,GF05000068V,Xingu-Tapajos province,29,0,0,2,0,0,0,0,0,0,1,0,0,4,0,2,1,0,0,0,0,11,0,0,0,7,0,7,soil,64,9,0,0,,,9,5.287291,,,,,,,,,,,,,,,,,,,,
GF05000069V,"Brazil,Caxiuana",Neotropical,South-eastern Amazonian,Xingu-Tapajos province,Moist forest,GF05000069V,Xingu-Tapajos province,46,0,0,2,0,0,0,0,0,0,0,0,1,4,0,3,1,5,0,0,0,18,0,0,0,6,0,9,soil,95,10,0,0,,,10,5.148338,,,,,,,,,,,,,,,,,,,,
GF05000070V,"Brazil,Caxiuana",Neotropical,South-eastern Amazonian,Xingu-Tapajos province,Moist forest,GF05000070V,Xingu-Tapajos province,116,0,1,3,0,0,1,3,0,0,0,0,0,10,0,3,1,9,0,0,0,19,0,0,0,10,0,9,soil,185,12,1.621621622,1.621621622,,,12,4.141948,,,,,,,,,,,,,,,,,,,,
GF05000071V,"Brazil,Caxiuana",Neotropical,South-eastern Amazonian,Xingu-Tapajos province,Moist forest,GF05000071V,Xingu-Tapajos province,12,0,0,0,0,0,0,0,0,0,0,0,0,0,0,1,6,0,0,0,0,1,0,0,0,7,0,16,soil,43,6,0,0,,,6,4.346139,,,,,,,,,,,,,,,,,,,,
GF05000072V,"Brazil,Caxiuana",Neotropical,South-eastern Amazonian,Xingu-Tapajos province,Moist forest,GF05000072V,Xingu-Tapajos province,0,0,0,0,0,0,0,0,0,0,0,0,0,0,0,3,0,0,0,0,0,13,0,0,0,4,0,1,soil,21,4,0,0,,,4,2.817066,,,,,,,,,,,,,,,,,,,,
GF05000073V,"Brazil,Caxiuana",Neotropical,South-eastern Amazonian,Xingu-Tapajos province,Moist forest,GF05000073V,Xingu-Tapajos province,17,0,0,0,0,0,0,0,0,0,0,0,0,0,0,0,0,0,0,0,0,2,0,0,0,0,0,1,soil,20,3,0,0,,,3,1.67898,,,,,,,,,,,,,,,,,,,,
GF05000074V,"Brazil,Caxiuana",Neotropical,South-eastern Amazonian,Xingu-Tapajos province,Moist forest,GF05000074V,Xingu-Tapajos province,37,0,0,2,0,0,0,1,0,0,0,0,0,2,0,1,0,1,0,0,0,4,0,0,0,10,0,5,soil,63,9,1.587301587,1.587301587,,,9,4.043805,,,,,,,,,,,,,,,,,,,,
GF05000075V,"Brazil,Caxiuana",Neotropical,South-eastern Amazonian,Xingu-Tapajos province,Moist forest,GF05000075V,Xingu-Tapajos province,47,0,0,1,0,0,0,0,0,1,0,0,0,5,0,1,0,1,0,0,3,2,0,0,0,13,0,5,soil,79,10,0,0,,,10,4.030053,,,,,,,,,,,,,,,,,,,,
GF05000076V,"Brazil,Caxiuana",Neotropical,South-eastern Amazonian,Xingu-Tapajos province,Moist forest,GF05000076V,Xingu-Tapajos province,1,0,0,0,0,0,0,0,0,0,0,0,0,3,0,0,5,0,0,0,0,3,0,0,0,1,0,0,soil,13,5,0,0,,,5,4.215984,,,,,,,,,,,,,,,,,,,,
GF05000077V,"Brazil,Jau",Neotropical,Boreal Brazilian,Imeri province,Moist forest,GF05000077V,Imeri province,122,0,0,0,0,0,0,3,0,1,0,0,0,1,0,1,0,1,0,0,0,11,0,0,0,9,0,3,soil,152,9,1.973684211,1.973684211,,,9,2.272827,,,,,,,,,,,,,,,,,,,,
GF05000078V,"Brazil,Jau",Neotropical,Boreal Brazilian,Imeri province,Moist forest,GF05000078V,Imeri province,9,0,0,0,0,0,0,0,0,0,0,0,0,0,0,0,0,0,0,0,0,4,0,0,0,24,0,0,soil,37,3,0,0,,,3,2.375357,,,,,,,,,,,,,,,,,,,,
GF05000079V,"Brazil,Jau",Neotropical,Boreal Brazilian,Imeri province,Moist forest,GF05000079V,Imeri province,31,0,0,0,0,0,0,0,0,0,0,0,0,1,0,0,0,1,0,0,0,0,0,0,0,12,0,0,soil,45,4,0,0,,,4,2.177952,,,,,,,,,,,,,,,,,,,,
GF05000080V,"Brazil,Jau",Neotropical,Boreal Brazilian,Imeri province,Moist forest,GF05000080V,Imeri province,25,0,0,3,0,0,0,1,0,0,1,0,0,6,0,1,0,1,0,0,0,7,0,0,0,12,0,5,soil,62,10,1.612903226,1.612903226,,,10,5.883803,,,,,,,,,,,,,,,,,,,,
GF05000081V,"Brazil,Jau",Neotropical,Boreal Brazilian,Imeri province,Moist forest,GF05000081V,Imeri province,56,0,0,4,0,0,0,0,0,0,1,0,0,6,0,7,0,7,0,0,1,4,1,0,0,17,0,7,soil,111,11,0,0,,,11,5.365,,,,,,,,,,,,,,,,,,,,
GF05000082V,"Brazil,Jau",Neotropical,Boreal Brazilian,Imeri province,Moist forest,GF05000082V,Imeri province,9,0,0,0,0,0,0,0,0,0,1,0,0,0,0,4,0,0,0,0,0,10,0,0,0,28,0,2,soil,54,6,0,0,,,6,3.819826,,,,,,,,,,,,,,,,,,,,
GF05000083V,"Brazil,Jau",Neotropical,Boreal Brazilian,Imeri province,Moist forest,GF05000083V,Imeri province,27,0,0,1,0,0,0,0,0,0,1,0,0,3,0,3,0,4,0,0,0,7,0,0,0,15,0,4,soil,65,9,0,0,,,9,5.467502,,,,,,,,,,,,,,,,,,,,
GF05000084V,"Brazil,Jau",Neotropical,Boreal Brazilian,Imeri province,Moist forest,GF05000084V,Imeri province,17,0,0,1,0,0,0,0,0,1,1,0,0,4,0,2,0,6,0,0,0,7,0,0,0,4,0,5,soil,48,10,0,0,,,10,6.906361,,,,,,,,,,,,,,,,,,,,
GF05000085V,"Brazil,Jau",Neotropical,Boreal Brazilian,Imeri province,Moist forest,GF05000085V,Imeri province,18,0,0,1,0,0,0,0,0,0,1,0,0,5,0,0,0,9,0,0,0,7,0,0,0,5,0,6,soil,52,8,0,0,,,8,6.002904,,,,,,,,,,,,,,,,,,,,
GF05000086V,"Brazil,Cuieras",Neotropical,Boreal Brazilian,Roraima province,Moist forest,GF05000086V,Roraima province,38,0,0,0,0,0,0,0,0,0,0,0,0,0,0,0,0,0,0,0,0,1,0,0,0,9,0,2,soil,50,4,0,0,,,4,2.063144,,,,,,,,,,,,,,,,,,,,
GF05000087V,"Brazil,Cuieras",Neotropical,Boreal Brazilian,Roraima province,Moist forest,GF05000087V,Roraima province,20,0,0,0,0,0,0,0,0,0,0,0,0,0,0,1,0,0,0,0,0,0,0,0,0,19,0,1,soil,41,4,0,0,,,4,2.42964,,,,,,,,,,,,,,,,,,,,
GF05000088V,"Brazil,Cuieras",Neotropical,Boreal Brazilian,Roraima province,Moist forest,GF05000088V,Roraima province,23,0,0,0,0,0,0,0,0,0,1,0,0,0,0,0,0,2,0,0,0,0,0,0,0,14,0,1,soil,41,5,0,0,,,5,2.772315,,,,,,,,,,,,,,,,,,,,
GF05000089V,"Brazil,Cuieras",Neotropical,Boreal Brazilian,Roraima province,Moist forest,GF05000089V,Roraima province,33,0,0,2,0,0,0,0,0,0,0,0,0,1,0,4,0,5,0,0,0,10,0,0,0,10,0,5,soil,70,8,0,0,,,8,5.019446,,,,,,,,,,,,,,,,,,,,
GF05000090V,"Brazil,Cuieras",Neotropical,Boreal Brazilian,Roraima province,Moist forest,GF05000090V,Roraima province,27,0,1,1,1,0,0,0,0,0,0,0,0,3,0,1,0,6,0,0,0,13,0,0,0,1,0,3,soil,57,10,0,0,,,10,4.916649,,,,,,,,,,,,,,,,,,,,
GF05000091V,"Brazil,Cuieras",Neotropical,Boreal Brazilian,Roraima province,Moist forest,GF05000091V,Roraima province,39,0,0,0,2,0,0,0,0,0,1,0,0,4,0,0,1,3,0,0,0,6,0,0,0,0,0,2,soil,58,8,0,0,,,8,3.358266,,,,,,,,,,,,,,,,,,,,
GF05000092V,"Chile,Santiago",N/A,N/A,N/A,Steppe|Moist forest,GF05000092V,N/A,81,0,0,3,0,0,4,0,0,1,0,3,0,23,0,2,0,16,1,0,0,29,0,0,0,13,0,9,soil,185,12,0,0,,,12,5.921643,,,,,,,,,,,,,,,,,,,,
GF05000093V,"Chile,Magallanes",N/A,N/A,N/A,Moist forest|Wet forest,GF05000093V,N/A,11,0,0,1,0,0,0,17,0,0,0,0,0,6,0,0,2,1,0,0,0,16,0,0,0,8,0,2,soil,64,9,26.5625,26.5625,,,9,6.232615,,,,,,,,,,,,,,,,,,,,
GF05000094V,"Chile,Cabo de Hornos",N/A,N/A,N/A,Moist forest|Wet forest,GF05000094V,N/A,15,0,0,0,0,0,0,20,0,2,0,0,0,4,0,0,2,0,0,0,0,16,0,0,0,0,0,8,soil,67,7,29.85074627,29.85074627,,,7,5.31013,,,,,,,,,,,,,,,,,,,,
GF05000095V,"Brazil,Cuieras",Neotropical,Boreal Brazilian,Roraima province,Moist forest,GF05000095V,Roraima province,57,0,0,1,0,0,0,2,0,1,1,0,0,2,0,1,0,3,0,0,0,1,0,0,0,9,0,1,soil,79,11,2.53164557,2.53164557,,,11,3.080763,,,,,,,,,,,,,,,,,,,,
GF05000096V,"Brazil,Cuieras",Neotropical,Boreal Brazilian,Roraima province,Moist forest,GF05000096V,Roraima province,61,0,0,3,2,0,1,0,0,0,0,0,0,2,0,0,1,9,0,0,1,8,0,0,0,22,0,2,soil,112,11,0,0,,,11,4.396099,,,,,,,,,,,,,,,,,,,,
GF05000097V,"Brazil,Cuieras",Neotropical,Boreal Brazilian,Roraima province,Moist forest,GF05000097V,Roraima province,54,0,0,1,0,0,0,2,0,1,0,0,0,3,0,1,0,0,0,0,1,12,0,0,0,6,0,0,soil,81,9,2.469135802,2.469135802,,,9,3.242891,,,,,,,,,,,,,,,,,,,,
GF05000206V,"Colombia,Playa Canavale",Neotropical,Pacific,Guajira province,,GF05000206V,Guajira province,49,0,0,3,0,0,0,11,0,4,0,0,0,2,0,2,0,2,0,0,0,4,0,0,0,9,0,1,soil,87,10,12.64367816,12.64367816,,,10,4.619656,,,,,,,,,,,,,,,,,,,,
GF05000207V,"Colombia,Playa de Flamencos",Neotropical,Pacific,Guajira province,Very dry forest|Dry forest,GF05000207V,Guajira province,48,0,0,0,1,0,0,0,0,1,0,0,0,10,0,3,0,5,0,0,0,12,0,0,0,13,0,7,soil,100,9,0,0,,,9,5.131813,,,,,,,,,,,,,,,,,,,,
GF05000208V,"Colombia,Baia de la Vela",Neotropical,Pacific,Guajira province,,GF05000208V,Guajira province,26,0,0,2,0,0,4,0,0,1,0,0,0,9,0,1,0,5,1,0,0,3,0,0,0,4,0,6,soil,62,11,0,0,,,11,6.581742,,,,,,,,,,,,,,,,,,,,
GF05000209V,"Colombia,Marquetalia",Neotropical,Pacific,Guajira province,,GF05000209V,Guajira province,27,0,0,1,0,0,0,16,0,0,0,0,0,3,0,1,0,4,0,0,0,5,3,0,0,9,0,2,soil,71,10,22.53521127,22.53521127,,,10,6.062946,,,,,,,,,,,,,,,,,,,,
GF05000210V,"Colombia,Perico Aquao",Neotropical,Pacific,Guajira province,Dry forest,GF05000210V,Guajira province,52,0,0,4,0,0,0,16,0,4,0,0,0,3,0,2,0,4,0,0,0,4,0,0,0,12,0,4,soil,105,10,15.23809524,15.23809524,,,10,5.376444,,,,,,,,,,,,,,,,,,,,
GF05000211V,"Colombia,Boca don Diego",Neotropical,Pacific,Guajira province,,GF05000211V,Guajira province,51,0,0,2,1,0,0,0,0,2,1,0,0,3,0,1,1,4,0,0,0,2,1,0,0,6,0,3,soil,78,13,0,0,,,13,4.21712,,,,,,,,,,,,,,,,,,,,
GF05000212V,"Colombia,Buritaca",Neotropical,Pacific,Guajira province,Very dry forest|Dry forest,GF05000212V,Guajira province,34,0,0,1,0,0,1,0,0,0,1,0,0,12,0,2,0,11,0,0,0,8,0,0,0,5,0,12,soil,87,10,0,0,,,10,6.046458,,,,,,,,,,,,,,,,,,,,
GF05000213V,"Colombia,La Aquacateria",Neotropical,Pacific,Guajira province,Dry forest,GF05000213V,Guajira province,101,0,0,4,0,0,2,0,0,1,0,0,0,22,0,4,2,23,0,0,0,19,2,0,0,11,0,11,soil,202,12,0,0,,,12,5.438195,,,,,,,,,,,,,,,,,,,,
GF05000264V,"USA,Arizona,Tuscon,Mt Lemmon",N/A,N/A,N/A,,GF05000264V,N/A,24,0,0,2,0,0,0,11,0,1,0,2,0,3,0,2,0,9,0,0,1,24,0,0,0,13,0,7,soil,99,12,11.11111111,11.11111111,,,12,7.678033,,,,,,,,,,,,,,,,,,,,
GF05000265V,"USA,Arizona,Tuscon,Mt Lemmon",N/A,N/A,N/A,,GF05000265V,N/A,19,0,0,1,0,0,0,32,0,0,0,0,1,7,0,0,0,4,1,0,0,24,0,0,0,6,0,8,soil,103,10,31.06796117,31.06796117,,,10,6.186452,,,,,,,,,,,,,,,,,,,,
GF05000266V,"USA,New Mexico,Silver City",N/A,N/A,N/A,,GF05000266V,N/A,16,0,0,0,0,0,0,36,0,1,0,1,0,7,0,2,0,4,0,0,0,28,0,0,0,7,0,7,soil,109,10,33.02752294,33.02752294,,,10,6.088149,,,,,,,,,,,,,,,,,,,,
GF05000267V,"USA,New Mexico,Silver City",N/A,N/A,N/A,,GF05000267V,N/A,10,0,0,1,0,0,0,5,0,0,0,0,1,1,0,0,0,0,0,0,0,16,0,0,0,4,0,2,soil,40,8,12.5,12.5,,,8,5.102503,,,,,,,,,,,,,,,,,,,,
GF05000268V,"USA,New Mexico,Silver City",N/A,N/A,N/A,,GF05000268V,N/A,30,0,0,1,0,0,2,12,0,0,1,0,0,7,0,1,0,9,0,0,0,13,0,0,0,11,0,3,soil,90,11,13.33333333,13.33333333,,,11,7.015296,,,,,,,,,,,,,,,,,,,,
GF05000288V,"Cuba,Playa Bailen",Neotropical,Antillean,Cuban province,Dry forest,GF05000288V,Cuban province,2,0,0,0,0,0,0,0,0,0,0,0,0,2,0,1,0,0,0,0,0,3,0,0,0,0,0,0,soil,8,4,0,0,,,4,3.746748,,,,,,,,,,,,,,,,,,,,
GF05000289V,"Cuba,Pinar del Rio",Neotropical,Antillean,Cuban province,Dry forest|Moist forest,GF05000289V,Cuban province,53,0,0,1,0,0,0,28,0,0,0,0,0,15,0,1,1,4,0,0,0,20,0,0,0,1,0,10,soil,134,10,20.89552239,20.89552239,,,10,5.300166,,,,,,,,,,,,,,,,,,,,
GF05000290V,"Cuba,Vinales",Neotropical,Antillean,Cuban province,Dry forest|Moist forest,GF05000290V,Cuban province,31,0,0,0,0,0,2,4,0,0,0,0,0,9,0,1,0,7,0,0,0,3,0,0,0,2,0,6,soil,65,9,6.153846154,6.153846154,,,9,5.35904,,,,,,,,,,,,,,,,,,,,
GF05000291V,"Cuba,La Palma",Neotropical,Antillean,Cuban province,Dry forest|Moist forest,GF05000291V,Cuban province,72,0,1,1,0,0,0,21,0,4,0,0,0,11,0,5,0,0,0,0,0,41,1,0,0,8,0,8,soil,173,11,12.13872832,12.13872832,,,11,5.476092,,,,,,,,,,,,,,,,,,,,
GF05000292V,"Cuba,Torsiente",Neotropical,Antillean,Cuban province,Dry forest,GF05000292V,Cuban province,47,0,0,1,0,0,0,2,0,0,1,0,0,5,0,1,1,6,1,0,0,1,0,0,0,4,0,4,soil,74,12,2.702702703,2.702702703,,,12,4.204158,,,,,,,,,,,,,,,,,,,,
GF05000293V,"Cuba,Australia",Neotropical,Antillean,Cuban province,Dry forest,GF05000293V,Cuban province,38,0,0,1,1,0,1,8,0,1,0,1,0,3,0,1,2,2,0,0,0,2,0,0,0,1,0,1,soil,63,14,12.6984127,12.6984127,,,14,4.790574,,,,,,,,,,,,,,,,,,,,
GF05000294V,"Cuba,Playa Larga",Neotropical,Antillean,Cuban province,,GF05000294V,Cuban province,24,0,0,0,0,0,0,24,0,0,0,0,0,3,0,0,0,5,0,0,0,2,0,0,0,5,0,0,soil,63,6,38.0952381,38.0952381,,,6,4.022785,,,,,,,,,,,,,,,,,,,,
GF05000295V,"Cuba,Babiney",Neotropical,Antillean,Cuban province,Dry forest,GF05000295V,Cuban province,99,0,0,1,6,0,4,0,0,5,1,0,0,7,0,0,0,7,0,0,0,2,0,0,0,1,0,6,soil,139,11,0,0,,,11,3.330943,,,,,,,,,,,,,,,,,,,,
GF05000296V,"Cuba,Rancho Querete",Neotropical,Antillean,Cuban province,Dry forest,GF05000296V,Cuban province,22,0,0,0,0,0,0,0,0,0,1,0,0,2,0,0,0,11,0,0,0,0,0,0,0,5,0,2,soil,43,6,0,0,,,6,3.723629,,,,,,,,,,,,,,,,,,,,
GF05000297V,"Cuba,Punta Alegre",Neotropical,Antillean,Cuban province,Dry forest,GF05000297V,Cuban province,18,0,0,1,0,0,0,11,0,0,0,0,0,11,0,1,0,1,0,0,0,1,1,0,0,3,0,2,soil,50,10,22,22,,,10,5.600034,,,,,,,,,,,,,,,,,,,,
GF05000298V,"Cuba,Playa Santa Lucia",Neotropical,Antillean,Cuban province,Dry forest,GF05000298V,Cuban province,12,0,0,2,0,0,0,23,0,0,0,0,0,4,0,0,0,0,0,0,0,4,1,0,0,0,0,0,soil,46,6,50,50,,,6,3.824494,,,,,,,,,,,,,,,,,,,,
GF05000299V,"Cuba,Los Horneros",Neotropical,Antillean,Cuban province,Dry forest,GF05000299V,Cuban province,63,0,0,2,0,0,0,1,0,0,0,0,0,6,0,0,0,4,0,0,0,17,0,0,0,3,0,3,soil,99,8,1.01010101,1.01010101,,,8,3.410569,,,,,,,,,,,,,,,,,,,,
GF05000300V,"Cuba,Victorino",Neotropical,Antillean,Cuban province,Dry forest|Moist forest,GF05000300V,Cuban province,57,0,0,0,2,0,3,0,0,0,2,0,0,7,0,2,0,7,0,0,0,8,0,0,0,4,0,10,soil,102,10,0,0,,,10,4.865881,,,,,,,,,,,,,,,,,,,,
GF05000301V,"Cuba,Cantillo",Neotropical,Antillean,Cuban province,Dry forest,GF05000301V,Cuban province,52,0,0,1,0,0,0,2,0,1,0,0,0,9,0,0,0,3,0,0,0,11,1,0,0,1,0,6,soil,87,10,2.298850575,2.298850575,,,10,4.040533,,,,,,,,,,,,,,,,,,,,
GF05000302V,"Cuba,Holguin airport",Neotropical,Antillean,Cuban province,Very dry forest|Dry forest,GF05000302V,Cuban province,44,0,0,8,0,0,2,2,0,0,0,0,0,2,0,1,0,8,0,0,0,10,0,0,0,4,0,9,soil,90,10,2.222222222,2.222222222,,,10,5.455885,,,,,,,,,,,,,,,,,,,,
GF05000303V,"Cuba,Las Haticos",Neotropical,Antillean,Cuban province,Dry forest,GF05000303V,Cuban province,51,0,0,0,1,0,0,13,0,0,0,0,0,7,0,0,0,1,0,0,0,1,2,0,0,3,0,2,soil,81,9,16.04938272,16.04938272,,,9,3.539951,,,,,,,,,,,,,,,,,,,,
GF05000304V,"Cuba,Gran Piedra",Neotropical,Antillean,Cuban province,Dry forest|Moist forest,GF05000304V,Cuban province,34,0,0,1,0,0,0,22,0,2,0,0,0,6,0,1,1,1,0,0,0,4,0,0,0,2,0,4,soil,78,11,28.20512821,28.20512821,,,11,5.11505,,,,,,,,,,,,,,,,,,,,
GF05000305V,"Cuba,Gran Piedra Botanical Garden",Neotropical,Antillean,Cuban province,Dry forest|Moist forest,GF05000305V,Cuban province,27,0,1,0,0,0,0,19,0,0,0,2,0,2,0,4,0,3,0,0,0,18,0,0,0,2,0,2,soil,80,10,23.75,23.75,,,10,5.698576,,,,,,,,,,,,,,,,,,,,
GF05000306V,"Cuba,Antonio Maceo airport",Neotropical,Antillean,Cuban province,Dry forest,GF05000306V,Cuban province,16,0,0,1,0,0,0,1,0,0,0,0,0,9,0,0,0,0,0,0,0,4,0,0,0,1,0,1,soil,33,7,3.03030303,3.03030303,,,7,3.9946,,,,,,,,,,,,,,,,,,,,
GF05000307V,"Cuba,Abel Santamaria",Neotropical,Antillean,Cuban province,Dry forest,GF05000307V,Cuban province,35,0,0,0,0,0,0,3,0,1,1,0,0,13,0,0,0,6,0,0,0,8,0,0,0,3,0,8,soil,78,9,3.846153846,3.846153846,,,9,5.392345,,,,,,,,,,,,,,,,,,,,
GF05000377S,Quintana Roo,Neotropical,Mesoamerican,Yucatan Peninsula Province,Dry forest,GF05000377S,Yucatan Peninsula Province,25,0,0,2,0,0,0,1,0,0,1,0,0,3,0,2,0,8,0,0,0,10,0,0,0,7,0,5,soil,64,10,1.5625,1.5625,,,10,6.349717,,,,,,,,,,,,,,,,,,,,
GF05000378S,Quintana Roo,Neotropical,Mesoamerican,Yucatan Peninsula Province,Dry forest,GF05000378S,Yucatan Peninsula Province,33,0,0,4,0,0,1,5,0,0,0,0,0,16,0,5,0,12,1,0,0,13,0,0,0,10,0,8,soil,108,11,4.62962963,4.62962963,,,11,7.772206,,,,,,,,,,,,,,,,,,,,
GF05000379S,Quintana Roo,Neotropical,Mesoamerican,Yucatan Peninsula Province,Dry forest,GF05000379S,Yucatan Peninsula Province,36,0,0,3,0,0,0,3,0,0,0,0,0,5,0,1,0,11,1,0,0,18,0,0,0,10,0,7,soil,95,10,3.157894737,3.157894737,,,10,6.238613,,,,,,,,,,,,,,,,,,,,
GF05000380S,Quintana Roo,Neotropical,Mesoamerican,Yucatan Peninsula Province,Dry forest,GF05000380S,Yucatan Peninsula Province,29,0,0,3,0,0,0,1,0,0,1,0,0,3,0,3,0,9,0,0,0,14,1,0,0,3,0,7,soil,74,11,1.351351351,1.351351351,,,11,6.396251,,,,,,,,,,,,,,,,,,,,
GF05000381S,Quintana Roo,Neotropical,Mesoamerican,Yucatan Peninsula Province,Dry forest,GF05000381S,Yucatan Peninsula Province,68,0,0,4,0,0,0,5,0,0,0,0,0,4,0,4,1,6,0,0,0,21,0,0,0,8,0,15,soil,136,10,3.676470588,3.676470588,,,10,5.213493,,,,,,,,,,,,,,,,,,,,
GF05000382S,Quintana Roo,Neotropical,Mesoamerican,Yucatan Peninsula Province,Dry forest,GF05000382S,Yucatan Peninsula Province,50,0,0,5,0,0,0,6,0,0,0,0,0,7,0,5,0,4,0,0,0,15,0,0,0,11,0,16,soil,119,9,5.042016807,5.042016807,,,9,6.128654,,,,,,,,,,,,,,,,,,,,
GF05000383S,Quintana Roo,Neotropical,Mesoamerican,Yucatan Peninsula Province,Dry forest,GF05000383S,Yucatan Peninsula Province,95,0,0,8,0,0,2,5,0,0,0,0,0,10,0,5,0,11,0,0,0,22,0,0,0,17,0,16,soil,191,10,2.617801047,2.617801047,,,10,5.5263,,,,,,,,,,,,,,,,,,,,
GF05000384S,Quintana Roo,Neotropical,Mesoamerican,Yucatan Peninsula Province,Dry forest,GF05000384S,Yucatan Peninsula Province,46,0,0,7,0,0,0,1,0,0,0,0,0,2,0,4,0,6,0,0,0,11,0,0,0,7,0,4,soil,88,9,1.136363636,1.136363636,,,9,4.966635,,,,,,,,,,,,,,,,,,,,
GF05000385S,Quintana Roo,Neotropical,Mesoamerican,Yucatan Peninsula Province,Dry forest,GF05000385S,Yucatan Peninsula Province,19,0,0,0,0,0,1,0,0,0,0,0,0,4,0,0,0,7,0,0,0,6,2,0,0,4,0,7,soil,50,8,0,0,,,8,5.952059,,,,,,,,,,,,,,,,,,,,
GF05000386S,Quintana Roo,Neotropical,Mesoamerican,Yucatan Peninsula Province,Dry forest,GF05000386S,Yucatan Peninsula Province,20,0,0,2,0,0,1,3,0,0,0,0,0,3,0,1,0,5,0,0,0,8,0,0,0,5,0,3,soil,51,10,5.882352941,5.882352941,,,10,6.6473,,,,,,,,,,,,,,,,,,,,
GF05000387S,Quintana Roo,Neotropical,Mesoamerican,Yucatan Peninsula Province,Dry forest,GF05000387S,Yucatan Peninsula Province,58,0,0,4,0,0,1,5,0,0,0,0,0,4,0,0,0,12,0,0,0,10,0,0,0,12,0,6,soil,112,9,4.464285714,4.464285714,,,9,5.007033,,,,,,,,,,,,,,,,,,,,
GF05000388S,Quintana Roo,Neotropical,Mesoamerican,Yucatan Peninsula Province,Dry forest,GF05000388S,Yucatan Peninsula Province,23,0,0,0,0,0,0,0,0,0,1,0,0,1,0,0,0,9,0,0,0,8,0,0,0,4,0,4,soil,50,7,0,0,,,7,4.570751,,,,,,,,,,,,,,,,,,,,
GF05000389S,Quintana Roo,Neotropical,Mesoamerican,Yucatan Peninsula Province,Dry forest,GF05000389S,Yucatan Peninsula Province,16,0,0,1,0,0,0,2,0,0,1,0,0,2,0,1,0,3,0,0,0,6,0,0,0,4,0,3,soil,39,10,5.128205128,5.128205128,,,10,6.476244,,,,,,,,,,,,,,,,,,,,
GF05000390S,Quintana Roo,Neotropical,Mesoamerican,Yucatan Peninsula Province,Dry forest,GF05000390S,Yucatan Peninsula Province,35,0,0,5,0,0,0,0,0,0,0,0,0,3,0,4,0,11,0,0,0,10,0,0,0,11,0,6,soil,85,8,0,0,,,8,5.824065,,,,,,,,,,,,,,,,,,,,
GF05000391S,Quintana Roo,Neotropical,Mesoamerican,Yucatan Peninsula Province,Dry forest,GF05000391S,Yucatan Peninsula Province,54,0,0,5,0,0,0,14,0,0,1,0,0,8,0,3,0,4,0,0,1,16,2,0,0,17,0,8,soil,133,12,10.52631579,10.52631579,,,12,6.751204,,,,,,,,,,,,,,,,,,,,
GF05000392S,Quintana Roo,Neotropical,Mesoamerican,Yucatan Peninsula Province,Dry forest,GF05000392S,Yucatan Peninsula Province,50,0,0,5,0,0,1,2,0,0,3,0,0,5,0,6,0,7,0,0,0,9,0,0,0,8,0,6,soil,102,11,1.960784314,1.960784314,,,11,6.063692,,,,,,,,,,,,,,,,,,,,
GF05000395V,"USA,Texas,Double Bayou",N/A,N/A,N/A,Dry forest|Moist forest,GF05000395V,N/A,30,0,0,0,0,0,0,18,0,1,0,0,0,3,0,2,0,0,0,0,0,12,0,0,0,0,0,5,soil,71,7,25.35211268,25.35211268,,,7,4.452713,,,,,,,,,,,,,,,,,,,,
GF05000396V,"USA,Texas,Mary Edna Park",N/A,N/A,N/A,Dry forest|Moist forest,GF05000396V,N/A,22,0,0,1,0,0,0,54,0,0,0,0,0,5,0,1,0,4,0,0,0,10,0,0,0,1,0,3,soil,101,9,53.46534653,53.46534653,,,9,4.112007,,,,,,,,,,,,,,,,,,,,
GF05000397V,"USA,Louisiana,Deweyville",N/A,N/A,N/A,,GF05000397V,N/A,22,0,0,2,0,0,0,56,0,0,0,0,0,4,0,1,0,6,0,0,1,5,0,0,0,1,0,1,soil,99,10,56.56565657,56.56565657,,,10,3.940721,,,,,,,,,,,,,,,,,,,,
GF05000398V,"USA,Louisiana,Stark",N/A,N/A,N/A,,GF05000398V,N/A,36,0,0,0,0,0,0,35,0,0,0,0,0,6,0,3,0,4,0,0,0,17,0,0,0,2,0,4,soil,107,8,32.71028037,32.71028037,,,8,4.983732,,,,,,,,,,,,,,,,,,,,
GF05000399V,"USA,Texas,Evadale",N/A,N/A,N/A,,GF05000399V,N/A,31,0,0,1,0,0,0,65,0,0,0,0,0,5,0,2,0,3,0,0,1,10,0,0,0,0,0,0,soil,118,8,55.08474576,55.08474576,,,8,3.546903,,,,,,,,,,,,,,,,,,,,
GF05000400V,"USA,Texas,Big Thicket",N/A,N/A,N/A,,GF05000400V,N/A,36,0,0,0,0,0,0,49,0,0,0,0,0,5,0,3,0,2,1,0,0,19,0,0,0,0,0,7,soil,122,8,40.16393443,40.16393443,,,8,4.521897,,,,,,,,,,,,,,,,,,,,
GF05000401V,"USA,Texas,Saratoga",N/A,N/A,N/A,,GF05000401V,N/A,22,0,0,0,0,0,0,56,0,0,0,0,0,6,0,2,0,2,0,0,0,15,0,0,0,0,0,1,soil,104,7,53.84615385,53.84615385,,,7,3.678132,,,,,,,,,,,,,,,,,,,,
GF05000402V,"Puerto Rico,Vacia Talega",Neotropical,Antillean,Puerto Rico province,,GF05000402V,Puerto Rico province,7,0,0,0,0,0,0,15,0,0,0,0,0,0,0,1,0,2,0,0,0,4,1,0,0,0,0,1,soil,31,7,48.38709677,48.38709677,,,7,4.30874,,,,,,,,,,,,,,,,,,,,
GF05000403V,"Puerto Rico,Luquillo",Neotropical,Antillean,Puerto Rico province,Moist forest,GF05000403V,Puerto Rico province,41,0,0,1,0,0,0,1,0,1,3,0,0,8,0,1,0,8,1,0,0,11,2,0,0,2,0,7,soil,87,13,1.149425287,1.149425287,,,13,6.073325,,,,,,,,,,,,,,,,,,,,
GF05000404V,"Puerto Rico,Los Pinos",Neotropical,Antillean,Puerto Rico province,Dry forest|Moist forest,GF05000404V,Puerto Rico province,189,0,0,7,2,0,0,6,0,6,3,0,0,27,0,5,1,24,0,0,1,48,2,0,0,3,0,35,soil,359,15,1.671309192,1.671309192,,,15,5.221837,,,,,,,,,,,,,,,,,,,,
GF05000405V,"Puerto Rico,Toro Negro",Neotropical,Antillean,Puerto Rico province,Dry forest|Moist forest,GF05000405V,Puerto Rico province,14,0,0,0,0,0,0,6,0,0,0,0,0,1,0,0,0,2,0,0,0,6,0,0,0,1,0,1,soil,31,7,19.35483871,19.35483871,,,7,4.498983,,,,,,,,,,,,,,,,,,,,
GF05000406V,"Puerto Rico,Playa Santa",Neotropical,Antillean,Puerto Rico province,Very dry forest|Dry forest,GF05000406V,Puerto Rico province,35,0,0,1,0,0,0,15,0,0,0,0,0,6,0,0,0,1,0,0,0,4,0,0,0,2,0,3,soil,67,8,22.3880597,22.3880597,,,8,4.170512,,,,,,,,,,,,,,,,,,,,
GF05000407V,"Puerto Rico,Maricao",Neotropical,Antillean,Puerto Rico province,Moist forest,GF05000407V,Puerto Rico province,74,0,0,1,0,0,1,9,0,0,0,0,0,9,0,1,0,4,0,0,1,15,0,0,0,1,0,1,soil,117,11,7.692307692,7.692307692,,,11,3.69629,,,,,,,,,,,,,,,,,,,,
GF05000408V,"British Virgin Islands,West End",Neotropical,Antillean,Puerto Rico province,,GF05000408V,Puerto Rico province,26,0,0,0,0,0,0,5,0,0,1,0,0,8,0,1,0,6,0,0,0,5,0,0,0,2,0,7,soil,61,9,8.196721311,8.196721311,,,9,5.831972,,,,,,,,,,,,,,,,,,,,
GF05000409V,"British Virgin Islands,Mt. Sage",Neotropical,Antillean,Puerto Rico province,Dry forest,GF05000409V,Puerto Rico province,80,0,0,2,0,0,2,7,0,1,0,0,0,17,0,1,0,8,0,0,1,22,0,0,0,4,0,9,soil,154,12,4.545454545,4.545454545,,,12,5.090348,,,,,,,,,,,,,,,,,,,,
GF05000410V,"British Virgin Islands,Beef Island",Neotropical,Antillean,Puerto Rico province,Dry forest,GF05000410V,Puerto Rico province,11,0,0,0,0,0,0,14,0,0,0,0,0,2,0,0,0,6,0,0,0,1,1,0,0,4,0,3,soil,42,8,33.33333333,33.33333333,,,8,5.643422,,,,,,,,,,,,,,,,,,,,
GF05000411V,"Dominica,Cabrits NP",Neotropical,Antillean,Lesser Antilles province,,GF05000411V,Lesser Antilles province,46,0,0,0,0,0,0,6,0,0,0,0,0,2,0,1,0,4,0,0,0,9,2,0,0,1,0,1,soil,72,9,8.333333333,8.333333333,,,9,3.63678,,,,,,,,,,,,,,,,,,,,
GF05000412V,"Dominica,Lake Boeri",Neotropical,Antillean,Lesser Antilles province,Dry forest|Moist forest,GF05000412V,Lesser Antilles province,20,0,0,1,0,0,1,0,0,1,1,0,0,0,0,0,0,3,0,0,0,7,0,0,0,2,0,0,soil,36,8,0,0,,,8,4.099203,,,,,,,,,,,,,,,,,,,,
GF05000413V,"Dominica,Bellevue Chopin",Neotropical,Antillean,Lesser Antilles province,Dry forest|Moist forest,GF05000413V,Lesser Antilles province,49,0,0,1,0,0,0,4,0,0,0,0,0,2,0,1,0,1,0,0,0,10,0,0,0,1,0,0,soil,69,8,5.797101449,5.797101449,,,8,2.818447,,,,,,,,,,,,,,,,,,,,
GF05000414V,"Dominica,Pont Casse",Neotropical,Antillean,Lesser Antilles province,Dry forest|Moist forest,GF05000414V,Lesser Antilles province,232,0,0,3,1,0,0,5,0,4,1,1,0,30,0,2,0,20,2,0,0,27,0,0,0,9,0,26,soil,363,14,1.377410468,1.377410468,,,14,3.974909,,,,,,,,,,,,,,,,,,,,
GF05000415V,"Dominica,Kalinago Barana Aute",Neotropical,Antillean,Lesser Antilles province,Moist forest,GF05000415V,Lesser Antilles province,38,0,0,0,0,0,0,17,0,0,0,0,0,0,0,2,0,4,0,0,0,9,1,0,0,2,0,1,soil,74,8,22.97297297,22.97297297,,,8,4.078013,,,,,,,,,,,,,,,,,,,,
GF05000416V,"Guadeloupe,Deshaies",Neotropical,Antillean,Lesser Antilles province,Dry forest,GF05000416V,Lesser Antilles province,22,0,0,1,0,0,0,11,0,0,0,0,0,5,0,0,0,4,0,0,0,3,1,0,0,0,0,5,soil,52,8,21.15384615,21.15384615,,,8,5.242094,,,,,,,,,,,,,,,,,,,,
GF05000417V,"Guadeloupe,Morne Louis",Neotropical,Antillean,Lesser Antilles province,Dry forest|Moist forest,GF05000417V,Lesser Antilles province,72,0,0,1,0,0,0,4,0,0,1,0,0,8,0,3,2,14,0,0,1,15,0,0,0,1,0,5,soil,127,12,3.149606299,3.149606299,,,12,4.636548,,,,,,,,,,,,,,,,,,,,
GF05000418V,"Guadeloupe,Chute du Carbet",Neotropical,Antillean,Lesser Antilles province,Dry forest|Moist forest,GF05000418V,Lesser Antilles province,7,0,0,2,0,0,0,0,0,2,0,0,0,0,0,2,0,3,0,0,0,9,0,0,0,0,0,0,soil,25,6,0,0,,,6,4.878468,,,,,,,,,,,,,,,,,,,,
GF05000426V,"Brazil,Pacatuba",Neotropical,Chacoan,Caatinga province,Dry forest|Moist forest,GF05000426V,Caatinga province,33,0,0,3,0,0,1,0,0,0,1,0,0,17,0,0,0,10,0,0,0,5,0,0,0,23,0,14,soil,107,9,0,0,,,9,6.072944,,,,,,,,,,,,,,,,,,,,
GF05000427V,"Brazil,Capistrano",Neotropical,Chacoan,Caatinga province,Dry forest,GF05000427V,Caatinga province,83,0,0,1,4,0,1,0,0,0,1,0,1,18,0,3,0,16,0,0,0,4,1,0,0,16,0,11,soil,160,13,0,0,,,13,5.198898,,,,,,,,,,,,,,,,,,,,
GF05000428V,"Brazil,Capistrano",Neotropical,Chacoan,Caatinga province,Dry forest,GF05000428V,Caatinga province,56,0,0,1,0,0,0,0,0,0,1,0,0,13,0,2,0,12,0,0,0,10,1,0,0,6,0,7,soil,109,10,0,0,,,10,4.934434,,,,,,,,,,,,,,,,,,,,
GF05000429V,"Brazil,Quixada",Neotropical,Chacoan,Caatinga province,Very dry forest|Dry forest,GF05000429V,Caatinga province,42,0,0,3,0,0,0,0,0,0,1,0,0,20,0,4,0,16,0,0,0,19,0,0,0,20,0,16,soil,141,9,0,0,,,9,6.664852,,,,,,,,,,,,,,,,,,,,
GF05000430V,"Brazil,Solonopolis",Neotropical,Chacoan,Caatinga province,Very dry forest|Dry forest,GF05000430V,Caatinga province,92,0,0,1,3,0,2,0,0,2,0,0,0,15,0,3,0,24,0,0,1,24,2,0,0,8,0,7,soil,184,13,0,0,,,13,5.372817,,,,,,,,,,,,,,,,,,,,
GF05000431V,"Brazil,Milagres",Neotropical,Chacoan,Caatinga province,Very dry forest|Dry forest,GF05000431V,Caatinga province,35,0,0,0,0,0,1,0,0,0,1,0,0,4,0,1,0,11,0,0,0,10,2,0,0,11,0,9,soil,85,10,0,0,,,10,5.888294,,,,,,,,,,,,,,,,,,,,
GF05000432V,"Brazil,Salgueiro",Neotropical,Chacoan,Caatinga province,Very dry forest,GF05000432V,Caatinga province,31,0,0,1,1,0,0,0,0,0,0,0,0,8,0,1,0,9,0,0,0,20,1,0,0,7,0,5,soil,84,10,0,0,,,10,5.805608,,,,,,,,,,,,,,,,,,,,
GF05000433V,"Brazil,Floresta",Neotropical,Chacoan,Caatinga province,Thorn woodland,GF05000433V,Caatinga province,63,0,0,1,0,0,3,0,0,0,2,1,0,9,0,0,0,21,0,0,0,26,1,0,0,9,0,9,soil,145,11,0,0,,,11,5.529199,,,,,,,,,,,,,,,,,,,,
GF05000434V,"Brazil,Petrolandia",Neotropical,Chacoan,Caatinga province,Thorn woodland,GF05000434V,Caatinga province,98,0,0,0,1,0,4,0,0,0,0,0,0,11,0,2,0,11,0,0,0,25,1,0,0,9,0,12,soil,174,10,0,0,,,10,4.420242,,,,,,,,,,,,,,,,,,,,
GF05000435V,"Brazil,Minuim",Neotropical,Chacoan,Caatinga province,Very dry forest,GF05000435V,Caatinga province,102,0,0,3,0,0,1,0,1,1,0,0,1,22,0,4,0,27,0,0,0,26,1,0,0,17,0,16,soil,222,13,0,0,,,13,5.653858,,,,,,,,,,,,,,,,,,,,
GF05000436V,"Brazil,Sao Pedro",Neotropical,Chacoan,Caatinga province,Very dry forest|Dry forest,GF05000436V,Caatinga province,34,0,0,0,0,0,1,0,0,0,0,0,1,5,0,2,0,12,0,0,0,4,1,0,0,13,0,7,soil,80,10,0,0,,,10,5.676204,,,,,,,,,,,,,,,,,,,,
GF05000437V,"Brazil,Areia Branca",Neotropical,Chacoan,Caatinga province,Dry forest|Moist forest,GF05000437V,Caatinga province,114,0,0,6,0,0,0,0,0,0,1,0,1,17,0,3,0,11,0,0,0,26,0,0,0,21,0,14,soil,214,10,0,0,,,10,4.767103,,,,,,,,,,,,,,,,,,,,
GF05000438V,"Brazil,Sao Cristovao",Neotropical,Parana,Atlantic province,Dry forest|Moist forest,GF05000438V,Atlantic province,32,0,0,2,0,0,0,2,0,0,0,0,0,9,0,3,0,3,0,0,0,22,0,0,0,3,0,2,soil,78,9,2.564102564,2.564102564,,,9,5.100957,,,,,,,,,,,,,,,,,,,,
GF05000439V,"Brazil,Aldeia",Neotropical,Parana,Atlantic province,Dry forest|Moist forest,GF05000439V,Atlantic province,74,0,0,2,0,0,0,1,0,0,0,0,0,6,0,1,0,2,0,0,0,27,0,0,0,9,0,3,soil,125,9,0.8,0.8,,,9,3.581044,,,,,,,,,,,,,,,,,,,,
GF05000440V,"Brazil,Flecheira",Neotropical,Parana,Atlantic province,Dry forest,GF05000440V,Atlantic province,48,0,0,2,0,0,2,1,0,0,0,0,0,9,0,3,0,8,0,0,0,14,1,0,0,6,0,12,soil,106,11,0.943396226,0.943396226,,,11,5.920448,,,,,,,,,,,,,,,,,,,,
GF05000441V,"Brazil,Lagoa Grande",Neotropical,Parana,Atlantic province,Dry forest,GF05000441V,Atlantic province,79,0,0,2,0,0,1,2,0,0,0,0,0,12,0,1,0,4,0,0,0,19,0,0,0,8,0,6,soil,134,10,1.492537313,1.492537313,,,10,4.117933,,,,,,,,,,,,,,,,,,,,
GF05000442V,"Brazil,Lagoa Grande",Neotropical,Parana,Atlantic province,Dry forest,GF05000442V,Atlantic province,54,0,0,1,0,0,0,9,0,0,0,0,1,5,0,1,0,5,0,0,0,18,1,0,0,8,0,5,soil,108,11,8.333333333,8.333333333,,,11,5.182268,,,,,,,,,,,,,,,,,,,,
GF05000443V,"Brazil,Aguilhada",Neotropical,Parana,Atlantic province,Dry forest,GF05000443V,Atlantic province,45,0,0,0,0,0,0,8,0,0,0,0,0,5,0,2,0,4,0,0,0,21,2,0,0,3,0,1,soil,91,9,8.791208791,8.791208791,,,9,4.604348,,,,,,,,,,,,,,,,,,,,
GF05000444V,"Brazil,Sapucaia",Neotropical,Parana,Atlantic province,Dry forest,GF05000444V,Atlantic province,61,0,0,3,0,0,0,4,0,1,0,0,0,7,0,1,0,1,0,0,0,14,0,0,0,3,0,2,soil,97,10,4.12371134,4.12371134,,,10,3.77646,,,,,,,,,,,,,,,,,,,,
GF05000445V,"Brazil,Pirao Capao",Neotropical,Parana,Atlantic province,Dry forest|Moist forest,GF05000445V,Atlantic province,47,0,0,0,0,0,0,6,0,0,1,0,0,3,0,3,0,6,0,0,0,14,0,0,0,4,0,6,soil,90,9,6.666666667,6.666666667,,,9,4.881493,,,,,,,,,,,,,,,,,,,,
GF05000446V,"Brazil,Convento",Neotropical,Parana,Atlantic province,Dry forest|Moist forest,GF05000446V,Atlantic province,50,0,0,1,0,0,0,4,0,0,0,0,0,7,0,3,0,1,0,0,0,10,0,0,0,4,0,6,soil,86,9,4.651162791,4.651162791,,,9,4.312411,,,,,,,,,,,,,,,,,,,,
GF05000447V,"Brazil,Praia Azul",Neotropical,Parana,Atlantic province,Dry forest|Moist forest,GF05000447V,Atlantic province,21,0,0,0,0,0,0,11,0,1,0,0,1,3,0,3,0,1,0,0,0,18,1,0,0,2,0,1,soil,63,11,17.46031746,17.46031746,,,11,5.795947,,,,,,,,,,,,,,,,,,,,
GF05000448V,"Brazil,Altamira",Neotropical,Chacoan,Caatinga province,Dry forest|Moist forest,GF05000448V,Caatinga province,62,0,0,1,0,0,0,1,0,0,0,0,0,10,0,2,0,6,0,0,0,19,0,0,0,3,0,5,soil,109,9,0.917431193,0.917431193,,,9,4.071024,,,,,,,,,,,,,,,,,,,,
GF05000449V,"Brazil,Conceicao do Almeida",Neotropical,Parana,Parana Forest province,Dry forest,GF05000449V,Parana Forest province,84,0,0,1,0,0,2,1,0,2,3,0,0,16,0,0,0,8,0,0,2,9,2,0,0,2,0,17,soil,149,13,0.67114094,0.67114094,,,13,4.816513,,,,,,,,,,,,,,,,,,,,
GF05000450V,"Brazil,Minum",Neotropical,Parana,Atlantic province,Moist forest,GF05000450V,Atlantic province,21,0,0,2,0,0,0,0,0,0,1,0,0,5,0,2,0,4,0,0,0,2,0,0,0,16,0,2,soil,55,9,0,0,,,9,5.421392,,,,,,,,,,,,,,,,,,,,
GF05000451V,"Brazil,Marau",Neotropical,Parana,Atlantic province,Moist forest,GF05000451V,Atlantic province,18,0,0,1,0,0,0,0,0,0,2,0,0,4,0,3,0,0,0,0,0,2,0,0,0,13,0,0,soil,43,7,0,0,,,7,4.507504,,,,,,,,,,,,,,,,,,,,
GF05000452V,"Brazil,Serra Grande",Neotropical,Parana,Atlantic province,Moist forest,GF05000452V,Atlantic province,93,0,0,3,1,0,0,1,0,0,1,0,0,11,0,2,0,9,0,0,0,19,0,0,0,3,0,11,soil,154,11,0.649350649,0.649350649,,,11,4.111088,,,,,,,,,,,,,,,,,,,,
GF05000453V,"Brazil,Lombardia",Neotropical,Parana,Atlantic province,Dry forest,GF05000453V,Atlantic province,7,0,0,2,0,0,0,0,0,0,0,0,0,4,0,1,0,0,0,0,0,4,0,0,0,21,0,1,soil,40,7,0,0,,,7,4.212493,,,,,,,,,,,,,,,,,,,,
GF05000454V,"Brazil,Itamaraju",Neotropical,Parana,Atlantic province,Dry forest,GF05000454V,Atlantic province,8,0,0,4,0,0,0,0,0,0,0,0,0,0,0,2,0,0,0,0,0,3,0,0,0,25,0,2,soil,44,6,0,0,,,6,3.718265,,,,,,,,,,,,,,,,,,,,
GF05000455V,"Brazil,Mucuri",Neotropical,Parana,Atlantic province,Dry forest,GF05000455V,Atlantic province,1,0,0,3,0,0,0,0,0,0,0,0,0,0,0,1,0,2,0,0,0,4,0,0,0,20,0,0,soil,31,6,0,0,,,6,3.226324,,,,,,,,,,,,,,,,,,,,
GF05000456V,"Brazil,Barra Seca",Neotropical,Parana,Atlantic province,Dry forest,GF05000456V,Atlantic province,48,0,0,2,0,0,1,0,0,0,0,0,0,13,0,3,0,8,0,0,0,14,0,0,0,2,0,6,soil,97,9,0,0,,,9,4.901407,,,,,,,,,,,,,,,,,,,,
GF05000457V,"Brazil,Regencia",Neotropical,Parana,Atlantic province,Dry forest,GF05000457V,Atlantic province,59,0,0,3,2,0,0,6,0,1,1,0,0,12,0,1,0,3,0,0,0,16,0,0,0,6,0,7,soil,117,12,5.128205128,5.128205128,,,12,5.493581,,,,,,,,,,,,,,,,,,,,
GF05000458V,"Brazil,Iriritiba",Neotropical,Parana,Atlantic province,Dry forest,GF05000458V,Atlantic province,32,0,0,1,0,0,0,2,0,1,0,0,0,7,0,2,0,2,0,0,0,10,1,0,0,5,0,3,soil,66,11,3.03030303,3.03030303,,,11,5.579837,,,,,,,,,,,,,,,,,,,,
GF05000459V,"Brazil,Santa Cruz",Neotropical,Parana,Parana Forest province,Dry forest,GF05000459V,Parana Forest province,35,0,0,3,0,0,0,0,0,0,1,0,0,9,0,2,0,4,0,0,0,16,0,0,0,19,0,6,soil,95,9,0,0,,,9,5.807696,,,,,,,,,,,,,,,,,,,,
GF05000460V,"Brazil,Itaoca",Neotropical,Parana,Atlantic province,Dry forest,GF05000460V,Atlantic province,16,0,0,2,0,0,0,0,0,0,0,0,0,10,0,2,0,4,0,0,0,8,0,0,0,6,0,5,soil,53,8,0,0,,,8,6.51002,,,,,,,,,,,,,,,,,,,,
GF05000461V,"Brazil,Quissama",Neotropical,Parana,Atlantic province,Dry forest,GF05000461V,Atlantic province,65,0,0,2,2,0,0,0,0,5,0,0,0,16,0,2,1,1,0,0,0,22,0,0,0,4,0,10,soil,130,11,0,0,,,11,4.964585,,,,,,,,,,,,,,,,,,,,
GF05000462V,"Brazil,Ilha Luciano",Neotropical,Parana,Atlantic province,Dry forest,GF05000462V,Atlantic province,93,0,0,4,0,0,0,0,0,0,1,0,2,11,0,2,0,4,0,0,0,23,4,0,0,8,0,4,soil,156,11,0,0,,,11,4.262124,,,,,,,,,,,,,,,,,,,,
GF05000463V,"Brazil,Quissama",Neotropical,Parana,Atlantic province,Dry forest,GF05000463V,Atlantic province,45,0,0,2,0,0,3,5,0,0,0,1,0,2,0,1,0,2,0,0,0,9,0,0,0,6,0,4,soil,80,11,6.25,6.25,,,11,4.933855,,,,,,,,,,,,,,,,,,,,
GF05000464V,"Brazil,Vaginha",Neotropical,Parana,Atlantic province,Dry forest,GF05000464V,Atlantic province,53,0,0,1,1,0,2,0,0,0,1,0,0,11,0,2,0,10,0,0,0,15,0,0,0,0,0,9,soil,105,10,0,0,,,10,4.844301,,,,,,,,,,,,,,,,,,,,
GF05000465V,"Brazil,Jacatuba",Neotropical,Parana,Atlantic province,Dry forest|Moist forest,GF05000465V,Atlantic province,24,0,0,3,0,0,0,1,0,0,0,0,0,8,0,3,0,5,0,0,0,4,0,0,0,2,0,1,soil,51,9,1.960784314,1.960784314,,,9,5.403983,,,,,,,,,,,,,,,,,,,,
GF05000466V,"Brazil,Prateleias",Neotropical,Parana,Parana Forest province,Moist forest|Wet forest,GF05000466V,Parana Forest province,43,0,0,2,0,0,2,0,0,0,1,1,0,14,0,3,0,8,0,0,0,22,0,0,0,12,0,6,soil,114,11,0,0,,,11,6.308252,,,,,,,,,,,,,,,,,,,,
GF05000467V,"Brazil,Brejo da Lapa",Neotropical,Parana,Parana Forest province,Moist forest|Wet forest,GF05000467V,Parana Forest province,23,0,0,7,0,0,0,0,0,0,1,0,0,5,0,5,0,4,0,0,0,21,0,0,0,1,0,1,soil,68,9,0,0,,,9,5.475095,,,,,,,,,,,,,,,,,,,,
GF05000468V,"Brazil,Barraca da Leda",Neotropical,Parana,Parana Forest province,Moist forest|Wet forest,GF05000468V,Parana Forest province,30,0,0,5,0,0,0,8,1,0,0,0,0,6,0,4,0,9,0,0,0,13,0,0,0,12,0,3,soil,91,10,8.791208791,8.791208791,,,10,7.327583,,,,,,,,,,,,,,,,,,,,
GF05000469V,"Brazil,Santa Cruz",Neotropical,Parana,Atlantic province,Dry forest|Moist forest,GF05000469V,Atlantic province,87,0,0,4,0,0,0,0,0,0,0,0,0,9,0,10,0,4,0,0,1,31,0,0,0,2,0,6,soil,154,9,0,0,,,9,4.030916,,,,,,,,,,,,,,,,,,,,
GF05000470V,"Brazil,Bairro Laranjeirinha",Neotropical,Parana,Atlantic province,Dry forest|Moist forest,GF05000470V,Atlantic province,94,0,1,3,0,0,0,0,0,0,2,0,0,13,0,6,0,9,0,0,1,27,0,0,0,2,0,18,soil,176,11,0,0,,,11,4.689646,,,,,,,,,,,,,,,,,,,,
GF05000471V,"Brazil,Serra de Graciosa",Neotropical,Parana,Araucaria Forest province,Dry forest|Moist forest,GF05000471V,Araucaria Forest province,15,0,0,9,0,0,0,0,0,0,1,0,0,0,0,6,0,13,0,0,0,11,0,0,0,34,0,5,soil,94,8,0,0,,,8,5.989372,,,,,,,,,,,,,,,,,,,,
GF05000472V,"Brazil,Porto Fino",Neotropical,Parana,Atlantic province,,GF05000472V,Atlantic province,74,0,0,3,0,0,0,9,0,6,0,0,0,12,0,4,0,4,0,0,1,25,0,0,0,5,0,9,soil,152,11,5.921052632,5.921052632,,,11,5.608987,,,,,,,,,,,,,,,,,,,,
GF05000473V,"Brazil,Serra Receto",Neotropical,Chacoan,Cerrado province,Dry forest|Moist forest,GF05000473V,Cerrado province,17,0,0,2,0,0,0,0,0,1,0,0,0,6,0,2,0,2,0,0,0,11,0,0,0,0,0,6,soil,47,8,0,0,,,8,5.574493,,,,,,,,,,,,,,,,,,,,
GF05000474V,"Brazil,Angai",Neotropical,Parana,Araucaria Forest province,Dry forest|Moist forest,GF05000474V,Araucaria Forest province,46,0,0,3,0,0,0,1,0,1,0,0,0,4,0,3,0,4,0,0,0,13,0,0,0,2,0,12,soil,89,10,1.123595506,1.123595506,,,10,4.883382,,,,,,,,,,,,,,,,,,,,
GF05000475V,"Brazil,Salto",Neotropical,Parana,Araucaria Forest province,Dry forest|Moist forest,GF05000475V,Araucaria Forest province,25,0,0,1,0,0,0,4,0,0,0,0,0,11,0,5,0,2,0,0,0,8,0,0,0,1,0,9,soil,66,9,6.060606061,6.060606061,,,9,6.002103,,,,,,,,,,,,,,,,,,,,
GF05000476V,"Brazil,Ceu Azul",Neotropical,Parana,Araucaria Forest province,Dry forest|Moist forest,GF05000476V,Araucaria Forest province,21,0,0,0,0,0,0,2,0,0,0,0,0,6,0,2,0,4,0,0,0,8,0,0,0,1,0,2,soil,46,8,4.347826087,4.347826087,,,8,5.116359,,,,,,,,,,,,,,,,,,,,
GF05000477V,"Brazil,Matelandia",Neotropical,Parana,Parana Forest province,Dry forest|Moist forest,GF05000477V,Parana Forest province,79,0,0,4,11,0,9,1,0,1,3,0,0,14,0,2,0,5,0,0,0,25,0,0,1,4,0,18,soil,177,14,0.564971751,0.564971751,,,14,6.509783,,,,,,,,,,,,,,,,,,,,
GF05000478V,"Brazil,Cataratas do Iguacu",Neotropical,Parana,Parana Forest province,Dry forest|Moist forest,GF05000478V,Parana Forest province,21,0,0,3,0,1,0,5,0,0,0,0,0,13,0,1,0,5,0,0,0,6,0,0,0,0,0,1,soil,56,9,8.928571429,8.928571429,,,9,5.754563,,,,,,,,,,,,,,,,,,,,
GF05000495V,"Mexico,Bella Flor",Neotropical,Mesoamerican,Yucatan Peninsula Province,Very dry forest|Dry forest,GF05000495V,Yucatan Peninsula Province,58,0,0,1,0,0,1,1,0,1,0,0,0,2,0,1,0,3,0,0,0,12,0,0,0,1,0,2,soil,83,11,1.204819277,1.204819277,,,11,3.15518,,,,,,,,,,,,,,,,,,,,
GF05000496V,"Mexico,Campeche",Neotropical,Mesoamerican,Yucatan Peninsula Province,Dry forest,GF05000496V,Yucatan Peninsula Province,58,0,0,2,0,0,0,9,0,0,0,0,0,7,0,2,0,4,0,0,0,11,0,0,0,4,0,4,soil,101,9,8.910891089,8.910891089,,,9,4.479033,,,,,,,,,,,,,,,,,,,,
GF05000497V,"Mexico,Noham",Neotropical,Mesoamerican,Veracruzan province,,GF05000497V,Veracruzan province,46,0,0,1,1,0,0,2,0,0,0,0,0,12,0,0,0,7,0,0,0,8,0,0,0,3,0,4,soil,84,9,2.380952381,2.380952381,,,9,4.469329,,,,,,,,,,,,,,,,,,,,
GF05000498V,"Mexico,Chichen Itza",Neotropical,Mesoamerican,Yucatan Peninsula Province,Dry forest,GF05000498V,Yucatan Peninsula Province,38,0,0,0,0,0,0,2,0,0,1,0,0,4,0,0,0,4,0,0,0,3,0,0,0,1,0,3,soil,56,8,3.571428571,3.571428571,,,8,3.375299,,,,,,,,,,,,,,,,,,,,
GF05000499V,"Mexico,Kax Ek",Neotropical,Mesoamerican,Yucatan Peninsula Province,Dry forest,GF05000499V,Yucatan Peninsula Province,34,0,0,0,0,0,1,22,0,0,0,0,0,9,0,1,0,1,0,0,0,2,0,0,0,3,0,1,soil,74,9,29.72972973,29.72972973,,,9,4.197062,,,,,,,,,,,,,,,,,,,,
GF05000500V,"Mexico,Cozumel",Neotropical,Mesoamerican,Yucatan Peninsula Province,,GF05000500V,Yucatan Peninsula Province,20,0,0,2,0,0,0,14,0,0,0,0,0,0,0,0,0,2,0,0,0,1,0,0,0,1,0,1,soil,41,7,34.14634146,34.14634146,,,7,3.609155,,,,,,,,,,,,,,,,,,,,
GF05000501V,"Guatemala,Santa Rosita",Neotropical,NA,Chiapas Highlands province,Dry forest|Moist forest,GF05000501V,Chiapas Highlands province,0,0,0,0,0,0,0,0,0,0,0,0,0,1,0,0,0,0,0,0,0,0,0,0,0,3,0,0,soil,4,2,0,0,,,2,1.754765,,,,,,,,,,,,,,,,,,,,
GF05000502V,"Guatemala,Papaturro",Neotropical,Mesoamerican,Pacific Lowlands province,Dry forest|Moist forest,GF05000502V,Pacific Lowlands province,80,0,0,0,3,0,4,6,0,0,0,0,1,5,0,1,0,11,0,0,2,5,0,0,0,4,0,3,soil,125,12,4.8,4.8,,,12,4.243956,,,,,,,,,,,,,,,,,,,,
GF05000503V,"Guatemala,Taxisco",Neotropical,Mesoamerican,Pacific Lowlands province,Dry forest|Moist forest,GF05000503V,Pacific Lowlands province,7,0,0,1,0,0,0,0,0,0,0,0,0,3,0,0,0,2,0,0,0,0,0,0,0,12,0,1,soil,26,6,0,0,,,6,4.084649,,,,,,,,,,,,,,,,,,,,
GF05000504V,"Guatemala,El Jobo",Neotropical,Mesoamerican,Pacific Lowlands province,Dry forest|Moist forest,GF05000504V,Pacific Lowlands province,36,0,0,1,0,0,3,0,0,1,0,0,0,6,0,1,0,6,0,0,0,7,0,0,0,8,0,4,soil,73,10,0,0,,,10,5.436421,,,,,,,,,,,,,,,,,,,,
GF05000505V,"Guatemala,Acatenango",Neotropical,NA,Chiapas Highlands province,Moist forest|Wet forest,GF05000505V,Chiapas Highlands province,40,0,0,4,0,0,0,2,0,2,0,1,1,21,0,2,1,21,0,0,0,15,0,0,0,6,0,8,soil,124,13,1.612903226,1.612903226,,,13,7.187982,,,,,,,,,,,,,,,,,,,,
GF05000506V,"Guatemala,Tecpan",Neotropical,NA,Chiapas Highlands province,Moist forest|Wet forest,GF05000506V,Chiapas Highlands province,31,0,0,2,0,0,0,24,0,0,0,0,0,5,0,3,0,3,0,0,0,24,0,0,0,10,0,6,soil,108,9,22.22222222,22.22222222,,,9,6.189509,,,,,,,,,,,,,,,,,,,,
GF05000531S,"Louisiana, Barataria Preserve",N/A,N/A,N/A,Dry forest|Moist forest,GF05000531S,N/A,69,0,0,2,0,0,1,0,1,1,3,4,0,19,0,2,0,12,0,0,0,7,0,0,0,5,0,10,soil,136,13,0,0,,,13,5.583563,,,,,,,,,,,,,,,,,,,,
GF05000532S,"Louisiana, Barataria Preserve",N/A,N/A,N/A,Dry forest|Moist forest,GF05000532S,N/A,65,1,0,5,3,0,2,0,0,1,4,4,0,16,0,2,0,14,1,0,0,3,0,0,0,6,0,22,soil,149,15,0,0,,,15,6.803097,,,,,,,,,,,,,,,,,,,,
GF05000533S,"Louisiana, Barataria Preserve",N/A,N/A,N/A,Dry forest|Moist forest,GF05000533S,N/A,24,0,0,1,0,0,2,0,0,0,1,0,0,3,0,0,0,2,0,0,0,2,0,0,0,0,0,7,soil,42,8,0,0,,,8,4.136405,,,,,,,,,,,,,,,,,,,,
GF05000534S,"Louisiana, Barataria Preserve",N/A,N/A,N/A,Dry forest|Moist forest,GF05000534S,N/A,63,0,0,2,0,1,7,0,0,0,2,2,0,18,0,3,0,8,0,0,0,7,0,0,0,2,0,14,soil,129,12,0,0,,,12,5.686116,,,,,,,,,,,,,,,,,,,,
GF05000535S,"Louisiana, Barataria Preserve",N/A,N/A,N/A,Dry forest|Moist forest,GF05000535S,N/A,38,0,0,0,0,0,6,0,0,0,1,0,0,9,0,0,0,5,1,0,0,5,0,0,0,1,0,9,soil,75,9,0,0,,,9,4.89972,,,,,,,,,,,,,,,,,,,,
GF05000536S,"Louisiana, Barataria Preserve",N/A,N/A,N/A,Dry forest|Moist forest,GF05000536S,N/A,57,0,0,1,0,0,7,0,0,1,3,1,0,9,0,2,0,11,1,0,0,5,0,0,0,5,0,16,soil,119,13,0,0,,,13,6.00662,,,,,,,,,,,,,,,,,,,,
GF05000537S,"Louisiana, Barataria Preserve",N/A,N/A,N/A,Dry forest|Moist forest,GF05000537S,N/A,25,0,0,0,0,0,4,0,0,1,2,1,0,4,0,1,0,3,0,0,0,1,0,0,0,1,0,8,soil,51,11,0,0,,,11,5.576124,,,,,,,,,,,,,,,,,,,,
GF05000538S,"Louisiana, Barataria Preserve",N/A,N/A,N/A,Dry forest|Moist forest,GF05000538S,N/A,43,0,0,3,0,0,2,0,0,0,2,2,0,11,0,0,0,15,1,0,0,4,0,0,0,0,0,7,soil,90,10,0,0,,,10,5.272909,,,,,,,,,,,,,,,,,,,,
GF05000539S,"Louisiana, Barataria Preserve",N/A,N/A,N/A,Dry forest|Moist forest,GF05000539S,N/A,63,0,0,2,0,0,3,0,0,1,2,1,0,15,0,4,0,17,0,0,0,3,0,0,0,6,0,13,soil,130,12,0,0,,,12,5.600543,,,,,,,,,,,,,,,,,,,,
GF05000540S,"Louisiana, Barataria Preserve",N/A,N/A,N/A,Dry forest|Moist forest,GF05000540S,N/A,41,0,0,1,0,0,2,0,0,0,2,2,0,9,0,5,0,7,0,0,0,3,0,0,0,1,0,14,soil,87,11,0,0,,,11,5.635628,,,,,,,,,,,,,,,,,,,,
GF05000541S,"Louisiana, Barataria Preserve",N/A,N/A,N/A,Dry forest|Moist forest,GF05000541S,N/A,43,0,0,2,3,0,3,0,0,0,1,1,0,9,0,3,0,4,0,0,0,13,2,0,0,4,0,16,soil,104,13,0,0,,,13,6.845519,,,,,,,,,,,,,,,,,,,,
GF05000542S,"Louisiana, Barataria Preserve",N/A,N/A,N/A,Dry forest|Moist forest,GF05000542S,N/A,29,0,0,1,0,0,3,0,0,0,2,3,0,4,0,1,0,6,1,0,0,5,0,0,0,0,0,6,soil,61,11,0,0,,,11,6.073524,,,,,,,,,,,,,,,,,,,,
GF05000543S,"Louisiana, Barataria Preserve",N/A,N/A,N/A,Dry forest|Moist forest,GF05000543S,N/A,50,0,0,1,0,0,5,0,0,1,1,3,0,12,0,3,0,14,0,0,0,5,0,0,0,3,0,11,soil,109,12,0,0,,,12,6.073635,,,,,,,,,,,,,,,,,,,,
GF05000544S,"Louisiana, Barataria Preserve",N/A,N/A,N/A,Dry forest|Moist forest,GF05000544S,N/A,63,0,0,0,0,0,4,0,0,0,1,5,0,11,0,1,0,12,1,0,0,5,0,0,0,1,0,10,soil,114,11,0,0,,,11,4.767512,,,,,,,,,,,,,,,,,,,,
GF05000545S,"Louisiana, Barataria Preserve",N/A,N/A,N/A,Dry forest|Moist forest,GF05000545S,N/A,14,0,0,0,0,0,0,0,0,0,1,1,0,3,0,1,0,1,0,0,0,3,0,0,0,1,0,8,soil,33,9,0,0,,,9,5.328409,,,,,,,,,,,,,,,,,,,,
GF05000546S,"Louisiana, Barataria Preserve",N/A,N/A,N/A,Dry forest|Moist forest,GF05000546S,N/A,34,0,0,0,0,0,3,0,0,0,1,1,0,5,0,0,0,2,0,0,0,0,0,0,0,1,0,6,soil,53,8,0,0,,,8,3.543383,,,,,,,,,,,,,,,,,,,,
GF05000547S,"Louisiana, Barataria Preserve",N/A,N/A,N/A,Dry forest|Moist forest,GF05000547S,N/A,31,0,0,0,0,0,4,0,1,0,1,2,0,2,0,1,0,3,0,0,0,1,0,0,0,2,0,9,soil,57,11,0,0,,,11,4.95524,,,,,,,,,,,,,,,,,,,,
GF05000548S,"Louisiana, Barataria Preserve",N/A,N/A,N/A,Dry forest|Moist forest,GF05000548S,N/A,19,0,0,0,0,0,3,0,0,0,0,1,0,1,0,0,0,3,0,0,0,1,0,0,0,1,0,6,soil,35,8,0,0,,,8,4.312191,,,,,,,,,,,,,,,,,,,,
GF05000549S,"Louisiana, Barataria Preserve",N/A,N/A,N/A,Dry forest|Moist forest,GF05000549S,N/A,82,0,0,3,0,0,4,0,0,2,2,2,0,7,0,2,0,10,1,0,0,5,2,0,0,8,0,14,soil,144,14,0,0,,,14,5.303797,,,,,,,,,,,,,,,,,,,,
GF05000550S,"Louisiana, Barataria Preserve",N/A,N/A,N/A,Dry forest|Moist forest,GF05000550S,N/A,31,0,0,1,0,0,1,0,0,0,0,1,0,0,0,0,0,4,0,0,0,3,0,0,0,1,0,12,soil,54,8,0,0,,,8,3.675529,,,,,,,,,,,,,,,,,,,,
GF05000551S,"Louisiana, Barataria Preserve",N/A,N/A,N/A,Dry forest|Moist forest,GF05000551S,N/A,33,0,0,0,0,0,1,0,0,0,0,0,0,0,0,1,0,3,0,0,0,3,0,0,0,1,0,6,soil,48,7,0,0,,,7,3.022413,,,,,,,,,,,,,,,,,,,,
GF05000552S,"Louisiana, Bayou Sauvage NWR",N/A,N/A,N/A,,GF05000552S,N/A,39,0,0,0,1,0,0,1,0,0,0,1,0,3,0,0,0,0,0,0,0,6,0,0,0,1,0,9,soil,61,8,1.639344262,1.639344262,,,8,3.367422,,,,,,,,,,,,,,,,,,,,
GF05000553S,"Louisiana, Bayou Sauvage NWR",N/A,N/A,N/A,,GF05000553S,N/A,46,0,0,0,0,0,1,0,0,0,0,0,0,1,0,1,0,4,0,0,0,7,0,0,0,5,0,8,soil,73,8,0,0,,,8,3.58664,,,,,,,,,,,,,,,,,,,,
GF05000554S,"Louisiana, Bayou Sauvage NWR",N/A,N/A,N/A,,GF05000554S,N/A,18,0,0,1,0,0,2,0,0,1,0,1,0,2,0,0,0,0,0,0,0,1,0,0,0,1,0,3,soil,30,9,0,0,,,9,4.326217,,,,,,,,,,,,,,,,,,,,
GF05000555S,"Louisiana, Bayou Sauvage NWR",N/A,N/A,N/A,,GF05000555S,N/A,58,0,0,1,0,0,5,0,0,4,1,2,0,10,0,0,0,8,0,0,1,4,0,0,0,0,0,14,soil,108,11,0,0,,,11,4.963705,,,,,,,,,,,,,,,,,,,,
GF05000556S,"Louisiana, Bayou Sauvage NWR",N/A,N/A,N/A,,GF05000556S,N/A,46,0,0,0,0,0,4,0,0,0,1,2,0,2,0,0,0,7,0,0,0,5,0,0,0,2,0,10,soil,79,9,0,0,,,9,4.269617,,,,,,,,,,,,,,,,,,,,
GF05000557S,"Louisiana, Bayou Sauvage NWR",N/A,N/A,N/A,,GF05000557S,N/A,24,0,0,0,4,0,3,0,0,0,0,1,0,2,0,0,0,4,0,0,0,4,0,0,0,3,0,8,soil,53,9,0,0,,,9,5.771255,,,,,,,,,,,,,,,,,,,,
GF05000558S,"Louisiana, Bayou Sauvage NWR",N/A,N/A,N/A,,GF05000558S,N/A,59,0,0,0,0,0,4,0,0,1,1,1,0,5,0,1,0,10,0,0,0,4,0,0,0,3,0,10,soil,99,11,0,0,,,11,4.363628,,,,,,,,,,,,,,,,,,,,
GF05000559S,"Louisiana, Bayou Sauvage NWR",N/A,N/A,N/A,,GF05000559S,N/A,55,0,0,1,4,0,4,0,0,1,1,2,0,7,0,2,0,7,0,0,0,8,0,0,0,3,0,16,soil,111,13,0,0,,,13,5.896617,,,,,,,,,,,,,,,,,,,,
GF05000560S,"Louisiana, Bayou Sauvage NWR",N/A,N/A,N/A,,GF05000560S,N/A,34,0,0,0,0,0,2,1,0,2,0,1,0,3,0,1,0,1,0,0,0,4,0,0,0,2,0,6,soil,57,11,1.754385965,1.754385965,,,11,4.585658,,,,,,,,,,,,,,,,,,,,
GF05000561S,"Louisiana, Bayou Sauvage NWR",N/A,N/A,N/A,,GF05000561S,N/A,29,0,0,0,0,0,4,0,0,2,0,0,0,1,0,1,0,3,0,0,1,3,0,0,0,2,0,10,soil,56,10,0,0,,,10,4.973668,,,,,,,,,,,,,,,,,,,,
GF05000562S,"Louisiana, Bayou Sauvage NWR",N/A,N/A,N/A,,GF05000562S,N/A,58,0,0,0,0,0,5,0,0,2,1,4,0,2,0,3,0,5,1,0,0,9,1,0,0,4,0,12,soil,107,13,0,0,,,13,5.460659,,,,,,,,,,,,,,,,,,,,
GF05000563S,"Louisiana, Bayou Sauvage NWR",N/A,N/A,N/A,,GF05000563S,N/A,49,0,0,1,3,0,1,1,0,1,3,1,0,6,0,0,0,7,0,0,0,6,0,0,0,2,0,17,soil,98,13,1.020408163,1.020408163,,,13,5.516706,,,,,,,,,,,,,,,,,,,,
GF05000564S,"Louisiana, Bayou Sauvage NWR",N/A,N/A,N/A,,GF05000564S,N/A,129,0,0,1,0,0,6,1,0,1,0,3,0,8,0,9,1,9,0,0,0,14,1,0,0,7,0,18,soil,208,14,0.480769231,0.480769231,,,14,4.448743,,,,,,,,,,,,,,,,,,,,
GF05000565S,"Louisiana, Bayou Sauvage NWR",N/A,N/A,N/A,,GF05000565S,N/A,128,0,0,3,2,0,6,3,0,0,0,1,0,2,0,3,0,13,2,0,0,12,2,0,0,4,0,33,soil,214,14,1.401869159,1.401869159,,,14,4.39834,,,,,,,,,,,,,,,,,,,,
GF05000566S,"Louisiana, Bayou Sauvage NWR",N/A,N/A,N/A,,GF05000566S,N/A,73,0,0,3,0,0,2,0,0,0,0,0,0,7,0,6,1,7,0,0,0,10,2,0,0,6,0,11,soil,128,11,0,0,,,11,4.9084,,,,,,,,,,,,,,,,,,,,
GF05000567S,"Louisiana, Bayou Sauvage NWR",N/A,N/A,N/A,,GF05000567S,N/A,181,0,0,7,3,0,6,3,2,1,2,3,1,17,0,6,0,38,1,0,1,19,3,0,0,9,0,35,soil,338,19,0.887573964,0.887573964,,,19,5.722915,,,,,,,,,,,,,,,,,,,,
GF05000568S,"Louisiana, Bayou Sauvage NWR",N/A,N/A,N/A,,GF05000568S,N/A,72,0,0,1,0,0,3,1,1,3,0,1,0,5,0,4,0,9,2,0,0,7,0,0,0,3,0,17,soil,129,14,0.775193798,0.775193798,,,14,5.195636,,,,,,,,,,,,,,,,,,,,
GF05000569S,"Louisiana, Bayou Sauvage NWR",N/A,N/A,N/A,,GF05000569S,N/A,71,0,0,3,0,0,5,1,0,3,1,1,0,5,0,4,0,11,1,0,0,9,3,0,0,5,0,15,soil,138,15,0.724637681,0.724637681,,,15,6.163093,,,,,,,,,,,,,,,,,,,,
GF05000570S,"Louisiana, Bayou Sauvage NWR",N/A,N/A,N/A,,GF05000570S,N/A,78,0,0,1,0,0,5,1,1,0,2,4,0,13,0,7,0,18,1,0,0,13,1,0,0,6,0,24,soil,175,15,0.571428571,0.571428571,,,15,6.578832,,,,,,,,,,,,,,,,,,,,
GF05000571S,"Louisiana, Bayou Sauvage NWR",N/A,N/A,N/A,,GF05000571S,N/A,28,0,0,0,0,0,2,0,0,0,0,0,0,3,0,1,0,3,0,0,0,0,0,0,0,0,0,2,soil,39,6,0,0,,,6,2.80415,,,,,,,,,,,,,,,,,,,,
GF05000572S,"Louisiana, Bayou Sauvage NWR",N/A,N/A,N/A,,GF05000572S,N/A,20,0,0,0,0,0,1,0,0,0,0,0,0,3,0,0,0,2,0,0,0,2,0,0,0,0,0,2,soil,30,6,0,0,,,6,3.175776,,,,,,,,,,,,,,,,,,,,
GF05000573S,"Louisiana, Big Branch NWR",N/A,N/A,N/A,,GF05000573S,N/A,20,0,0,0,0,0,0,0,0,0,1,1,0,0,0,1,0,1,0,0,0,2,0,0,0,0,0,6,soil,32,7,0,0,,,7,3.367352,,,,,,,,,,,,,,,,,,,,
GF05000574S,"Louisiana, Big Branch NWR",N/A,N/A,N/A,,GF05000574S,N/A,58,0,0,0,0,0,0,0,0,0,0,1,0,13,0,2,1,5,0,0,0,7,2,0,0,1,0,12,soil,102,10,0,0,,,10,4.294036,,,,,,,,,,,,,,,,,,,,
GF05000575S,"Louisiana, Big Branch NWR",N/A,N/A,N/A,,GF05000575S,N/A,24,0,0,1,0,0,1,0,0,0,1,0,0,2,0,0,0,2,0,0,0,0,0,0,0,1,0,7,soil,39,8,0,0,,,8,3.623637,,,,,,,,,,,,,,,,,,,,
GF05000576S,"Louisiana, Big Branch NWR",N/A,N/A,N/A,,GF05000576S,N/A,33,0,0,0,5,0,0,0,1,0,1,0,0,4,0,1,0,3,0,0,0,1,0,0,0,1,0,9,soil,59,10,0,0,,,10,4.48372,,,,,,,,,,,,,,,,,,,,
GF05000577S,"Louisiana, Big Branch NWR",N/A,N/A,N/A,,GF05000577S,N/A,60,0,0,0,4,0,4,0,0,0,1,1,0,3,0,2,0,10,1,0,0,8,0,0,0,2,0,12,soil,108,12,0,0,,,12,4.979264,,,,,,,,,,,,,,,,,,,,
GF05000578S,"Louisiana, Big Branch NWR",N/A,N/A,N/A,,GF05000578S,N/A,33,0,0,0,3,0,4,0,0,0,2,0,0,3,0,4,0,5,1,0,0,5,1,0,0,6,0,9,soil,76,12,0,0,,,12,7.016002,,,,,,,,,,,,,,,,,,,,
GF05000579S,"Louisiana, Big Branch NWR",N/A,N/A,N/A,,GF05000579S,N/A,45,0,0,0,1,0,2,0,0,0,1,2,0,3,0,4,0,5,0,0,0,9,0,0,0,7,0,12,soil,91,11,0,0,,,11,5.571799,,,,,,,,,,,,,,,,,,,,
GF05000580S,"Louisiana, Big Branch NWR",N/A,N/A,N/A,,GF05000580S,N/A,51,1,0,0,1,0,4,0,1,0,1,2,0,6,0,2,0,6,0,0,0,3,0,0,0,5,0,9,soil,92,13,0,0,,,13,5.364653,,,,,,,,,,,,,,,,,,,,
GF05000581S,"Louisiana, Big Branch NWR",N/A,N/A,N/A,,GF05000581S,N/A,91,1,0,0,2,0,5,0,0,0,2,1,0,10,0,4,1,13,0,0,0,7,0,0,0,9,0,14,soil,160,13,0,0,,,13,5.029813,,,,,,,,,,,,,,,,,,,,
GF05000582S,"Louisiana, Big Branch NWR",N/A,N/A,N/A,,GF05000582S,N/A,61,1,0,0,3,0,4,0,0,1,1,2,0,6,0,1,0,10,0,0,0,6,1,0,0,7,0,11,soil,115,14,0,0,,,14,5.69989,,,,,,,,,,,,,,,,,,,,
GF05000583S,"Louisiana, Big Branch NWR",N/A,N/A,N/A,,GF05000583S,N/A,48,0,0,0,0,0,2,0,0,0,1,2,0,9,0,1,0,6,0,0,0,3,0,0,0,4,0,13,soil,89,10,0,0,,,10,4.724058,,,,,,,,,,,,,,,,,,,,
GF05000584S,"Louisiana, Big Branch NWR",N/A,N/A,N/A,,GF05000584S,N/A,38,0,0,0,5,0,2,0,0,1,2,1,0,2,0,0,0,3,0,0,0,3,0,0,0,9,0,8,soil,74,11,0,0,,,11,5.419791,,,,,,,,,,,,,,,,,,,,
GF05000585S,"Louisiana, Big Branch NWR",N/A,N/A,N/A,,GF05000585S,N/A,26,0,0,0,0,0,0,0,0,1,0,0,0,0,0,0,0,2,1,0,0,3,0,0,0,1,0,7,soil,41,7,0,0,,,7,3.323556,,,,,,,,,,,,,,,,,,,,
GF05000586S,"Louisiana, Big Branch NWR",N/A,N/A,N/A,,GF05000586S,N/A,55,0,0,1,3,0,1,0,0,0,0,0,0,5,0,1,1,6,0,0,0,6,0,0,0,5,0,10,soil,94,11,0,0,,,11,4.565868,,,,,,,,,,,,,,,,,,,,
GF05000587S,"Louisiana, Big Branch NWR",N/A,N/A,N/A,,GF05000587S,N/A,50,0,0,1,0,0,0,1,0,0,0,1,0,2,0,1,1,8,0,0,0,9,0,0,0,9,0,15,soil,98,11,1.020408163,1.020408163,,,11,4.889411,,,,,,,,,,,,,,,,,,,,
GF05000588S,"Louisiana, Big Branch NWR",N/A,N/A,N/A,,GF05000588S,N/A,57,0,0,0,0,0,7,0,0,1,1,2,0,3,0,6,0,11,1,0,0,4,1,0,0,2,0,13,soil,109,13,0,0,,,13,5.468741,,,,,,,,,,,,,,,,,,,,
GF05000589S,"Louisiana, Big Branch NWR",N/A,N/A,N/A,,GF05000589S,N/A,123,2,0,3,0,0,6,0,0,0,1,2,0,15,0,7,1,17,0,0,0,12,1,0,0,5,0,23,soil,218,14,0,0,,,14,5.042742,,,,,,,,,,,,,,,,,,,,
GF05000590S,"Louisiana, Big Branch NWR",N/A,N/A,N/A,,GF05000590S,N/A,68,1,1,0,1,0,6,1,1,1,1,0,0,8,0,3,1,8,0,0,0,8,0,0,0,3,0,17,soil,129,16,0.775193798,0.775193798,,,16,5.702461,,,,,,,,,,,,,,,,,,,,
GF05000591S,"Louisiana, Big Branch NWR",N/A,N/A,N/A,,GF05000591S,N/A,58,0,0,0,3,0,5,0,0,0,1,1,0,4,0,1,0,5,0,0,0,4,0,0,0,3,0,10,soil,95,11,0,0,,,11,4.379572,,,,,,,,,,,,,,,,,,,,
GF05000592S,"Louisiana, Big Branch NWR",N/A,N/A,N/A,,GF05000592S,N/A,49,3,0,0,1,0,7,0,0,0,1,2,0,4,0,4,0,4,0,0,0,9,0,0,0,4,0,14,soil,102,12,0,0,,,12,6.064017,,,,,,,,,,,,,,,,,,,,
GF05000593S,"Louisiana, Big Branch NWR",N/A,N/A,N/A,,GF05000593S,N/A,85,0,0,3,2,0,10,0,1,2,1,1,0,12,0,7,0,13,1,0,0,6,3,0,0,13,0,27,soil,187,16,0,0,,,16,6.795283,,,,,,,,,,,,,,,,,,,,
GF05000594S,"Louisiana, Fontainebleau State Park",N/A,N/A,N/A,,GF05000594S,N/A,56,0,0,0,0,0,4,1,1,2,1,0,0,1,0,2,0,4,0,0,0,6,0,0,0,6,0,11,soil,95,12,1.052631579,1.052631579,,,12,4.623416,,,,,,,,,,,,,,,,,,,,
GF05000595S,"Louisiana, Fontainebleau State Park",N/A,N/A,N/A,,GF05000595S,N/A,58,1,0,1,0,0,6,0,0,1,1,1,0,6,0,3,0,5,0,0,0,6,0,0,0,8,0,10,soil,107,13,0,0,,,13,5.439825,,,,,,,,,,,,,,,,,,,,
GF05000596S,"Louisiana, Fontainebleau State Park",N/A,N/A,N/A,,GF05000596S,N/A,70,0,0,1,3,0,4,0,0,1,0,1,0,6,0,0,0,5,1,0,0,10,0,0,0,4,0,21,soil,127,12,0,0,,,12,4.742076,,,,,,,,,,,,,,,,,,,,
GF05000597S,"Louisiana, Fontainebleau State Park",N/A,N/A,N/A,,GF05000597S,N/A,87,0,0,1,0,0,6,0,1,0,2,0,0,4,0,2,1,7,0,0,0,11,0,0,0,11,0,14,soil,147,12,0,0,,,12,4.548319,,,,,,,,,,,,,,,,,,,,
GF05000598S,"Louisiana, Fontainebleau State Park",N/A,N/A,N/A,,GF05000598S,N/A,79,2,0,4,0,0,3,0,1,0,0,1,0,10,0,5,0,15,0,0,0,12,0,0,0,12,0,17,soil,161,12,0,0,,,12,5.806528,,,,,,,,,,,,,,,,,,,,
GF05000599S,"Louisiana, Fontainebleau State Park",N/A,N/A,N/A,,GF05000599S,N/A,64,0,0,1,0,0,5,0,0,1,1,0,0,2,0,2,0,4,0,0,0,3,0,0,0,7,0,11,soil,101,11,0,0,,,11,4.01126,,,,,,,,,,,,,,,,,,,,
GF05000600S,"Louisiana, Fontainebleau State Park",N/A,N/A,N/A,,GF05000600S,N/A,53,0,0,0,0,0,2,0,1,1,0,0,0,4,0,3,0,7,0,0,0,4,0,0,0,6,0,18,soil,99,10,0,0,,,10,4.658012,,,,,,,,,,,,,,,,,,,,
GF05000601S,"Louisiana, Fontainebleau State Park",N/A,N/A,N/A,,GF05000601S,N/A,66,1,0,0,0,0,3,0,2,1,1,1,0,9,0,1,0,7,0,0,0,5,0,0,0,4,0,9,soil,110,13,0,0,,,13,4.651451,,,,,,,,,,,,,,,,,,,,
GF05000602S,"Louisiana, Fontainebleau State Park",N/A,N/A,N/A,,GF05000602S,N/A,105,1,0,2,0,0,3,1,0,0,2,1,0,16,0,4,0,29,0,0,0,8,0,0,0,14,0,14,soil,200,13,0.5,0.5,,,13,5.125405,,,,,,,,,,,,,,,,,,,,
GF05000603S,"Louisiana, Fontainebleau State Park",N/A,N/A,N/A,,GF05000603S,N/A,85,0,0,1,4,0,5,1,0,0,1,0,0,4,0,5,0,6,0,0,0,8,0,0,0,12,0,17,soil,149,12,0.67114094,0.67114094,,,12,4.854575,,,,,,,,,,,,,,,,,,,,
GF05000604S,"Louisiana, Fontainebleau State Park",N/A,N/A,N/A,,GF05000604S,N/A,45,0,0,0,0,0,4,0,0,0,1,0,0,5,0,1,0,4,0,0,0,5,0,0,0,2,0,9,soil,76,9,0,0,,,9,4.223466,,,,,,,,,,,,,,,,,,,,
GF05000605S,"Louisiana, Fontainebleau State Park",N/A,N/A,N/A,,GF05000605S,N/A,33,0,0,0,0,0,3,0,0,0,1,1,0,3,0,3,0,7,0,0,0,11,0,0,0,7,0,9,soil,78,10,0,0,,,10,6.1086,,,,,,,,,,,,,,,,,,,,
GF05000606S,"Louisiana, Fontainebleau State Park",N/A,N/A,N/A,,GF05000606S,N/A,68,0,0,2,0,0,4,1,0,0,1,0,0,6,0,1,1,4,0,0,0,8,0,0,0,13,0,13,soil,122,12,0.819672131,0.819672131,,,12,4.849094,,,,,,,,,,,,,,,,,,,,
GF05000607S,"Louisiana, Fontainebleau State Park",N/A,N/A,N/A,,GF05000607S,N/A,63,0,0,1,3,0,5,0,0,0,1,0,0,9,0,5,0,11,1,0,0,18,0,0,0,7,0,18,soil,142,12,0,0,,,12,6.217801,,,,,,,,,,,,,,,,,,,,
GF05000608S,"Louisiana, Fontainebleau State Park",N/A,N/A,N/A,,GF05000608S,N/A,100,0,0,1,0,0,7,0,0,0,1,3,0,17,0,10,1,22,2,0,0,21,1,0,0,13,0,35,soil,234,14,0,0,,,14,6.467111,,,,,,,,,,,,,,,,,,,,
GF05000609S,"Louisiana, Fontainebleau State Park",N/A,N/A,N/A,,GF05000609S,N/A,100,0,0,2,0,0,5,0,0,2,1,0,0,7,0,5,1,7,0,0,0,10,0,0,0,5,0,19,soil,164,12,0,0,,,12,4.39332,,,,,,,,,,,,,,,,,,,,
GF05000610S,"Louisiana, Fontainebleau State Park",N/A,N/A,N/A,,GF05000610S,N/A,101,0,0,1,0,0,7,0,0,3,1,1,0,14,0,4,0,14,0,0,0,15,1,0,0,6,0,32,soil,200,13,0,0,,,13,5.336272,,,,,,,,,,,,,,,,,,,,
GF05000611S,"Louisiana, Fontainebleau State Park",N/A,N/A,N/A,,GF05000611S,N/A,61,0,0,0,0,0,4,1,0,1,0,0,0,3,0,5,1,7,0,0,0,7,0,0,0,6,0,17,soil,113,11,0.884955752,0.884955752,,,11,4.934892,,,,,,,,,,,,,,,,,,,,
GF05000612S,"Louisiana, Fontainebleau State Park",N/A,N/A,N/A,,GF05000612S,N/A,81,0,0,2,0,0,5,3,0,1,0,1,0,5,0,5,1,6,0,0,0,10,1,0,0,3,0,26,soil,150,14,2,2,,,14,5.122229,,,,,,,,,,,,,,,,,,,,
GF05000613S,"Louisiana, Fontainebleau State Park",N/A,N/A,N/A,,GF05000613S,N/A,64,0,0,1,0,0,3,1,0,1,0,0,1,6,0,3,0,4,0,0,0,8,0,0,0,5,0,11,soil,108,12,0.925925926,0.925925926,,,12,4.631652,,,,,,,,,,,,,,,,,,,,
GF05000614S,"Louisiana, Fontainebleau State Park",N/A,N/A,N/A,,GF05000614S,N/A,55,0,0,0,0,0,4,0,0,0,0,0,0,3,0,1,0,7,1,0,0,6,0,0,0,6,0,10,soil,93,9,0,0,,,9,4.23065,,,,,,,,,,,,,,,,,,,,
GF05000615S,"Louisiana, LUMCON site 1",N/A,N/A,N/A,Dry forest|Moist forest,GF05000615S,N/A,108,0,0,10,0,0,7,1,0,2,1,2,0,11,0,9,0,19,0,0,0,36,1,0,0,18,0,41,soil,266,14,0.37593985,0.37593985,,,14,6.669175,,,,,,,,,,,,,,,,,,,,
GF05000616S,"Louisiana, LUMCON site 1",N/A,N/A,N/A,Dry forest|Moist forest,GF05000616S,N/A,19,0,0,0,0,0,4,0,0,0,0,0,0,1,0,2,0,3,0,0,0,1,0,0,0,2,0,9,soil,41,8,0,0,,,8,4.871977,,,,,,,,,,,,,,,,,,,,
GF05000617S,"Louisiana, LUMCON site 1",N/A,N/A,N/A,Dry forest|Moist forest,GF05000617S,N/A,82,4,1,3,1,0,2,1,0,0,1,2,0,11,0,1,0,12,0,0,0,10,0,0,0,13,0,18,soil,162,15,0.617283951,0.617283951,,,15,5.866992,,,,,,,,,,,,,,,,,,,,
GF05000618S,"Louisiana, LUMCON site 1",N/A,N/A,N/A,Dry forest|Moist forest,GF05000618S,N/A,79,0,0,2,1,0,4,2,0,1,1,1,0,8,0,5,1,11,0,0,0,11,0,0,0,7,0,20,soil,154,15,1.298701299,1.298701299,,,15,5.819013,,,,,,,,,,,,,,,,,,,,
GF05000619S,"Louisiana, LUMCON site 1",N/A,N/A,N/A,Dry forest|Moist forest,GF05000619S,N/A,31,0,0,0,1,0,0,0,0,0,1,0,0,3,0,1,0,4,0,0,0,5,0,0,0,3,0,7,soil,56,9,0,0,,,9,4.575548,,,,,,,,,,,,,,,,,,,,
GF05000620S,"Louisiana, LUMCON site 1",N/A,N/A,N/A,Dry forest|Moist forest,GF05000620S,N/A,35,0,0,1,0,0,0,0,0,0,1,1,0,11,0,3,0,4,0,0,0,4,0,0,0,2,0,19,soil,81,10,0,0,,,10,5.192185,,,,,,,,,,,,,,,,,,,,
GF05000621S,"Louisiana, LUMCON site 1",N/A,N/A,N/A,Dry forest|Moist forest,GF05000621S,N/A,11,0,0,0,0,0,1,0,0,0,0,0,0,1,0,0,0,1,0,0,0,5,0,0,0,1,0,5,soil,25,7,0,0,,,7,4.572347,,,,,,,,,,,,,,,,,,,,
GF05000622S,"Louisiana, LUMCON site 1",N/A,N/A,N/A,Dry forest|Moist forest,GF05000622S,N/A,52,2,1,2,1,0,4,0,0,1,1,1,0,9,0,3,0,4,0,0,0,5,0,0,0,3,0,15,soil,104,15,0,0,,,15,6.134844,,,,,,,,,,,,,,,,,,,,
GF05000623S,"Louisiana, LUMCON site 1",N/A,N/A,N/A,Dry forest|Moist forest,GF05000623S,N/A,20,1,1,1,0,0,3,0,0,0,0,1,0,3,0,0,0,2,0,0,0,2,0,0,0,1,0,4,soil,39,11,0,0,,,11,5.725875,,,,,,,,,,,,,,,,,,,,
GF05000624S,"Louisiana, LUMCON site 1",N/A,N/A,N/A,Dry forest|Moist forest,GF05000624S,N/A,20,0,0,0,2,0,3,1,0,0,0,0,0,2,0,3,0,2,0,0,0,4,0,0,0,3,0,7,soil,47,10,2.127659574,2.127659574,,,10,6.479929,,,,,,,,,,,,,,,,,,,,
GF05000625S,"Louisiana, LUMCON site 1",N/A,N/A,N/A,Dry forest|Moist forest,GF05000625S,N/A,43,1,1,2,0,0,1,0,0,0,1,1,0,9,0,3,0,4,0,0,0,4,0,0,0,4,0,9,soil,83,13,0,0,,,13,5.679829,,,,,,,,,,,,,,,,,,,,
GF05000626S,"Louisiana, LUMCON site 1",N/A,N/A,N/A,Dry forest|Moist forest,GF05000626S,N/A,19,0,0,0,0,0,2,0,0,0,0,1,0,0,0,0,0,4,0,0,0,4,0,0,0,1,0,4,soil,35,7,0,0,,,7,4.229268,,,,,,,,,,,,,,,,,,,,
GF05000627S,"Louisiana, LUMCON site 1",N/A,N/A,N/A,Dry forest|Moist forest,GF05000627S,N/A,34,1,0,1,0,0,1,0,0,0,0,1,0,2,0,0,1,4,0,0,0,3,1,0,0,3,0,7,soil,59,12,0,0,,,12,4.880858,,,,,,,,,,,,,,,,,,,,
GF05000628S,"Louisiana, LUMCON site 1",N/A,N/A,N/A,Dry forest|Moist forest,GF05000628S,N/A,32,2,1,1,0,0,2,0,1,0,1,0,0,5,0,1,2,6,0,0,0,5,0,0,0,6,0,7,soil,72,14,0,0,,,14,7.150852,,,,,,,,,,,,,,,,,,,,
GF05000629S,"Louisiana, LUMCON site 1",N/A,N/A,N/A,Dry forest|Moist forest,GF05000629S,N/A,29,0,1,1,0,0,1,0,0,0,0,0,0,4,0,0,0,7,0,0,0,2,0,0,0,3,0,8,soil,56,9,0,0,,,9,4.752359,,,,,,,,,,,,,,,,,,,,
GF05000630S,"Louisiana, LUMCON site 1",N/A,N/A,N/A,Dry forest|Moist forest,GF05000630S,N/A,21,0,0,0,0,0,1,0,0,0,1,0,0,0,0,0,0,2,0,0,0,6,0,0,0,2,0,14,soil,47,7,0,0,,,7,4.120607,,,,,,,,,,,,,,,,,,,,
GF05000631S,"Louisiana, LUMCON site 1",N/A,N/A,N/A,Dry forest|Moist forest,GF05000631S,N/A,23,1,0,1,0,0,1,0,0,0,1,0,0,5,0,1,1,5,0,0,0,2,0,0,0,2,0,3,soil,46,12,0,0,,,12,5.924488,,,,,,,,,,,,,,,,,,,,
GF05000632S,"Louisiana, LUMCON site 1",N/A,N/A,N/A,Dry forest|Moist forest,GF05000632S,N/A,20,0,0,0,0,0,2,0,0,0,1,0,0,0,0,0,0,4,0,0,0,3,0,0,0,2,0,2,soil,34,7,0,0,,,7,3.982123,,,,,,,,,,,,,,,,,,,,
GF05000633S,"Louisiana, LUMCON site 1",N/A,N/A,N/A,Dry forest|Moist forest,GF05000633S,N/A,72,0,0,2,2,0,6,0,0,1,1,1,0,6,0,4,0,14,0,0,0,7,1,0,0,3,0,14,soil,134,14,0,0,,,14,5.47235,,,,,,,,,,,,,,,,,,,,
GF05000634S,"Louisiana, LUMCON site 1",N/A,N/A,N/A,Dry forest|Moist forest,GF05000634S,N/A,51,0,0,1,0,0,3,0,1,0,1,1,0,6,0,2,0,9,0,0,0,3,0,0,0,3,0,6,soil,87,12,0,0,,,12,4.744673,,,,,,,,,,,,,,,,,,,,
GF05000635S,"Louisiana, LUMCON site 1",N/A,N/A,N/A,Dry forest|Moist forest,GF05000635S,N/A,46,0,0,1,1,0,3,0,0,0,1,0,0,1,0,2,0,1,0,0,0,9,0,0,0,3,0,12,soil,80,11,0,0,,,11,4.309877,,,,,,,,,,,,,,,,,,,,
GF05000636S,"Louisiana, LUMCON site 2",N/A,N/A,N/A,Dry forest|Moist forest,GF05000636S,N/A,76,0,0,2,1,0,7,0,1,0,1,0,0,8,0,4,1,10,0,0,0,9,0,0,0,3,0,20,soil,143,13,0,0,,,13,5.258256,,,,,,,,,,,,,,,,,,,,
GF05000637S,"Louisiana, LUMCON site 2",N/A,N/A,N/A,Dry forest|Moist forest,GF05000637S,N/A,0,0,0,0,0,0,0,0,0,0,0,0,0,0,0,0,0,0,0,0,0,0,0,0,0,0,0,0,soil,0,0,#DIV/0!,0,,,0,1,,,,,,,,,,,,,,,,,,,,
GF05000638S,"Louisiana, LUMCON site 2",N/A,N/A,N/A,Dry forest|Moist forest,GF05000638S,N/A,64,1,0,2,0,0,4,0,0,0,1,1,0,8,0,6,0,9,0,0,0,6,0,0,0,2,0,16,soil,120,12,0,0,,,12,5.195695,,,,,,,,,,,,,,,,,,,,
GF05000639S,"Louisiana, LUMCON site 2",N/A,N/A,N/A,Dry forest|Moist forest,GF05000639S,N/A,69,0,0,0,2,0,6,0,0,0,1,1,0,4,0,2,0,4,0,0,0,3,1,0,0,2,0,15,soil,110,12,0,0,,,12,4.091605,,,,,,,,,,,,,,,,,,,,
GF05000640S,"Louisiana, LUMCON site 2",N/A,N/A,N/A,Dry forest|Moist forest,GF05000640S,N/A,66,1,0,0,2,0,6,0,0,0,1,1,0,8,0,3,0,8,1,0,0,5,0,0,0,0,0,16,soil,118,12,0,0,,,12,4.808735,,,,,,,,,,,,,,,,,,,,
GF05000641S,"Louisiana, LUMCON site 2",N/A,N/A,N/A,Dry forest|Moist forest,GF05000641S,N/A,49,0,0,0,0,0,1,0,0,0,1,2,0,7,0,0,0,6,0,0,0,6,0,0,0,4,0,16,soil,92,9,0,0,,,9,4.525254,,,,,,,,,,,,,,,,,,,,
GF05000642S,"Louisiana, LUMCON site 2",N/A,N/A,N/A,Dry forest|Moist forest,GF05000642S,N/A,20,1,0,1,0,0,1,0,1,0,1,0,0,3,0,2,0,6,0,0,0,2,0,0,0,1,0,5,soil,44,12,0,0,,,12,6.406755,,,,,,,,,,,,,,,,,,,,
GF05000643S,"Louisiana, LUMCON site 2",N/A,N/A,N/A,Dry forest|Moist forest,GF05000643S,N/A,11,0,0,0,0,0,1,0,0,0,0,1,0,1,0,1,0,4,0,0,0,1,0,0,0,0,0,3,soil,23,8,0,0,,,8,4.974291,,,,,,,,,,,,,,,,,,,,
GF05000644S,"Louisiana, LUMCON site 2",N/A,N/A,N/A,Dry forest|Moist forest,GF05000644S,N/A,16,0,0,0,0,0,2,0,0,0,0,1,0,4,0,1,1,4,0,0,0,1,0,0,0,1,0,2,soil,33,10,0,0,,,10,5.652698,,,,,,,,,,,,,,,,,,,,
GF05000645S,"Louisiana, LUMCON site 2",N/A,N/A,N/A,Dry forest|Moist forest,GF05000645S,N/A,21,2,0,0,0,0,2,0,0,0,0,0,0,3,0,0,0,2,0,0,0,4,0,0,0,0,0,3,soil,37,7,0,0,,,7,4.231347,,,,,,,,,,,,,,,,,,,,
GF05000646S,"Louisiana, LUMCON site 2",N/A,N/A,N/A,Dry forest|Moist forest,GF05000646S,N/A,32,1,0,0,1,0,2,0,0,0,0,0,0,12,0,1,0,6,0,0,0,4,0,0,0,2,0,9,soil,70,10,0,0,,,10,5.38313,,,,,,,,,,,,,,,,,,,,
GF05000647S,"Louisiana, LUMCON site 2",N/A,N/A,N/A,Dry forest|Moist forest,GF05000647S,N/A,28,1,0,0,1,0,1,0,0,0,0,0,0,5,0,0,1,1,0,0,0,5,0,0,0,1,0,8,soil,52,10,0,0,,,10,4.606915,,,,,,,,,,,,,,,,,,,,
GF05000648S,"Louisiana, LUMCON site 2",N/A,N/A,N/A,Dry forest|Moist forest,GF05000648S,N/A,73,0,0,0,4,0,5,0,0,0,1,1,0,13,0,2,0,4,0,0,0,7,0,0,0,4,0,14,soil,128,11,0,0,,,11,4.692178,,,,,,,,,,,,,,,,,,,,
GF05000649S,"Louisiana, LUMCON site 2",N/A,N/A,N/A,Dry forest|Moist forest,GF05000649S,N/A,14,0,0,0,1,0,2,0,0,0,0,0,0,3,0,0,0,1,0,0,0,4,0,0,0,1,0,6,soil,32,8,0,0,,,8,5.236168,,,,,,,,,,,,,,,,,,,,
GF05000650S,"Louisiana, LUMCON site 2",N/A,N/A,N/A,Dry forest|Moist forest,GF05000650S,N/A,24,1,0,1,0,0,0,0,1,0,1,0,0,2,0,0,0,5,0,0,0,4,0,0,0,2,0,9,soil,50,10,0,0,,,10,5.279111,,,,,,,,,,,,,,,,,,,,
GF05000651S,"Louisiana, LUMCON site 2",N/A,N/A,N/A,Dry forest|Moist forest,GF05000651S,N/A,63,1,1,1,0,0,8,1,1,0,1,1,0,6,0,1,0,7,0,0,0,6,1,0,0,4,0,16,soil,119,16,0.840336134,0.840336134,,,16,5.648414,,,,,,,,,,,,,,,,,,,,
GF05000652S,"Louisiana, LUMCON site 2",N/A,N/A,N/A,Dry forest|Moist forest,GF05000652S,N/A,38,0,0,0,0,0,3,1,0,0,1,2,0,4,0,2,0,3,0,0,0,7,0,0,0,7,0,14,soil,82,11,1.219512195,1.219512195,,,11,5.791474,,,,,,,,,,,,,,,,,,,,
GF05000653S,"Louisiana, LUMCON site 2",N/A,N/A,N/A,Dry forest|Moist forest,GF05000653S,N/A,58,0,0,6,1,0,6,2,0,0,0,0,0,9,0,3,0,16,0,0,0,16,1,0,0,5,0,17,soil,140,12,1.428571429,1.428571429,,,12,6.658792,,,,,,,,,,,,,,,,,,,,
GF05000654S,"Louisiana, LUMCON site 2",N/A,N/A,N/A,Dry forest|Moist forest,GF05000654S,N/A,92,0,0,3,6,0,10,0,0,0,1,1,0,11,0,5,0,12,0,0,0,9,0,0,0,5,0,18,soil,173,12,0,0,,,12,5.48189,,,,,,,,,,,,,,,,,,,,
GF05000655S,"Louisiana, LUMCON site 2",N/A,N/A,N/A,Dry forest|Moist forest,GF05000655S,N/A,39,0,0,0,0,0,5,0,0,0,2,0,0,8,0,0,0,4,0,0,0,2,0,0,0,2,0,6,soil,68,8,0,0,,,8,4.282611,,,,,,,,,,,,,,,,,,,,
GF05000656S,"Louisiana, LUMCON site 2",N/A,N/A,N/A,Dry forest|Moist forest,GF05000656S,N/A,40,0,0,0,1,0,7,0,0,0,0,1,0,9,0,0,0,6,0,0,0,8,0,0,0,2,0,10,soil,84,9,0,0,,,9,5.259236,,,,,,,,,,,,,,,,,,,,
GF05000657S,"Louisiana, Pearl River WMA",N/A,N/A,N/A,,GF05000657S,N/A,148,0,1,2,0,0,11,0,1,1,5,4,0,25,0,8,1,38,1,0,0,21,2,0,0,6,0,29,soil,304,17,0,0,,,17,6.065078,,,,,,,,,,,,,,,,,,,,
GF05000658S,"Louisiana, Pearl River WMA",N/A,N/A,N/A,,GF05000658S,N/A,59,0,0,0,0,0,5,0,2,0,1,0,0,16,0,1,1,16,0,0,0,6,0,0,0,4,0,14,soil,125,11,0,0,,,11,5.433183,,,,,,,,,,,,,,,,,,,,
GF05000659S,"Louisiana, Pearl River WMA",N/A,N/A,N/A,,GF05000659S,N/A,18,0,0,0,0,0,1,0,0,0,0,0,0,1,0,0,0,3,0,0,0,0,0,0,0,0,0,3,soil,26,5,0,0,,,5,2.727933,,,,,,,,,,,,,,,,,,,,
GF05000660S,"Louisiana, Pearl River WMA",N/A,N/A,N/A,,GF05000660S,N/A,21,1,0,0,0,0,0,0,1,0,0,0,0,5,0,1,0,2,0,0,0,3,0,0,0,1,0,3,soil,38,9,0,0,,,9,4.633777,,,,,,,,,,,,,,,,,,,,
GF05000661S,"Louisiana, Pearl River WMA",N/A,N/A,N/A,,GF05000661S,N/A,36,1,0,2,0,0,1,0,0,0,0,1,0,5,0,3,0,8,0,0,0,5,0,0,0,2,0,12,soil,76,11,0,0,,,11,5.643017,,,,,,,,,,,,,,,,,,,,
GF05000662S,"Louisiana, Pearl River WMA",N/A,N/A,N/A,,GF05000662S,N/A,55,4,1,2,1,0,1,1,0,0,1,1,0,7,0,1,0,11,0,0,0,7,0,0,0,8,0,13,soil,114,15,0.877192982,0.877192982,,,15,6.254282,,,,,,,,,,,,,,,,,,,,
GF05000663S,"Louisiana, Pearl River WMA",N/A,N/A,N/A,,GF05000663S,N/A,101,0,0,2,5,0,4,0,0,0,0,3,0,16,0,4,0,12,0,0,0,6,1,0,0,14,0,14,soil,182,12,0,0,,,12,5.151712,,,,,,,,,,,,,,,,,,,,
GF05000664S,"Louisiana, Pearl River WMA",N/A,N/A,N/A,,GF05000664S,N/A,48,0,0,0,0,0,3,0,0,0,0,1,0,7,0,3,0,13,0,0,0,5,2,0,0,7,0,16,soil,105,10,0,0,,,10,5.652729,,,,,,,,,,,,,,,,,,,,
GF05000665S,"Louisiana, Pearl River WMA",N/A,N/A,N/A,,GF05000665S,N/A,42,1,0,0,0,0,3,0,0,0,0,0,0,6,0,2,0,12,0,0,0,7,0,0,0,7,0,15,soil,95,9,0,0,,,9,5.533102,,,,,,,,,,,,,,,,,,,,
GF05000666S,"Louisiana, Pearl River WMA",N/A,N/A,N/A,,GF05000666S,N/A,68,0,0,1,1,0,2,0,0,0,2,0,0,5,0,3,0,10,0,0,0,7,0,0,0,3,0,10,soil,112,11,0,0,,,11,4.342283,,,,,,,,,,,,,,,,,,,,
GF05000667S,"Louisiana, Pearl River WMA",N/A,N/A,N/A,,GF05000667S,N/A,33,0,0,1,0,0,1,0,0,0,0,0,0,4,0,0,1,6,0,0,0,2,0,0,0,2,0,9,soil,59,9,0,0,,,9,4.321065,,,,,,,,,,,,,,,,,,,,
GF05000668S,"Louisiana, Pearl River WMA",N/A,N/A,N/A,,GF05000668S,N/A,31,0,0,0,4,0,1,0,0,1,1,0,0,0,0,2,0,2,0,0,0,1,0,0,0,0,0,9,soil,52,9,0,0,,,9,3.911078,,,,,,,,,,,,,,,,,,,,
GF05000669S,"Louisiana, Pearl River WMA",N/A,N/A,N/A,,GF05000669S,N/A,148,1,0,3,7,0,6,1,0,0,2,1,0,13,0,7,0,21,0,0,0,14,0,0,0,9,0,27,soil,260,14,0.384615385,0.384615385,,,14,5.040001,,,,,,,,,,,,,,,,,,,,
GF05000670S,"Louisiana, Pearl River WMA",N/A,N/A,N/A,,GF05000670S,N/A,21,0,0,0,2,0,1,0,0,1,0,0,0,0,0,2,0,0,0,0,0,4,0,0,0,1,0,11,soil,43,8,0,0,,,8,4.338327,,,,,,,,,,,,,,,,,,,,
GF05000671S,"Louisiana, Pearl River WMA",N/A,N/A,N/A,,GF05000671S,N/A,15,0,0,2,4,0,1,0,0,0,0,1,0,1,0,2,0,0,0,0,0,6,0,0,0,0,0,10,soil,42,9,0,0,,,9,5.860686,,,,,,,,,,,,,,,,,,,,
GF05000672S,"Louisiana, Pearl River WMA",N/A,N/A,N/A,,GF05000672S,N/A,12,0,0,0,0,0,1,0,0,0,0,0,0,0,0,1,0,0,0,0,0,1,0,0,0,1,0,5,soil,21,6,0,0,,,6,3.460373,,,,,,,,,,,,,,,,,,,,
GF05000673S,"Louisiana, Pearl River WMA",N/A,N/A,N/A,,GF05000673S,N/A,47,0,0,0,4,0,4,1,0,0,0,1,0,2,0,1,0,5,0,0,0,2,0,0,0,1,0,13,soil,81,11,1.234567901,1.234567901,,,11,4.385304,,,,,,,,,,,,,,,,,,,,
GF05000674S,"Louisiana, Pearl River WMA",N/A,N/A,N/A,,GF05000674S,N/A,32,0,0,0,4,0,3,0,0,0,1,0,0,6,0,1,0,6,0,0,0,5,0,0,0,0,0,12,soil,70,9,0,0,,,9,5.418159,,,,,,,,,,,,,,,,,,,,
GF05000675S,"Louisiana, Pearl River WMA",N/A,N/A,N/A,,GF05000675S,N/A,61,0,0,0,5,0,3,1,0,0,0,1,0,0,0,5,0,6,0,0,0,9,1,0,0,3,0,11,soil,106,11,0.943396226,0.943396226,,,11,4.696947,,,,,,,,,,,,,,,,,,,,
GF05000676S,"Louisiana, Pearl River WMA",N/A,N/A,N/A,,GF05000676S,N/A,85,0,0,1,4,0,4,2,0,0,1,1,0,12,0,3,0,7,0,0,0,13,0,0,0,8,0,17,soil,158,13,1.265822785,1.265822785,,,13,5.3475,,,,,,,,,,,,,,,,,,,,
GF05000676V,"Mexico,Michoacán,Mariposa Monarca",Neotropical,NA,Transmexican Volcanic Belt province,Dry forest|Moist forest,GF05000676V,Transmexican Volcanic Belt province,7,0,0,1,0,0,0,16,0,0,0,0,0,1,0,0,0,0,0,0,0,5,0,0,0,2,0,1,soil,33,7,48.48484848,48.48484848,,,7,4.278447,,,,,,,,,,,,,,,,,,,,
GF05000677S,"Louisiana, Pearl River WMA",N/A,N/A,N/A,,GF05000677S,N/A,156,2,1,4,1,0,9,1,1,1,1,2,0,21,0,9,1,17,0,0,0,16,2,0,0,16,0,41,soil,302,19,0.331125828,0.331125828,,,19,5.868879,,,,,,,,,,,,,,,,,,,,
GF05000677V,"Mexico,Veracruz,Naolinco",Neotropical,NA,Transmexican Volcanic Belt province,Dry forest|Moist forest,GF05000677V,Transmexican Volcanic Belt province,5,0,0,0,0,0,0,0,0,0,0,0,0,0,0,0,2,0,0,0,0,3,0,0,0,1,0,0,soil,11,4,0,0,,,4,3.457979,,,,,,,,,,,,,,,,,,,,
GF05000678S,"Louisiana, Turtle Cove Research Station",N/A,N/A,N/A,,GF05000678S,N/A,0,0,0,0,0,0,0,0,0,0,0,0,0,0,0,0,0,0,0,0,0,0,0,0,0,0,0,0,soil,0,0,#DIV/0!,0,,,0,1,,,,,,,,,,,,,,,,,,,,
GF05000678V,"Mexico,Veracruz,Tuxtlas",Neotropical,Mesoamerican,Veracruzan province,Moist forest,GF05000678V,Veracruzan province,4,0,0,0,0,0,0,0,0,0,0,0,0,0,0,0,1,1,0,0,0,0,0,0,0,0,0,0,soil,6,3,0,0,,,3,2.381102,,,,,,,,,,,,,,,,,,,,
GF05000679S,"Louisiana, Turtle Cove Research Station",N/A,N/A,N/A,,GF05000679S,N/A,71,0,0,1,4,0,4,0,0,1,1,1,0,7,0,5,0,4,1,0,0,9,1,0,0,8,0,19,soil,137,15,0,0,,,15,5.795835,,,,,,,,,,,,,,,,,,,,
GF05000679V,"Mexico,Tabasco,Agua blanca",Neotropical,Mesoamerican,Veracruzan province,Moist forest,GF05000679V,Veracruzan province,0,0,0,0,0,0,0,0,0,0,0,0,0,0,0,0,4,0,0,0,0,0,0,0,0,0,0,0,soil,4,1,0,0,,,1,1,,,,,,,,,,,,,,,,,,,,
GF05000680S,"Louisiana, Turtle Cove Research Station",N/A,N/A,N/A,,GF05000680S,N/A,79,0,0,1,6,0,2,1,0,0,0,1,0,3,0,3,0,5,0,0,0,10,0,0,0,7,0,18,soil,136,12,0.735294118,0.735294118,,,12,4.598018,,,,,,,,,,,,,,,,,,,,
GF05000680V,"Mexico,Chiapas,Ocote",Neotropical,Mesoamerican,Veracruzan province,Dry forest,GF05000680V,Veracruzan province,1,0,0,0,0,0,0,0,0,0,0,0,0,0,0,0,2,0,0,0,0,0,0,0,0,0,0,0,soil,3,2,0,0,,,2,1.889882,,,,,,,,,,,,,,,,,,,,
GF05000681S,"Louisiana, Turtle Cove Research Station",N/A,N/A,N/A,,GF05000681S,N/A,109,0,0,2,1,0,4,0,0,0,1,1,0,7,0,4,0,7,0,0,0,13,0,0,0,7,0,19,soil,175,12,0,0,,,12,4.169187,,,,,,,,,,,,,,,,,,,,
GF05000681V,"Mexico,Oaxaca,Huatulco",Neotropical,Mesoamerican,Pacific Lowlands province,Dry forest,GF05000681V,Pacific Lowlands province,41,0,0,0,0,0,1,0,0,0,3,0,0,17,0,3,0,14,0,0,0,7,0,0,0,5,0,8,soil,99,9,0,0,,,9,5.720017,,,,,,,,,,,,,,,,,,,,
GF05000682S,"Louisiana, Turtle Cove Research Station",N/A,N/A,N/A,,GF05000682S,N/A,104,1,0,4,3,0,4,0,0,0,0,1,0,4,0,8,0,6,1,0,0,11,0,0,0,6,0,16,soil,169,13,0,0,,,13,4.525123,,,,,,,,,,,,,,,,,,,,
GF05000682V,"Mexico,Oaxaca,Ixtlan",Neotropical,NA,Sierra Madre del Sur province,Dry forest|Moist forest,GF05000682V,Sierra Madre del Sur province,39,0,0,0,0,0,0,65,0,0,0,0,0,5,0,5,0,1,0,0,0,16,0,0,0,5,0,2,soil,138,8,47.10144928,47.10144928,,,8,4.134053,,,,,,,,,,,,,,,,,,,,
GF05000683S,"Louisiana, Turtle Cove Research Station",N/A,N/A,N/A,,GF05000683S,N/A,90,1,1,2,0,0,9,0,1,0,0,3,0,7,0,4,1,9,0,0,0,8,1,0,0,5,0,18,soil,160,15,0,0,,,15,5.303437,,,,,,,,,,,,,,,,,,,,
GF05000683V,"Mexico,Puebla,Cuicatlan",Neotropical,Mesoamerican,Balsas Basin province,Thorn woodland,GF05000683V,Balsas Basin province,16,0,0,2,0,0,1,0,0,0,0,0,0,7,0,0,0,6,0,0,0,3,0,0,0,0,0,1,soil,36,7,0,0,,,7,4.684223,,,,,,,,,,,,,,,,,,,,
GF05000684S,"Louisiana, Turtle Cove Research Station",N/A,N/A,N/A,,GF05000684S,N/A,103,0,0,2,1,0,3,1,0,0,2,1,0,16,0,9,1,13,0,0,0,11,1,0,0,6,0,18,soil,188,15,0.531914894,0.531914894,,,15,5.323785,,,,,,,,,,,,,,,,,,,,
GF05000684V,"Mexico,Hidalgo,El Zembo",Neotropical,NA,Transmexican Volcanic Belt province,Very dry forest|Dry forest,GF05000684V,Transmexican Volcanic Belt province,11,0,0,0,0,0,1,62,0,0,0,0,0,2,0,0,0,0,0,0,0,9,0,0,0,0,0,1,soil,86,6,72.09302326,72.09302326,,,6,2.524901,,,,,,,,,,,,,,,,,,,,
GF05000685S,"Louisiana, Turtle Cove Research Station",N/A,N/A,N/A,,GF05000685S,N/A,42,0,0,0,0,0,2,1,0,0,0,0,0,1,0,0,0,1,0,0,0,9,0,0,0,3,0,12,soil,71,8,1.408450704,1.408450704,,,8,3.622676,,,,,,,,,,,,,,,,,,,,
GF05000685V,"Mexico,Hidalgo,Tizapan",Neotropical,NA,Sierra Madre Oriental province,Dry forest|Moist forest,GF05000685V,Sierra Madre Oriental province,49,0,0,1,0,0,0,37,0,0,0,0,0,2,0,6,0,0,0,0,0,17,0,0,0,0,0,0,soil,112,6,33.03571429,33.03571429,,,6,3.612966,,,,,,,,,,,,,,,,,,,,
GF05000686S,"Louisiana, Turtle Cove Research Station",N/A,N/A,N/A,,GF05000686S,N/A,80,0,0,2,4,0,5,0,1,0,1,1,0,5,0,7,0,3,0,0,0,9,1,0,0,3,0,21,soil,143,14,0,0,,,14,5.071348,,,,,,,,,,,,,,,,,,,,
GF05000686V,"Mexico,Jalisco,Chamela",Neotropical,Mesoamerican,Pacific Lowlands province,Very dry forest|Dry forest,GF05000686V,Pacific Lowlands province,9,0,0,0,0,0,1,2,0,0,0,0,0,7,0,0,0,3,0,0,0,5,0,0,0,3,0,2,soil,32,8,6.25,6.25,,,8,6.540351,,,,,,,,,,,,,,,,,,,,
GF05000687S,"Louisiana, Turtle Cove Research Station",N/A,N/A,N/A,,GF05000687S,N/A,107,0,0,6,0,0,4,1,1,0,1,1,0,7,0,5,0,9,1,0,0,10,0,0,0,6,0,23,soil,182,14,0.549450549,0.549450549,,,14,4.747968,,,,,,,,,,,,,,,,,,,,
GF05000687V,"Mexico,Hidalgo,Meztitlan",Neotropical,NA,Sierra Madre Oriental province,Very dry forest|Dry forest,GF05000687V,Sierra Madre Oriental province,27,0,0,1,1,0,2,0,0,0,0,0,0,13,0,2,2,10,0,0,0,16,0,0,0,1,0,2,soil,77,11,0,0,,,11,6.097655,,,,,,,,,,,,,,,,,,,,
GF05000688S,"Louisiana, Turtle Cove Research Station",N/A,N/A,N/A,,GF05000688S,N/A,57,0,0,2,4,1,5,0,0,0,1,1,0,1,0,2,0,3,0,0,0,6,0,0,0,3,0,13,soil,99,13,0,0,,,13,4.903819,,,,,,,,,,,,,,,,,,,,
GF05000688V,"Mexico,Oaxaca,Ixtlan",Neotropical,NA,Sierra Madre del Sur province,Dry forest|Moist forest,GF05000688V,Sierra Madre del Sur province,59,0,0,0,0,0,0,21,0,2,0,0,0,2,0,4,0,2,1,0,1,46,0,0,0,16,0,5,soil,159,11,13.20754717,13.20754717,,,11,5.235414,,,,,,,,,,,,,,,,,,,,
GF05000689S,"Louisiana, Turtle Cove Research Station",N/A,N/A,N/A,,GF05000689S,N/A,57,0,0,2,0,0,5,0,1,0,1,1,0,4,0,4,0,9,0,0,0,12,0,0,0,6,0,14,soil,116,12,0,0,,,12,5.761922,,,,,,,,,,,,,,,,,,,,
GF05000689V,"Mexico,Oaxaca,Ixtlan",Neotropical,NA,Sierra Madre del Sur province,Dry forest|Moist forest,GF05000689V,Sierra Madre del Sur province,14,0,0,0,0,0,0,2,0,0,0,0,0,1,0,1,0,0,1,0,0,13,0,0,0,2,0,1,soil,35,8,5.714285714,5.714285714,,,8,4.339733,,,,,,,,,,,,,,,,,,,,
GF05000690S,"Louisiana, Turtle Cove Research Station",N/A,N/A,N/A,,GF05000690S,N/A,115,0,0,7,4,1,5,1,0,0,1,2,0,8,0,6,1,11,1,0,0,14,1,0,0,13,0,25,soil,216,17,0.462962963,0.462962963,,,17,5.869411,,,,,,,,,,,,,,,,,,,,
GF05000690V,"Mexico,Iztaccihuatl",Neotropical,NA,Transmexican Volcanic Belt province,Moist forest|Wet forest,GF05000690V,Transmexican Volcanic Belt province,60,0,0,1,0,0,3,56,0,3,0,0,0,7,0,3,0,7,0,0,0,41,0,0,0,18,0,10,soil,209,11,26.79425837,26.79425837,,,11,6.191031,,,,,,,,,,,,,,,,,,,,
GF05000691S,"Louisiana, Turtle Cove Research Station",N/A,N/A,N/A,,GF05000691S,N/A,125,1,1,4,2,0,9,0,0,0,4,3,0,23,0,7,0,19,2,0,0,10,1,0,0,6,0,29,soil,246,16,0,0,,,16,5.998918,,,,,,,,,,,,,,,,,,,,
GF05000691V,"Mexico,Oaxaca,Puerto Escondido",Neotropical,Mesoamerican,Pacific Lowlands province,Very dry forest|Dry forest,GF05000691V,Pacific Lowlands province,90,0,0,4,3,0,4,9,0,0,2,0,0,22,0,1,0,21,1,0,0,18,0,0,0,10,0,4,soil,189,13,4.761904762,4.761904762,,,13,5.967758,,,,,,,,,,,,,,,,,,,,
GF05000692S,"Louisiana, Turtle Cove Research Station",N/A,N/A,N/A,,GF05000692S,N/A,97,0,0,3,2,0,8,0,1,2,5,1,0,13,0,3,0,15,0,0,0,5,0,0,0,6,0,11,soil,172,14,0,0,,,14,5.349216,,,,,,,,,,,,,,,,,,,,
GF05000692V,"Mexico,Chiapas,Ocote",Neotropical,Mesoamerican,Veracruzan province,Dry forest,GF05000692V,Veracruzan province,24,0,0,2,0,0,0,0,0,1,0,1,0,0,0,1,0,2,1,0,0,10,0,0,0,0,0,2,soil,44,9,0,0,,,9,4.190713,,,,,,,,,,,,,,,,,,,,
GF05000693S,"Louisiana, Turtle Cove Research Station",N/A,N/A,N/A,,GF05000693S,N/A,117,0,0,2,0,0,8,0,1,1,5,4,0,20,0,7,0,29,0,0,0,12,1,0,0,3,0,24,soil,234,14,0,0,,,14,5.697855,,,,,,,,,,,,,,,,,,,,
GF05000693V,"Mexico,Hidalgo,Tlanchinol",Neotropical,NA,Sierra Madre Oriental province,Dry forest|Moist forest,GF05000693V,Sierra Madre Oriental province,34,0,0,0,1,0,0,0,0,0,0,0,0,3,0,0,0,2,1,0,0,6,0,0,0,0,0,3,soil,50,7,0,0,,,7,3.125291,,,,,,,,,,,,,,,,,,,,
GF05000694S,"Louisiana, Turtle Cove Research Station",N/A,N/A,N/A,,GF05000694S,N/A,29,0,0,2,0,0,3,0,0,1,2,2,0,7,0,0,0,10,0,0,0,4,0,0,0,3,0,8,soil,71,11,0,0,,,11,6.735061,,,,,,,,,,,,,,,,,,,,
GF05000694V,"Mexico,Oaxaca,La esperanza",Neotropical,NA,Sierra Madre del Sur province,Moist forest|Wet forest,GF05000694V,Sierra Madre del Sur province,5,0,0,0,0,0,0,0,0,0,0,0,0,0,0,0,2,1,1,0,0,0,0,0,0,0,0,2,soil,11,5,0,0,,,5,4.11352,,,,,,,,,,,,,,,,,,,,
GF05000695S,"Louisiana, Turtle Cove Research Station",N/A,N/A,N/A,,GF05000695S,N/A,53,0,0,1,0,0,3,0,0,1,2,1,0,8,0,2,0,8,0,0,0,4,0,0,0,4,0,12,soil,99,12,0,0,,,12,5.254143,,,,,,,,,,,,,,,,,,,,
GF05000695V,"Mexico,Campeche,Calakmul",Neotropical,Mesoamerican,Yucatan Peninsula Province,Dry forest,GF05000695V,Yucatan Peninsula Province,80,0,0,1,2,0,0,14,0,1,1,0,0,11,0,2,0,7,1,0,0,18,0,0,0,0,0,1,soil,139,12,10.07194245,10.07194245,,,12,4.326001,,,,,,,,,,,,,,,,,,,,
GF05000696S,"Louisiana, Turtle Cove Research Station",N/A,N/A,N/A,,GF05000696S,N/A,9,0,0,1,0,0,1,0,0,0,0,0,0,1,0,0,0,1,0,0,0,6,0,0,0,0,0,9,soil,28,7,0,0,,,7,4.644829,,,,,,,,,,,,,,,,,,,,
GF05000696V,"Mexico,Tabasco,Agua blanca",Neotropical,Mesoamerican,Veracruzan province,Moist forest,GF05000696V,Veracruzan province,55,0,0,1,0,0,2,3,0,1,0,0,0,11,0,2,0,15,1,0,0,17,0,0,0,4,0,3,soil,115,12,2.608695652,2.608695652,,,12,5.459316,,,,,,,,,,,,,,,,,,,,
GF05000697S,"Louisiana, Turtle Cove Research Station",N/A,N/A,N/A,,GF05000697S,N/A,24,0,0,0,3,0,0,0,0,0,0,1,0,0,0,1,0,1,0,0,0,1,0,0,0,0,0,6,soil,37,7,0,0,,,7,3.221494,,,,,,,,,,,,,,,,,,,,
GF05000697V,"Mexico,Morelos,Zempoala",Neotropical,NA,Transmexican Volcanic Belt province,Dry forest|Moist forest,GF05000697V,Transmexican Volcanic Belt province,32,0,0,1,0,0,0,71,0,0,0,0,0,1,0,0,0,0,0,0,0,15,0,0,0,0,0,1,soil,121,6,58.67768595,58.67768595,,,6,2.83568,,,,,,,,,,,,,,,,,,,,
GF05000698S,"Louisiana, Turtle Cove Research Station",N/A,N/A,N/A,,GF05000698S,N/A,52,0,0,0,0,0,2,1,0,0,1,0,0,6,0,3,0,5,0,0,0,10,0,0,0,3,0,12,soil,95,10,1.052631579,1.052631579,,,10,4.725536,,,,,,,,,,,,,,,,,,,,
GF05000698V,"Mexico,Puebla,Libres",Neotropical,NA,Transmexican Volcanic Belt province,Very dry forest|Dry forest,GF05000698V,Transmexican Volcanic Belt province,12,0,0,1,0,0,0,48,0,0,0,0,0,1,0,0,0,0,0,0,0,21,0,0,0,2,0,1,soil,86,7,55.81395349,55.81395349,,,7,3.278533,,,,,,,,,,,,,,,,,,,,
GF05000699V,"Mexico,Chiapas,Bonampak",Neotropical,Mesoamerican,Veracruzan province,Moist forest,GF05000699V,Veracruzan province,81,0,0,2,0,0,1,0,0,2,0,0,0,8,0,1,0,8,0,0,0,15,0,0,0,1,0,1,soil,120,10,0,0,,,10,3.262091,,,,,,,,,,,,,,,,,,,,
GF05000700V,"Mexico,Veracruz,Tuxtlas B",Neotropical,Mesoamerican,Veracruzan province,Moist forest,GF05000700V,Veracruzan province,50,0,0,3,0,0,0,2,0,0,0,0,0,15,0,3,0,13,0,0,0,15,0,0,0,3,0,6,soil,110,9,1.818181818,1.818181818,,,9,5.36758,,,,,,,,,,,,,,,,,,,,
GF05000701V,"Mexico,Lagos de Monte Bello",Neotropical,NA,Chiapas Highlands province,Moist forest|Wet forest,GF05000701V,Chiapas Highlands province,30,0,0,0,0,0,3,2,0,0,0,0,0,4,0,3,0,7,0,0,1,23,0,0,0,6,0,2,soil,81,10,2.469135802,2.469135802,,,10,5.809333,,,,,,,,,,,,,,,,,,,,
GF05000702V,"Mexico,Lagos de Monte Bello",Neotropical,NA,Chiapas Highlands province,Moist forest|Wet forest,GF05000702V,Chiapas Highlands province,27,0,0,0,0,0,2,5,0,0,0,0,0,3,0,27,1,12,0,0,0,18,0,0,0,11,0,6,soil,112,10,4.464285714,4.464285714,,,10,7.053481,,,,,,,,,,,,,,,,,,,,
GF05000703V,"Mexico,Yucatán,Tziltzilche",Neotropical,Mesoamerican,Yucatan Peninsula Province,Dry forest,GF05000703V,Yucatan Peninsula Province,46,0,0,0,0,0,0,25,0,0,0,0,0,4,0,1,0,3,0,0,0,8,1,0,0,1,0,0,soil,89,8,28.08988764,28.08988764,,,8,3.741012,,,,,,,,,,,,,,,,,,,,
GF05000704V,"Mexico,Veracruz,Mecacalco",Neotropical,NA,Transmexican Volcanic Belt province,Dry forest|Moist forest,GF05000704V,Transmexican Volcanic Belt province,24,0,0,0,0,0,1,7,0,0,0,0,0,4,0,4,0,5,1,0,0,19,0,0,0,1,0,2,soil,68,10,10.29411765,10.29411765,,,10,5.888465,,,,,,,,,,,,,,,,,,,,
GF05000705V,"Mexico,Veracruz,Alseseca",Neotropical,Mesoamerican,Veracruzan province,Dry forest|Moist forest,GF05000705V,Veracruzan province,52,0,0,3,0,0,2,5,0,0,0,0,0,2,0,1,0,3,2,0,0,12,0,0,0,3,0,3,soil,88,11,5.681818182,5.681818182,,,11,4.550076,,,,,,,,,,,,,,,,,,,,
GF05000706V,"Mexico,Tlaxcala,Malinche",Neotropical,NA,Transmexican Volcanic Belt province,Dry forest|Moist forest,GF05000706V,Transmexican Volcanic Belt province,11,0,0,2,0,0,0,32,0,0,0,0,0,4,0,3,0,1,0,0,0,20,0,0,0,1,0,2,soil,76,9,42.10526316,42.10526316,,,9,4.870766,,,,,,,,,,,,,,,,,,,,
GF05000707V,"Mexico,Estado de Mexico,El Zarco",Neotropical,NA,Transmexican Volcanic Belt province,Dry forest|Moist forest,GF05000707V,Transmexican Volcanic Belt province,17,0,0,2,0,0,0,34,0,0,0,0,0,1,0,0,0,0,0,0,0,9,0,0,0,0,0,1,soil,64,6,53.125,53.125,,,6,3.327716,,,,,,,,,,,,,,,,,,,,
GF05000708V,"Mexico,Michoacán,Cuitzeo",Neotropical,NA,Transmexican Volcanic Belt province,Dry forest|Moist forest,GF05000708V,Transmexican Volcanic Belt province,4,0,0,2,0,0,0,41,0,0,0,0,0,2,0,0,0,0,0,0,0,5,0,0,0,1,0,1,soil,56,7,73.21428571,73.21428571,,,7,2.757309,,,,,,,,,,,,,,,,,,,,
GF05000709V,"Mexico,Jalisco,Tequila1",Neotropical,NA,Transmexican Volcanic Belt province,Dry forest|Moist forest,GF05000709V,Transmexican Volcanic Belt province,15,0,0,2,0,0,0,63,0,0,0,0,0,2,0,1,0,0,0,0,0,15,0,0,0,2,0,0,soil,100,7,63,63,,,7,3.12987,,,,,,,,,,,,,,,,,,,,
GF05000710V,"Mexico,Jalisco,Tequila2",Neotropical,NA,Transmexican Volcanic Belt province,Very dry forest|Dry forest,GF05000710V,Transmexican Volcanic Belt province,14,0,0,1,0,0,0,48,0,0,0,0,0,3,0,2,0,0,0,0,0,13,0,0,0,1,0,1,soil,83,8,57.8313253,57.8313253,,,8,3.585082,,,,,,,,,,,,,,,,,,,,
GF05000746V,"Mexico,El Eden",Neotropical,Mesoamerican,Yucatan Peninsula Province,Dry forest,GF05000746V,Yucatan Peninsula Province,47,0,0,0,1,0,0,5,0,0,1,0,0,1,0,1,0,2,0,0,0,12,0,0,0,0,0,0,soil,70,8,7.142857143,7.142857143,,,8,3.012132,,,,,,,,,,,,,,,,,,,,
GF05000755V,"Puerto Rico,El Yunque",Neotropical,Antillean,Puerto Rico province,Moist forest,GF05000755V,Puerto Rico province,32,0,0,3,0,0,0,1,0,1,0,0,0,6,0,2,0,6,0,0,0,12,0,0,0,1,0,7,soil,71,10,1.408450704,1.408450704,,,10,5.584782,,,,,,,,,,,,,,,,,,,,
GF05000756V,"Puerto Rico,El Yunque",Neotropical,Antillean,Puerto Rico province,Moist forest,GF05000756V,Puerto Rico province,37,0,0,1,0,0,0,12,0,2,1,0,0,5,0,1,0,9,0,0,0,12,0,0,0,2,0,7,soil,89,11,13.48314607,13.48314607,,,11,6.175378,,,,,,,,,,,,,,,,,,,,
GF05000757V,"Puerto Rico,El Yunque",Neotropical,Antillean,Puerto Rico province,Moist forest,GF05000757V,Puerto Rico province,26,0,0,1,0,0,1,5,0,2,0,0,0,10,0,1,0,1,0,0,0,15,1,0,0,1,0,4,soil,68,12,7.352941176,7.352941176,,,12,6.156516,,,,,,,,,,,,,,,,,,,,
GF05000758V,"Puerto Rico,El Yunque",Neotropical,Antillean,Puerto Rico province,Moist forest,GF05000758V,Puerto Rico province,23,0,0,1,0,0,0,3,0,0,0,0,0,2,0,1,0,4,0,0,0,5,0,0,0,2,0,3,soil,44,9,6.818181818,6.818181818,,,9,5.070501,,,,,,,,,,,,,,,,,,,,
GF05000759V,"Puerto Rico,El Yunque",Neotropical,Antillean,Puerto Rico province,Moist forest,GF05000759V,Puerto Rico province,5,0,0,0,0,0,0,5,0,0,0,0,0,0,0,1,0,0,0,0,0,5,0,0,0,0,0,0,soil,16,4,31.25,31.25,,,4,3.538634,,,,,,,,,,,,,,,,,,,,
GF05000763V,"Guyana,Pegaima",Neotropical,Boreal Brazilian,Guianan province,Moist forest,GF05000763V,Guianan province,36,0,1,1,0,0,0,13,0,0,0,0,0,2,0,3,0,1,0,0,1,14,0,0,0,0,0,5,soil,77,10,16.88311688,16.88311688,,,10,4.90476,,,,,,,,,,,,,,,,,,,,
GF05000764V,"Guyana,Pegaima",Neotropical,Boreal Brazilian,Guianan province,Moist forest,GF05000764V,Guianan province,30,0,0,0,0,0,0,12,0,0,0,0,0,2,0,2,0,0,0,0,0,16,0,0,0,1,0,5,soil,68,7,17.64705882,17.64705882,,,7,4.344794,,,,,,,,,,,,,,,,,,,,
GF05000765V,"Guyana,Pegaima",Neotropical,Boreal Brazilian,Guianan province,Moist forest,GF05000765V,Guianan province,51,0,1,1,0,0,0,12,0,0,0,0,0,4,0,6,0,1,0,0,1,14,0,0,0,1,0,4,soil,96,11,12.5,12.5,,,11,4.723644,,,,,,,,,,,,,,,,,,,,
GF05000766V,"Guyana,Potaro",Neotropical,Boreal Brazilian,Guianan province,Dry forest|Moist forest,GF05000766V,Guianan province,17,0,0,1,0,0,0,26,0,0,0,0,0,2,0,3,0,0,0,0,0,9,0,0,0,0,0,0,soil,58,6,44.82758621,44.82758621,,,6,3.849015,,,,,,,,,,,,,,,,,,,,
GF05000767V,"Guyana,Potaro",Neotropical,Boreal Brazilian,Guianan province,Dry forest|Moist forest,GF05000767V,Guianan province,60,0,1,6,0,0,0,31,1,0,1,0,0,4,0,7,4,3,0,0,0,17,0,0,0,1,0,0,soil,136,12,22.79411765,22.79411765,,,12,5.38944,,,,,,,,,,,,,,,,,,,,
GF05000768V,"Guyana,Potaro",Neotropical,Boreal Brazilian,Guianan province,Dry forest|Moist forest,GF05000768V,Guianan province,45,0,1,2,0,0,0,28,0,0,0,0,0,6,0,6,0,7,0,0,0,12,0,0,0,0,0,2,soil,109,9,25.68807339,25.68807339,,,9,5.168497,,,,,,,,,,,,,,,,,,,,
GF05000769V,"Guyana,Potaro",Neotropical,Boreal Brazilian,Guianan province,Dry forest|Moist forest,GF05000769V,Guianan province,30,0,1,1,0,0,0,23,0,0,0,0,0,3,0,4,0,2,0,0,0,9,0,0,0,0,0,0,soil,73,8,31.50684932,31.50684932,,,8,4.454081,,,,,,,,,,,,,,,,,,,,
GF05000779V,"USA,FL,Gainesville,Austin Cary",N/A,N/A,N/A,Dry forest|Moist forest,GF05000779V,N/A,33,0,0,2,1,0,0,28,0,0,0,0,0,5,0,5,0,4,0,0,0,26,0,0,0,4,0,7,soil,115,10,24.34782609,24.34782609,,,10,6.213744,,,,,,,,,,,,,,,,,,,,
GF05000780V,"USA,FL,Gainesville,San Felasco",N/A,N/A,N/A,Dry forest|Moist forest,GF05000780V,N/A,19,0,0,2,0,0,1,40,0,0,0,0,0,7,0,2,0,1,0,0,0,16,0,0,0,2,0,2,soil,92,10,43.47826087,43.47826087,,,10,5.049635,,,,,,,,,,,,,,,,,,,,
GF05000781V,"Chile,Patagonia Sur Nature Reserve,Melimoyu",N/A,N/A,N/A,Wet forest,GF05000781V,N/A,37,0,0,1,0,0,1,15,0,0,0,1,0,11,0,0,3,1,0,0,0,20,0,0,0,1,0,5,soil,96,11,15.625,15.625,,,11,5.654667,,,,,,,,,,,,,,,,,,,,
GF05000782V,"Argentina,Mt. Otto",N/A,N/A,N/A,Moist forest|Wet forest,GF05000782V,N/A,15,0,0,4,0,0,2,12,0,0,0,0,0,6,0,2,0,2,0,0,0,26,0,0,0,4,0,2,soil,75,10,16,16,,,10,6.577612,,,,,,,,,,,,,,,,,,,,
GF05000783V,"Argentina,Arroyo Los Notros",N/A,N/A,N/A,Moist forest|Wet forest,GF05000783V,N/A,35,1,0,1,0,0,1,34,0,1,0,1,0,6,0,1,0,4,0,0,1,44,0,0,0,4,0,2,soil,136,14,25,25,,,14,5.590119,,,,,,,,,,,,,,,,,,,,
GF05000784V,"Argentina,Lag. Los Moscos",N/A,N/A,N/A,Moist forest|Wet forest,GF05000784V,N/A,20,0,0,1,0,0,0,18,0,0,0,0,0,6,0,1,0,1,0,0,0,23,0,0,0,6,0,2,soil,78,9,23.07692308,23.07692308,,,9,5.493504,,,,,,,,,,,,,,,,,,,,
GF05000785V,"Argentina,Lag. Mascardi",N/A,N/A,N/A,Moist forest|Wet forest,GF05000785V,N/A,13,0,0,2,0,0,0,5,0,0,0,0,0,3,0,0,0,1,0,0,0,21,0,0,0,7,0,1,soil,53,8,9.433962264,9.433962264,,,8,5.143071,,,,,,,,,,,,,,,,,,,,
GF05000786V,"Argentina,Hua Hum",N/A,N/A,N/A,Moist forest|Wet forest,GF05000786V,N/A,26,1,0,6,0,0,0,12,0,0,0,0,0,3,0,3,0,2,0,0,1,30,0,0,0,7,0,6,soil,97,11,12.37113402,12.37113402,,,11,6.67083,,,,,,,,,,,,,,,,,,,,
GF05000787V,"Argentina,Hua Hum",N/A,N/A,N/A,Moist forest|Wet forest,GF05000787V,N/A,17,0,0,3,0,0,0,10,0,0,0,0,0,2,0,3,0,2,0,0,0,18,0,0,0,8,0,4,soil,67,9,14.92537313,14.92537313,,,9,6.651284,,,,,,,,,,,,,,,,,,,,
GF05000788V,"Argentina,Camino a Queni",N/A,N/A,N/A,Moist forest|Wet forest,GF05000788V,N/A,7,0,0,1,0,0,0,4,0,0,0,0,0,0,0,0,0,0,0,0,0,8,0,0,0,5,0,3,soil,28,6,14.28571429,14.28571429,,,6,5.198919,,,,,,,,,,,,,,,,,,,,
GF05000789V,"Argentina,Camino a Queni",N/A,N/A,N/A,Moist forest|Wet forest,GF05000789V,N/A,36,0,0,3,0,0,3,7,0,1,0,0,0,6,0,1,0,4,0,0,1,52,0,0,0,10,0,3,soil,127,12,5.511811024,5.511811024,,,12,5.561269,,,,,,,,,,,,,,,,,,,,
GF05000790V,"Argentina,Trompul",N/A,N/A,N/A,Moist forest|Wet forest,GF05000790V,N/A,14,0,0,2,0,0,0,5,0,0,0,0,0,3,0,2,0,1,0,0,0,10,0,0,0,5,0,2,soil,44,9,11.36363636,11.36363636,,,9,6.592733,,,,,,,,,,,,,,,,,,,,
GF05000791V,"Argentina,Trompul",N/A,N/A,N/A,Moist forest|Wet forest,GF05000791V,N/A,11,0,0,1,0,0,2,4,0,0,0,0,0,2,0,0,0,1,0,0,0,19,0,0,0,7,0,4,soil,51,9,7.843137255,7.843137255,,,9,5.922606,,,,,,,,,,,,,,,,,,,,
GF05000792V,"Argentina,Yuco",N/A,N/A,N/A,Moist forest|Wet forest,GF05000792V,N/A,9,0,0,1,0,0,0,2,0,0,0,0,0,2,0,0,0,1,0,0,0,5,0,0,0,4,0,2,soil,26,8,7.692307692,7.692307692,,,8,6.139716,,,,,,,,,,,,,,,,,,,,
GF05000793V,"Argentina,Tronador",N/A,N/A,N/A,Moist forest|Wet forest,GF05000793V,N/A,37,0,0,3,0,0,2,12,0,2,0,0,0,10,0,3,0,4,0,0,1,35,0,0,0,5,0,5,soil,119,12,10.08403361,10.08403361,,,12,6.726809,,,,,,,,,,,,,,,,,,,,
GF05000794V,"Argentina,Tronador",N/A,N/A,N/A,Moist forest|Wet forest,GF05000794V,N/A,52,0,0,3,0,0,6,9,0,3,0,0,0,12,0,4,0,16,2,0,1,41,0,0,0,14,0,8,soil,171,13,5.263157895,5.263157895,,,13,7.729022,,,,,,,,,,,,,,,,,,,,
GF05000795V,"Argentina,Chall Huaco",N/A,N/A,N/A,Moist forest|Wet forest,GF05000795V,N/A,20,0,0,2,0,0,0,12,0,0,0,1,0,6,0,1,0,3,0,0,1,25,0,0,0,4,0,3,soil,78,11,15.38461538,15.38461538,,,11,6.445529,,,,,,,,,,,,,,,,,,,,
GF05000796V,"Argentina,Huemules,Esquel",N/A,N/A,N/A,Moist forest|Wet forest,GF05000796V,N/A,39,0,0,5,0,0,2,14,0,0,0,1,0,8,0,1,0,2,0,0,1,38,0,0,0,5,0,2,soil,118,12,11.86440678,11.86440678,,,12,5.828123,,,,,,,,,,,,,,,,,,,,
GF05000797V,"Argentina,Huemules,Esquel",N/A,N/A,N/A,Moist forest|Wet forest,GF05000797V,N/A,38,0,0,6,0,0,1,25,0,0,0,0,0,5,0,4,0,3,0,0,2,39,0,0,0,5,0,6,soil,134,11,18.65671642,18.65671642,,,11,6.312943,,,,,,,,,,,,,,,,,,,,
GF05000798V,"Argentina,Reserva Corazón de la Isla,Tolhuin",N/A,N/A,N/A,Steppe|Moist forest,GF05000798V,N/A,16,0,0,2,0,0,0,7,0,0,0,0,0,3,0,1,0,0,0,0,0,18,0,0,0,3,0,4,soil,54,8,12.96296296,12.96296296,,,8,5.481303,,,,,,,,,,,,,,,,,,,,
GF05000799V,"Argentina,Reserva Corazón de la Isla,Tolhuin",N/A,N/A,N/A,Steppe|Moist forest,GF05000799V,N/A,12,0,0,2,0,0,0,5,0,0,0,0,0,3,0,2,0,1,0,0,0,17,0,0,0,2,0,4,soil,48,9,10.41666667,10.41666667,,,9,6.098627,,,,,,,,,,,,,,,,,,,,
GF05000800V,"Argentina,Estancia Ushuaia,Tolhuin",N/A,N/A,N/A,Steppe|Moist forest,GF05000800V,N/A,33,0,0,2,0,0,1,19,0,0,0,0,0,4,0,1,0,2,0,0,1,26,0,0,0,1,0,6,soil,96,11,19.79166667,19.79166667,,,11,5.466511,,,,,,,,,,,,,,,,,,,,
GF05000801V,"Argentina,Estancia Ushuaia,Tolhuin",N/A,N/A,N/A,Steppe|Moist forest,GF05000801V,N/A,32,0,0,2,0,0,0,15,0,0,0,0,0,3,0,2,0,1,0,0,0,27,0,0,0,2,0,6,soil,90,9,16.66666667,16.66666667,,,9,5.079305,,,,,,,,,,,,,,,,,,,,
GF05000802V,"Argentina,Estancia Ushuaia,Tolhuin",N/A,N/A,N/A,Steppe|Moist forest,GF05000802V,N/A,36,0,1,3,0,0,1,13,0,0,0,0,0,4,0,4,0,0,0,0,2,30,0,0,0,2,0,6,soil,102,11,12.74509804,12.74509804,,,11,5.808504,,,,,,,,,,,,,,,,,,,,
GF05000803V,"Argentina,Lago La Plata,Rio Senguer",N/A,N/A,N/A,Moist forest|Wet forest,GF05000803V,N/A,28,0,0,1,0,0,0,39,0,0,0,0,0,4,0,0,0,3,0,0,1,37,1,0,0,2,0,7,soil,123,10,31.70731707,31.70731707,,,10,5.012395,,,,,,,,,,,,,,,,,,,,
GF05000804V,"Argentina,Lago La Plata,Río Senguer",N/A,N/A,N/A,Moist forest|Wet forest,GF05000804V,N/A,25,0,0,2,0,0,0,49,0,0,0,0,0,4,0,1,0,3,0,0,0,28,0,0,0,1,0,3,soil,116,9,42.24137931,42.24137931,,,9,4.459356,,,,,,,,,,,,,,,,,,,,
GF05000825V,"Chile,Puyehue National Park",N/A,N/A,N/A,Wet forest,GF05000825V,N/A,29,0,0,0,0,0,0,17,0,6,0,0,0,6,0,2,0,2,0,0,1,25,0,0,0,1,0,3,soil,92,10,18.47826087,18.47826087,,,10,5.826791,,,,,,,,,,,,,,,,,,,,
GF05000826V,"Chile,Puyehue National Park",N/A,N/A,N/A,Wet forest,GF05000826V,N/A,45,0,0,0,0,0,2,23,0,5,0,0,0,17,0,1,1,8,0,0,1,18,0,0,0,2,0,10,soil,133,12,17.29323308,17.29323308,,,12,6.870772,,,,,,,,,,,,,,,,,,,,
GF05000827V,"Chile,Nahuelbuta National Park",N/A,N/A,N/A,Moist forest|Wet forest,GF05000827V,N/A,30,0,0,4,0,0,1,15,0,3,0,0,0,11,0,1,0,4,0,0,2,34,0,0,0,11,0,7,soil,123,12,12.19512195,12.19512195,,,12,7.461387,,,,,,,,,,,,,,,,,,,,
GF05000828V,"Chile,Nahuelbuta National Park",N/A,N/A,N/A,Moist forest|Wet forest,GF05000828V,N/A,38,0,0,0,0,0,3,23,0,12,0,0,0,6,0,0,0,7,0,0,1,29,0,0,0,8,0,1,soil,128,10,17.96875,17.96875,,,10,6.467116,,,,,,,,,,,,,,,,,,,,
GF05000829V,"Chile,Alerce Costero National Park",N/A,N/A,N/A,Wet forest,GF05000829V,N/A,22,0,0,0,0,0,2,9,0,1,0,0,0,6,0,1,0,1,0,0,0,19,0,0,0,2,0,6,soil,69,10,13.04347826,13.04347826,,,10,6.045909,,,,,,,,,,,,,,,,,,,,
GF05000861V,"Chile,Nahuelbuta NP",N/A,N/A,N/A,Moist forest|Wet forest,GF05000861V,N/A,52,0,0,2,0,0,0,4,0,4,0,0,0,2,0,1,0,0,0,0,0,32,0,0,0,9,0,1,soil,107,9,3.738317757,3.738317757,,,9,4.062274,,,,,,,,,,,,,,,,,,,,
GF05000862V,"Chile,Nahuelbuta NP",N/A,N/A,N/A,Moist forest|Wet forest,GF05000862V,N/A,31,0,0,0,0,0,4,4,0,7,0,1,0,13,0,0,0,2,0,0,1,25,0,0,0,3,0,4,soil,95,11,4.210526316,4.210526316,,,11,6.471887,,,,,,,,,,,,,,,,,,,,
GF05000927V,"Peru,Iquitos",Neotropical,South Brazilian,Ucayali province,Moist forest,GF05000927V,Ucayali province,24,0,0,6,0,0,0,0,1,0,1,0,0,9,0,11,5,18,1,0,0,14,0,0,0,6,0,17,soil,113,12,0,0,,,12,8.748465,,,,,,,,,,,,,,,,,,,,
GF05000965V,"Costa Rica,San Pedrillo",Neotropical,Pacific,Puntarenas-Chiriqui province,Moist forest|Wet forest,GF05000965V,Puntarenas-Chiriqui province,28,0,0,1,0,0,1,2,0,0,0,0,0,3,0,2,0,7,1,0,0,9,0,0,0,4,0,5,soil,63,11,3.174603175,3.174603175,,,11,6.171719,,,,,,,,,,,,,,,,,,,,
GF05000967V,"Costa Rica,La Palma",Neotropical,Pacific,Guatuso-Talamanca province,Moist forest|Wet forest,GF05000967V,Guatuso-Talamanca province,90,0,0,1,1,0,0,2,0,0,0,0,0,7,0,6,1,9,0,0,0,14,1,0,0,6,0,11,soil,149,12,1.342281879,1.342281879,,,12,4.407052,,,,,,,,,,,,,,,,,,,,
GF05001003V,"Barbados,Archer Bay",Neotropical,Antillean,Lesser Antilles province,Dry forest,GF05001003V,Lesser Antilles province,30,0,0,1,0,0,0,2,0,0,0,0,0,3,0,0,0,6,0,0,0,6,0,0,0,4,0,1,soil,53,8,3.773584906,3.773584906,,,8,4.247949,,,,,,,,,,,,,,,,,,,,
GF05001004V,"Colombia,Ayapel,El Cedro",Neotropical,Pacific,Magdalena province,Moist forest,GF05001004V,Magdalena province,99,0,0,1,0,0,4,0,0,0,0,0,0,6,0,1,0,3,0,0,1,8,0,0,0,7,0,9,soil,139,10,0,0,,,10,3.192493,,,,,,,,,,,,,,,,,,,,
GF05001005V,"Colombia,Ayapel,El Cedro",Neotropical,Pacific,Magdalena province,Moist forest,GF05001005V,Magdalena province,141,0,0,2,0,0,1,4,0,1,0,0,0,8,0,4,0,9,0,0,0,12,0,0,0,4,0,16,soil,202,11,1.98019802,1.98019802,,,11,3.377848,,,,,,,,,,,,,,,,,,,,
GF05001006V,"Colombia,Ayapel,Las Delicias",Neotropical,Pacific,Magdalena province,Dry forest|Moist forest,GF05001006V,Magdalena province,61,0,0,0,0,0,0,10,0,0,0,1,0,4,0,4,0,5,0,0,0,8,0,0,0,7,0,12,soil,112,9,8.928571429,8.928571429,,,9,4.790769,,,,,,,,,,,,,,,,,,,,
GF05001007V,"Colombia,Tolú",Neotropical,Pacific,Guajira province,Dry forest,GF05001007V,Guajira province,135,0,0,0,3,0,2,0,0,1,0,0,0,10,0,1,0,7,0,0,1,5,0,0,0,4,0,6,soil,175,11,0,0,,,11,2.733128,,,,,,,,,,,,,,,,,,,,
GF05001008V,"Colombia,Tolú",Neotropical,Pacific,Guajira province,Dry forest,GF05001008V,Guajira province,92,0,0,1,6,0,0,9,0,1,0,0,0,11,0,1,0,11,0,0,1,5,0,0,0,2,0,12,soil,152,12,5.921052632,5.921052632,,,12,4.39681,,,,,,,,,,,,,,,,,,,,
GF05001081V,"USA,FL,Homestead",N/A,N/A,N/A,Dry forest|Moist forest,GF05001081V,N/A,42,0,0,3,0,0,0,5,0,0,0,0,0,3,0,1,0,9,2,0,0,11,1,0,0,9,0,9,soil,95,11,5.263157895,5.263157895,,,11,6.237767,,,,,,,,,,,,,,,,,,,,
GF05001179V,"Panama,Fortuna",Neotropical,Pacific,Guatuso-Talamanca province,Moist forest|Wet forest,GF05001179V,Guatuso-Talamanca province,15,0,1,0,0,0,1,5,0,0,0,0,0,2,0,1,0,1,0,0,0,14,0,0,0,1,0,2,soil,43,10,11.62790698,11.62790698,,,10,5.505132,,,,,,,,,,,,,,,,,,,,
GF05001180V,"Panama,Majagua",Neotropical,Pacific,Puntarenas-Chiriqui province,Moist forest|Wet forest,GF05001180V,Puntarenas-Chiriqui province,145,0,0,4,0,0,0,3,0,1,1,0,0,8,0,3,2,6,0,0,0,24,0,0,0,25,0,10,soil,232,12,1.293103448,1.293103448,,,12,3.995108,,,,,,,,,,,,,,,,,,,,
GF05001181V,"Panama,Hornito",Neotropical,Pacific,Guatuso-Talamanca province,Moist forest|Wet forest,GF05001181V,Guatuso-Talamanca province,19,0,0,11,0,0,0,3,0,0,0,0,0,2,0,5,0,1,0,0,0,12,0,0,0,2,0,2,soil,57,9,5.263157895,5.263157895,,,9,6.072184,,,,,,,,,,,,,,,,,,,,
GF05001182V,"Panama,Alto Frio",Neotropical,Pacific,Puntarenas-Chiriqui province,Moist forest|Wet forest,GF05001182V,Puntarenas-Chiriqui province,13,0,0,1,0,0,2,14,0,0,0,0,0,3,0,1,0,3,0,0,0,7,0,0,0,4,0,2,soil,50,10,28,28,,,10,6.928088,,,,,,,,,,,,,,,,,,,,
GF05001183V,"Panama,Honda",Neotropical,Pacific,Puntarenas-Chiriqui province,Moist forest|Wet forest,GF05001183V,Puntarenas-Chiriqui province,42,0,1,7,0,0,1,8,0,0,0,0,0,1,0,8,0,1,0,0,1,20,0,0,0,0,0,5,soil,95,11,8.421052632,8.421052632,,,11,5.432727,,,,,,,,,,,,,,,,,,,,
GF05001184V,"Panama,Honda",Neotropical,Pacific,Guatuso-Talamanca province,Moist forest|Wet forest,GF05001184V,Guatuso-Talamanca province,20,0,2,5,0,0,0,0,0,0,0,0,0,4,0,3,0,2,0,0,1,4,0,0,0,14,0,2,soil,57,10,0,0,,,10,6.535159,,,,,,,,,,,,,,,,,,,,
GF05001185V,"Panama,Zarceadero",Neotropical,Pacific,Puntarenas-Chiriqui province,Moist forest|Wet forest,GF05001185V,Puntarenas-Chiriqui province,13,0,0,1,0,0,1,3,0,0,0,0,0,1,0,2,0,0,0,0,0,22,0,0,0,9,0,3,soil,55,9,5.454545455,5.454545455,,,9,5.259603,,,,,,,,,,,,,,,,,,,,
GF05001192V,"Mexico,Puebla,Tlachichuca",Neotropical,NA,Transmexican Volcanic Belt province,Moist forest|Wet forest,GF05001192V,Transmexican Volcanic Belt province,21,0,0,1,0,0,0,3,0,1,0,0,0,1,0,3,0,1,0,0,0,19,0,0,0,8,0,2,soil,60,10,5,5,,,10,5.398553,,,,,,,,,,,,,,,,,,,,
GF05001193V,"Mexico,Oaxaca,Santa Catarina Ixtepeji",Neotropical,NA,Sierra Madre del Sur province,Dry forest|Moist forest,GF05001193V,Sierra Madre del Sur province,27,0,0,1,0,0,0,7,0,0,0,0,1,0,0,3,0,0,0,0,0,31,0,0,0,5,0,2,soil,77,8,9.090909091,9.090909091,,,8,4.320587,,,,,,,,,,,,,,,,,,,,
GF05001194V,"Mexico,Aguascalientes,San José de Gracia",Neotropical,NA,Sierra Madre Occidental province,Very dry forest|Dry forest,GF05001194V,Sierra Madre Occidental province,8,0,0,1,0,0,0,46,0,0,0,0,0,0,0,0,0,0,0,0,0,26,0,0,0,5,0,1,soil,87,6,52.87356322,52.87356322,,,6,3.267991,,,,,,,,,,,,,,,,,,,,
GF05001252V,"USA,FL,Fisheating Creek outpost",N/A,N/A,N/A,Dry forest,GF05001252V,N/A,65,0,0,3,0,0,0,16,0,0,0,0,0,2,0,3,1,3,0,0,0,20,0,0,0,1,0,2,soil,116,10,13.79310345,13.79310345,,,10,4.081332,,,,,,,,,,,,,,,,,,,,
GF05001272V,"French Guiana,Roura",Neotropical,Boreal Brazilian,Guianan Lowlands province,Moist forest|Wet forest,GF05001272V,Guianan Lowlands province,53,0,0,0,0,0,0,0,0,1,1,0,0,13,0,2,0,6,0,0,0,9,0,0,0,4,0,5,soil,94,9,0,0,,,9,4.331488,,,,,,,,,,,,,,,,,,,,
GF05001273V,"French Guiana,Roura",Neotropical,Boreal Brazilian,Guianan Lowlands province,Moist forest|Wet forest,GF05001273V,Guianan Lowlands province,53,0,0,3,0,0,0,4,0,0,1,0,0,6,0,5,0,9,0,0,0,15,1,0,0,4,0,9,soil,110,11,3.636363636,3.636363636,,,11,5.795165,,,,,,,,,,,,,,,,,,,,
GF05001274V,"French Guiana,Roura",Neotropical,Boreal Brazilian,Guianan Lowlands province,Moist forest|Wet forest,GF05001274V,Guianan Lowlands province,47,0,0,3,0,0,0,0,0,0,0,0,0,12,0,2,0,8,0,0,0,16,0,0,0,5,0,9,soil,102,8,0,0,,,8,5.164787,,,,,,,,,,,,,,,,,,,,
GF05001275V,"Argentina,Bariloche",N/A,N/A,N/A,Moist forest|Wet forest,GF05001275V,N/A,32,0,0,1,0,0,0,40,0,1,0,1,0,8,0,1,0,4,0,0,0,19,0,0,0,1,0,6,soil,114,11,35.0877193,35.0877193,,,11,5.416263,,,,,,,,,,,,,,,,,,,,
GF05001276V,"Argentina,Bariloche",N/A,N/A,N/A,Moist forest|Wet forest,GF05001276V,N/A,38,0,0,2,0,0,0,32,0,2,0,0,0,11,0,0,0,7,0,0,1,31,0,0,0,4,0,5,soil,133,10,24.06015038,24.06015038,,,10,6.007395,,,,,,,,,,,,,,,,,,,,
GF05001277V,"Argentina,Bariloche",N/A,N/A,N/A,Moist forest|Wet forest,GF05001277V,N/A,45,0,0,2,0,0,0,34,0,0,0,0,0,14,0,1,0,2,0,0,1,32,0,0,0,8,0,8,soil,147,10,23.1292517,23.1292517,,,10,5.803884,,,,,,,,,,,,,,,,,,,,
GF05001278V,"Argentina,Chalten",N/A,N/A,N/A,Moist forest|Wet forest,GF05001278V,N/A,50,0,0,3,0,0,1,34,0,0,0,0,0,10,0,2,0,3,0,0,1,36,0,0,0,7,0,5,soil,152,11,22.36842105,22.36842105,,,11,5.771793,,,,,,,,,,,,,,,,,,,,
GF05001279V,"Argentina,Chalten",N/A,N/A,N/A,Moist forest|Wet forest,GF05001279V,N/A,12,0,0,1,0,0,0,34,0,0,0,0,0,2,0,0,0,2,0,0,0,19,0,0,0,2,0,3,soil,75,8,45.33333333,45.33333333,,,8,4.375258,,,,,,,,,,,,,,,,,,,,
GF05001280V,"Argentina,Calafate",N/A,N/A,N/A,Dry forest|Moist forest,GF05001280V,N/A,21,0,0,3,0,0,2,32,0,0,0,0,0,4,0,0,0,0,0,0,1,19,0,0,0,4,0,2,soil,88,9,36.36363636,36.36363636,,,9,5.258355,,,,,,,,,,,,,,,,,,,,
GF05001281V,"Argentina,Chalten",N/A,N/A,N/A,Moist forest|Wet forest,GF05001281V,N/A,15,0,0,2,0,0,1,40,0,0,0,0,0,4,0,0,0,4,0,0,1,18,0,0,0,2,0,2,soil,89,10,44.94382022,44.94382022,,,10,5.044965,,,,,,,,,,,,,,,,,,,,
GF05001282V,"Argentina,Chalten",N/A,N/A,N/A,Moist forest|Wet forest,GF05001282V,N/A,25,0,0,1,0,0,0,30,0,0,0,0,0,4,0,0,0,2,0,0,1,28,0,0,0,1,0,4,soil,96,9,31.25,31.25,,,9,4.765331,,,,,,,,,,,,,,,,,,,,
GF05001283V,"Argentina,Bariloche",N/A,N/A,N/A,Moist forest|Wet forest,GF05001283V,N/A,43,0,0,4,0,0,2,14,0,0,0,0,0,15,0,0,0,5,0,0,2,33,0,0,0,7,0,6,soil,131,10,10.6870229,10.6870229,,,10,6.402689,,,,,,,,,,,,,,,,,,,,
GF05001284V,"Argentina,Ushuaia",N/A,N/A,N/A,Dry forest|Moist forest,GF05001284V,N/A,26,0,0,1,0,0,0,29,0,0,0,0,0,8,0,1,2,1,0,0,1,12,0,0,0,0,0,5,soil,86,10,33.72093023,33.72093023,,,10,5.387054,,,,,,,,,,,,,,,,,,,,
GF05001285V,"Argentina,Ushuaia",N/A,N/A,N/A,Dry forest|Moist forest,GF05001285V,N/A,33,0,0,1,0,0,1,30,0,1,0,0,0,8,0,0,1,2,0,0,2,19,0,0,0,1,0,6,soil,105,12,28.57142857,28.57142857,,,12,5.831408,,,,,,,,,,,,,,,,,,,,
GF05001286V,"Argentina,Ushuaia",N/A,N/A,N/A,Moist forest|Wet forest,GF05001286V,N/A,20,0,0,0,0,0,0,27,0,1,0,0,0,8,0,1,1,4,0,0,0,8,0,0,0,0,0,8,soil,78,9,34.61538462,34.61538462,,,9,5.679059,,,,,,,,,,,,,,,,,,,,
GF05001287V,"Argentina,Ushuaia",N/A,N/A,N/A,Moist forest|Wet forest,GF05001287V,N/A,8,0,0,0,0,0,0,13,0,0,0,0,0,4,0,1,0,0,0,0,0,2,0,0,0,1,0,4,soil,33,7,39.39393939,39.39393939,,,7,4.972316,,,,,,,,,,,,,,,,,,,,
GF05001288V,"Argentina,Ushuaia",N/A,N/A,N/A,Moist forest|Wet forest,GF05001288V,N/A,9,0,0,0,0,0,0,26,0,0,0,0,0,2,0,0,0,1,0,0,0,7,0,0,0,0,0,1,soil,46,6,56.52173913,56.52173913,,,6,3.424526,,,,,,,,,,,,,,,,,,,,
GF05001331V,"Colombia,Santa Rosa de Ojos",Neotropical,Pacific,Magdalena province,Moist forest|Wet forest,GF05001331V,Magdalena province,48,0,1,4,0,0,0,38,0,1,0,0,0,5,0,4,2,0,0,0,2,12,0,0,0,1,0,1,soil,119,12,31.93277311,31.93277311,,,12,5.059921,,,,,,,,,,,,,,,,,,,,
GF05001332V,"Colombia,Jamundi",Neotropical,Pacific,Cauca province,Moist forest,GF05001332V,Cauca province,27,0,1,2,0,0,0,31,0,1,0,0,0,2,0,4,1,1,0,0,2,10,0,0,0,1,0,1,soil,84,13,36.9047619,36.9047619,,,13,5.553865,,,,,,,,,,,,,,,,,,,,
GF05001333V,"Colombia,Juanchaco",Neotropical,Pacific,Choco-Darien province,,GF05001333V,Choco-Darien province,59,0,2,5,0,0,1,5,0,0,2,0,0,11,0,4,0,11,0,0,1,18,0,0,0,6,0,9,soil,134,13,3.731343284,3.731343284,,,13,6.757006,,,,,,,,,,,,,,,,,,,,
GF05001334V,"Colombia,Panoe",Neotropical,Pacific,Cauca province,Dry forest|Moist forest,GF05001334V,Cauca province,56,0,0,2,0,0,0,4,0,0,1,0,0,8,0,3,0,4,0,0,0,12,0,0,0,1,0,4,soil,95,10,4.210526316,4.210526316,,,10,4.339017,,,,,,,,,,,,,,,,,,,,
GF05001335V,"Chile,Puyehue National Park",N/A,N/A,N/A,Wet forest,GF05001335V,N/A,20,0,0,0,0,0,2,4,0,0,0,1,0,4,0,2,0,4,0,0,0,15,0,0,0,5,0,4,soil,61,10,6.557377049,6.557377049,,,10,6.832981,,,,,,,,,,,,,,,,,,,,
GF05001356V,"USA,FL,Miami",N/A,N/A,N/A,,GF05001356V,N/A,27,0,0,1,0,0,1,14,0,1,0,0,0,6,0,4,0,7,0,0,0,2,0,0,0,5,0,3,soil,71,11,19.71830986,19.71830986,,,11,6.608139,,,,,,,,,,,,,,,,,,,,
GF05001357V,"Costa Rica,Cahuita beach",Neotropical,Pacific,Guatuso-Talamanca province,,GF05001357V,Guatuso-Talamanca province,14,0,0,1,0,0,3,7,0,0,1,0,0,1,0,1,0,1,0,0,0,5,0,0,0,0,0,3,soil,37,10,18.91891892,18.91891892,,,10,6.350703,,,,,,,,,,,,,,,,,,,,
GF05001358V,"French Guiana,Montabo beach",Neotropical,Boreal Brazilian,Guianan Lowlands province,Moist forest,GF05001358V,Guianan Lowlands province,29,0,0,2,0,0,1,3,0,0,0,0,0,19,0,2,0,12,1,0,0,11,0,0,0,2,0,8,soil,90,11,3.333333333,3.333333333,,,11,6.6934,,,,,,,,,,,,,,,,,,,,
GF05001359V,"Costa Rica,Villa Mills",Neotropical,Pacific,Guatuso-Talamanca province,Wet forest,GF05001359V,Guatuso-Talamanca province,26,0,0,1,0,0,2,0,0,1,0,0,0,6,0,6,2,2,0,0,0,11,0,0,0,9,0,2,soil,68,11,0,0,,,11,6.668009,,,,,,,,,,,,,,,,,,,,
GF05001360V,"Costa Rica,Alberto Manuel Brenes Biological reserve",Neotropical,Pacific,Guatuso-Talamanca province,Moist forest|Wet forest,GF05001360V,Guatuso-Talamanca province,34,0,0,3,0,0,0,2,0,1,0,0,0,6,0,3,0,3,0,0,1,12,0,0,0,4,0,0,soil,69,10,2.898550725,2.898550725,,,10,5.284423,,,,,,,,,,,,,,,,,,,,
GF05001392V,"Argentina,Villa de Soto",Neotropical,Chacoan,Chaco province,Very dry forest|Dry forest,GF05001392V,Chaco province,24,0,0,0,0,0,1,0,0,0,1,0,0,9,0,1,0,8,0,0,0,14,0,0,0,0,0,1,soil,59,8,0,0,,,8,4.671241,,,,,,,,,,,,,,,,,,,,
GF05001393V,"Argentina,Chamical",Neotropical,Chacoan,Chaco province,Thorn woodland,GF05001393V,Chaco province,6,0,0,0,0,0,0,0,0,0,0,0,0,2,0,0,0,3,0,0,0,3,0,0,0,0,0,1,soil,15,5,0,0,,,5,4.303729,,,,,,,,,,,,,,,,,,,,
GF05001394V,"Argentina,Salinas Jumel",Neotropical,Chacoan,Chaco province,Thorn woodland,GF05001394V,Chaco province,28,0,0,0,0,0,1,0,0,1,1,0,1,8,0,0,0,11,1,0,0,12,0,0,0,0,0,6,soil,70,10,0,0,,,10,5.593401,,,,,,,,,,,,,,,,,,,,
GF05001395V,"Argentina,Salinas ecotono",Neotropical,Chacoan,Chaco province,Thorn woodland,GF05001395V,Chaco province,7,0,0,0,0,0,2,0,0,0,1,0,0,3,0,0,0,3,0,0,0,4,0,0,0,0,0,1,soil,21,7,0,0,,,7,5.765699,,,,,,,,,,,,,,,,,,,,
GF05001396V,"Argentina,Monte",Neotropical,Chacoan,Chaco province,Thorn woodland,GF05001396V,Chaco province,51,0,0,1,0,0,5,1,0,0,1,0,0,11,0,1,0,12,0,0,0,12,0,0,0,2,0,3,soil,100,11,1,1,,,11,5.015333,,,,,,,,,,,,,,,,,,,,
GF05001397V,"Argentina,Monte",Neotropical,Chacoan,Chaco province,Thorn woodland,GF05001397V,Chaco province,15,0,0,1,1,0,2,0,0,0,0,0,0,1,0,0,0,2,0,0,0,9,0,0,0,0,0,1,soil,32,8,0,0,,,8,4.444754,,,,,,,,,,,,,,,,,,,,
GF05001408V,"Argentina,Alpachiri",Neotropical,South Brazilian,Yungas province,Very dry forest|Dry forest,GF05001408V,Yungas province,7,0,0,1,0,0,0,0,0,0,0,1,0,0,0,1,0,0,0,0,0,4,0,0,0,6,0,6,soil,26,7,0,0,,,7,5.440961,,,,,,,,,,,,,,,,,,,,
GF05001409V,"Argentina,Libertador Gral San Martín",Neotropical,South Brazilian,Yungas province,Very dry forest|Dry forest,GF05001409V,Yungas province,42,0,0,4,0,0,0,0,0,0,1,0,0,15,0,1,0,14,0,0,0,6,0,0,0,14,0,6,soil,103,9,0,0,,,9,5.676049,,,,,,,,,,,,,,,,,,,,
GF05001410V,"Argentina,Yerba Buena",Neotropical,South Brazilian,Yungas province,Very dry forest|Dry forest,GF05001410V,Yungas province,2,0,0,2,0,0,0,0,0,0,0,0,0,1,0,1,0,1,0,0,0,4,0,0,0,15,0,3,soil,29,8,0,0,,,8,4.787992,,,,,,,,,,,,,,,,,,,,
GF05001411V,"Argentina,Monteros",Neotropical,Chacoan,Chaco province,Very dry forest|Dry forest,GF05001411V,Chaco province,24,0,0,2,0,0,1,0,0,0,0,0,0,2,0,4,0,6,0,0,0,14,0,0,0,3,0,6,soil,62,9,0,0,,,9,5.852656,,,,,,,,,,,,,,,,,,,,
GF05001425V,"Costa Rica,Villa Mills",Neotropical,Pacific,Guatuso-Talamanca province,Wet forest,GF05001425V,Guatuso-Talamanca province,40,0,0,2,0,0,0,15,0,0,0,0,0,2,0,2,0,5,0,0,0,6,0,0,0,11,0,7,soil,90,9,16.66666667,16.66666667,,,9,5.526019,,,,,,,,,,,,,,,,,,,,
GF05001426V,"Costa Rica,Alberto Manuel Brenes Biological reserve",Neotropical,Pacific,Guatuso-Talamanca province,Moist forest|Wet forest,GF05001426V,Guatuso-Talamanca province,13,0,0,0,0,0,0,15,0,0,0,0,0,1,0,1,0,1,1,0,0,10,0,0,0,3,0,2,soil,47,9,31.91489362,31.91489362,,,9,5.402656,,,,,,,,,,,,,,,,,,,,
GF05001427V,"Costa Rica,Cahuita beach",Neotropical,Pacific,Guatuso-Talamanca province,,GF05001427V,Guatuso-Talamanca province,41,0,0,2,0,0,3,6,0,1,0,0,0,1,0,1,0,13,0,0,0,2,0,0,0,5,0,5,soil,80,11,7.5,7.5,,,11,5.210103,,,,,,,,,,,,,,,,,,,,
GF05001437V,"Mexico,Xixim",Neotropical,Mesoamerican,Yucatan Peninsula Province,Very dry forest,GF05001437V,Yucatan Peninsula Province,27,0,0,0,0,0,2,10,0,0,0,0,0,2,0,0,0,5,0,0,0,4,0,0,0,1,0,1,soil,52,8,19.23076923,19.23076923,,,8,4.403626,,,,,,,,,,,,,,,,,,,,
GF05001438V,"Mexico,Bella Flor",Neotropical,Mesoamerican,Yucatan Peninsula Province,Very dry forest|Dry forest,GF05001438V,Yucatan Peninsula Province,30,0,0,0,0,0,1,10,0,0,0,0,0,5,0,1,0,2,0,0,0,6,0,0,0,1,0,1,soil,57,9,17.54385965,17.54385965,,,9,4.458797,,,,,,,,,,,,,,,,,,,,
GF05001439V,"Mexico,Becanchen",Neotropical,Mesoamerican,Yucatan Peninsula Province,Dry forest,GF05001439V,Yucatan Peninsula Province,42,0,0,1,0,0,0,11,0,0,0,0,0,0,0,2,0,2,0,0,0,12,1,0,0,1,0,1,soil,73,9,15.06849315,15.06849315,,,9,3.789501,,,,,,,,,,,,,,,,,,,,
GF05001440V,"Mexico,Cancun,Tulum",Neotropical,Mesoamerican,Yucatan Peninsula Province,Dry forest,GF05001440V,Yucatan Peninsula Province,20,0,0,0,0,0,0,11,0,0,0,0,0,7,0,2,0,2,0,0,0,8,0,0,0,2,0,0,soil,52,7,21.15384615,21.15384615,,,7,5.103619,,,,,,,,,,,,,,,,,,,,
GF05001504V,"Mexico,Iontananza",Neotropical,NA,Sierra Madre Oriental province,Very dry forest|Dry forest,GF05001504V,Sierra Madre Oriental province,25,0,0,2,0,0,0,43,0,0,0,0,0,1,0,0,0,1,0,0,0,24,0,0,0,5,0,1,soil,102,8,42.15686275,42.15686275,,,8,4.096636,,,,,,,,,,,,,,,,,,,,
GF05001505V,"Mexico,Presa San Antonio",N/A,N/A,N/A,Thorn woodland,GF05001505V,N/A,79,3,0,4,0,0,9,5,1,0,3,0,0,21,0,3,0,10,3,0,1,25,0,0,0,2,0,12,soil,181,15,2.762430939,2.762430939,,,15,6.936218,,,,,,,,,,,,,,,,,,,,
GF05001506V,"Mexico,Jahuey",Neotropical,NA,Sierra Madre Oriental province,Very dry forest|Dry forest,GF05001506V,Sierra Madre Oriental province,7,0,0,1,0,0,0,32,0,0,0,0,0,2,0,1,0,0,0,0,0,14,0,0,0,1,0,2,soil,60,8,53.33333333,53.33333333,,,8,3.884287,,,,,,,,,,,,,,,,,,,,
GF05001507V,"Mexico,Chapultepec",Neotropical,NA,Sierra Madre Oriental province,Very dry forest|Dry forest,GF05001507V,Sierra Madre Oriental province,19,0,0,2,0,0,0,44,0,0,1,0,1,3,0,0,0,1,0,0,0,15,0,0,0,3,0,3,soil,92,10,47.82608696,47.82608696,,,10,4.663643,,,,,,,,,,,,,,,,,,,,
GF05001508V,"Mexico,Jahuey",Neotropical,NA,Sierra Madre Oriental province,Very dry forest|Dry forest,GF05001508V,Sierra Madre Oriental province,12,0,0,0,0,0,1,52,0,0,1,0,0,3,0,0,0,1,0,0,0,10,0,0,0,3,0,2,soil,85,9,61.17647059,61.17647059,,,9,3.70565,,,,,,,,,,,,,,,,,,,,
GF05001509V,"Mexico,Arroyo Colorado",Neotropical,NA,Sierra Madre Oriental province,Thorn steppe,GF05001509V,Sierra Madre Oriental province,9,0,0,0,0,0,1,19,0,0,0,0,0,2,0,0,0,2,0,0,0,11,0,0,0,3,0,1,soil,48,8,39.58333333,39.58333333,,,8,5.04184,,,,,,,,,,,,,,,,,,,,
GF05001510V,"Mexico,Saltillo",N/A,N/A,N/A,Thorn woodland,GF05001510V,N/A,53,0,0,2,0,0,4,83,0,1,0,0,0,7,0,2,0,4,0,0,1,36,0,0,0,9,0,5,soil,207,12,40.09661836,40.09661836,,,12,5.227656,,,,,,,,,,,,,,,,,,,,
GF05001511V,"Mexico,La Poza",Neotropical,NA,Sierra Madre Oriental province,Very dry forest|Dry forest,GF05001511V,Sierra Madre Oriental province,3,0,0,0,0,0,0,5,0,0,0,0,0,0,0,1,3,1,0,0,0,1,0,0,0,1,0,0,soil,15,7,33.33333333,33.33333333,,,7,5.652659,,,,,,,,,,,,,,,,,,,,
GF05001512V,"Mexico,Pablillo",Neotropical,NA,Sierra Madre Oriental province,Very dry forest|Dry forest,GF05001512V,Sierra Madre Oriental province,15,0,0,4,0,0,0,75,0,0,0,0,0,0,0,0,0,1,0,0,0,19,0,0,0,4,0,2,soil,120,7,62.5,62.5,,,7,3.255613,,,,,,,,,,,,,,,,,,,,
GF05001513V,"Mexico,La Ascension",Neotropical,NA,Sierra Madre Oriental province,Thorn woodland,GF05001513V,Sierra Madre Oriental province,11,0,0,0,0,0,0,55,0,0,0,0,0,5,0,0,0,1,0,0,0,14,0,0,0,2,0,1,soil,89,7,61.79775281,61.79775281,,,7,3.302562,,,,,,,,,,,,,,,,,,,,
GF05001519V,"South Georgia and the South Sandwich Islands,Maivatn",N/A,N/A,N/A,Wet forest,GF05001519V,N/A,21,0,0,1,0,0,0,0,0,2,0,1,0,1,1,0,0,2,0,0,1,10,0,0,0,0,0,1,soil,41,10,0,0,,,10,4.594924,,,,,,,,,,,,,,,,,,,,
GF05001520V,"Falkland Islands (Islas Malvinas),Port Howard",N/A,N/A,N/A,,GF05001520V,N/A,46,0,0,0,0,0,2,2,0,12,0,0,2,8,0,1,0,8,0,0,0,24,0,0,0,8,0,5,soil,118,11,1.694915254,1.694915254,,,11,6.377006,,,,,,,,,,,,,,,,,,,,
GF05001529V,"Brazil,Goias,Pirenopolis",Neotropical,Chacoan,Cerrado province,Dry forest|Moist forest,GF05001529V,Cerrado province,124,0,0,1,9,0,4,0,0,0,0,0,0,2,0,0,0,9,0,0,4,14,0,0,0,9,0,5,soil,181,10,0,0,,,10,3.493571,,,,,,,,,,,,,,,,,,,,
GF05001530V,"Brazil,Goias,Chapada dos Veadeiros",Neotropical,Chacoan,Cerrado province,Dry forest|Moist forest,GF05001530V,Cerrado province,57,0,0,1,0,0,0,0,0,0,0,0,0,1,0,0,0,5,0,0,3,9,1,0,0,3,0,1,soil,81,9,0,0,,,9,3.078604,,,,,,,,,,,,,,,,,,,,
GF05001531V,"Brazil,Goias,Santa Barbara",Neotropical,Chacoan,Cerrado province,Dry forest|Moist forest,GF05001531V,Cerrado province,82,0,0,1,1,0,1,1,0,0,0,0,0,3,0,0,0,8,0,0,7,6,3,0,0,7,0,4,soil,124,12,0.806451613,0.806451613,,,12,3.926419,,,,,,,,,,,,,,,,,,,,
GF05001532V,"Brazil,Federal District,Brasilia",Neotropical,Chacoan,Cerrado province,Dry forest|Moist forest,GF05001532V,Cerrado province,104,0,0,0,0,0,0,0,0,0,0,0,0,2,0,0,0,4,0,0,4,9,1,0,0,3,0,3,soil,130,8,0,0,,,8,2.347209,,,,,,,,,,,,,,,,,,,,
GF05001548V,"Puerto Rico,El Verde",Neotropical,Antillean,Puerto Rico province,Moist forest,GF05001548V,Puerto Rico province,25,0,0,1,0,0,0,5,0,1,0,0,0,4,0,1,0,0,1,0,0,3,0,0,0,4,0,7,soil,52,10,9.615384615,9.615384615,,,10,5.530878,,,,,,,,,,,,,,,,,,,,
GF05001703V,"Mexico,Tepoztlan, morelos",Neotropical,NA,Transmexican Volcanic Belt province,Dry forest,GF05001703V,Transmexican Volcanic Belt province,25,0,0,3,0,0,0,1,0,0,1,1,2,6,0,3,0,9,0,0,0,10,0,0,0,6,0,4,soil,71,12,1.408450704,1.408450704,,,12,7.638065,,,,,,,,,,,,,,,,,,,,
GF05001704V,"Mexico,El Zarco,Edomex",Neotropical,NA,Transmexican Volcanic Belt province,Dry forest|Moist forest,GF05001704V,Transmexican Volcanic Belt province,30,0,0,2,0,0,0,5,0,2,0,0,3,4,0,1,0,1,1,0,0,15,0,0,0,6,0,5,soil,75,12,6.666666667,6.666666667,,,12,6.703425,,,,,,,,,,,,,,,,,,,,
GF05001705V,"Mexico,El Zarco,Edomex",Neotropical,NA,Transmexican Volcanic Belt province,Dry forest|Moist forest,GF05001705V,Transmexican Volcanic Belt province,38,1,0,0,0,0,0,24,0,0,0,0,1,17,0,0,1,7,2,0,0,13,0,1,0,5,0,7,soil,117,12,20.51282051,20.51282051,,,12,6.812079,,,,,,,,,,,,,,,,,,,,
GF05001706V,"Mexico,Mexico city",Neotropical,NA,Transmexican Volcanic Belt province,Very dry forest|Dry forest,GF05001706V,Transmexican Volcanic Belt province,6,0,0,1,0,0,0,9,0,0,0,0,0,1,0,0,0,0,0,0,0,5,0,0,0,1,0,1,soil,24,7,37.5,37.5,,,7,4.810761,,,,,,,,,,,,,,,,,,,,
GF05001707V,"Mexico,Maravilla Tenejapa",Neotropical,Mesoamerican,Veracruzan province,Moist forest,GF05001707V,Veracruzan province,58,0,0,8,0,0,0,0,0,0,1,0,0,5,0,3,0,7,0,0,0,9,0,0,0,7,0,8,soil,106,9,0,0,,,9,4.841554,,,,,,,,,,,,,,,,,,,,
GF05001708V,"Mexico,Lacantún",Neotropical,Mesoamerican,Veracruzan province,Moist forest,GF05001708V,Veracruzan province,22,0,0,1,0,0,1,0,0,0,0,0,0,0,0,0,0,2,0,0,0,8,0,0,0,0,0,2,soil,36,6,0,0,,,6,3.175401,,,,,,,,,,,,,,,,,,,,
GF05001709V,"Mexico,Centro Ecoturistico Ara Macao Las Guacamayas",Neotropical,Mesoamerican,Veracruzan province,Moist forest,GF05001709V,Veracruzan province,55,0,0,0,0,0,0,0,0,0,1,0,1,6,0,1,0,9,0,0,0,18,0,0,0,2,0,6,soil,99,9,0,0,,,9,4.105666,,,,,,,,,,,,,,,,,,,,
GF05001710V,"Mexico,Lagos de Monte Bello",Neotropical,NA,Chiapas Highlands province,Moist forest|Wet forest,GF05001710V,Chiapas Highlands province,10,0,0,0,0,0,0,7,0,0,0,2,0,4,0,3,0,1,0,0,0,26,0,0,0,19,0,0,soil,72,8,9.722222222,9.722222222,,,8,5.323289,,,,,,,,,,,,,,,,,,,,
GF05001711V,"Mexico,Rancho Calimayor",Neotropical,Mesoamerican,Veracruzan province,Very dry forest|Dry forest,GF05001711V,Veracruzan province,53,0,0,1,1,0,0,0,0,0,0,0,0,10,0,2,0,10,0,0,0,15,1,0,0,9,0,6,soil,108,10,0,0,,,10,5.133277,,,,,,,,,,,,,,,,,,,,
GF05001712V,"Mexico,Oaxaca,La Ventosa",Neotropical,Mesoamerican,Pacific Lowlands province,Very dry forest|Dry forest,GF05001712V,Pacific Lowlands province,66,0,0,1,2,0,0,0,0,0,1,0,5,4,0,3,0,9,0,0,0,13,1,0,0,7,0,9,soil,121,12,0,0,,,12,5.178364,,,,,,,,,,,,,,,,,,,,
GF05001713V,"Mexico,Morro de Mazatán",Neotropical,Mesoamerican,Pacific Lowlands province,Very dry forest,GF05001713V,Pacific Lowlands province,52,0,0,0,0,0,0,2,1,0,0,0,0,15,0,1,0,7,0,0,0,6,1,0,0,5,0,8,soil,98,10,2.040816327,2.040816327,,,10,4.75496,,,,,,,,,,,,,,,,,,,,
GF05001714V,"Mexico,El Limón",Neotropical,Mesoamerican,Pacific Lowlands province,Dry forest,GF05001714V,Pacific Lowlands province,61,0,0,0,3,0,0,1,0,1,0,0,0,10,0,3,0,16,1,0,0,16,0,0,0,6,0,10,soil,128,11,0.78125,0.78125,,,11,5.498799,,,,,,,,,,,,,,,,,,,,
GF05001715V,"Mexico,Bahia de",Neotropical,Mesoamerican,Pacific Lowlands province,Very dry forest|Dry forest,GF05001715V,Pacific Lowlands province,19,0,0,0,0,0,0,0,0,0,0,0,0,9,0,1,0,6,0,0,0,6,0,0,0,5,0,2,soil,48,7,0,0,,,7,5.203042,,,,,,,,,,,,,,,,,,,,
GF05001716V,"Mexico,Road to San Martin",Neotropical,Mesoamerican,Pacific Lowlands province,Dry forest,GF05001716V,Pacific Lowlands province,39,0,0,0,0,0,0,0,0,0,2,0,0,13,0,1,0,9,0,0,0,6,1,0,0,12,0,10,soil,93,9,0,0,,,9,5.620185,,,,,,,,,,,,,,,,,,,,
GF05001730V,"Bolivia,Villa Tunari",Neotropical,South Brazilian,Yungas province,Moist forest|Wet forest,GF05001730V,Yungas province,65,0,0,0,0,0,3,0,0,1,0,0,0,6,0,1,0,10,0,0,1,11,0,0,0,10,0,6,soil,114,10,0,0,,,10,4.496099,,,,,,,,,,,,,,,,,,,,
GF05001731V,"Bolivia,Crystal Maya",Neotropical,South Brazilian,Yungas province,Moist forest|Wet forest,GF05001731V,Yungas province,30,0,0,3,0,0,2,2,0,0,0,0,0,10,0,5,0,2,1,0,1,11,0,0,0,12,0,3,soil,82,12,2.43902439,2.43902439,,,12,7.149348,,,,,,,,,,,,,,,,,,,,
GF05001732V,"Bolivia,Parotani",Neotropical,South Brazilian,Yungas province,Very dry forest|Dry forest,GF05001732V,Yungas province,23,2,0,4,0,0,3,2,0,0,0,0,0,12,0,2,0,0,0,0,0,16,0,0,0,12,0,5,soil,81,10,2.469135802,2.469135802,,,10,7.10176,,,,,,,,,,,,,,,,,,,,
GF05001733V,"Bolivia,Confital",Neotropical,South American Transition Zone,Puna province,Dry forest|Moist forest,GF05001733V,Puna province,34,0,0,3,0,0,6,0,0,1,0,0,4,15,0,1,0,16,0,0,0,6,2,0,0,0,0,4,soil,92,11,0,0,,,11,6.617392,,,,,,,,,,,,,,,,,,,,
GF05001734V,"Bolivia,Bombeo",Neotropical,South Brazilian,Yungas province,Very dry forest|Dry forest,GF05001734V,Yungas province,34,0,0,3,1,0,0,0,0,0,1,0,0,6,0,0,0,13,0,0,0,5,1,0,0,17,0,11,soil,92,10,0,0,,,10,6.084526,,,,,,,,,,,,,,,,,,,,
GF05001735V,"Bolivia,Cuevas",Neotropical,Chacoan,Chaco province,Very dry forest|Dry forest,GF05001735V,Chaco province,19,0,0,4,0,0,1,0,0,0,0,0,0,14,0,0,0,1,0,0,0,11,0,0,0,5,0,4,soil,59,8,0,0,,,8,5.650143,,,,,,,,,,,,,,,,,,,,
GF05001736V,"Bolivia,Bulo Bulo",Neotropical,South Brazilian,Yungas province,Moist forest,GF05001736V,Yungas province,12,0,0,0,0,0,2,21,0,0,0,0,0,4,0,4,0,1,0,0,0,22,0,0,0,2,0,4,soil,72,9,29.16666667,29.16666667,,,9,5.815268,,,,,,,,,,,,,,,,,,,,
GF05001737V,"Bolivia,La Angostura",Neotropical,Chacoan,Chaco province,Dry forest,GF05001737V,Chaco province,20,0,0,0,0,0,1,0,0,0,0,0,1,2,0,0,0,14,0,0,0,4,0,0,0,7,0,4,soil,53,8,0,0,,,8,5.208552,,,,,,,,,,,,,,,,,,,,
GF05007361S,"Florida, Miami",N/A,N/A,N/A,Dry forest|Moist forest,GF05007361S,N/A,8,0,0,0,0,0,0,0,0,0,0,0,0,0,0,0,0,3,0,0,0,3,0,0,0,3,0,0,soil,17,4,0,0,,,4,3.571674,,,,,,,,,,,,,,,,,,,,
GF05007362S,"Florida, Miami",N/A,N/A,N/A,Dry forest,GF05007362S,N/A,55,0,0,7,1,0,0,9,4,0,2,0,0,21,0,9,0,32,1,0,0,24,4,0,0,22,0,9,soil,200,14,4.5,4.5,,,14,8.789973,,,,,,,,,,,,,,,,,,,,
GF05007363S,"Florida, Miami",N/A,N/A,N/A,Dry forest|Moist forest,GF05007363S,N/A,134,0,0,8,0,0,4,8,2,2,2,0,0,28,0,8,1,30,1,0,0,42,4,0,0,26,0,13,soil,313,16,2.555910543,2.555910543,,,16,6.947657,,,,,,,,,,,,,,,,,,,,
GF05007364S,"Florida, Miami",N/A,N/A,N/A,Dry forest|Moist forest,GF05007364S,N/A,1,0,0,0,0,0,1,0,0,0,1,0,0,3,0,0,0,2,0,0,0,1,0,0,0,0,0,0,soil,9,6,0,0,,,6,5.349418,,,,,,,,,,,,,,,,,,,,
GF05007365S,"Florida, Miami",N/A,N/A,N/A,Dry forest|Moist forest,GF05007365S,N/A,9,0,0,0,0,0,0,0,0,0,0,0,0,0,0,0,0,9,0,0,0,1,0,0,0,2,0,1,soil,22,5,0,0,,,5,3.422256,,,,,,,,,,,,,,,,,,,,
GF05007366S,"Florida, Miami",N/A,N/A,N/A,Dry forest|Moist forest,GF05007366S,N/A,81,0,0,8,0,0,2,6,1,0,0,0,0,18,0,8,0,28,2,0,0,30,2,0,0,21,0,19,soil,226,13,2.654867257,2.654867257,,,13,7.443739,,,,,,,,,,,,,,,,,,,,
GF05007367S,"Florida, Miami",N/A,N/A,N/A,Dry forest|Moist forest,GF05007367S,N/A,7,0,0,2,0,0,1,0,0,0,0,0,0,3,0,0,0,3,0,0,0,1,0,0,0,7,0,1,soil,25,8,0,0,,,8,6.110737,,,,,,,,,,,,,,,,,,,,
GF05007368S,"Florida, Miami",N/A,N/A,N/A,Dry forest|Moist forest,GF05007368S,N/A,166,0,0,10,0,0,4,5,4,3,5,0,0,40,0,14,0,69,1,0,0,36,5,0,0,29,0,57,soil,448,15,1.116071429,1.116071429,,,15,7.307639,,,,,,,,,,,,,,,,,,,,
GF05007369S,"Florida, Miami",N/A,N/A,N/A,Dry forest|Moist forest,GF05007369S,N/A,268,0,0,18,0,0,4,9,1,6,1,2,4,40,0,14,0,59,2,0,0,53,3,0,0,32,0,42,soil,558,17,1.612903226,1.612903226,,,17,6.305447,,,,,,,,,,,,,,,,,,,,
GF05007370S,"Florida, Miami",N/A,N/A,N/A,Dry forest,GF05007370S,N/A,107,0,0,11,0,0,2,9,2,3,2,0,0,21,0,17,1,29,2,0,0,49,5,0,0,32,0,22,soil,314,16,2.866242038,2.866242038,,,16,8.258224,,,,,,,,,,,,,,,,,,,,
GF05007371S,"Florida, Miami",N/A,N/A,N/A,Dry forest|Moist forest,GF05007371S,N/A,44,0,0,4,0,0,0,7,3,0,0,0,0,18,0,7,1,30,0,0,0,14,4,0,0,9,0,7,soil,148,12,4.72972973,4.72972973,,,12,7.961766,,,,,,,,,,,,,,,,,,,,
GF05007372S,"Florida, Miami",N/A,N/A,N/A,Dry forest|Moist forest,GF05007372S,N/A,140,0,0,7,0,0,3,8,0,1,0,0,0,22,0,13,0,23,0,0,0,34,1,0,0,25,0,29,soil,306,12,2.614379085,2.614379085,,,12,6.124261,,,,,,,,,,,,,,,,,,,,
GF05007373S,"Florida, Miami",N/A,N/A,N/A,Dry forest,GF05007373S,N/A,102,0,0,11,0,0,3,14,2,9,1,0,0,14,0,13,1,18,0,0,0,46,2,0,0,18,0,15,soil,269,15,5.204460967,5.204460967,,,15,7.812216,,,,,,,,,,,,,,,,,,,,
GF05007374S,"Florida, Miami",N/A,N/A,N/A,Dry forest|Moist forest,GF05007374S,N/A,137,0,0,18,0,0,2,10,3,4,2,1,0,20,0,12,1,45,0,0,0,36,5,0,0,21,0,23,soil,340,16,2.941176471,2.941176471,,,16,7.542748,,,,,,,,,,,,,,,,,,,,
GF05012921S,Argentina: Tolhuin,N/A,N/A,N/A,Steppe|Moist forest,GF05012921S,N/A,39,0,0,3,0,0,1,14,0,0,0,0,0,4,0,3,0,0,0,0,2,24,0,0,0,1,0,5,soil,96,10,14.58333333,14.58333333,,,10,5.322586,,,,,,,,,,,,,,,,,,,,
GF05012922S,Argentina: Arroyo Los Notros,N/A,N/A,N/A,Moist forest|Wet forest,GF05012922S,N/A,32,0,0,1,0,0,0,31,0,2,0,1,0,7,0,1,0,4,0,0,1,36,0,0,0,3,0,1,soil,120,12,25.83333333,25.83333333,,,12,5.487032,,,,,,,,,,,,,,,,,,,,
GF05012923S,Chile: Melimoyu,N/A,N/A,N/A,Wet forest,GF05012923S,N/A,30,0,0,0,0,0,2,13,0,0,0,1,0,10,0,0,3,2,0,0,0,19,0,0,0,1,0,4,soil,85,10,15.29411765,15.29411765,,,10,5.955115,,,,,,,,,,,,,,,,,,,,
GF05012924S,USA: Gainesville,N/A,N/A,N/A,Dry forest|Moist forest,GF05012924S,N/A,12,0,0,2,0,0,1,38,0,0,0,0,0,7,0,0,0,1,0,0,0,14,0,0,0,2,0,1,soil,78,9,48.71794872,48.71794872,,,9,4.564926,,,,,,,,,,,,,,,,,,,,
GF05012928S,Guyana: Pegaima,Neotropical,Boreal Brazilian,Guianan province,Moist forest,GF05012928S,Guianan province,32,0,0,0,0,0,0,11,0,0,0,0,0,2,0,2,0,0,0,0,0,14,0,0,0,1,0,5,soil,67,7,16.41791045,16.41791045,,,7,4.232519,,,,,,,,,,,,,,,,,,,,
GF05012931S,Puerto Rico: El Yunque,Neotropical,Antillean,Puerto Rico province,Moist forest,GF05012931S,Puerto Rico province,31,0,0,3,0,0,0,1,0,1,0,0,0,5,0,2,0,7,0,0,0,11,0,0,0,1,0,7,soil,69,10,1.449275362,1.449275362,,,10,5.639087,,,,,,,,,,,,,,,,,,,,
GF05012936S,Mexico: El Eden,Neotropical,Mesoamerican,Yucatan Peninsula Province,Dry forest,GF05012936S,Yucatan Peninsula Province,49,0,0,0,1,0,0,5,0,0,1,0,0,1,0,1,0,2,0,0,0,9,0,0,0,0,0,1,soil,70,9,7.142857143,7.142857143,,,9,3.025138,,,,,,,,,,,,,,,,,,,,
GF05012937S,USA: Big Thicket,N/A,N/A,N/A,,GF05012937S,N/A,36,0,0,0,0,0,0,54,0,0,0,0,0,5,0,3,0,2,1,0,0,21,0,0,0,0,0,7,soil,129,8,41.86046512,41.86046512,,,8,4.437382,,,,,,,,,,,,,,,,,,,,
GF05012954S,Brazil: Serra do Mar State Park - NSV Vargem Grande,Neotropical,Parana,Atlantic province,Dry forest|Moist forest,GF05012954S,Atlantic province,14,0,0,1,0,0,3,1,0,0,0,0,0,3,0,4,1,1,0,0,0,2,0,0,0,14,0,1,soil,45,11,2.222222222,2.222222222,,,11,6.449922,,,,,,,,,,,,,,,,,,,,
GF05012955S,Brazil: Vagafogo,Neotropical,Chacoan,Cerrado province,Dry forest|Moist forest,GF05012955S,Cerrado province,63,0,0,0,2,0,0,0,0,0,0,0,0,2,0,1,0,0,0,0,0,10,0,0,0,0,0,3,soil,81,6,0,0,,,6,2.254262,,,,,,,,,,,,,,,,,,,,
GF05012962S,Colombia: Turpial Natural Reserve,Neotropical,Pacific,Magdalena province,Dry forest|Moist forest,GF05012962S,Magdalena province,64,0,0,1,0,0,0,10,0,0,2,1,0,10,0,1,0,19,2,0,0,30,0,0,0,3,0,14,soil,157,12,6.369426752,6.369426752,,,12,5.973637,,,,,,,,,,,,,,,,,,,,
GF05012963S,Colombia: Leticia,Neotropical,Boreal Brazilian,Imeri province,Moist forest,GF05012963S,Imeri province,152,0,0,2,2,0,0,3,0,5,0,0,0,12,0,5,0,9,0,0,0,23,0,0,0,0,0,12,soil,225,10,1.333333333,1.333333333,,,10,3.491131,,,,,,,,,,,,,,,,,,,,
GF05012966S,Brazil: Santa Barbara,Neotropical,Chacoan,Cerrado province,Dry forest|Moist forest,GF05012966S,Cerrado province,86,0,0,0,3,0,2,0,0,1,0,0,0,1,0,0,0,2,0,0,1,9,1,0,0,2,0,4,soil,112,11,0,0,,,11,2.733447,,,,,,,,,,,,,,,,,,,,
GF05012978S,Brazil: Cabrobo,Neotropical,Chacoan,Caatinga province,Thorn woodland,GF05012978S,Caatinga province,123,0,0,3,4,0,3,3,0,0,0,0,0,24,0,1,0,29,1,0,0,37,1,0,0,6,0,11,soil,246,13,1.219512195,1.219512195,,,13,5.131835,,,,,,,,,,,,,,,,,,,,
GF05012983S,Colombia: Puerto Narino,Neotropical,Boreal Brazilian,Imeri province,Moist forest,GF05012983S,Imeri province,71,0,0,2,0,0,1,5,0,0,1,0,1,18,0,2,0,11,0,0,0,16,0,0,0,2,0,6,soil,136,12,3.676470588,3.676470588,,,12,5.031927,,,,,,,,,,,,,,,,,,,,
GF05012993S,Colombia: Buritaca,Neotropical,Pacific,Guajira province,Very dry forest|Dry forest,GF05012993S,Guajira province,19,0,0,1,0,0,1,0,0,0,1,0,0,7,0,1,0,7,0,0,0,4,0,0,0,0,0,9,soil,50,9,0,0,,,9,5.70805,,,,,,,,,,,,,,,,,,,,
GF05013035S,Costa Rica: Alberto Manuel Brenes Biological reserve,Neotropical,Pacific,Guatuso-Talamanca province,Moist forest|Wet forest,GF05013035S,Guatuso-Talamanca province,32,0,0,4,0,0,0,2,0,1,0,0,0,6,0,3,0,3,0,0,0,11,0,0,0,3,0,0,soil,65,9,3.076923077,3.076923077,,,9,5.146076,,,,,,,,,,,,,,,,,,,,
GF05013040S,Argentina: Los Colorados,Neotropical,Chacoan,Chaco province,Thorn woodland,GF05013040S,Chaco province,53,0,0,0,3,0,3,0,0,1,3,1,1,8,0,0,0,24,0,0,1,10,1,0,0,6,0,8,soil,123,14,0,0,,,14,6.396893,,,,,,,,,,,,,,,,,,,,
GF05013041S,Chile: Puyehue NP,N/A,N/A,N/A,Wet forest,GF05013041S,N/A,23,0,0,0,0,0,2,4,0,0,0,0,0,3,0,2,0,3,0,0,0,13,0,0,0,3,0,4,soil,57,9,7.01754386,7.01754386,,,9,5.907299,,,,,,,,,,,,,,,,,,,,
GF05013054S,Argentina: Chumbicha,Neotropical,Chacoan,Chaco province,Thorn woodland,GF05013054S,Chaco province,54,0,0,1,0,0,2,0,0,0,2,0,2,9,1,1,0,21,0,0,0,21,1,0,0,1,0,4,soil,120,13,0,0,,,13,5.372036,,,,,,,,,,,,,,,,,,,,
GF05013059S,Mexico: Tulum,Neotropical,Mesoamerican,Yucatan Peninsula Province,Dry forest,GF05013059S,Yucatan Peninsula Province,19,0,0,0,0,0,0,8,0,0,0,0,0,7,0,1,0,1,0,0,0,6,0,0,0,1,0,0,soil,43,7,18.60465116,18.60465116,,,7,4.510947,,,,,,,,,,,,,,,,,,,,
GF05013060S,Mexico: Becanchen,Neotropical,Mesoamerican,Yucatan Peninsula Province,Dry forest,GF05013060S,Yucatan Peninsula Province,41,0,0,1,0,0,0,11,0,0,0,0,0,0,0,2,0,1,0,0,0,8,0,0,0,1,0,1,soil,66,8,16.66666667,16.66666667,,,8,3.353591,,,,,,,,,,,,,,,,,,,,
GF05013063S,France: Guadeloupe,Neotropical,Antillean,Lesser Antilles province,Dry forest|Moist forest,GF05013063S,Lesser Antilles province,114,0,0,1,0,0,0,10,0,2,0,0,0,12,0,2,0,6,0,0,0,14,0,0,0,3,0,8,soil,172,10,5.813953488,5.813953488,,,10,3.639475,,,,,,,,,,,,,,,,,,,,
GF05013068S,Argentina: Libertador Gral San Martin,Neotropical,South Brazilian,Yungas province,Very dry forest|Dry forest,GF05013068S,Yungas province,38,0,0,4,0,0,0,0,0,0,1,0,0,15,0,2,0,12,0,0,0,6,0,0,0,14,0,4,soil,96,9,0,0,,,9,5.835218,,,,,,,,,,,,,,,,,,,,
GF05013074S,Brazil: Brasilia,Neotropical,Chacoan,Cerrado province,Dry forest|Moist forest,GF05013074S,Cerrado province,102,0,0,0,10,0,1,0,0,0,0,0,0,3,0,0,0,4,0,0,0,6,0,0,0,1,0,2,soil,129,8,0,0,,,8,2.367283,,,,,,,,,,,,,,,,,,,,
GF05013081S,Colombia: Santa Rosa de Osos,Neotropical,Pacific,Magdalena province,Moist forest|Wet forest,GF05013081S,Magdalena province,25,0,1,3,0,0,0,4,0,1,0,0,0,0,0,3,3,1,0,0,1,24,0,0,0,5,0,4,soil,75,12,5.333333333,5.333333333,,,12,6.300012,,,,,,,,,,,,,,,,,,,,
GF05013082S,Brazil: Itatiaia National Park,Neotropical,Parana,Parana Forest province,Moist forest|Wet forest,GF05013082S,Parana Forest province,89,0,0,2,2,0,0,1,0,7,1,1,0,17,0,2,0,9,0,0,0,37,0,0,0,5,0,5,soil,178,13,0.561797753,0.561797753,,,13,5.02734,,,,,,,,,,,,,,,,,,,,
GF05013083S,Brazil: Serra do Mar State Park - NSV Itamambuca,Neotropical,Parana,Atlantic province,Dry forest|Moist forest,GF05013083S,Atlantic province,35,0,0,1,0,0,2,0,0,0,0,0,0,2,0,6,0,1,0,0,0,10,0,0,0,6,0,6,soil,69,9,0,0,,,9,4.900627,,,,,,,,,,,,,,,,,,,,
GF05013090S,Brazil: Ilha do Cardoso State Park,Neotropical,Parana,Atlantic province,Moist forest,GF05013090S,Atlantic province,12,0,0,0,0,0,0,1,0,0,0,0,0,3,0,4,0,0,0,0,0,8,0,0,0,2,0,4,soil,34,7,2.941176471,2.941176471,,,7,5.452955,,,,,,,,,,,,,,,,,,,,
GF05013092S,Colombia: Murillo,Neotropical,South American Transition Zone,Paramo province,Moist forest|Wet forest,GF05013092S,Paramo province,21,0,0,3,0,0,2,0,0,3,0,0,0,3,0,2,1,1,0,0,0,12,0,0,0,7,0,2,soil,57,11,0,0,,,11,6.772346,,,,,,,,,,,,,,,,,,,,
GF05013102S,Mexico: Chamela,Neotropical,Mesoamerican,Pacific Lowlands province,Very dry forest|Dry forest,GF05013102S,Pacific Lowlands province,25,0,0,1,0,0,1,5,0,0,1,0,0,10,0,3,0,5,0,0,0,9,0,0,0,5,0,3,soil,68,11,7.352941176,7.352941176,,,11,7.061895,,,,,,,,,,,,,,,,,,,,
GF05013113S,Argentina: Las Perdices,Neotropical,Chacoan,Pampean province,Very dry forest|Dry forest,GF05013113S,Pampean province,68,0,0,4,0,0,4,0,0,0,1,0,0,20,0,2,0,18,1,0,0,25,0,0,0,5,0,16,soil,164,11,0,0,,,11,5.93829,,,,,,,,,,,,,,,,,,,,
GF05013120S,Brazil: Cataratas do Iguacu,Neotropical,Parana,Parana Forest province,Dry forest|Moist forest,GF05013120S,Parana Forest province,20,0,0,1,0,1,0,5,0,0,0,0,0,11,0,1,0,3,0,0,0,4,0,0,0,0,0,1,soil,47,9,10.63829787,10.63829787,,,9,5.232216,,,,,,,,,,,,,,,,,,,,
GF05013121S,Brazil: Prateleias,Neotropical,Parana,Parana Forest province,Moist forest|Wet forest,GF05013121S,Parana Forest province,20,0,0,1,0,0,1,0,0,0,0,1,0,7,0,1,0,4,0,0,0,14,0,0,0,7,0,3,soil,59,10,0,0,,,10,6.198014,,,,,,,,,,,,,,,,,,,,
GF05013122S,Brazil: Praia Azul,Neotropical,Parana,Atlantic province,Dry forest|Moist forest,GF05013122S,Atlantic province,20,0,0,0,0,0,0,12,0,1,0,0,1,4,0,2,0,0,0,0,0,16,1,0,0,1,0,1,soil,59,10,20.33898305,20.33898305,,,10,5.404647,,,,,,,,,,,,,,,,,,,,
GF05013123S,Colombia: El Zafire,Neotropical,Boreal Brazilian,Imeri province,Moist forest,GF05013123S,Imeri province,9,0,0,3,0,0,0,3,0,0,0,0,0,1,0,2,0,1,0,0,0,16,0,0,0,10,0,0,soil,45,8,6.666666667,6.666666667,,,8,5.43269,,,,,,,,,,,,,,,,,,,,
GF05013124S,Brazil: Salgueiro,Neotropical,Chacoan,Caatinga province,Thorn woodland,GF05013124S,Caatinga province,34,0,0,1,1,0,0,0,0,0,0,0,0,8,0,1,0,11,0,0,0,19,1,0,0,6,0,5,soil,87,10,0,0,,,10,5.664908,,,,,,,,,,,,,,,,,,,,
GF05013125S,Brazil: Mucuri,Neotropical,Parana,Atlantic province,Dry forest,GF05013125S,Atlantic province,1,0,0,4,0,0,0,0,0,0,0,0,0,0,0,1,0,2,0,0,0,2,0,0,0,18,0,0,soil,28,6,0,0,,,6,3.244773,,,,,,,,,,,,,,,,,,,,
GF05013126S,Brazil: Capistrano,Neotropical,Chacoan,Caatinga province,Dry forest,GF05013126S,Caatinga province,55,0,0,1,0,0,0,0,0,0,1,0,0,11,0,2,0,11,0,0,0,9,1,0,0,6,0,8,soil,105,10,0,0,,,10,4.904282,,,,,,,,,,,,,,,,,,,,
GF05013130S,Guadeloupe: Morne Louis,Neotropical,Antillean,Lesser Antilles province,Dry forest|Moist forest,GF05013130S,Lesser Antilles province,66,0,0,1,0,0,0,4,0,0,1,0,0,10,0,3,2,12,0,0,1,12,0,0,0,1,0,4,soil,117,12,3.418803419,3.418803419,,,12,4.746677,,,,,,,,,,,,,,,,,,,,
GF05013131S,Dominica: Pont Casse,Neotropical,Antillean,Lesser Antilles province,Dry forest|Moist forest,GF05013131S,Lesser Antilles province,51,0,0,0,0,0,0,4,0,2,1,0,0,8,0,1,0,7,1,0,0,9,0,0,0,1,0,5,soil,90,11,4.444444444,4.444444444,,,11,4.70881,,,,,,,,,,,,,,,,,,,,
GF05013132S,British Virgin Islands: Mt. Sage,Neotropical,Antillean,Puerto Rico province,Dry forest,GF05013132S,Puerto Rico province,64,0,0,1,0,0,2,6,0,1,0,0,0,16,0,2,0,7,0,0,1,21,0,0,0,3,0,10,soil,134,12,4.47761194,4.47761194,,,12,5.497668,,,,,,,,,,,,,,,,,,,,
GF05013134S,Puerto Rico: Maricao,Neotropical,Antillean,Puerto Rico province,Moist forest,GF05013134S,Puerto Rico province,71,0,0,1,0,0,1,10,0,0,0,0,0,8,0,1,0,4,0,0,1,15,0,0,0,1,0,0,soil,113,10,8.849557522,8.849557522,,,10,3.631091,,,,,,,,,,,,,,,,,,,,
GF05013135S,Colombia: Sabana,Neotropical,Boreal Brazilian,Imeri province,Moist forest,GF05013135S,Imeri province,61,0,0,1,0,0,0,2,0,3,0,0,0,4,0,3,0,3,0,0,0,5,0,0,0,0,0,3,soil,85,9,2.352941176,2.352941176,,,9,3.19369,,,,,,,,,,,,,,,,,,,,
GF05013148S,Cuba: Gran Piedra,Neotropical,Antillean,Cuban province,Dry forest|Moist forest,GF05013148S,Cuban province,30,0,0,1,0,0,0,21,0,2,0,0,0,5,0,1,1,1,0,0,0,3,0,0,0,2,0,4,soil,71,11,29.57746479,29.57746479,,,11,5.197351,,,,,,,,,,,,,,,,,,,,
GF05013149S,Argentina: Cordoba mountain range,Neotropical,South American Transition Zone,Comechingones province,Very dry forest|Dry forest,GF05013149S,Comechingones province,75,0,0,0,3,0,8,1,1,2,0,2,4,20,0,2,0,12,0,0,2,24,2,0,0,4,0,8,soil,170,16,0.588235294,0.588235294,,,16,6.912998,,,,,,,,,,,,,,,,,,,,
GF05013150S,Cuba: Pinar del Rio,Neotropical,Antillean,Cuban province,Dry forest|Moist forest,GF05013150S,Cuban province,50,0,0,1,0,0,0,32,0,0,0,0,0,15,0,1,1,3,0,0,0,20,0,0,0,1,0,9,soil,133,10,24.06015038,24.06015038,,,10,5.24058,,,,,,,,,,,,,,,,,,,,
GF05013155S,USA: Mt Lemmon2,N/A,N/A,N/A,,GF05013155S,N/A,17,0,0,2,0,0,0,34,0,0,0,0,1,5,0,0,0,3,1,0,0,20,0,0,0,5,0,8,soil,96,10,35.41666667,35.41666667,,,10,6.049008,,,,,,,,,,,,,,,,,,,,
GF05013158S,"Costa Rica: Santa Rosa National Park, Guanacaste",Neotropical,Mesoamerican,Pacific Lowlands province,Dry forest|Moist forest,GF05013158S,Pacific Lowlands province,121,0,0,2,4,0,2,1,0,2,3,0,1,18,0,2,0,18,0,0,0,15,2,0,0,4,0,16,soil,211,15,0.473933649,0.473933649,,,15,4.97652,,,,,,,,,,,,,,,,,,,,
GF05013165S,Bolivia: Parotani,Neotropical,South Brazilian,Yungas province,Very dry forest|Dry forest,GF05013165S,Yungas province,31,0,0,3,1,0,0,0,0,0,1,0,0,7,0,1,0,12,0,0,0,4,0,0,0,19,0,7,soil,86,10,0,0,,,10,6.047769,,,,,,,,,,,,,,,,,,,,
GF05013167S,Bolivia: La Angostura,Neotropical,Chacoan,Chaco province,Dry forest,GF05013167S,Chaco province,5,0,0,0,0,0,1,10,0,0,0,0,0,0,0,2,0,1,0,0,0,7,0,0,0,0,0,1,soil,27,7,37.03703704,37.03703704,,,7,4.899553,,,,,,,,,,,,,,,,,,,,
GF05013169S,Mexico: Oaxaca,Neotropical,Mesoamerican,Pacific Lowlands province,Dry forest,GF05013169S,Pacific Lowlands province,37,0,0,0,0,0,0,0,0,0,1,0,0,13,0,1,0,9,0,0,0,5,1,0,0,12,0,9,soil,88,9,0,0,,,9,5.476512,,,,,,,,,,,,,,,,,,,,
GF05013170S,Mexico: Maravilla Tenejapa,Neotropical,Mesoamerican,Veracruzan province,Moist forest,GF05013170S,Veracruzan province,53,0,0,6,0,0,0,0,0,0,1,0,0,5,0,2,0,8,0,0,0,7,0,0,0,7,0,7,soil,96,9,0,0,,,9,4.774127,,,,,,,,,,,,,,,,,,,,
GF05013171S,"Mexico: El Zarco, Edomex",Neotropical,NA,Transmexican Volcanic Belt province,Dry forest|Moist forest,GF05013171S,Transmexican Volcanic Belt province,34,0,0,0,0,0,0,26,0,0,0,0,1,14,0,0,1,7,2,0,0,14,0,1,0,5,0,7,soil,112,11,23.21428571,23.21428571,,,11,6.715526,,,,,,,,,,,,,,,,,,,,
GF05013176S,Brazil: Carlos Botelho State Park,Neotropical,Chacoan,Cerrado province,Dry forest|Moist forest,GF05013176S,Cerrado province,3,0,0,2,0,0,0,1,0,0,0,0,0,1,0,2,3,1,0,0,0,3,0,0,0,12,0,2,soil,30,10,3.333333333,3.333333333,,,10,6.951946,,,,,,,,,,,,,,,,,,,,
GF05013187S,French Guiana: Kaw rainforest,Neotropical,Boreal Brazilian,Guianan Lowlands province,Moist forest|Wet forest,GF05013187S,Guianan Lowlands province,35,0,0,1,2,0,0,6,0,0,1,0,1,2,0,0,0,5,0,0,0,8,0,0,0,1,0,9,soil,71,11,8.450704225,8.450704225,,,11,5.438,,,,,,,,,,,,,,,,,,,,
GF05013195S,Chile: Punta Arenas,N/A,N/A,N/A,Dry forest|Moist forest,GF05013195S,N/A,20,0,0,1,0,0,1,2,0,0,1,0,0,2,0,0,0,6,0,0,0,4,0,0,0,2,0,2,soil,41,10,4.87804878,4.87804878,,,10,5.581927,,,,,,,,,,,,,,,,,,,,
GF05013199S,Costa Rica: Jaco,Neotropical,Pacific,Puntarenas-Chiriqui province,Moist forest,GF05013199S,Puntarenas-Chiriqui province,185,0,0,3,3,0,0,4,0,2,0,0,0,11,0,2,0,11,0,0,0,27,0,0,0,2,0,4,soil,254,11,1.57480315,1.57480315,,,11,2.977495,,,,,,,,,,,,,,,,,,,,
GF05013204S,Brazil: Santa Barbara,Neotropical,Chacoan,Cerrado province,Dry forest|Moist forest,GF05013204S,Cerrado province,78,0,0,1,2,0,2,1,0,0,0,0,0,3,0,0,0,6,0,0,9,5,2,0,0,4,0,4,soil,117,12,0.854700855,0.854700855,,,12,3.933441,,,,,,,,,,,,,,,,,,,,
GF05013205S,Brazil: Pirenopolis,Neotropical,Chacoan,Cerrado province,Dry forest|Moist forest,GF05013205S,Cerrado province,124,0,0,1,10,0,2,0,0,0,0,0,0,1,0,0,0,8,0,0,4,16,0,0,0,8,0,4,soil,178,10,0,0,,,10,3.281317,,,,,,,,,,,,,,,,,,,,
GF05013214S,Mexico: Jahuey,Neotropical,NA,Sierra Madre Oriental province,Very dry forest|Dry forest,GF05013214S,Sierra Madre Oriental province,10,0,0,1,0,0,0,37,0,0,0,1,0,2,0,1,0,0,0,0,0,14,0,0,0,1,0,3,soil,70,9,52.85714286,52.85714286,,,9,4.121542,,,,,,,,,,,,,,,,,,,,
GF05013224S,French Guiana: Roura,Neotropical,Boreal Brazilian,Guianan Lowlands province,Moist forest|Wet forest,GF05013224S,Guianan Lowlands province,47,0,0,3,0,0,0,4,0,0,1,0,0,6,0,6,0,6,0,0,0,14,1,0,0,4,0,11,soil,103,11,3.883495146,3.883495146,,,11,6.112146,,,,,,,,,,,,,,,,,,,,
GF05013227S,Argentina: Chalten,N/A,N/A,N/A,Moist forest|Wet forest,GF05013227S,N/A,27,0,0,1,0,0,0,31,0,0,0,0,0,4,0,0,0,2,0,0,1,26,0,0,0,1,0,4,soil,97,9,31.95876289,31.95876289,,,9,4.748951,,,,,,,,,,,,,,,,,,,,
GF05013235S,Argentina: El Rodeo,Neotropical,South Brazilian,Yungas province,Very dry forest,GF05013235S,Yungas province,90,0,0,2,27,0,1,1,0,0,3,0,0,17,0,2,0,8,3,0,0,29,0,0,0,3,0,18,soil,204,13,0.490196078,0.490196078,,,13,5.949291,,,,,,,,,,,,,,,,,,,,
GF05013241S,Mexico: San Jose de Gracia,Neotropical,NA,Sierra Madre Occidental province,Very dry forest|Dry forest,GF05013241S,Sierra Madre Occidental province,10,0,0,1,0,0,0,55,0,0,0,0,0,0,0,1,0,1,0,0,0,28,0,0,0,4,0,1,soil,101,8,54.45544554,54.45544554,,,8,3.408419,,,,,,,,,,,,,,,,,,,,
GF05013247S,Panama: Fortuna,Neotropical,Pacific,Guatuso-Talamanca province,Moist forest|Wet forest,GF05013247S,Guatuso-Talamanca province,14,0,1,0,0,0,1,5,0,0,0,0,0,2,0,3,0,1,0,0,1,15,0,0,0,1,0,2,soil,46,11,10.86956522,10.86956522,,,11,6.268449,,,,,,,,,,,,,,,,,,,,
GF05014032S,"French Guiana, Balata",Neotropical,Boreal Brazilian,Guianan Lowlands province,Moist forest,GF05014032S,Guianan Lowlands province,0,0,0,0,0,0,0,0,0,0,0,0,0,0,0,0,0,0,0,0,0,0,0,0,0,0,0,0,soil,0,0,#DIV/0!,0,,,0,1,,,,,,,,,,,,,,,,,,,,
GF05014033S,"French Guiana, Balata",Neotropical,Boreal Brazilian,Guianan Lowlands province,Moist forest,GF05014033S,Guianan Lowlands province,0,0,0,0,0,0,0,1,0,0,0,0,0,0,0,0,0,0,0,0,0,0,0,0,0,0,0,0,soil,1,1,100,100,,,1,1,,,,,,,,,,,,,,,,,,,,
GF05014034S,"French Guiana, Balata",Neotropical,Boreal Brazilian,Guianan Lowlands province,Moist forest,GF05014034S,Guianan Lowlands province,22,0,0,0,0,0,0,0,0,0,0,0,0,1,0,1,0,0,0,0,0,3,0,0,0,0,0,2,soil,29,5,0,0,,,5,2.365322,,,,,,,,,,,,,,,,,,,,
GF05014035S,"French Guiana, Balata",Neotropical,Boreal Brazilian,Guianan Lowlands province,Moist forest,GF05014035S,Guianan Lowlands province,0,0,0,0,0,0,0,0,0,0,0,0,0,0,0,0,0,0,0,0,0,0,0,0,0,0,0,0,soil,0,0,#DIV/0!,0,,,0,1,,,,,,,,,,,,,,,,,,,,
GF05014036S,"French Guiana, Balata",Neotropical,Boreal Brazilian,Guianan Lowlands province,Moist forest,GF05014036S,Guianan Lowlands province,4,0,0,0,0,0,0,1,0,0,0,0,0,0,0,0,0,0,0,0,0,0,0,0,0,0,0,0,soil,5,2,20,20,,,2,1.649385,,,,,,,,,,,,,,,,,,,,
GF05014037S,"French Guiana, Balata",Neotropical,Boreal Brazilian,Guianan Lowlands province,Moist forest,GF05014037S,Guianan Lowlands province,2,0,0,0,0,0,0,0,0,0,0,0,0,0,0,0,0,0,0,0,0,0,0,0,0,0,0,0,soil,2,1,0,0,,,1,1,,,,,,,,,,,,,,,,,,,,
GF05014038S,"French Guiana, Balata",Neotropical,Boreal Brazilian,Guianan Lowlands province,Moist forest,GF05014038S,Guianan Lowlands province,0,0,0,0,0,0,0,0,0,0,0,0,0,0,0,0,0,0,0,0,0,0,0,0,0,0,0,0,soil,0,0,#DIV/0!,0,,,0,1,,,,,,,,,,,,,,,,,,,,
GF05014039S,"French Guiana, Balata",Neotropical,Boreal Brazilian,Guianan Lowlands province,Moist forest,GF05014039S,Guianan Lowlands province,9,0,0,0,0,0,0,0,0,0,0,0,0,1,0,0,0,0,0,0,0,1,0,0,0,1,0,0,soil,12,4,0,0,,,4,2.309401,,,,,,,,,,,,,,,,,,,,
GF05014040S,"French Guiana, Balata",Neotropical,Boreal Brazilian,Guianan Lowlands province,Moist forest,GF05014040S,Guianan Lowlands province,9,0,0,0,0,0,0,3,0,0,0,0,0,0,0,0,0,0,0,0,0,1,0,0,0,0,0,1,soil,14,4,21.42857143,21.42857143,,,4,2.694301,,,,,,,,,,,,,,,,,,,,
GF05014041S,"French Guiana, Balata",Neotropical,Boreal Brazilian,Guianan Lowlands province,Moist forest,GF05014041S,Guianan Lowlands province,6,0,0,0,0,0,0,1,0,0,0,0,0,0,0,0,0,0,0,0,0,1,0,0,0,4,0,0,soil,12,4,8.333333333,8.333333333,,,4,3.086164,,,,,,,,,,,,,,,,,,,,
GF05014042S,"French Guiana, Balata",Neotropical,Boreal Brazilian,Guianan Lowlands province,Moist forest,GF05014042S,Guianan Lowlands province,59,0,0,0,0,0,0,4,0,0,0,1,0,4,0,0,0,1,0,0,1,6,0,0,0,0,0,7,soil,83,8,4.819277108,4.819277108,,,8,2.98349,,,,,,,,,,,,,,,,,,,,
GF05014043S,"French Guiana, Balata",Neotropical,Boreal Brazilian,Guianan Lowlands province,Moist forest,GF05014043S,Guianan Lowlands province,42,0,0,0,0,0,0,3,0,0,0,0,0,3,0,1,0,1,0,0,0,6,0,0,0,0,0,5,soil,61,7,4.918032787,4.918032787,,,7,3.068462,,,,,,,,,,,,,,,,,,,,
GF05014044S,"French Guiana, Balata",Neotropical,Boreal Brazilian,Guianan Lowlands province,Moist forest,GF05014044S,Guianan Lowlands province,4,0,0,0,0,0,0,0,0,0,0,0,0,0,0,0,0,0,0,0,0,1,0,0,0,0,0,2,soil,7,3,0,0,,,3,2.60049,,,,,,,,,,,,,,,,,,,,
GF05014045S,"French Guiana, Balata",Neotropical,Boreal Brazilian,Guianan Lowlands province,Moist forest,GF05014045S,Guianan Lowlands province,0,0,0,0,0,0,0,0,0,0,0,0,0,0,0,0,0,0,0,0,0,0,0,0,0,0,0,0,soil,0,0,#DIV/0!,0,,,0,1,,,,,,,,,,,,,,,,,,,,
GF05014046S,"French Guiana, Balata",Neotropical,Boreal Brazilian,Guianan Lowlands province,Moist forest,GF05014046S,Guianan Lowlands province,9,0,0,0,0,0,0,0,0,0,0,0,0,0,0,0,0,0,0,0,0,1,0,0,0,0,0,2,soil,12,3,0,0,,,3,2.057442,,,,,,,,,,,,,,,,,,,,
GF05014047S,"French Guiana, Balata",Neotropical,Boreal Brazilian,Guianan Lowlands province,Moist forest,GF05014047S,Guianan Lowlands province,17,0,0,0,0,0,0,0,0,0,0,0,0,0,0,0,0,0,0,0,0,2,0,0,0,0,0,4,soil,23,3,0,0,,,3,2.09596,,,,,,,,,,,,,,,,,,,,
GF05014048S,"French Guiana, Balata",Neotropical,Boreal Brazilian,Guianan Lowlands province,Moist forest,GF05014048S,Guianan Lowlands province,8,0,0,0,0,0,0,0,0,0,0,0,0,1,0,0,0,0,0,0,0,2,0,0,0,0,0,0,soil,11,3,0,0,,,3,2.137309,,,,,,,,,,,,,,,,,,,,
GF05014049S,"French Guiana, Balata",Neotropical,Boreal Brazilian,Guianan Lowlands province,Moist forest,GF05014049S,Guianan Lowlands province,1,0,0,0,0,0,0,0,0,0,0,0,0,1,0,0,0,0,0,0,0,0,0,0,0,0,0,0,soil,2,2,0,0,,,2,2,,,,,,,,,,,,,,,,,,,,
GF05014050S,"French Guiana, Balata",Neotropical,Boreal Brazilian,Guianan Lowlands province,Moist forest,GF05014050S,Guianan Lowlands province,0,0,0,0,0,0,0,0,0,0,0,0,0,0,0,0,0,0,0,0,0,0,0,0,0,0,0,1,soil,1,1,0,0,,,1,1,,,,,,,,,,,,,,,,,,,,
GF05014051S,"French Guiana, Balata",Neotropical,Boreal Brazilian,Guianan Lowlands province,Moist forest,GF05014051S,Guianan Lowlands province,0,0,0,0,0,0,0,0,0,0,0,0,0,0,0,0,0,0,0,0,0,0,0,0,0,0,0,1,soil,1,1,0,0,,,1,1,,,,,,,,,,,,,,,,,,,,
GF05014052S,"French Guiana, Balata",Neotropical,Boreal Brazilian,Guianan Lowlands province,Moist forest,GF05014052S,Guianan Lowlands province,83,0,0,2,0,0,0,8,0,0,0,0,0,12,0,2,0,3,0,0,0,7,0,0,0,2,0,15,soil,134,9,5.970149254,5.970149254,,,9,3.871716,,,,,,,,,,,,,,,,,,,,
GF05014053S,"French Guiana, Balata",Neotropical,Boreal Brazilian,Guianan Lowlands province,Moist forest,GF05014053S,Guianan Lowlands province,0,0,0,0,0,0,0,0,0,0,0,0,0,0,0,0,0,0,0,0,0,0,0,0,0,0,0,0,soil,0,0,#DIV/0!,0,,,0,1,,,,,,,,,,,,,,,,,,,,
GF05014054S,"French Guiana, Balata",Neotropical,Boreal Brazilian,Guianan Lowlands province,Moist forest,GF05014054S,Guianan Lowlands province,7,0,0,0,0,0,0,1,0,0,0,0,0,2,0,0,0,0,0,0,0,0,0,0,0,0,0,0,soil,10,3,10,10,,,3,2.229592,,,,,,,,,,,,,,,,,,,,
GF05014055S,"French Guiana, Balata",Neotropical,Boreal Brazilian,Guianan Lowlands province,Moist forest,GF05014055S,Guianan Lowlands province,0,0,0,0,0,0,0,0,0,0,0,0,0,0,0,0,0,0,0,0,0,0,0,0,0,0,0,0,soil,0,0,#DIV/0!,0,,,0,1,,,,,,,,,,,,,,,,,,,,
GF05014056S,"French Guiana, Balata",Neotropical,Boreal Brazilian,Guianan Lowlands province,Moist forest,GF05014056S,Guianan Lowlands province,1,0,0,0,0,0,0,0,0,0,0,0,0,0,0,0,0,0,0,0,0,0,0,0,0,0,0,0,soil,1,1,0,0,,,1,1,,,,,,,,,,,,,,,,,,,,
GF05014057S,"French Guiana, Balata",Neotropical,Boreal Brazilian,Guianan Lowlands province,Moist forest,GF05014057S,Guianan Lowlands province,10,0,0,0,0,0,0,0,0,0,0,0,0,3,0,0,0,0,0,0,0,3,0,0,0,0,0,0,soil,16,3,0,0,,,3,2.513041,,,,,,,,,,,,,,,,,,,,
GF05014058S,"French Guiana, Balata",Neotropical,Boreal Brazilian,Guianan Lowlands province,Moist forest,GF05014058S,Guianan Lowlands province,0,0,0,0,0,0,0,0,0,0,0,0,0,0,0,0,0,0,0,0,0,0,0,0,0,0,0,0,soil,0,0,#DIV/0!,0,,,0,1,,,,,,,,,,,,,,,,,,,,
GF05014059S,"French Guiana, Balata",Neotropical,Boreal Brazilian,Guianan Lowlands province,Moist forest,GF05014059S,Guianan Lowlands province,10,0,0,0,0,0,0,0,0,0,0,0,0,2,0,0,0,0,0,0,0,1,0,0,0,0,0,2,soil,15,4,0,0,,,4,2.686272,,,,,,,,,,,,,,,,,,,,
GF05014060S,"French Guiana, Balata",Neotropical,Boreal Brazilian,Guianan Lowlands province,Moist forest,GF05014060S,Guianan Lowlands province,8,0,0,0,0,0,0,0,0,0,0,0,0,0,0,0,0,0,0,0,0,1,0,0,0,0,0,2,soil,11,3,0,0,,,3,2.137309,,,,,,,,,,,,,,,,,,,,
GF05014061S,"French Guiana, Balata",Neotropical,Boreal Brazilian,Guianan Lowlands province,Moist forest,GF05014061S,Guianan Lowlands province,20,0,0,0,0,0,0,1,0,0,0,0,0,1,0,0,0,0,0,0,0,3,0,0,0,0,0,3,soil,28,5,3.571428571,3.571428571,,,5,2.603818,,,,,,,,,,,,,,,,,,,,
GF05014062S,"French Guiana, Balata",Neotropical,Boreal Brazilian,Guianan Lowlands province,Moist forest,GF05014062S,Guianan Lowlands province,0,0,0,0,0,0,0,0,0,0,0,0,0,0,0,0,0,0,0,0,0,0,0,0,0,0,0,0,soil,0,0,#DIV/0!,0,,,0,1,,,,,,,,,,,,,,,,,,,,
GF05014063S,"French Guiana, Balata",Neotropical,Boreal Brazilian,Guianan Lowlands province,Moist forest,GF05014063S,Guianan Lowlands province,4,0,0,0,0,0,0,2,0,0,0,0,0,0,0,0,0,0,0,0,0,3,0,0,0,0,0,0,soil,9,3,22.22222222,22.22222222,,,3,2.888846,,,,,,,,,,,,,,,,,,,,
GF05014064S,"French Guiana, Cambior",Neotropical,Boreal Brazilian,Guianan Lowlands province,Moist forest|Wet forest,GF05014064S,Guianan Lowlands province,25,0,0,0,0,0,0,1,0,1,0,0,0,6,0,0,0,0,0,0,0,3,0,0,0,0,0,4,soil,40,6,2.5,2.5,,,6,3.278194,,,,,,,,,,,,,,,,,,,,
GF05014065S,"French Guiana, Cambior",Neotropical,Boreal Brazilian,Guianan Lowlands province,Moist forest|Wet forest,GF05014065S,Guianan Lowlands province,0,0,0,0,0,0,0,0,0,0,0,0,0,0,0,0,0,0,0,0,0,0,0,0,0,0,0,0,soil,0,0,#DIV/0!,0,,,0,1,,,,,,,,,,,,,,,,,,,,
GF05014066S,"French Guiana, Cambior",Neotropical,Boreal Brazilian,Guianan Lowlands province,Moist forest|Wet forest,GF05014066S,Guianan Lowlands province,8,0,0,0,0,0,0,0,0,0,0,0,0,4,0,0,0,0,0,0,0,3,0,0,0,0,0,2,soil,17,4,0,0,,,4,3.500992,,,,,,,,,,,,,,,,,,,,
GF05014067S,"French Guiana, Cambior",Neotropical,Boreal Brazilian,Guianan Lowlands province,Moist forest|Wet forest,GF05014067S,Guianan Lowlands province,0,0,0,0,0,0,0,0,0,0,0,0,0,0,0,0,0,0,0,0,0,1,0,0,0,0,0,2,soil,3,2,0,0,,,2,1.889882,,,,,,,,,,,,,,,,,,,,
GF05014068S,"French Guiana, Cambior",Neotropical,Boreal Brazilian,Guianan Lowlands province,Moist forest|Wet forest,GF05014068S,Guianan Lowlands province,3,0,0,0,0,0,0,0,0,0,0,0,0,2,0,0,0,0,0,0,0,1,0,0,0,0,0,0,soil,6,3,0,0,,,3,2.749459,,,,,,,,,,,,,,,,,,,,
GF05014069S,"French Guiana, Cambior",Neotropical,Boreal Brazilian,Guianan Lowlands province,Moist forest|Wet forest,GF05014069S,Guianan Lowlands province,32,0,0,0,0,0,0,1,0,0,0,0,0,9,0,2,0,3,0,0,0,8,0,0,0,5,0,5,soil,65,8,1.538461538,1.538461538,,,8,4.895801,,,,,,,,,,,,,,,,,,,,
GF05014070S,"French Guiana, Cambior",Neotropical,Boreal Brazilian,Guianan Lowlands province,Moist forest|Wet forest,GF05014070S,Guianan Lowlands province,40,0,0,0,0,0,0,0,0,0,0,0,0,7,0,1,0,6,0,0,0,5,1,0,0,2,0,9,soil,71,8,0,0,,,8,4.177796,,,,,,,,,,,,,,,,,,,,
GF05014071S,"French Guiana, Cambior",Neotropical,Boreal Brazilian,Guianan Lowlands province,Moist forest|Wet forest,GF05014071S,Guianan Lowlands province,52,0,0,0,0,0,0,0,0,0,0,0,0,7,0,0,0,1,0,0,0,6,0,0,0,0,0,3,soil,69,5,0,0,,,5,2.352258,,,,,,,,,,,,,,,,,,,,
GF05014072S,"French Guiana, Cambior",Neotropical,Boreal Brazilian,Guianan Lowlands province,Moist forest|Wet forest,GF05014072S,Guianan Lowlands province,11,0,0,0,1,0,0,0,0,1,0,0,0,2,0,1,0,0,0,0,0,0,0,0,0,0,0,0,soil,16,5,0,0,,,5,2.821849,,,,,,,,,,,,,,,,,,,,
GF05014073S,"French Guiana, Cambior",Neotropical,Boreal Brazilian,Guianan Lowlands province,Moist forest|Wet forest,GF05014073S,Guianan Lowlands province,27,0,0,0,0,0,0,1,0,0,0,0,0,3,0,0,0,0,0,0,0,1,0,0,0,0,0,3,soil,35,5,2.857142857,2.857142857,,,5,2.280767,,,,,,,,,,,,,,,,,,,,
GF05014074S,"French Guiana, Cambior",Neotropical,Boreal Brazilian,Guianan Lowlands province,Moist forest|Wet forest,GF05014074S,Guianan Lowlands province,36,0,0,0,0,0,0,1,0,1,0,0,0,1,0,1,0,3,0,0,0,1,0,0,0,0,0,7,soil,51,8,1.960784314,1.960784314,,,8,2.91705,,,,,,,,,,,,,,,,,,,,
GF05014075S,"French Guiana, Cambior",Neotropical,Boreal Brazilian,Guianan Lowlands province,Moist forest|Wet forest,GF05014075S,Guianan Lowlands province,8,0,0,0,0,0,0,0,0,0,0,0,0,0,0,1,0,0,0,0,0,2,0,0,0,0,0,1,soil,12,4,0,0,,,4,2.672696,,,,,,,,,,,,,,,,,,,,
GF05014076S,"French Guiana, Cambior",Neotropical,Boreal Brazilian,Guianan Lowlands province,Moist forest|Wet forest,GF05014076S,Guianan Lowlands province,16,0,0,0,2,0,0,2,0,0,0,0,0,2,0,0,0,1,0,0,0,2,0,0,0,0,0,1,soil,26,7,7.692307692,7.692307692,,,7,3.813746,,,,,,,,,,,,,,,,,,,,
GF05014077S,"French Guiana, Cambior",Neotropical,Boreal Brazilian,Guianan Lowlands province,Moist forest|Wet forest,GF05014077S,Guianan Lowlands province,5,0,0,0,2,0,0,0,0,0,0,0,0,1,0,0,0,2,0,0,0,3,0,0,0,0,0,0,soil,13,5,0,0,,,5,4.389138,,,,,,,,,,,,,,,,,,,,
GF05014078S,"French Guiana, Cambior",Neotropical,Boreal Brazilian,Guianan Lowlands province,Moist forest|Wet forest,GF05014078S,Guianan Lowlands province,0,0,0,0,0,0,0,0,0,0,0,0,0,0,0,0,0,0,0,0,0,0,0,0,0,0,0,0,soil,0,0,#DIV/0!,0,,,0,1,,,,,,,,,,,,,,,,,,,,
GF05014079S,"French Guiana, Cambior",Neotropical,Boreal Brazilian,Guianan Lowlands province,Moist forest|Wet forest,GF05014079S,Guianan Lowlands province,0,0,0,0,0,0,0,0,0,0,0,0,0,0,0,0,0,0,0,0,0,0,0,0,0,0,0,0,soil,0,0,#DIV/0!,0,,,0,1,,,,,,,,,,,,,,,,,,,,
GF05014080S,"French Guiana, Cambior",Neotropical,Boreal Brazilian,Guianan Lowlands province,Moist forest|Wet forest,GF05014080S,Guianan Lowlands province,28,0,0,0,0,0,0,1,0,0,0,0,0,5,0,1,0,3,0,0,0,4,0,0,0,0,0,2,soil,44,7,2.272727273,2.272727273,,,7,3.484646,,,,,,,,,,,,,,,,,,,,
GF05014081S,"French Guiana, Cambior",Neotropical,Boreal Brazilian,Guianan Lowlands province,Moist forest|Wet forest,GF05014081S,Guianan Lowlands province,0,0,0,0,0,0,0,0,0,0,0,0,0,0,0,0,0,0,0,0,0,0,0,0,0,0,0,0,soil,0,0,#DIV/0!,0,,,0,1,,,,,,,,,,,,,,,,,,,,
GF05014082S,"French Guiana, Cambior",Neotropical,Boreal Brazilian,Guianan Lowlands province,Moist forest|Wet forest,GF05014082S,Guianan Lowlands province,19,0,0,0,0,0,0,0,0,0,0,0,0,5,0,0,0,0,0,0,0,2,0,0,0,0,0,1,soil,27,4,0,0,,,4,2.397523,,,,,,,,,,,,,,,,,,,,
GF05014083S,"French Guiana, Cambior",Neotropical,Boreal Brazilian,Guianan Lowlands province,Moist forest|Wet forest,GF05014083S,Guianan Lowlands province,0,0,0,0,0,0,0,0,0,0,0,0,0,0,0,0,0,0,0,0,0,0,0,0,0,0,0,0,soil,0,0,#DIV/0!,0,,,0,1,,,,,,,,,,,,,,,,,,,,
GF05014084S,"French Guiana, Cambior",Neotropical,Boreal Brazilian,Guianan Lowlands province,Moist forest|Wet forest,GF05014084S,Guianan Lowlands province,1,0,0,0,0,0,0,0,0,0,0,0,0,1,0,0,0,0,0,0,0,1,0,0,0,0,0,0,soil,3,3,0,0,,,3,3,,,,,,,,,,,,,,,,,,,,
GF05014085S,"French Guiana, Cambior",Neotropical,Boreal Brazilian,Guianan Lowlands province,Moist forest|Wet forest,GF05014085S,Guianan Lowlands province,13,0,0,0,0,0,0,0,0,0,0,0,0,2,0,0,0,3,0,0,0,4,0,0,0,0,0,1,soil,23,5,0,0,,,5,3.459329,,,,,,,,,,,,,,,,,,,,
GF05014086S,"French Guiana, Cambior",Neotropical,Boreal Brazilian,Guianan Lowlands province,Moist forest|Wet forest,GF05014086S,Guianan Lowlands province,93,0,0,3,0,0,0,2,0,0,0,0,0,18,0,2,0,4,0,0,0,24,0,0,0,2,0,10,soil,158,9,1.265822785,1.265822785,,,9,3.875351,,,,,,,,,,,,,,,,,,,,
GF05014087S,"French Guiana, Cambior",Neotropical,Boreal Brazilian,Guianan Lowlands province,Moist forest|Wet forest,GF05014087S,Guianan Lowlands province,111,0,0,0,0,0,0,1,0,2,0,0,0,21,0,1,0,9,0,0,0,23,0,0,0,3,0,10,soil,181,9,0.552486188,0.552486188,,,9,3.655856,,,,,,,,,,,,,,,,,,,,
GF05014088S,"French Guiana, Cambior",Neotropical,Boreal Brazilian,Guianan Lowlands province,Moist forest|Wet forest,GF05014088S,Guianan Lowlands province,14,0,0,0,0,0,0,0,0,0,0,0,0,1,0,1,0,0,0,0,0,0,0,0,0,0,0,2,soil,18,4,0,0,,,4,2.139892,,,,,,,,,,,,,,,,,,,,
GF05014089S,"French Guiana, Cambior",Neotropical,Boreal Brazilian,Guianan Lowlands province,Moist forest|Wet forest,GF05014089S,Guianan Lowlands province,53,0,0,2,0,0,0,0,0,0,0,0,0,1,0,0,0,1,0,0,0,4,0,0,0,0,0,5,soil,66,6,0,0,,,6,2.169378,,,,,,,,,,,,,,,,,,,,
GF05014090S,"French Guiana, Cambior",Neotropical,Boreal Brazilian,Guianan Lowlands province,Moist forest|Wet forest,GF05014090S,Guianan Lowlands province,42,0,0,0,0,0,0,0,0,0,0,0,0,6,0,0,0,1,0,0,0,2,0,0,0,0,0,3,soil,54,5,0,0,,,5,2.216916,,,,,,,,,,,,,,,,,,,,
GF05014091S,"French Guiana, Cambior",Neotropical,Boreal Brazilian,Guianan Lowlands province,Moist forest|Wet forest,GF05014091S,Guianan Lowlands province,44,0,0,0,0,0,0,0,0,0,0,0,0,5,0,1,0,1,0,0,0,2,0,0,0,0,0,5,soil,58,6,0,0,,,6,2.430963,,,,,,,,,,,,,,,,,,,,
GF05014092S,"French Guiana, Cambior",Neotropical,Boreal Brazilian,Guianan Lowlands province,Moist forest|Wet forest,GF05014092S,Guianan Lowlands province,1,0,0,0,0,0,0,0,0,0,0,0,0,0,0,0,0,0,0,0,0,1,0,0,0,0,0,3,soil,5,3,0,0,,,3,2.586409,,,,,,,,,,,,,,,,,,,,
GF05014093S,"French Guiana, Cambior",Neotropical,Boreal Brazilian,Guianan Lowlands province,Moist forest|Wet forest,GF05014093S,Guianan Lowlands province,2,0,0,0,0,0,0,0,0,0,0,0,0,2,0,0,0,1,0,0,0,0,0,0,0,0,0,1,soil,6,4,0,0,,,4,3.779763,,,,,,,,,,,,,,,,,,,,
GF05014094S,"French Guiana, Cambior",Neotropical,Boreal Brazilian,Guianan Lowlands province,Moist forest|Wet forest,GF05014094S,Guianan Lowlands province,1,0,0,0,0,0,0,0,0,0,0,0,0,1,0,0,0,0,0,0,0,0,0,0,0,0,0,1,soil,3,3,0,0,,,3,3,,,,,,,,,,,,,,,,,,,,
GF05014095S,"French Guiana, Cambior",Neotropical,Boreal Brazilian,Guianan Lowlands province,Moist forest|Wet forest,GF05014095S,Guianan Lowlands province,3,0,0,0,0,0,0,0,0,0,0,0,0,1,0,0,0,1,0,0,0,0,0,0,0,0,0,1,soil,6,4,0,0,,,4,3.464102,,,,,,,,,,,,,,,,,,,,
GF05014096S,"French Guiana, Cayenne, Mont Bourda",Neotropical,Boreal Brazilian,Guianan Lowlands province,Moist forest,GF05014096S,Guianan Lowlands province,35,0,0,3,0,0,0,0,0,0,1,0,0,10,0,0,0,7,0,0,0,1,0,0,0,0,0,7,soil,64,7,0,0,,,7,3.965405,,,,,,,,,,,,,,,,,,,,
GF05014097S,"French Guiana, Cayenne, Mont Bourda",Neotropical,Boreal Brazilian,Guianan Lowlands province,Moist forest,GF05014097S,Guianan Lowlands province,18,0,0,1,0,0,0,0,0,0,0,0,0,2,0,0,0,4,0,0,0,2,0,0,0,0,0,6,soil,33,6,0,0,,,6,3.827122,,,,,,,,,,,,,,,,,,,,
GF05014098S,"French Guiana, Cayenne, Mont Bourda",Neotropical,Boreal Brazilian,Guianan Lowlands province,Moist forest,GF05014098S,Guianan Lowlands province,3,0,0,0,1,0,0,0,0,0,0,0,0,1,0,0,0,0,0,0,0,0,0,0,0,0,0,0,soil,5,3,0,0,,,3,2.586409,,,,,,,,,,,,,,,,,,,,
GF05014099S,"French Guiana, Cayenne, Mont Bourda",Neotropical,Boreal Brazilian,Guianan Lowlands province,Moist forest,GF05014099S,Guianan Lowlands province,33,0,0,0,1,0,0,0,0,1,0,0,0,3,0,0,0,2,0,0,0,3,0,0,0,0,0,4,soil,47,7,0,0,,,7,3.026559,,,,,,,,,,,,,,,,,,,,
GF05014100S,"French Guiana, Cayenne, Mont Bourda",Neotropical,Boreal Brazilian,Guianan Lowlands province,Moist forest,GF05014100S,Guianan Lowlands province,62,0,0,2,0,0,0,1,0,1,0,0,0,11,0,0,0,3,0,0,0,10,0,0,0,2,0,12,soil,104,9,0.961538462,0.961538462,,,9,3.91137,,,,,,,,,,,,,,,,,,,,
GF05014101S,"French Guiana, Cayenne, Mont Bourda",Neotropical,Boreal Brazilian,Guianan Lowlands province,Moist forest,GF05014101S,Guianan Lowlands province,63,0,0,2,0,0,0,0,0,2,0,0,0,10,0,0,0,4,0,0,0,10,0,0,0,0,0,11,soil,102,7,0,0,,,7,3.576366,,,,,,,,,,,,,,,,,,,,
GF05014102S,"French Guiana, Cayenne, Mont Bourda",Neotropical,Boreal Brazilian,Guianan Lowlands province,Moist forest,GF05014102S,Guianan Lowlands province,8,0,0,0,2,0,0,0,0,0,0,0,0,0,0,0,0,0,0,0,0,0,0,0,0,0,0,0,soil,10,2,0,0,,,2,1.649385,,,,,,,,,,,,,,,,,,,,
GF05014103S,"French Guiana, Cayenne, Mont Bourda",Neotropical,Boreal Brazilian,Guianan Lowlands province,Moist forest,GF05014103S,Guianan Lowlands province,47,0,0,1,1,0,0,0,0,0,0,0,0,8,0,1,0,0,0,0,0,8,0,0,0,0,0,6,soil,72,7,0,0,,,7,3.164401,,,,,,,,,,,,,,,,,,,,
GF05014104S,"French Guiana, Cayenne, Mont Bourda",Neotropical,Boreal Brazilian,Guianan Lowlands province,Moist forest,GF05014104S,Guianan Lowlands province,57,0,0,2,0,0,0,0,0,1,1,0,0,15,0,0,0,6,0,0,0,7,0,0,0,0,0,5,soil,94,8,0,0,,,8,3.668892,,,,,,,,,,,,,,,,,,,,
GF05014105S,"French Guiana, Cayenne, Mont Bourda",Neotropical,Boreal Brazilian,Guianan Lowlands province,Moist forest,GF05014105S,Guianan Lowlands province,58,0,0,1,1,0,0,0,0,0,0,0,0,19,0,0,0,6,0,0,0,9,0,0,0,0,0,12,soil,106,7,0,0,,,7,3.83674,,,,,,,,,,,,,,,,,,,,
GF05014106S,"French Guiana, Cayenne, Mont Bourda",Neotropical,Boreal Brazilian,Guianan Lowlands province,Moist forest,GF05014106S,Guianan Lowlands province,44,0,0,1,0,0,0,0,0,0,0,0,0,7,0,2,0,1,0,0,0,2,0,0,0,0,0,10,soil,67,7,0,0,,,7,3.099367,,,,,,,,,,,,,,,,,,,,
GF05014107S,"French Guiana, Cayenne, Mont Bourda",Neotropical,Boreal Brazilian,Guianan Lowlands province,Moist forest,GF05014107S,Guianan Lowlands province,28,0,0,0,0,0,0,0,0,0,0,0,0,5,0,0,0,0,0,0,0,2,0,0,0,0,0,6,soil,41,4,0,0,,,4,2.574426,,,,,,,,,,,,,,,,,,,,
GF05014108S,"French Guiana, Cayenne, Mont Bourda",Neotropical,Boreal Brazilian,Guianan Lowlands province,Moist forest,GF05014108S,Guianan Lowlands province,34,0,0,2,0,0,0,0,0,0,0,0,0,7,0,0,0,3,0,0,0,3,0,0,0,0,0,4,soil,53,6,0,0,,,6,3.306657,,,,,,,,,,,,,,,,,,,,
GF05014109S,"French Guiana, Cayenne, Mont Bourda",Neotropical,Boreal Brazilian,Guianan Lowlands province,Moist forest,GF05014109S,Guianan Lowlands province,53,0,0,0,2,0,0,0,0,1,0,0,0,5,0,0,0,2,0,0,0,4,0,0,0,1,0,11,soil,79,8,0,0,,,8,3.205278,,,,,,,,,,,,,,,,,,,,
GF05014110S,"French Guiana, Cayenne, Mont Bourda",Neotropical,Boreal Brazilian,Guianan Lowlands province,Moist forest,GF05014110S,Guianan Lowlands province,58,0,0,1,1,0,0,0,0,2,0,0,0,9,0,1,0,1,0,0,0,3,0,0,0,0,0,5,soil,81,9,0,0,,,9,2.961463,,,,,,,,,,,,,,,,,,,,
GF05014111S,"French Guiana, Cayenne, Mont Bourda",Neotropical,Boreal Brazilian,Guianan Lowlands province,Moist forest,GF05014111S,Guianan Lowlands province,92,0,0,1,0,0,0,0,0,1,0,0,0,18,0,1,0,5,0,0,0,7,0,0,0,4,0,10,soil,139,9,0,0,,,9,3.339786,,,,,,,,,,,,,,,,,,,,
GF05014112S,"French Guiana, Cayenne, Mont Bourda",Neotropical,Boreal Brazilian,Guianan Lowlands province,Moist forest,GF05014112S,Guianan Lowlands province,45,0,0,0,0,0,0,0,0,1,0,0,0,10,0,2,0,1,0,0,0,6,0,0,0,1,0,6,soil,72,8,0,0,,,8,3.52478,,,,,,,,,,,,,,,,,,,,
GF05014113S,"French Guiana, Cayenne, Mont Bourda",Neotropical,Boreal Brazilian,Guianan Lowlands province,Moist forest,GF05014113S,Guianan Lowlands province,53,0,0,0,0,0,0,0,0,0,0,0,0,12,0,0,0,3,0,0,0,5,0,0,0,0,0,7,soil,80,5,0,0,,,5,2.906406,,,,,,,,,,,,,,,,,,,,
GF05014114S,"French Guiana, Cayenne, Mont Bourda",Neotropical,Boreal Brazilian,Guianan Lowlands province,Moist forest,GF05014114S,Guianan Lowlands province,34,0,0,0,0,0,0,0,0,0,0,0,0,5,0,0,0,0,0,0,0,1,1,0,0,0,0,6,soil,47,5,0,0,,,5,2.457664,,,,,,,,,,,,,,,,,,,,
GF05014115S,"French Guiana, Cayenne, Mont Bourda",Neotropical,Boreal Brazilian,Guianan Lowlands province,Moist forest,GF05014115S,Guianan Lowlands province,27,0,0,0,0,0,0,0,0,1,0,0,0,1,0,0,0,0,0,0,0,1,0,0,0,0,0,7,soil,37,5,0,0,,,5,2.311051,,,,,,,,,,,,,,,,,,,,
GF05014116S,"French Guiana, Cayenne, Mont Bourda",Neotropical,Boreal Brazilian,Guianan Lowlands province,Moist forest,GF05014116S,Guianan Lowlands province,1,0,0,0,0,0,0,0,0,0,0,0,0,0,0,0,0,0,0,0,0,0,0,0,0,0,0,2,soil,3,2,0,0,,,2,1.889882,,,,,,,,,,,,,,,,,,,,
GF05014117S,"French Guiana, Cayenne, Mont Bourda",Neotropical,Boreal Brazilian,Guianan Lowlands province,Moist forest,GF05014117S,Guianan Lowlands province,41,0,0,0,0,0,0,0,0,1,0,0,0,7,0,1,0,1,0,0,0,4,0,0,0,0,0,8,soil,63,7,0,0,,,7,3.18381,,,,,,,,,,,,,,,,,,,,
GF05014118S,"French Guiana, Cayenne, Mont Bourda",Neotropical,Boreal Brazilian,Guianan Lowlands province,Moist forest,GF05014118S,Guianan Lowlands province,5,0,0,0,1,0,0,0,0,0,0,0,0,1,0,0,0,0,0,0,0,1,0,0,0,0,0,2,soil,10,5,0,0,,,5,3.89322,,,,,,,,,,,,,,,,,,,,
GF05014119S,"French Guiana, Cayenne, Mont Bourda",Neotropical,Boreal Brazilian,Guianan Lowlands province,Moist forest,GF05014119S,Guianan Lowlands province,61,0,0,1,0,0,0,0,1,2,0,0,0,10,0,2,0,3,0,0,0,6,0,0,0,0,0,14,soil,100,9,0,0,,,9,3.77961,,,,,,,,,,,,,,,,,,,,
GF05014120S,"French Guiana, Cayenne, Mont Bourda",Neotropical,Boreal Brazilian,Guianan Lowlands province,Moist forest,GF05014120S,Guianan Lowlands province,49,0,0,1,3,0,0,0,0,0,0,0,0,10,0,0,0,4,0,0,0,8,0,0,0,1,0,8,soil,84,8,0,0,,,8,3.995372,,,,,,,,,,,,,,,,,,,,
GF05014121S,"French Guiana, Cayenne, Mont Bourda",Neotropical,Boreal Brazilian,Guianan Lowlands province,Moist forest,GF05014121S,Guianan Lowlands province,70,0,0,0,0,0,0,0,0,1,0,0,0,13,0,0,0,5,0,0,0,6,0,0,0,2,0,11,soil,108,7,0,0,,,7,3.282527,,,,,,,,,,,,,,,,,,,,
GF05014122S,"French Guiana, Cayenne, Mont Bourda",Neotropical,Boreal Brazilian,Guianan Lowlands province,Moist forest,GF05014122S,Guianan Lowlands province,58,0,0,0,0,0,0,0,0,1,0,0,0,8,0,1,0,4,0,0,0,5,0,0,0,1,0,9,soil,87,8,0,0,,,8,3.268071,,,,,,,,,,,,,,,,,,,,
GF05014123S,"French Guiana, Cayenne, Mont Bourda",Neotropical,Boreal Brazilian,Guianan Lowlands province,Moist forest,GF05014123S,Guianan Lowlands province,50,0,0,1,0,0,0,0,0,0,0,0,0,6,0,0,0,1,0,0,0,4,0,0,0,0,0,5,soil,67,6,0,0,,,6,2.514176,,,,,,,,,,,,,,,,,,,,
GF05014124S,"French Guiana, Cayenne, Mont Bourda",Neotropical,Boreal Brazilian,Guianan Lowlands province,Moist forest,GF05014124S,Guianan Lowlands province,28,0,0,0,2,0,0,0,0,2,0,0,0,5,0,0,0,2,0,0,0,5,0,0,0,0,0,3,soil,47,7,0,0,,,7,3.911652,,,,,,,,,,,,,,,,,,,,
GF05014125S,"French Guiana, Cayenne, Mont Bourda",Neotropical,Boreal Brazilian,Guianan Lowlands province,Moist forest,GF05014125S,Guianan Lowlands province,38,0,0,0,1,0,0,0,0,1,0,0,0,6,0,0,0,3,0,0,0,4,0,0,0,0,0,6,soil,59,7,0,0,,,7,3.388583,,,,,,,,,,,,,,,,,,,,
GF05014126S,"French Guiana, Cayenne, Mont Bourda",Neotropical,Boreal Brazilian,Guianan Lowlands province,Moist forest,GF05014126S,Guianan Lowlands province,61,0,0,0,2,0,0,0,0,0,0,0,0,6,0,1,0,0,0,0,0,4,0,0,0,0,0,5,soil,79,6,0,0,,,6,2.385819,,,,,,,,,,,,,,,,,,,,
GF05014127S,"French Guiana, Cayenne, Mont Bourda",Neotropical,Boreal Brazilian,Guianan Lowlands province,Moist forest,GF05014127S,Guianan Lowlands province,40,0,0,0,0,0,0,0,0,0,0,0,0,6,0,1,0,3,0,0,0,2,0,0,0,0,0,4,soil,56,6,0,0,,,6,2.761663,,,,,,,,,,,,,,,,,,,,
GF05014128S,"French Guiana, Cayenne, Mont Ravel",Neotropical,Boreal Brazilian,Guianan Lowlands province,Moist forest,GF05014128S,Guianan Lowlands province,0,0,0,0,0,0,0,0,0,0,0,0,0,0,0,0,0,0,0,0,0,0,0,0,0,0,0,0,soil,0,0,#DIV/0!,0,,,0,1,,,,,,,,,,,,,,,,,,,,
GF05014129S,"French Guiana, Cayenne, Mont Ravel",Neotropical,Boreal Brazilian,Guianan Lowlands province,Moist forest,GF05014129S,Guianan Lowlands province,17,0,0,0,0,0,0,0,0,0,0,0,0,0,0,0,0,0,0,0,0,1,0,0,0,2,0,2,soil,22,4,0,0,,,4,2.172144,,,,,,,,,,,,,,,,,,,,
GF05014130S,"French Guiana, Cayenne, Mont Ravel",Neotropical,Boreal Brazilian,Guianan Lowlands province,Moist forest,GF05014130S,Guianan Lowlands province,67,0,0,1,0,0,0,0,0,0,0,0,0,3,0,1,0,0,0,0,0,5,0,0,0,0,0,7,soil,84,6,0,0,,,6,2.181208,,,,,,,,,,,,,,,,,,,,
GF05014131S,"French Guiana, Cayenne, Mont Ravel",Neotropical,Boreal Brazilian,Guianan Lowlands province,Moist forest,GF05014131S,Guianan Lowlands province,47,0,0,1,0,0,0,0,0,0,0,0,0,3,0,0,0,1,0,0,0,5,0,0,0,3,0,7,soil,67,7,0,0,,,7,2.950717,,,,,,,,,,,,,,,,,,,,
GF05014132S,"French Guiana, Cayenne, Mont Ravel",Neotropical,Boreal Brazilian,Guianan Lowlands province,Moist forest,GF05014132S,Guianan Lowlands province,1,0,0,0,1,0,0,0,0,0,0,0,0,0,0,0,0,0,0,0,0,0,0,0,0,0,0,1,soil,3,3,0,0,,,3,3,,,,,,,,,,,,,,,,,,,,
GF05014133S,"French Guiana, Cayenne, Mont Ravel",Neotropical,Boreal Brazilian,Guianan Lowlands province,Moist forest,GF05014133S,Guianan Lowlands province,34,0,0,0,0,0,0,0,0,0,0,0,0,2,0,1,0,0,0,0,0,2,0,0,0,0,0,3,soil,42,5,0,0,,,5,2.092816,,,,,,,,,,,,,,,,,,,,
GF05014134S,"French Guiana, Cayenne, Mont Ravel",Neotropical,Boreal Brazilian,Guianan Lowlands province,Moist forest,GF05014134S,Guianan Lowlands province,47,0,0,1,0,0,0,0,0,0,0,1,0,3,0,0,0,0,0,0,0,2,0,0,0,2,0,5,soil,61,7,0,0,,,7,2.491695,,,,,,,,,,,,,,,,,,,,
GF05014135S,"French Guiana, Cayenne, Mont Ravel",Neotropical,Boreal Brazilian,Guianan Lowlands province,Moist forest,GF05014135S,Guianan Lowlands province,75,0,0,0,0,0,0,0,0,0,0,1,0,7,0,0,0,2,0,0,0,3,0,0,0,1,0,8,soil,97,7,0,0,,,7,2.401878,,,,,,,,,,,,,,,,,,,,
GF05014136S,"French Guiana, Cayenne, Mont Ravel",Neotropical,Boreal Brazilian,Guianan Lowlands province,Moist forest,GF05014136S,Guianan Lowlands province,18,0,0,0,0,0,0,0,0,0,0,0,0,2,0,0,0,1,0,0,0,1,0,0,0,0,0,0,soil,22,4,0,0,,,4,1.940954,,,,,,,,,,,,,,,,,,,,
GF05014137S,"French Guiana, Cayenne, Mont Ravel",Neotropical,Boreal Brazilian,Guianan Lowlands province,Moist forest,GF05014137S,Guianan Lowlands province,15,0,0,0,0,0,0,0,0,0,0,0,0,0,0,0,0,0,0,0,0,2,0,0,0,0,0,1,soil,18,3,0,0,,,3,1.744812,,,,,,,,,,,,,,,,,,,,
GF05014138S,"French Guiana, Cayenne, Mont Ravel",Neotropical,Boreal Brazilian,Guianan Lowlands province,Moist forest,GF05014138S,Guianan Lowlands province,14,0,0,0,0,0,0,0,0,0,0,0,0,0,0,0,0,0,0,0,0,1,0,0,0,0,0,4,soil,19,3,0,0,,,3,2.029966,,,,,,,,,,,,,,,,,,,,
GF05014139S,"French Guiana, Cayenne, Mont Ravel",Neotropical,Boreal Brazilian,Guianan Lowlands province,Moist forest,GF05014139S,Guianan Lowlands province,15,0,0,0,0,0,0,0,0,0,0,0,0,0,0,0,0,0,0,0,0,0,0,0,0,0,0,2,soil,17,2,0,0,,,2,1.436501,,,,,,,,,,,,,,,,,,,,
GF05014140S,"French Guiana, Cayenne, Mont Ravel",Neotropical,Boreal Brazilian,Guianan Lowlands province,Moist forest,GF05014140S,Guianan Lowlands province,50,0,0,0,0,0,0,0,0,0,1,0,0,4,0,1,0,0,0,0,0,1,0,0,0,0,0,4,soil,61,6,0,0,,,6,2.059552,,,,,,,,,,,,,,,,,,,,
GF05014141S,"French Guiana, Cayenne, Mont Ravel",Neotropical,Boreal Brazilian,Guianan Lowlands province,Moist forest,GF05014141S,Guianan Lowlands province,46,0,0,0,0,0,0,0,0,0,0,0,0,3,0,1,0,0,0,0,0,8,0,0,0,0,0,3,soil,61,5,0,0,,,5,2.323159,,,,,,,,,,,,,,,,,,,,
GF05014142S,"French Guiana, Cayenne, Mont Ravel",Neotropical,Boreal Brazilian,Guianan Lowlands province,Moist forest,GF05014142S,Guianan Lowlands province,49,0,0,0,0,0,0,0,0,0,0,0,0,3,0,0,0,1,0,0,0,3,0,0,0,0,0,6,soil,62,5,0,0,,,5,2.163284,,,,,,,,,,,,,,,,,,,,
GF05014143S,"French Guiana, Cayenne, Mont Ravel",Neotropical,Boreal Brazilian,Guianan Lowlands province,Moist forest,GF05014143S,Guianan Lowlands province,21,0,0,0,0,0,0,0,0,0,0,0,0,2,0,0,0,0,0,0,0,5,0,0,0,0,0,6,soil,34,4,0,0,,,4,2.864151,,,,,,,,,,,,,,,,,,,,
GF05014144S,"French Guiana, Cayenne, Mont Ravel",Neotropical,Boreal Brazilian,Guianan Lowlands province,Moist forest,GF05014144S,Guianan Lowlands province,0,0,0,0,0,0,0,0,0,0,0,0,0,0,0,0,0,0,0,0,0,0,0,0,0,0,0,0,soil,0,0,#DIV/0!,0,,,0,1,,,,,,,,,,,,,,,,,,,,
GF05014145S,"French Guiana, Cayenne, Mont Ravel",Neotropical,Boreal Brazilian,Guianan Lowlands province,Moist forest,GF05014145S,Guianan Lowlands province,25,0,0,0,0,0,0,0,0,0,0,0,0,1,0,0,0,0,0,0,0,1,0,0,0,1,0,1,soil,29,5,0,0,,,5,1.808328,,,,,,,,,,,,,,,,,,,,
GF05014146S,"French Guiana, Cayenne, Mont Ravel",Neotropical,Boreal Brazilian,Guianan Lowlands province,Moist forest,GF05014146S,Guianan Lowlands province,70,0,0,0,0,0,0,1,0,0,0,0,0,1,0,0,0,1,0,0,0,4,1,0,0,1,0,3,soil,82,8,1.219512195,1.219512195,,,8,1.958419,,,,,,,,,,,,,,,,,,,,
GF05014147S,"French Guiana, Cayenne, Mont Ravel",Neotropical,Boreal Brazilian,Guianan Lowlands province,Moist forest,GF05014147S,Guianan Lowlands province,49,0,0,0,0,0,0,0,0,0,0,0,0,2,0,1,0,0,0,0,0,3,0,0,0,0,0,5,soil,60,5,0,0,,,5,2.02156,,,,,,,,,,,,,,,,,,,,
GF05014148S,"French Guiana, Cayenne, Mont Ravel",Neotropical,Boreal Brazilian,Guianan Lowlands province,Moist forest,GF05014148S,Guianan Lowlands province,1,0,0,0,0,0,0,0,0,0,0,0,0,0,0,0,0,0,0,0,0,0,0,0,0,0,0,0,soil,1,1,0,0,,,1,1,,,,,,,,,,,,,,,,,,,,
GF05014149S,"French Guiana, Cayenne, Mont Ravel",Neotropical,Boreal Brazilian,Guianan Lowlands province,Moist forest,GF05014149S,Guianan Lowlands province,37,0,0,1,0,0,0,0,0,0,0,0,0,1,0,0,0,0,0,0,0,4,0,0,0,0,0,2,soil,45,5,0,0,,,5,1.981101,,,,,,,,,,,,,,,,,,,,
GF05014150S,"French Guiana, Cayenne, Mont Ravel",Neotropical,Boreal Brazilian,Guianan Lowlands province,Moist forest,GF05014150S,Guianan Lowlands province,83,0,0,0,0,0,0,0,0,0,0,0,0,4,0,1,0,0,0,0,0,6,0,0,0,0,0,5,soil,99,5,0,0,,,5,1.905124,,,,,,,,,,,,,,,,,,,,
GF05014151S,"French Guiana, Cayenne, Mont Ravel",Neotropical,Boreal Brazilian,Guianan Lowlands province,Moist forest,GF05014151S,Guianan Lowlands province,83,0,0,1,0,0,0,1,0,0,0,0,0,4,0,0,0,1,0,0,0,10,0,0,0,0,0,7,soil,107,7,0.934579439,0.934579439,,,7,2.341539,,,,,,,,,,,,,,,,,,,,
GF05014152S,"French Guiana, Cayenne, Mont Ravel",Neotropical,Boreal Brazilian,Guianan Lowlands province,Moist forest,GF05014152S,Guianan Lowlands province,78,0,0,0,0,0,0,0,0,0,0,0,0,6,0,0,0,1,0,0,0,5,1,0,0,0,0,7,soil,98,6,0,0,,,6,2.195864,,,,,,,,,,,,,,,,,,,,
GF05014153S,"French Guiana, Cayenne, Mont Ravel",Neotropical,Boreal Brazilian,Guianan Lowlands province,Moist forest,GF05014153S,Guianan Lowlands province,64,0,0,0,0,0,0,0,0,0,0,0,0,2,0,0,0,0,0,0,0,5,0,0,0,9,0,5,soil,85,5,0,0,,,5,2.393974,,,,,,,,,,,,,,,,,,,,
GF05014154S,"French Guiana, Cayenne, Mont Ravel",Neotropical,Boreal Brazilian,Guianan Lowlands province,Moist forest,GF05014154S,Guianan Lowlands province,12,0,0,0,0,0,0,0,0,0,0,0,0,0,0,0,0,0,0,0,0,2,0,0,0,0,0,1,soil,15,3,0,0,,,3,1.873307,,,,,,,,,,,,,,,,,,,,
GF05014155S,"French Guiana, Cayenne, Mont Ravel",Neotropical,Boreal Brazilian,Guianan Lowlands province,Moist forest,GF05014155S,Guianan Lowlands province,9,0,0,0,0,0,0,0,0,0,0,0,0,2,0,0,0,0,0,0,0,1,0,0,0,1,0,0,soil,13,4,0,0,,,4,2.552711,,,,,,,,,,,,,,,,,,,,
GF05014156S,"French Guiana, Cayenne, Mont Ravel",Neotropical,Boreal Brazilian,Guianan Lowlands province,Moist forest,GF05014156S,Guianan Lowlands province,72,0,0,0,0,0,0,1,0,0,0,0,0,4,0,1,0,0,0,0,0,4,0,0,0,0,0,8,soil,90,6,1.111111111,1.111111111,,,6,2.160655,,,,,,,,,,,,,,,,,,,,
GF05014157S,"French Guiana, Cayenne, Mont Ravel",Neotropical,Boreal Brazilian,Guianan Lowlands province,Moist forest,GF05014157S,Guianan Lowlands province,51,0,0,2,0,0,0,1,0,0,0,0,0,2,0,1,0,1,0,0,0,4,0,0,0,0,0,8,soil,70,8,1.428571429,1.428571429,,,8,2.793803,,,,,,,,,,,,,,,,,,,,
GF05014158S,"French Guiana, Cayenne, Mont Ravel",Neotropical,Boreal Brazilian,Guianan Lowlands province,Moist forest,GF05014158S,Guianan Lowlands province,44,0,0,0,0,0,0,0,0,0,0,0,0,3,0,0,0,0,0,0,0,3,0,0,0,0,0,1,soil,51,4,0,0,,,4,1.712212,,,,,,,,,,,,,,,,,,,,
GF05014159S,"French Guiana, Cayenne, Mont Ravel",Neotropical,Boreal Brazilian,Guianan Lowlands province,Moist forest,GF05014159S,Guianan Lowlands province,17,0,0,0,0,0,0,0,0,0,0,0,0,0,0,0,0,0,0,0,0,2,0,0,0,3,0,1,soil,23,4,0,0,,,4,2.311298,,,,,,,,,,,,,,,,,,,,
GF05014160S,"French Guiana, Coralie",Neotropical,Boreal Brazilian,Guianan Lowlands province,Moist forest|Wet forest,GF05014160S,Guianan Lowlands province,25,0,0,0,0,0,0,0,0,0,0,0,0,6,0,1,0,1,0,0,0,3,0,0,0,0,0,1,soil,37,6,0,0,,,6,2.875911,,,,,,,,,,,,,,,,,,,,
GF05014161S,"French Guiana, Coralie",Neotropical,Boreal Brazilian,Guianan Lowlands province,Moist forest|Wet forest,GF05014161S,Guianan Lowlands province,19,0,0,0,0,0,0,0,0,0,0,0,0,5,0,1,0,1,0,0,0,0,0,0,0,0,0,2,soil,28,5,0,0,,,5,2.710904,,,,,,,,,,,,,,,,,,,,
GF05014162S,"French Guiana, Coralie",Neotropical,Boreal Brazilian,Guianan Lowlands province,Moist forest|Wet forest,GF05014162S,Guianan Lowlands province,4,0,0,0,0,0,0,0,0,0,0,0,0,1,0,0,0,0,0,0,0,0,0,0,0,0,0,0,soil,5,2,0,0,,,2,1.649385,,,,,,,,,,,,,,,,,,,,
GF05014163S,"French Guiana, Coralie",Neotropical,Boreal Brazilian,Guianan Lowlands province,Moist forest|Wet forest,GF05014163S,Guianan Lowlands province,49,0,0,0,0,0,0,0,0,1,0,0,0,4,0,1,0,1,0,0,0,4,0,0,0,0,0,4,soil,64,7,0,0,,,7,2.507479,,,,,,,,,,,,,,,,,,,,
GF05014164S,"French Guiana, Coralie",Neotropical,Boreal Brazilian,Guianan Lowlands province,Moist forest|Wet forest,GF05014164S,Guianan Lowlands province,36,0,0,0,0,0,0,0,0,0,0,0,1,1,0,0,0,0,0,0,0,0,0,0,0,1,0,4,soil,43,5,0,0,,,5,1.881533,,,,,,,,,,,,,,,,,,,,
GF05014165S,"French Guiana, Coralie",Neotropical,Boreal Brazilian,Guianan Lowlands province,Moist forest|Wet forest,GF05014165S,Guianan Lowlands province,58,0,0,1,0,0,0,1,0,0,0,0,0,4,0,0,0,0,0,0,0,4,0,0,0,0,0,3,soil,71,6,1.408450704,1.408450704,,,6,2.102392,,,,,,,,,,,,,,,,,,,,
GF05014166S,"French Guiana, Coralie",Neotropical,Boreal Brazilian,Guianan Lowlands province,Moist forest|Wet forest,GF05014166S,Guianan Lowlands province,12,0,0,0,0,0,0,0,0,0,0,0,0,0,0,0,0,0,0,0,0,3,0,0,0,0,0,1,soil,16,3,0,0,,,3,2.019639,,,,,,,,,,,,,,,,,,,,
GF05014167S,"French Guiana, Coralie",Neotropical,Boreal Brazilian,Guianan Lowlands province,Moist forest|Wet forest,GF05014167S,Guianan Lowlands province,5,0,0,0,0,0,0,0,0,0,0,0,0,0,0,0,0,0,0,0,0,1,0,0,0,2,0,0,soil,8,3,0,0,,,3,2.460233,,,,,,,,,,,,,,,,,,,,
GF05014168S,"French Guiana, Coralie",Neotropical,Boreal Brazilian,Guianan Lowlands province,Moist forest|Wet forest,GF05014168S,Guianan Lowlands province,8,0,0,0,0,0,0,0,0,0,0,0,0,2,0,0,0,2,0,0,0,4,0,0,0,0,0,2,soil,18,5,0,0,,,5,4.166436,,,,,,,,,,,,,,,,,,,,
GF05014169S,"French Guiana, Coralie",Neotropical,Boreal Brazilian,Guianan Lowlands province,Moist forest|Wet forest,GF05014169S,Guianan Lowlands province,15,0,0,0,0,0,0,0,0,0,1,0,0,2,0,0,0,1,0,0,0,4,0,0,0,0,0,2,soil,25,6,0,0,,,6,3.530131,,,,,,,,,,,,,,,,,,,,
GF05014170S,"French Guiana, Coralie",Neotropical,Boreal Brazilian,Guianan Lowlands province,Moist forest|Wet forest,GF05014170S,Guianan Lowlands province,25,0,0,2,0,0,0,0,0,0,0,0,0,0,0,1,0,1,0,0,0,0,0,0,0,0,0,4,soil,33,5,0,0,,,5,2.334787,,,,,,,,,,,,,,,,,,,,
GF05014171S,"French Guiana, Coralie",Neotropical,Boreal Brazilian,Guianan Lowlands province,Moist forest|Wet forest,GF05014171S,Guianan Lowlands province,12,0,0,0,0,0,0,0,0,0,0,0,0,0,0,0,0,0,0,0,0,0,0,0,0,0,0,3,soil,15,2,0,0,,,2,1.649385,,,,,,,,,,,,,,,,,,,,
GF05014172S,"French Guiana, Coralie",Neotropical,Boreal Brazilian,Guianan Lowlands province,Moist forest|Wet forest,GF05014172S,Guianan Lowlands province,0,0,0,0,0,0,0,0,0,0,0,0,0,0,0,0,0,0,0,0,0,0,0,0,0,0,0,0,soil,0,0,#DIV/0!,0,,,0,1,,,,,,,,,,,,,,,,,,,,
GF05014173S,"French Guiana, Coralie",Neotropical,Boreal Brazilian,Guianan Lowlands province,Moist forest|Wet forest,GF05014173S,Guianan Lowlands province,7,0,0,0,0,0,0,0,0,0,0,0,0,1,0,0,0,0,0,0,0,0,0,0,0,0,0,1,soil,9,3,0,0,,,3,1.981272,,,,,,,,,,,,,,,,,,,,
GF05014174S,"French Guiana, Coralie",Neotropical,Boreal Brazilian,Guianan Lowlands province,Moist forest|Wet forest,GF05014174S,Guianan Lowlands province,20,0,0,0,0,0,0,0,0,0,0,0,0,2,0,0,0,0,0,0,0,1,0,0,0,0,0,1,soil,24,4,0,0,,,4,1.866095,,,,,,,,,,,,,,,,,,,,
GF05014175S,"French Guiana, Coralie",Neotropical,Boreal Brazilian,Guianan Lowlands province,Moist forest|Wet forest,GF05014175S,Guianan Lowlands province,6,0,0,0,0,0,0,0,0,0,0,0,0,0,0,0,0,0,0,0,0,1,0,0,0,1,0,0,soil,8,3,0,0,,,3,2.086779,,,,,,,,,,,,,,,,,,,,
GF05014176S,"French Guiana, Coralie",Neotropical,Boreal Brazilian,Guianan Lowlands province,Moist forest|Wet forest,GF05014176S,Guianan Lowlands province,0,0,0,0,0,0,0,0,0,0,0,0,0,0,0,0,0,0,0,0,0,0,0,0,0,0,0,0,soil,0,0,#DIV/0!,0,,,0,1,,,,,,,,,,,,,,,,,,,,
GF05014177S,"French Guiana, Coralie",Neotropical,Boreal Brazilian,Guianan Lowlands province,Moist forest|Wet forest,GF05014177S,Guianan Lowlands province,4,0,0,0,0,0,0,0,0,0,0,0,0,2,0,0,0,0,0,0,0,1,0,0,0,2,0,2,soil,11,5,0,0,,,5,4.552643,,,,,,,,,,,,,,,,,,,,
GF05014178S,"French Guiana, Coralie",Neotropical,Boreal Brazilian,Guianan Lowlands province,Moist forest|Wet forest,GF05014178S,Guianan Lowlands province,12,0,0,0,0,0,0,0,0,0,0,0,0,2,0,0,0,0,0,0,0,2,0,0,0,0,0,0,soil,16,3,0,0,,,3,2.086779,,,,,,,,,,,,,,,,,,,,
GF05014179S,"French Guiana, Coralie",Neotropical,Boreal Brazilian,Guianan Lowlands province,Moist forest|Wet forest,GF05014179S,Guianan Lowlands province,7,0,0,0,0,0,0,0,0,1,0,0,0,1,0,0,0,0,0,0,0,3,0,0,0,0,0,1,soil,13,5,0,0,,,5,3.538227,,,,,,,,,,,,,,,,,,,,
GF05014180S,"French Guiana, Coralie",Neotropical,Boreal Brazilian,Guianan Lowlands province,Moist forest|Wet forest,GF05014180S,Guianan Lowlands province,1,0,0,0,0,0,0,0,0,0,0,0,0,0,0,0,0,0,0,0,0,0,0,0,0,0,0,0,soil,1,1,0,0,,,1,1,,,,,,,,,,,,,,,,,,,,
GF05014181S,"French Guiana, Coralie",Neotropical,Boreal Brazilian,Guianan Lowlands province,Moist forest|Wet forest,GF05014181S,Guianan Lowlands province,10,0,0,0,0,0,0,0,0,0,0,0,0,1,0,0,0,1,0,0,0,1,0,0,0,0,0,2,soil,15,5,0,0,,,5,2.94637,,,,,,,,,,,,,,,,,,,,
GF05014182S,"French Guiana, Coralie",Neotropical,Boreal Brazilian,Guianan Lowlands province,Moist forest|Wet forest,GF05014182S,Guianan Lowlands province,17,0,0,0,0,0,0,0,0,0,0,0,0,4,0,0,0,0,0,0,0,2,0,0,0,0,0,4,soil,27,4,0,0,,,4,2.857262,,,,,,,,,,,,,,,,,,,,
GF05014183S,"French Guiana, Coralie",Neotropical,Boreal Brazilian,Guianan Lowlands province,Moist forest|Wet forest,GF05014183S,Guianan Lowlands province,19,0,0,0,0,0,0,0,0,0,0,0,0,1,0,0,0,0,0,0,0,3,0,0,0,0,0,2,soil,25,4,0,0,,,4,2.211823,,,,,,,,,,,,,,,,,,,,
GF05014184S,"French Guiana, Coralie",Neotropical,Boreal Brazilian,Guianan Lowlands province,Moist forest|Wet forest,GF05014184S,Guianan Lowlands province,40,0,0,0,0,0,0,0,0,0,0,0,0,2,0,0,0,1,0,0,0,5,0,0,0,1,0,5,soil,54,6,0,0,,,6,2.541526,,,,,,,,,,,,,,,,,,,,
GF05014185S,"French Guiana, Coralie",Neotropical,Boreal Brazilian,Guianan Lowlands province,Moist forest|Wet forest,GF05014185S,Guianan Lowlands province,21,0,0,0,0,0,0,0,0,0,0,0,0,4,0,0,0,1,0,0,0,0,0,0,0,0,0,5,soil,31,4,0,0,,,4,2.542392,,,,,,,,,,,,,,,,,,,,
GF05014186S,"French Guiana, Coralie",Neotropical,Boreal Brazilian,Guianan Lowlands province,Moist forest|Wet forest,GF05014186S,Guianan Lowlands province,3,0,0,0,0,0,0,0,0,0,0,0,0,2,0,2,0,0,0,0,0,1,0,0,0,0,0,1,soil,9,5,0,0,,,5,4.585756,,,,,,,,,,,,,,,,,,,,
GF05014187S,"French Guiana, Coralie",Neotropical,Boreal Brazilian,Guianan Lowlands province,Moist forest|Wet forest,GF05014187S,Guianan Lowlands province,14,0,0,0,0,0,0,0,0,0,0,0,0,1,0,0,0,0,0,0,0,1,0,0,0,1,0,5,soil,22,5,0,0,,,5,2.845848,,,,,,,,,,,,,,,,,,,,
GF05014188S,"French Guiana, Coralie",Neotropical,Boreal Brazilian,Guianan Lowlands province,Moist forest|Wet forest,GF05014188S,Guianan Lowlands province,32,0,0,0,0,0,0,1,0,0,0,1,0,3,0,0,0,1,0,0,0,6,0,0,0,1,0,2,soil,47,8,2.127659574,2.127659574,,,8,3.196775,,,,,,,,,,,,,,,,,,,,
GF05014189S,"French Guiana, Coralie",Neotropical,Boreal Brazilian,Guianan Lowlands province,Moist forest|Wet forest,GF05014189S,Guianan Lowlands province,12,0,0,0,0,0,0,0,0,0,0,0,0,2,0,0,0,0,0,0,0,4,0,0,0,0,0,2,soil,20,4,0,0,,,4,2.971004,,,,,,,,,,,,,,,,,,,,
GF05014190S,"French Guiana, Coralie",Neotropical,Boreal Brazilian,Guianan Lowlands province,Moist forest|Wet forest,GF05014190S,Guianan Lowlands province,0,0,0,0,0,0,0,0,0,0,0,0,0,0,0,0,0,0,0,0,0,0,0,0,0,0,0,0,soil,0,0,#DIV/0!,0,,,0,1,,,,,,,,,,,,,,,,,,,,
GF05014191S,"French Guiana, Coralie",Neotropical,Boreal Brazilian,Guianan Lowlands province,Moist forest|Wet forest,GF05014191S,Guianan Lowlands province,3,0,0,0,0,0,0,3,0,0,0,0,0,2,0,0,0,0,0,0,0,0,0,0,0,0,0,1,soil,9,4,33.33333333,33.33333333,,,4,3.709079,,,,,,,,,,,,,,,,,,,,
GF05014192S,"French Guiana, Guyakaw",Neotropical,Boreal Brazilian,Guianan Lowlands province,Moist forest|Wet forest,GF05014192S,Guianan Lowlands province,26,0,0,0,0,0,0,3,0,0,0,0,0,0,0,0,0,1,0,0,0,1,0,0,0,4,0,2,soil,37,6,8.108108108,8.108108108,,,6,2.843486,,,,,,,,,,,,,,,,,,,,
GF05014193S,"French Guiana, Guyakaw",Neotropical,Boreal Brazilian,Guianan Lowlands province,Moist forest|Wet forest,GF05014193S,Guianan Lowlands province,8,0,0,0,0,0,0,0,0,0,0,0,0,1,0,0,0,0,0,0,0,0,0,0,0,0,0,2,soil,11,3,0,0,,,3,2.137309,,,,,,,,,,,,,,,,,,,,
GF05014194S,"French Guiana, Guyakaw",Neotropical,Boreal Brazilian,Guianan Lowlands province,Moist forest|Wet forest,GF05014194S,Guianan Lowlands province,13,0,0,0,0,0,0,0,0,0,0,0,0,0,0,1,0,0,0,0,0,1,0,0,0,0,0,1,soil,16,4,0,0,,,4,1.990861,,,,,,,,,,,,,,,,,,,,
GF05014195S,"French Guiana, Guyakaw",Neotropical,Boreal Brazilian,Guianan Lowlands province,Moist forest|Wet forest,GF05014195S,Guianan Lowlands province,31,0,0,0,0,0,0,0,0,0,0,0,0,1,0,0,0,0,0,0,0,1,0,0,0,1,0,4,soil,38,5,0,0,,,5,1.994214,,,,,,,,,,,,,,,,,,,,
GF05014196S,"French Guiana, Guyakaw",Neotropical,Boreal Brazilian,Guianan Lowlands province,Moist forest|Wet forest,GF05014196S,Guianan Lowlands province,26,0,0,1,0,0,0,1,0,0,0,0,0,1,0,0,0,0,0,0,0,1,0,0,0,0,0,4,soil,34,6,2.941176471,2.941176471,,,6,2.391167,,,,,,,,,,,,,,,,,,,,
GF05014197S,"French Guiana, Guyakaw",Neotropical,Boreal Brazilian,Guianan Lowlands province,Moist forest|Wet forest,GF05014197S,Guianan Lowlands province,46,0,0,0,0,0,0,2,0,0,0,0,0,2,0,4,0,1,0,0,0,5,0,0,0,2,0,7,soil,69,8,2.898550725,2.898550725,,,8,3.410992,,,,,,,,,,,,,,,,,,,,
GF05014198S,"French Guiana, Guyakaw",Neotropical,Boreal Brazilian,Guianan Lowlands province,Moist forest|Wet forest,GF05014198S,Guianan Lowlands province,0,0,0,0,0,0,0,0,0,0,0,0,0,0,0,0,0,0,0,0,0,0,0,0,0,0,0,0,soil,0,0,#DIV/0!,0,,,0,1,,,,,,,,,,,,,,,,,,,,
GF05014199S,"French Guiana, Guyakaw",Neotropical,Boreal Brazilian,Guianan Lowlands province,Moist forest|Wet forest,GF05014199S,Guianan Lowlands province,0,0,0,0,0,0,0,0,0,0,0,0,0,0,0,0,0,0,0,0,0,0,0,0,0,0,0,0,soil,0,0,#DIV/0!,0,,,0,1,,,,,,,,,,,,,,,,,,,,
GF05014200S,"French Guiana, Guyakaw",Neotropical,Boreal Brazilian,Guianan Lowlands province,Moist forest|Wet forest,GF05014200S,Guianan Lowlands province,2,0,0,0,0,0,0,0,0,0,0,0,0,0,0,0,0,0,0,0,0,0,0,0,0,0,0,0,soil,2,1,0,0,,,1,1,,,,,,,,,,,,,,,,,,,,
GF05014201S,"French Guiana, Guyakaw",Neotropical,Boreal Brazilian,Guianan Lowlands province,Moist forest|Wet forest,GF05014201S,Guianan Lowlands province,8,0,0,0,0,0,0,0,0,0,0,0,0,1,0,0,0,0,0,0,0,1,0,0,0,0,0,2,soil,12,4,0,0,,,4,2.672696,,,,,,,,,,,,,,,,,,,,
GF05014202S,"French Guiana, Guyakaw",Neotropical,Boreal Brazilian,Guianan Lowlands province,Moist forest|Wet forest,GF05014202S,Guianan Lowlands province,2,0,0,0,0,0,0,1,0,0,0,0,0,0,0,0,0,0,0,0,0,0,0,0,0,1,0,0,soil,4,3,25,25,,,3,2.828427,,,,,,,,,,,,,,,,,,,,
GF05014203S,"French Guiana, Guyakaw",Neotropical,Boreal Brazilian,Guianan Lowlands province,Moist forest|Wet forest,GF05014203S,Guianan Lowlands province,2,0,0,0,0,0,0,0,0,0,0,0,0,0,0,0,0,0,0,0,0,0,0,0,0,0,0,0,soil,2,1,0,0,,,1,1,,,,,,,,,,,,,,,,,,,,
GF05014204S,"French Guiana, Guyakaw",Neotropical,Boreal Brazilian,Guianan Lowlands province,Moist forest|Wet forest,GF05014204S,Guianan Lowlands province,13,0,0,0,0,0,0,2,0,1,0,0,0,1,0,0,0,1,0,0,0,3,0,0,0,3,0,1,soil,25,8,8,8,,,8,4.787381,,,,,,,,,,,,,,,,,,,,
GF05014205S,"French Guiana, Guyakaw",Neotropical,Boreal Brazilian,Guianan Lowlands province,Moist forest|Wet forest,GF05014205S,Guianan Lowlands province,2,0,0,0,0,0,0,1,0,0,0,0,0,0,0,0,0,0,0,0,0,0,0,0,0,0,0,1,soil,4,3,25,25,,,3,2.828427,,,,,,,,,,,,,,,,,,,,
GF05014206S,"French Guiana, Guyakaw",Neotropical,Boreal Brazilian,Guianan Lowlands province,Moist forest|Wet forest,GF05014206S,Guianan Lowlands province,45,0,0,1,0,0,0,4,0,1,0,0,0,4,0,1,0,0,0,0,0,3,0,0,0,0,0,7,soil,66,8,6.060606061,6.060606061,,,8,3.221497,,,,,,,,,,,,,,,,,,,,
GF05014207S,"French Guiana, Guyakaw",Neotropical,Boreal Brazilian,Guianan Lowlands province,Moist forest|Wet forest,GF05014207S,Guianan Lowlands province,38,0,0,0,0,0,0,3,0,0,0,0,0,4,0,1,0,2,0,0,0,4,0,0,0,0,0,8,soil,60,7,5,5,,,7,3.491762,,,,,,,,,,,,,,,,,,,,
GF05014208S,"French Guiana, Guyakaw",Neotropical,Boreal Brazilian,Guianan Lowlands province,Moist forest|Wet forest,GF05014208S,Guianan Lowlands province,72,0,0,2,1,0,0,3,0,3,1,0,0,22,0,2,0,3,0,0,0,7,0,0,0,5,0,11,soil,132,12,2.272727273,2.272727273,,,12,4.830795,,,,,,,,,,,,,,,,,,,,
GF05014209S,"French Guiana, Guyakaw",Neotropical,Boreal Brazilian,Guianan Lowlands province,Moist forest|Wet forest,GF05014209S,Guianan Lowlands province,20,0,0,0,1,0,0,1,0,0,0,0,0,5,0,1,0,1,0,0,0,0,0,0,0,0,0,2,soil,31,7,3.225806452,3.225806452,,,7,3.310009,,,,,,,,,,,,,,,,,,,,
GF05014210S,"French Guiana, Guyakaw",Neotropical,Boreal Brazilian,Guianan Lowlands province,Moist forest|Wet forest,GF05014210S,Guianan Lowlands province,41,0,0,1,0,0,0,3,0,0,0,0,0,9,0,3,0,4,0,0,0,7,0,0,0,0,0,5,soil,73,8,4.109589041,4.109589041,,,8,4.352612,,,,,,,,,,,,,,,,,,,,
GF05014211S,"French Guiana, Guyakaw",Neotropical,Boreal Brazilian,Guianan Lowlands province,Moist forest|Wet forest,GF05014211S,Guianan Lowlands province,5,0,0,0,0,0,0,2,0,0,0,0,0,2,0,0,0,0,0,0,0,1,0,0,0,0,0,0,soil,10,4,20,20,,,4,3.389245,,,,,,,,,,,,,,,,,,,,
GF05014212S,"French Guiana, Guyakaw",Neotropical,Boreal Brazilian,Guianan Lowlands province,Moist forest|Wet forest,GF05014212S,Guianan Lowlands province,5,0,0,0,0,0,0,0,0,0,0,1,0,0,0,0,0,0,0,0,0,0,0,0,0,0,0,0,soil,6,2,0,0,,,2,1.569193,,,,,,,,,,,,,,,,,,,,
GF05014213S,"French Guiana, Guyakaw",Neotropical,Boreal Brazilian,Guianan Lowlands province,Moist forest|Wet forest,GF05014213S,Guianan Lowlands province,21,0,0,0,0,0,0,0,0,0,0,1,0,1,0,1,0,0,0,0,0,2,0,0,0,2,0,2,soil,30,7,0,0,,,7,3.1,,,,,,,,,,,,,,,,,,,,
GF05014214S,"French Guiana, Guyakaw",Neotropical,Boreal Brazilian,Guianan Lowlands province,Moist forest|Wet forest,GF05014214S,Guianan Lowlands province,9,0,0,0,0,0,0,1,0,0,0,0,0,0,0,0,0,1,0,0,0,1,0,0,0,0,0,0,soil,12,4,8.333333333,8.333333333,,,4,2.309401,,,,,,,,,,,,,,,,,,,,
GF05014215S,"French Guiana, Guyakaw",Neotropical,Boreal Brazilian,Guianan Lowlands province,Moist forest|Wet forest,GF05014215S,Guianan Lowlands province,6,0,0,0,0,0,0,2,0,1,0,0,0,0,0,0,0,0,0,0,0,1,0,0,0,0,0,0,soil,10,4,20,20,,,4,2.971004,,,,,,,,,,,,,,,,,,,,
GF05014216S,"French Guiana, Guyakaw",Neotropical,Boreal Brazilian,Guianan Lowlands province,Moist forest|Wet forest,GF05014216S,Guianan Lowlands province,38,0,0,1,1,0,0,7,0,1,1,0,0,8,0,1,0,3,0,0,0,5,0,0,0,1,0,4,soil,71,12,9.85915493,9.85915493,,,12,5.216294,,,,,,,,,,,,,,,,,,,,
GF05014217S,"French Guiana, Guyakaw",Neotropical,Boreal Brazilian,Guianan Lowlands province,Moist forest|Wet forest,GF05014217S,Guianan Lowlands province,14,0,0,0,0,0,0,5,0,0,0,0,0,7,0,0,0,0,0,0,0,0,0,0,0,1,0,4,soil,31,5,16.12903226,16.12903226,,,5,3.912953,,,,,,,,,,,,,,,,,,,,
GF05014218S,"French Guiana, Guyakaw",Neotropical,Boreal Brazilian,Guianan Lowlands province,Moist forest|Wet forest,GF05014218S,Guianan Lowlands province,22,0,0,1,0,0,0,0,0,0,0,0,0,3,0,2,0,2,0,0,0,2,0,0,0,0,0,7,soil,39,7,0,0,,,7,3.972851,,,,,,,,,,,,,,,,,,,,
GF05014219S,"French Guiana, Guyakaw",Neotropical,Boreal Brazilian,Guianan Lowlands province,Moist forest|Wet forest,GF05014219S,Guianan Lowlands province,46,0,0,3,0,0,0,1,0,0,0,0,0,11,0,4,0,7,0,0,1,7,0,0,0,0,0,6,soil,86,9,1.162790698,1.162790698,,,9,4.735924,,,,,,,,,,,,,,,,,,,,
GF05014220S,"French Guiana, Guyakaw",Neotropical,Boreal Brazilian,Guianan Lowlands province,Moist forest|Wet forest,GF05014220S,Guianan Lowlands province,19,0,0,0,0,0,0,0,0,0,0,0,0,4,0,1,0,0,0,0,0,1,0,0,0,0,0,4,soil,29,5,0,0,,,5,2.874143,,,,,,,,,,,,,,,,,,,,
GF05014221S,"French Guiana, Guyakaw",Neotropical,Boreal Brazilian,Guianan Lowlands province,Moist forest|Wet forest,GF05014221S,Guianan Lowlands province,10,0,0,0,0,0,0,0,0,0,0,0,0,2,0,1,0,1,0,0,0,2,0,0,0,0,0,3,soil,19,6,0,0,,,6,4.108924,,,,,,,,,,,,,,,,,,,,
GF05014222S,"French Guiana, Guyakaw",Neotropical,Boreal Brazilian,Guianan Lowlands province,Moist forest|Wet forest,GF05014222S,Guianan Lowlands province,8,0,0,0,1,0,0,0,0,0,0,0,0,0,0,0,0,0,0,0,0,0,0,0,0,0,0,0,soil,9,2,0,0,,,2,1.417411,,,,,,,,,,,,,,,,,,,,
GF05014223S,"French Guiana, Guyakaw",Neotropical,Boreal Brazilian,Guianan Lowlands province,Moist forest|Wet forest,GF05014223S,Guianan Lowlands province,0,0,0,0,0,0,0,0,0,0,0,0,0,0,0,0,0,0,0,0,0,0,0,0,0,0,0,0,soil,0,0,#DIV/0!,0,,,0,1,,,,,,,,,,,,,,,,,,,,
GF05014224S,"French Guiana, Cayenne, Montabo",Neotropical,Boreal Brazilian,Guianan Lowlands province,Moist forest,GF05014224S,Guianan Lowlands province,54,0,0,1,1,0,0,0,0,1,0,0,0,12,0,1,0,5,0,0,0,9,0,0,0,5,0,11,soil,100,10,0,0,,,10,4.620336,,,,,,,,,,,,,,,,,,,,
GF05014225S,"French Guiana, Cayenne, Montabo",Neotropical,Boreal Brazilian,Guianan Lowlands province,Moist forest,GF05014225S,Guianan Lowlands province,73,0,0,3,0,0,0,0,0,1,0,0,0,14,0,1,0,9,0,0,0,7,0,0,0,4,0,11,soil,123,9,0,0,,,9,4.086113,,,,,,,,,,,,,,,,,,,,
GF05014226S,"French Guiana, Cayenne, Montabo",Neotropical,Boreal Brazilian,Guianan Lowlands province,Moist forest,GF05014226S,Guianan Lowlands province,57,0,0,2,1,0,0,1,0,0,0,0,0,6,0,0,0,2,0,0,0,4,0,0,0,2,0,5,soil,80,9,1.25,1.25,,,9,3.142693,,,,,,,,,,,,,,,,,,,,
GF05014227S,"French Guiana, Cayenne, Montabo",Neotropical,Boreal Brazilian,Guianan Lowlands province,Moist forest,GF05014227S,Guianan Lowlands province,89,0,0,4,0,0,0,1,0,0,0,0,0,8,0,2,0,7,0,0,0,6,0,0,0,4,0,11,soil,132,9,0.757575758,0.757575758,,,9,3.495113,,,,,,,,,,,,,,,,,,,,
GF05014228S,"French Guiana, Cayenne, Montabo",Neotropical,Boreal Brazilian,Guianan Lowlands province,Moist forest,GF05014228S,Guianan Lowlands province,33,0,0,1,1,0,0,1,0,0,0,0,0,5,0,0,0,2,0,0,0,7,0,0,0,1,0,5,soil,56,9,1.785714286,1.785714286,,,9,4.093974,,,,,,,,,,,,,,,,,,,,
GF05014229S,"French Guiana, Cayenne, Montabo",Neotropical,Boreal Brazilian,Guianan Lowlands province,Moist forest,GF05014229S,Guianan Lowlands province,53,0,0,3,0,0,0,1,0,2,0,0,0,4,0,0,0,4,0,0,0,8,0,0,0,2,0,7,soil,84,9,1.19047619,1.19047619,,,9,3.901181,,,,,,,,,,,,,,,,,,,,
GF05014230S,"French Guiana, Cayenne, Montabo",Neotropical,Boreal Brazilian,Guianan Lowlands province,Moist forest,GF05014230S,Guianan Lowlands province,14,0,0,0,0,0,0,7,1,1,0,0,0,4,0,0,0,2,0,0,0,2,0,0,0,2,0,5,soil,38,9,18.42105263,18.42105263,,,9,6.294691,,,,,,,,,,,,,,,,,,,,
GF05014231S,"French Guiana, Cayenne, Montabo",Neotropical,Boreal Brazilian,Guianan Lowlands province,Moist forest,GF05014231S,Guianan Lowlands province,14,0,0,0,0,0,0,5,1,0,0,0,0,1,0,0,0,1,0,0,0,0,0,0,0,0,0,3,soil,25,6,20,20,,,6,3.622928,,,,,,,,,,,,,,,,,,,,
GF05014232S,"French Guiana, Cayenne, Montabo",Neotropical,Boreal Brazilian,Guianan Lowlands province,Moist forest,GF05014232S,Guianan Lowlands province,50,0,0,4,0,0,0,6,0,0,0,0,0,10,0,0,0,5,1,0,0,4,1,0,0,4,0,8,soil,93,10,6.451612903,6.451612903,,,10,5.062659,,,,,,,,,,,,,,,,,,,,
GF05014233S,"French Guiana, Cayenne, Montabo",Neotropical,Boreal Brazilian,Guianan Lowlands province,Moist forest,GF05014233S,Guianan Lowlands province,56,0,0,4,0,0,0,7,0,1,0,0,0,9,0,0,0,7,1,0,0,10,0,0,0,4,0,7,soil,106,10,6.603773585,6.603773585,,,10,5.170244,,,,,,,,,,,,,,,,,,,,
GF05014234S,"French Guiana, Cayenne, Montabo",Neotropical,Boreal Brazilian,Guianan Lowlands province,Moist forest,GF05014234S,Guianan Lowlands province,9,0,0,0,1,0,0,0,0,0,0,0,0,0,0,0,0,0,0,0,0,2,0,0,0,0,0,3,soil,15,4,0,0,,,4,2.937543,,,,,,,,,,,,,,,,,,,,
GF05014235S,"French Guiana, Cayenne, Montabo",Neotropical,Boreal Brazilian,Guianan Lowlands province,Moist forest,GF05014235S,Guianan Lowlands province,60,0,0,2,1,0,0,2,0,0,0,0,1,8,0,0,0,7,0,0,0,6,0,0,0,5,0,3,soil,95,10,2.105263158,2.105263158,,,10,4.005755,,,,,,,,,,,,,,,,,,,,
GF05014236S,"French Guiana, Cayenne, Montabo",Neotropical,Boreal Brazilian,Guianan Lowlands province,Moist forest,GF05014236S,Guianan Lowlands province,41,0,0,3,0,0,0,7,0,1,0,0,0,14,0,0,0,11,0,0,0,7,0,0,0,7,0,12,soil,103,9,6.796116505,6.796116505,,,9,6.193357,,,,,,,,,,,,,,,,,,,,
GF05014237S,"French Guiana, Cayenne, Montabo",Neotropical,Boreal Brazilian,Guianan Lowlands province,Moist forest,GF05014237S,Guianan Lowlands province,39,0,0,2,0,0,0,7,0,2,0,1,0,16,0,0,0,10,1,0,0,6,0,0,0,8,0,16,soil,108,11,6.481481481,6.481481481,,,11,6.814805,,,,,,,,,,,,,,,,,,,,
GF05014238S,"French Guiana, Cayenne, Montabo",Neotropical,Boreal Brazilian,Guianan Lowlands province,Moist forest,GF05014238S,Guianan Lowlands province,9,0,0,0,0,0,0,0,0,0,0,0,0,0,0,0,0,0,0,0,0,1,0,0,0,0,0,2,soil,12,3,0,0,,,3,2.057442,,,,,,,,,,,,,,,,,,,,
GF05014239S,"French Guiana, Cayenne, Montabo",Neotropical,Boreal Brazilian,Guianan Lowlands province,Moist forest,GF05014239S,Guianan Lowlands province,31,0,0,1,0,0,0,0,0,1,0,0,0,4,0,0,0,0,0,0,0,4,0,0,0,0,0,4,soil,45,6,0,0,,,6,2.919313,,,,,,,,,,,,,,,,,,,,
GF05014240S,"French Guiana, Cayenne, Montabo",Neotropical,Boreal Brazilian,Guianan Lowlands province,Moist forest,GF05014240S,Guianan Lowlands province,69,0,0,0,0,0,0,0,1,2,0,0,0,13,0,1,0,10,1,0,0,7,0,0,0,2,0,13,soil,119,10,0,0,,,10,4.188679,,,,,,,,,,,,,,,,,,,,
GF05014241S,"French Guiana, Cayenne, Montabo",Neotropical,Boreal Brazilian,Guianan Lowlands province,Moist forest,GF05014241S,Guianan Lowlands province,68,0,0,1,0,0,0,0,0,2,0,0,0,11,0,1,0,10,1,0,0,10,2,0,0,3,0,9,soil,118,11,0,0,,,11,4.509969,,,,,,,,,,,,,,,,,,,,
GF05014242S,"French Guiana, Cayenne, Montabo",Neotropical,Boreal Brazilian,Guianan Lowlands province,Moist forest,GF05014242S,Guianan Lowlands province,55,0,0,0,0,0,0,0,0,1,0,0,0,7,0,1,0,3,0,0,0,6,0,0,0,0,0,6,soil,79,7,0,0,,,7,2.98388,,,,,,,,,,,,,,,,,,,,
GF05014243S,"French Guiana, Cayenne, Montabo",Neotropical,Boreal Brazilian,Guianan Lowlands province,Moist forest,GF05014243S,Guianan Lowlands province,45,0,0,2,1,0,0,0,0,0,0,0,0,6,0,0,0,4,1,0,0,6,0,0,0,1,0,3,soil,69,9,0,0,,,9,3.638852,,,,,,,,,,,,,,,,,,,,
GF05014244S,"French Guiana, Cayenne, Montabo",Neotropical,Boreal Brazilian,Guianan Lowlands province,Moist forest,GF05014244S,Guianan Lowlands province,60,0,0,2,0,0,0,0,0,1,0,0,0,9,0,0,1,20,0,0,0,7,0,0,0,7,0,10,soil,117,9,0,0,,,9,4.664157,,,,,,,,,,,,,,,,,,,,
GF05014245S,"French Guiana, Cayenne, Montabo",Neotropical,Boreal Brazilian,Guianan Lowlands province,Moist forest,GF05014245S,Guianan Lowlands province,48,0,0,5,0,0,0,0,0,0,0,0,0,7,0,0,1,17,0,0,0,10,0,0,0,7,0,11,soil,106,8,0,0,,,8,5.243934,,,,,,,,,,,,,,,,,,,,
GF05014246S,"French Guiana, Cayenne, Montabo",Neotropical,Boreal Brazilian,Guianan Lowlands province,Moist forest,GF05014246S,Guianan Lowlands province,49,0,0,2,1,0,0,0,0,0,0,0,0,3,0,0,0,5,0,0,0,6,0,0,0,1,0,6,soil,73,8,0,0,,,8,3.350909,,,,,,,,,,,,,,,,,,,,
GF05014247S,"French Guiana, Cayenne, Montabo",Neotropical,Boreal Brazilian,Guianan Lowlands province,Moist forest,GF05014247S,Guianan Lowlands province,40,0,0,1,2,0,0,0,0,0,0,0,0,1,0,2,0,5,0,0,0,2,0,0,0,4,0,7,soil,64,9,0,0,,,9,3.908432,,,,,,,,,,,,,,,,,,,,
GF05014248S,"French Guiana, Cayenne, Montabo",Neotropical,Boreal Brazilian,Guianan Lowlands province,Moist forest,GF05014248S,Guianan Lowlands province,13,0,0,0,1,0,0,0,0,0,0,0,0,2,0,0,0,1,0,0,0,5,0,0,0,0,0,1,soil,23,6,0,0,,,6,3.580809,,,,,,,,,,,,,,,,,,,,
GF05014249S,"French Guiana, Cayenne, Montabo",Neotropical,Boreal Brazilian,Guianan Lowlands province,Moist forest,GF05014249S,Guianan Lowlands province,58,0,0,3,0,0,0,0,0,0,0,0,0,10,0,0,0,8,0,0,0,13,0,0,0,4,0,5,soil,101,7,0,0,,,7,4.02829,,,,,,,,,,,,,,,,,,,,
GF05014250S,"French Guiana, Cayenne, Montabo",Neotropical,Boreal Brazilian,Guianan Lowlands province,Moist forest,GF05014250S,Guianan Lowlands province,53,0,0,0,0,0,0,2,0,1,0,0,0,4,0,0,0,2,0,0,0,13,0,0,0,2,0,3,soil,80,8,2.5,2.5,,,8,3.229752,,,,,,,,,,,,,,,,,,,,
GF05014251S,"French Guiana, Cayenne, Montabo",Neotropical,Boreal Brazilian,Guianan Lowlands province,Moist forest,GF05014251S,Guianan Lowlands province,48,0,0,0,0,0,0,0,0,1,0,0,0,4,0,0,0,3,1,0,0,9,0,0,0,1,0,3,soil,70,8,0,0,,,8,3.12075,,,,,,,,,,,,,,,,,,,,
GF05014252S,"French Guiana, Cayenne, Montabo",Neotropical,Boreal Brazilian,Guianan Lowlands province,Moist forest,GF05014252S,Guianan Lowlands province,17,0,0,0,0,0,0,0,0,0,0,0,0,3,0,0,0,2,0,0,0,6,0,0,0,0,0,3,soil,31,5,0,0,,,5,3.582796,,,,,,,,,,,,,,,,,,,,
GF05014253S,"French Guiana, Cayenne, Montabo",Neotropical,Boreal Brazilian,Guianan Lowlands province,Moist forest,GF05014253S,Guianan Lowlands province,48,0,0,1,0,0,0,0,0,1,0,0,0,5,0,0,0,9,0,0,0,7,1,0,0,1,0,8,soil,81,9,0,0,,,9,3.988352,,,,,,,,,,,,,,,,,,,,
GF05014254S,"French Guiana, Cayenne, Montabo",Neotropical,Boreal Brazilian,Guianan Lowlands province,Moist forest,GF05014254S,Guianan Lowlands province,88,0,0,0,2,0,0,1,0,0,0,0,0,8,0,2,0,7,0,0,0,16,0,0,0,3,0,10,soil,137,9,0.729927007,0.729927007,,,9,3.621908,,,,,,,,,,,,,,,,,,,,
GF05014255S,"French Guiana, Cayenne, Montabo",Neotropical,Boreal Brazilian,Guianan Lowlands province,Moist forest,GF05014255S,Guianan Lowlands province,73,0,0,0,1,0,0,0,0,1,0,0,0,6,0,1,0,9,0,0,0,12,0,0,0,2,0,7,soil,112,9,0,0,,,9,3.487733,,,,,,,,,,,,,,,,,,,,
GF05014256S,"French Guiana, Cayenne, Rorota",Neotropical,Boreal Brazilian,Guianan Lowlands province,Moist forest,GF05014256S,Guianan Lowlands province,21,0,0,2,0,0,0,0,0,1,0,0,0,5,0,0,0,0,0,0,0,1,0,0,0,0,0,3,soil,33,6,0,0,,,6,3.232795,,,,,,,,,,,,,,,,,,,,
GF05014257S,"French Guiana, Cayenne, Rorota",Neotropical,Boreal Brazilian,Guianan Lowlands province,Moist forest,GF05014257S,Guianan Lowlands province,40,0,0,2,0,0,0,0,0,0,0,0,0,9,0,0,0,3,0,0,0,0,0,0,0,1,0,8,soil,63,6,0,0,,,6,3.154166,,,,,,,,,,,,,,,,,,,,
GF05014258S,"French Guiana, Cayenne, Rorota",Neotropical,Boreal Brazilian,Guianan Lowlands province,Moist forest,GF05014258S,Guianan Lowlands province,9,0,0,0,0,0,0,0,0,1,0,0,0,3,0,0,0,1,0,0,0,1,0,0,0,0,0,1,soil,16,6,0,0,,,6,3.78354,,,,,,,,,,,,,,,,,,,,
GF05014259S,"French Guiana, Cayenne, Rorota",Neotropical,Boreal Brazilian,Guianan Lowlands province,Moist forest,GF05014259S,Guianan Lowlands province,11,0,0,0,0,0,0,0,0,0,0,0,0,1,0,0,1,0,0,0,0,0,0,0,0,0,0,1,soil,14,4,0,0,,,4,2.127605,,,,,,,,,,,,,,,,,,,,
GF05014260S,"French Guiana, Cayenne, Rorota",Neotropical,Boreal Brazilian,Guianan Lowlands province,Moist forest,GF05014260S,Guianan Lowlands province,25,0,0,1,0,0,0,0,0,0,0,0,0,4,0,0,0,3,0,0,0,6,0,0,0,2,0,5,soil,46,7,0,0,,,7,4.255758,,,,,,,,,,,,,,,,,,,,
GF05014261S,"French Guiana, Cayenne, Rorota",Neotropical,Boreal Brazilian,Guianan Lowlands province,Moist forest,GF05014261S,Guianan Lowlands province,29,0,0,1,0,0,0,0,0,0,0,0,0,4,0,0,0,3,0,0,0,2,0,0,0,2,0,1,soil,42,7,0,0,,,7,3.114653,,,,,,,,,,,,,,,,,,,,
GF05014262S,"French Guiana, Cayenne, Rorota",Neotropical,Boreal Brazilian,Guianan Lowlands province,Moist forest,GF05014262S,Guianan Lowlands province,0,0,0,0,1,0,0,0,0,0,0,0,0,0,0,0,0,0,0,0,0,0,0,0,0,0,0,0,soil,1,1,0,0,,,1,1,,,,,,,,,,,,,,,,,,,,
GF05014263S,"French Guiana, Cayenne, Rorota",Neotropical,Boreal Brazilian,Guianan Lowlands province,Moist forest,GF05014263S,Guianan Lowlands province,11,0,0,0,0,0,0,0,0,0,0,0,0,1,0,0,0,0,0,0,0,1,0,0,0,0,0,1,soil,14,4,0,0,,,4,2.127605,,,,,,,,,,,,,,,,,,,,
GF05014264S,"French Guiana, Cayenne, Rorota",Neotropical,Boreal Brazilian,Guianan Lowlands province,Moist forest,GF05014264S,Guianan Lowlands province,40,0,0,2,0,0,0,0,0,1,0,0,0,6,0,0,0,3,1,0,0,6,0,0,0,0,0,7,soil,66,8,0,0,,,8,3.860783,,,,,,,,,,,,,,,,,,,,
GF05014265S,"French Guiana, Cayenne, Rorota",Neotropical,Boreal Brazilian,Guianan Lowlands province,Moist forest,GF05014265S,Guianan Lowlands province,33,0,0,1,1,0,0,2,0,0,0,0,0,3,0,0,0,3,0,0,1,5,0,0,0,1,0,4,soil,54,10,3.703703704,3.703703704,,,10,4.274977,,,,,,,,,,,,,,,,,,,,
GF05014266S,"French Guiana, Cayenne, Rorota",Neotropical,Boreal Brazilian,Guianan Lowlands province,Moist forest,GF05014266S,Guianan Lowlands province,0,0,0,0,0,0,0,0,0,0,0,0,0,0,0,0,0,0,0,0,0,0,0,0,0,0,0,0,soil,0,0,#DIV/0!,0,,,0,1,,,,,,,,,,,,,,,,,,,,
GF05014267S,"French Guiana, Cayenne, Rorota",Neotropical,Boreal Brazilian,Guianan Lowlands province,Moist forest,GF05014267S,Guianan Lowlands province,15,0,0,0,0,0,0,0,0,0,0,0,0,2,0,0,0,1,0,0,0,1,0,0,0,0,0,4,soil,23,5,0,0,,,5,2.909573,,,,,,,,,,,,,,,,,,,,
GF05014268S,"French Guiana, Cayenne, Rorota",Neotropical,Boreal Brazilian,Guianan Lowlands province,Moist forest,GF05014268S,Guianan Lowlands province,24,0,0,1,0,0,0,0,0,0,0,0,0,4,0,1,0,1,0,0,0,3,0,0,0,0,0,1,soil,35,7,0,0,,,7,3.075633,,,,,,,,,,,,,,,,,,,,
GF05014269S,"French Guiana, Cayenne, Rorota",Neotropical,Boreal Brazilian,Guianan Lowlands province,Moist forest,GF05014269S,Guianan Lowlands province,26,0,0,1,0,0,0,0,0,0,0,0,0,6,0,0,0,2,0,0,0,4,0,0,0,0,0,1,soil,40,6,0,0,,,6,3.092766,,,,,,,,,,,,,,,,,,,,
GF05014270S,"French Guiana, Cayenne, Rorota",Neotropical,Boreal Brazilian,Guianan Lowlands province,Moist forest,GF05014270S,Guianan Lowlands province,11,0,0,1,0,0,0,0,1,0,0,0,0,5,0,1,0,1,0,0,0,2,0,0,0,0,0,0,soil,22,7,0,0,,,7,4.320193,,,,,,,,,,,,,,,,,,,,
GF05014271S,"French Guiana, Cayenne, Rorota",Neotropical,Boreal Brazilian,Guianan Lowlands province,Moist forest,GF05014271S,Guianan Lowlands province,8,0,0,0,0,0,0,0,0,0,0,0,0,0,0,0,0,0,0,0,0,0,0,0,0,0,0,1,soil,9,2,0,0,,,2,1.417411,,,,,,,,,,,,,,,,,,,,
GF05014272S,"French Guiana, Cayenne, Rorota",Neotropical,Boreal Brazilian,Guianan Lowlands province,Moist forest,GF05014272S,Guianan Lowlands province,31,0,0,1,0,0,0,0,0,0,0,0,0,4,0,0,0,5,0,0,0,4,0,0,0,0,0,4,soil,49,6,0,0,,,6,3.372212,,,,,,,,,,,,,,,,,,,,
GF05014273S,"French Guiana, Cayenne, Rorota",Neotropical,Boreal Brazilian,Guianan Lowlands province,Moist forest,GF05014273S,Guianan Lowlands province,11,0,0,1,1,0,0,0,0,0,0,0,0,1,0,0,0,0,0,0,0,4,0,0,0,0,0,3,soil,21,6,0,0,,,6,3.925451,,,,,,,,,,,,,,,,,,,,
GF05014274S,"French Guiana, Cayenne, Rorota",Neotropical,Boreal Brazilian,Guianan Lowlands province,Moist forest,GF05014274S,Guianan Lowlands province,33,0,0,1,0,0,0,0,0,0,0,0,0,2,0,2,0,2,0,0,0,1,0,0,0,0,0,1,soil,42,7,0,0,,,7,2.438523,,,,,,,,,,,,,,,,,,,,
GF05014275S,"French Guiana, Cayenne, Rorota",Neotropical,Boreal Brazilian,Guianan Lowlands province,Moist forest,GF05014275S,Guianan Lowlands province,59,0,0,1,0,0,0,0,0,0,0,0,0,3,0,1,0,2,0,0,0,1,0,0,0,3,0,5,soil,75,8,0,0,,,8,2.450168,,,,,,,,,,,,,,,,,,,,
GF05014276S,"French Guiana, Cayenne, Rorota",Neotropical,Boreal Brazilian,Guianan Lowlands province,Moist forest,GF05014276S,Guianan Lowlands province,6,0,0,0,0,0,0,1,0,0,0,0,0,0,0,0,0,1,0,0,0,0,0,0,0,0,0,0,soil,8,3,12.5,12.5,,,3,2.086779,,,,,,,,,,,,,,,,,,,,
GF05014277S,"French Guiana, Cayenne, Rorota",Neotropical,Boreal Brazilian,Guianan Lowlands province,Moist forest,GF05014277S,Guianan Lowlands province,4,0,0,0,1,0,0,1,0,0,0,0,0,1,0,0,0,0,0,0,0,0,0,0,0,0,0,2,soil,9,5,11.11111111,11.11111111,,,5,4.166436,,,,,,,,,,,,,,,,,,,,
GF05014278S,"French Guiana, Cayenne, Rorota",Neotropical,Boreal Brazilian,Guianan Lowlands province,Moist forest,GF05014278S,Guianan Lowlands province,19,0,0,1,1,0,0,0,0,1,0,0,0,1,0,1,0,2,0,0,0,2,0,0,0,0,0,4,soil,32,9,0,0,,,9,4.295402,,,,,,,,,,,,,,,,,,,,
GF05014279S,"French Guiana, Cayenne, Rorota",Neotropical,Boreal Brazilian,Guianan Lowlands province,Moist forest,GF05014279S,Guianan Lowlands province,13,0,0,1,0,0,0,0,0,1,0,0,0,1,0,0,0,0,0,0,0,2,0,0,0,0,0,1,soil,19,6,0,0,,,6,3.054179,,,,,,,,,,,,,,,,,,,,
GF05014280S,"French Guiana, Cayenne, Rorota",Neotropical,Boreal Brazilian,Guianan Lowlands province,Moist forest,GF05014280S,Guianan Lowlands province,25,0,0,0,0,0,0,0,0,0,0,0,0,2,0,0,0,2,0,0,0,2,0,0,0,1,0,2,soil,34,6,0,0,,,6,2.70864,,,,,,,,,,,,,,,,,,,,
GF05014281S,"French Guiana, Cayenne, Rorota",Neotropical,Boreal Brazilian,Guianan Lowlands province,Moist forest,GF05014281S,Guianan Lowlands province,36,0,0,0,0,0,0,0,0,1,0,0,0,6,0,0,0,3,1,0,0,1,0,0,0,2,0,4,soil,54,8,0,0,,,8,3.358493,,,,,,,,,,,,,,,,,,,,
GF05014282S,"French Guiana, Cayenne, Rorota",Neotropical,Boreal Brazilian,Guianan Lowlands province,Moist forest,GF05014282S,Guianan Lowlands province,0,0,0,0,1,0,0,1,0,0,0,0,0,0,0,0,0,0,0,0,0,0,0,0,0,0,0,0,soil,2,2,50,50,,,2,2,,,,,,,,,,,,,,,,,,,,
GF05014283S,"French Guiana, Cayenne, Rorota",Neotropical,Boreal Brazilian,Guianan Lowlands province,Moist forest,GF05014283S,Guianan Lowlands province,9,0,0,0,0,0,0,1,0,0,0,0,0,0,0,0,0,0,0,0,0,1,0,0,0,1,0,1,soil,13,5,7.692307692,7.692307692,,,5,2.839971,,,,,,,,,,,,,,,,,,,,
GF05014284S,"French Guiana, Cayenne, Rorota",Neotropical,Boreal Brazilian,Guianan Lowlands province,Moist forest,GF05014284S,Guianan Lowlands province,51,0,0,1,0,0,0,0,0,1,1,0,0,11,0,0,0,3,0,0,0,3,0,0,0,0,0,13,soil,84,8,0,0,,,8,3.505027,,,,,,,,,,,,,,,,,,,,
GF05014285S,"French Guiana, Cayenne, Rorota",Neotropical,Boreal Brazilian,Guianan Lowlands province,Moist forest,GF05014285S,Guianan Lowlands province,62,0,0,1,0,0,0,0,0,0,0,0,0,12,0,1,0,5,0,0,0,7,0,0,0,1,0,8,soil,97,8,0,0,,,8,3.436488,,,,,,,,,,,,,,,,,,,,
GF05014286S,"French Guiana, Cayenne, Rorota",Neotropical,Boreal Brazilian,Guianan Lowlands province,Moist forest,GF05014286S,Guianan Lowlands province,28,0,0,1,0,0,0,2,0,0,0,0,0,2,0,4,0,2,0,0,0,6,0,0,0,1,0,5,soil,51,9,3.921568627,3.921568627,,,9,4.681044,,,,,,,,,,,,,,,,,,,,
GF05014287S,"French Guiana, Cayenne, Rorota",Neotropical,Boreal Brazilian,Guianan Lowlands province,Moist forest,GF05014287S,Guianan Lowlands province,31,0,0,0,0,0,0,1,0,0,0,0,0,3,0,2,0,0,0,0,0,5,0,0,0,0,0,3,soil,45,6,2.222222222,2.222222222,,,6,2.95918,,,,,,,,,,,,,,,,,,,,
GF05014634S,"Ullum Valley, San Juan Province",Neotropical,South American Transition Zone,Monte province,Desert scrub,GF05014634S,Monte province,0,0,0,0,0,0,0,0,0,0,0,0,0,0,0,0,0,0,0,0,0,3,0,0,0,0,0,0,rhizosphere soil,3,1,0,0,,,1,1,,,,,,,,,,,,,,,,,,,,
GF05014635S,"Ullum Valley, San Juan Province",Neotropical,South American Transition Zone,Monte province,Desert scrub,GF05014635S,Monte province,0,0,0,0,0,0,0,0,0,0,0,0,0,0,0,0,0,0,0,0,0,1,0,0,0,0,0,0,rhizosphere soil,1,1,0,0,,,1,1,,,,,,,,,,,,,,,,,,,,
GF05014636S,"Ullum Valley, San Juan Province",Neotropical,South American Transition Zone,Monte province,Desert scrub,GF05014636S,Monte province,0,0,0,0,0,0,0,0,0,0,0,0,0,0,0,0,0,0,0,0,0,1,0,0,0,0,0,0,rhizosphere soil,1,1,0,0,,,1,1,,,,,,,,,,,,,,,,,,,,
GF05014637S,"Ullum Valley, San Juan Province",Neotropical,South American Transition Zone,Monte province,Desert scrub,GF05014637S,Monte province,0,0,0,0,0,0,0,0,0,0,0,0,0,0,0,0,0,0,0,0,0,0,0,0,0,0,0,0,rhizosphere soil,0,0,#DIV/0!,0,,,0,1,,,,,,,,,,,,,,,,,,,,
GF05014638S,"Ullum Valley, San Juan Province",Neotropical,South American Transition Zone,Monte province,Desert scrub,GF05014638S,Monte province,0,0,0,0,0,0,0,0,0,0,0,0,0,0,0,0,0,0,0,0,0,0,0,0,0,0,0,0,rhizosphere soil,0,0,#DIV/0!,0,,,0,1,,,,,,,,,,,,,,,,,,,,
GF05014639S,"Ullum Valley, San Juan Province",Neotropical,South American Transition Zone,Monte province,Desert scrub,GF05014639S,Monte province,0,0,0,0,0,0,0,0,0,0,0,0,0,0,0,0,0,0,0,0,0,0,0,0,0,0,0,0,rhizosphere soil,0,0,#DIV/0!,0,,,0,1,,,,,,,,,,,,,,,,,,,,
GF05014640S,"Ullum Valley, San Juan Province",Neotropical,South American Transition Zone,Monte province,Desert scrub,GF05014640S,Monte province,0,0,0,0,0,0,0,0,0,0,0,0,0,0,0,0,0,0,0,0,0,2,0,0,0,0,0,0,rhizosphere soil,2,1,0,0,,,1,1,,,,,,,,,,,,,,,,,,,,
GF05014642S,"Ullum Valley, San Juan Province",Neotropical,South American Transition Zone,Monte province,Desert scrub,GF05014642S,Monte province,0,0,0,0,0,0,0,0,0,0,0,0,0,0,0,0,0,0,0,0,0,3,0,0,0,0,0,0,rhizosphere soil,3,1,0,0,,,1,1,,,,,,,,,,,,,,,,,,,,
GF05014643S,"Ullum Valley, San Juan Province",Neotropical,South American Transition Zone,Monte province,Desert scrub,GF05014643S,Monte province,0,0,0,0,0,0,0,0,0,0,0,0,0,0,0,0,0,0,0,0,0,4,0,0,0,0,0,0,rhizosphere soil,4,1,0,0,,,1,1,,,,,,,,,,,,,,,,,,,,
GF05014644S,"Ullum Valley, San Juan Province",Neotropical,South American Transition Zone,Monte province,Desert scrub,GF05014644S,Monte province,0,0,0,0,0,0,0,0,0,0,0,0,0,0,0,0,0,0,0,0,0,2,0,0,0,0,0,0,rhizosphere soil,2,1,0,0,,,1,1,,,,,,,,,,,,,,,,,,,,
GF05014645S,"Ullum Valley, San Juan Province",Neotropical,South American Transition Zone,Monte province,Desert scrub,GF05014645S,Monte province,0,0,0,0,0,0,0,0,0,0,0,0,0,0,0,0,0,0,0,0,0,0,0,0,0,0,0,0,rhizosphere soil,0,0,#DIV/0!,0,,,0,1,,,,,,,,,,,,,,,,,,,,
GF05014646S,"Ullum Valley, San Juan Province",Neotropical,South American Transition Zone,Monte province,Desert scrub,GF05014646S,Monte province,0,0,0,0,0,0,0,0,0,0,0,0,0,0,0,0,0,0,0,0,0,1,0,0,0,0,0,0,rhizosphere soil,1,1,0,0,,,1,1,,,,,,,,,,,,,,,,,,,,
GF05014648S,"Ullum Valley, San Juan Province",Neotropical,South American Transition Zone,Monte province,Desert scrub,GF05014648S,Monte province,0,0,0,0,0,0,0,0,0,0,0,0,0,0,0,0,0,0,0,0,0,0,0,0,0,0,0,0,rhizosphere soil,0,0,#DIV/0!,0,,,0,1,,,,,,,,,,,,,,,,,,,,
GF05014649S,"Ullum Valley, San Juan Province",Neotropical,South American Transition Zone,Monte province,Desert scrub,GF05014649S,Monte province,0,0,0,0,0,0,0,0,0,0,0,0,0,0,0,0,0,0,0,0,0,0,0,0,0,0,0,0,rhizosphere soil,0,0,#DIV/0!,0,,,0,1,,,,,,,,,,,,,,,,,,,,
GF05014650S,"Ullum Valley, San Juan Province",Neotropical,South American Transition Zone,Monte province,Desert scrub,GF05014650S,Monte province,0,0,0,0,0,0,0,0,0,0,0,0,0,0,0,0,0,0,0,0,0,0,0,0,0,0,0,0,rhizosphere soil,0,0,#DIV/0!,0,,,0,1,,,,,,,,,,,,,,,,,,,,
GF05014651S,"Ullum Valley, San Juan Province",Neotropical,South American Transition Zone,Monte province,Desert scrub,GF05014651S,Monte province,0,0,0,0,0,0,0,0,0,0,0,0,0,0,0,0,0,0,0,0,0,0,0,0,0,0,0,0,rhizosphere soil,0,0,#DIV/0!,0,,,0,1,,,,,,,,,,,,,,,,,,,,
GF05014652S,"Ullum Valley, San Juan Province",Neotropical,South American Transition Zone,Monte province,Desert scrub,GF05014652S,Monte province,0,0,0,0,0,0,0,0,0,0,0,0,0,0,0,0,0,0,0,0,0,0,0,0,0,0,0,0,rhizosphere soil,0,0,#DIV/0!,0,,,0,1,,,,,,,,,,,,,,,,,,,,
GF05014653S,"Ullum Valley, San Juan Province",Neotropical,South American Transition Zone,Monte province,Desert scrub,GF05014653S,Monte province,0,0,0,0,0,0,0,0,0,0,0,0,0,0,0,0,0,0,0,0,0,1,0,0,0,0,0,0,rhizosphere soil,1,1,0,0,,,1,1,,,,,,,,,,,,,,,,,,,,
GF05014654S,"Ullum Valley, San Juan Province",Neotropical,South American Transition Zone,Monte province,Desert scrub,GF05014654S,Monte province,0,0,0,0,0,0,0,0,0,0,0,0,0,0,0,0,0,0,0,0,0,0,0,0,0,0,0,0,rhizosphere soil,0,0,#DIV/0!,0,,,0,1,,,,,,,,,,,,,,,,,,,,
GF05014655S,"Ullum Valley, San Juan Province",Neotropical,South American Transition Zone,Monte province,Desert scrub,GF05014655S,Monte province,0,0,0,0,0,0,0,0,0,0,0,0,0,0,0,0,0,0,0,0,0,1,0,0,0,0,0,0,rhizosphere soil,1,1,0,0,,,1,1,,,,,,,,,,,,,,,,,,,,
GF05014656S,"Ullum Valley, San Juan Province",Neotropical,South American Transition Zone,Monte province,Desert scrub,GF05014656S,Monte province,0,0,0,0,0,0,0,0,0,0,0,0,0,0,0,0,0,0,0,0,0,0,0,0,0,0,0,0,rhizosphere soil,0,0,#DIV/0!,0,,,0,1,,,,,,,,,,,,,,,,,,,,
GF05014657S,"Ullum Valley, San Juan Province",Neotropical,South American Transition Zone,Monte province,Desert scrub,GF05014657S,Monte province,1,0,0,0,0,0,0,0,0,0,0,0,0,0,0,0,0,0,0,0,0,0,0,0,0,0,0,0,rhizosphere soil,1,1,0,0,,,1,1,,,,,,,,,,,,,,,,,,,,
GF05014658S,"Ullum Valley, San Juan Province",Neotropical,South American Transition Zone,Monte province,Desert scrub,GF05014658S,Monte province,0,0,0,0,0,0,0,0,0,0,0,0,0,0,0,0,0,0,0,0,0,0,0,0,0,0,0,0,rhizosphere soil,0,0,#DIV/0!,0,,,0,1,,,,,,,,,,,,,,,,,,,,
GF05014659S,"Ullum Valley, San Juan Province",Neotropical,South American Transition Zone,Monte province,Desert scrub,GF05014659S,Monte province,1,0,0,0,0,0,0,0,0,0,0,0,0,0,0,0,0,0,0,0,0,1,0,0,0,0,0,0,rhizosphere soil,2,2,0,0,,,2,2,,,,,,,,,,,,,,,,,,,,
GF05014660S,"Ullum Valley, San Juan Province",Neotropical,South American Transition Zone,Monte province,Desert scrub,GF05014660S,Monte province,0,0,0,0,0,0,0,0,0,0,0,0,0,0,0,0,0,0,0,0,0,0,0,0,0,0,0,0,rhizosphere soil,0,0,#DIV/0!,0,,,0,1,,,,,,,,,,,,,,,,,,,,
GF05014661S,"Ullum Valley, San Juan Province",Neotropical,South American Transition Zone,Monte province,Desert scrub,GF05014661S,Monte province,0,0,0,0,0,0,0,0,0,0,0,0,0,0,0,0,0,0,0,0,0,0,0,0,0,0,0,0,rhizosphere soil,0,0,#DIV/0!,0,,,0,1,,,,,,,,,,,,,,,,,,,,
GF05014662S,"Ullum Valley, San Juan Province",Neotropical,South American Transition Zone,Monte province,Desert scrub,GF05014662S,Monte province,1,0,0,0,0,0,0,0,0,0,0,0,0,0,0,0,0,0,0,0,0,2,0,0,0,0,0,0,rhizosphere soil,3,2,0,0,,,2,1.889882,,,,,,,,,,,,,,,,,,,,
GF05014663S,"Ullum Valley, San Juan Province",Neotropical,South American Transition Zone,Monte province,Desert scrub,GF05014663S,Monte province,0,0,0,0,0,0,0,0,0,0,0,0,0,0,0,0,0,0,0,0,0,1,0,0,0,0,0,0,rhizosphere soil,1,1,0,0,,,1,1,,,,,,,,,,,,,,,,,,,,
GF05014664S,"Ullum Valley, San Juan Province",Neotropical,South American Transition Zone,Monte province,Desert scrub,GF05014664S,Monte province,0,0,0,0,0,0,0,0,0,0,0,0,0,0,0,0,0,0,0,0,0,1,0,0,0,0,0,0,rhizosphere soil,1,1,0,0,,,1,1,,,,,,,,,,,,,,,,,,,,
GF05014665S,"Ullum Valley, San Juan Province",Neotropical,South American Transition Zone,Monte province,Desert scrub,GF05014665S,Monte province,0,0,0,0,0,0,0,0,0,0,0,0,0,0,0,0,0,0,0,0,0,0,0,0,0,0,0,0,rhizosphere soil,0,0,#DIV/0!,0,,,0,1,,,,,,,,,,,,,,,,,,,,
GF05014666S,"Ullum Valley, San Juan Province",Neotropical,South American Transition Zone,Monte province,Desert scrub,GF05014666S,Monte province,1,0,0,0,0,0,0,0,0,0,0,0,0,0,0,0,0,0,0,0,0,0,0,0,0,0,0,0,rhizosphere soil,1,1,0,0,,,1,1,,,,,,,,,,,,,,,,,,,,
GF05014667S,"Ullum Valley, San Juan Province",Neotropical,South American Transition Zone,Monte province,Desert scrub,GF05014667S,Monte province,0,0,0,0,0,0,0,0,0,0,0,0,0,0,0,0,0,0,0,0,0,0,0,0,0,0,0,0,rhizosphere soil,0,0,#DIV/0!,0,,,0,1,,,,,,,,,,,,,,,,,,,,
GF05015905S,"University of Florida (UF) Institute of Food and Agricultural Sciences (IFAS) Citrus Research and Education Center, Lake Alfred",N/A,N/A,N/A,Dry forest,GF05015905S,N/A,56,0,0,2,0,0,3,0,0,0,2,0,0,16,0,3,0,17,0,0,0,21,0,0,0,16,0,12,soil,148,10,0,0,,,10,6.3754,,,,,,,,,,,,,,,,,,,,
GF05015906S,"University of Florida (UF) Institute of Food and Agricultural Sciences (IFAS) Citrus Research and Education Center, Lake Alfred",N/A,N/A,N/A,Dry forest,GF05015906S,N/A,51,0,0,2,0,1,2,0,0,0,3,0,0,12,0,2,1,12,0,0,0,21,0,0,0,10,0,5,soil,122,12,0,0,,,12,6.244471,,,,,,,,,,,,,,,,,,,,
GF05015907S,"University of Florida (UF) Institute of Food and Agricultural Sciences (IFAS) Citrus Research and Education Center, Lake Alfred",N/A,N/A,N/A,Dry forest,GF05015907S,N/A,46,0,0,1,0,0,3,0,0,0,3,0,0,18,0,3,0,9,0,0,0,20,0,0,0,16,0,6,soil,125,10,0,0,,,10,6.332195,,,,,,,,,,,,,,,,,,,,
GF05015908S,"University of Florida (UF) Institute of Food and Agricultural Sciences (IFAS) Citrus Research and Education Center, Lake Alfred",N/A,N/A,N/A,Dry forest,GF05015908S,N/A,53,0,0,1,0,0,0,0,0,0,2,0,0,9,0,1,0,15,0,0,0,22,0,0,0,17,0,8,soil,128,9,0,0,,,9,5.408029,,,,,,,,,,,,,,,,,,,,
GF05015909S,"University of Florida (UF) Institute of Food and Agricultural Sciences (IFAS) Citrus Research and Education Center, Lake Alfred",N/A,N/A,N/A,Dry forest,GF05015909S,N/A,30,0,0,3,0,1,1,1,0,0,2,0,0,9,0,2,0,6,0,0,0,18,0,0,0,15,0,3,soil,91,12,1.098901099,1.098901099,,,12,6.911122,,,,,,,,,,,,,,,,,,,,
GF05015910S,"University of Florida (UF) Institute of Food and Agricultural Sciences (IFAS) Citrus Research and Education Center, Lake Alfred",N/A,N/A,N/A,Dry forest,GF05015910S,N/A,48,0,0,1,0,0,2,2,0,0,2,0,0,12,0,1,0,8,0,0,0,21,0,0,0,12,0,13,soil,122,11,1.639344262,1.639344262,,,11,6.198294,,,,,,,,,,,,,,,,,,,,
GF05015911S,"University of Florida (UF) Institute of Food and Agricultural Sciences (IFAS) Citrus Research and Education Center, Lake Alfred",N/A,N/A,N/A,Dry forest,GF05015911S,N/A,44,0,0,0,0,0,3,3,0,0,2,0,0,17,0,1,0,14,0,0,0,21,0,0,0,12,0,11,soil,128,10,2.34375,2.34375,,,10,6.589207,,,,,,,,,,,,,,,,,,,,
GF05015912S,"University of Florida (UF) Institute of Food and Agricultural Sciences (IFAS) Citrus Research and Education Center, Lake Alfred",N/A,N/A,N/A,Dry forest,GF05015912S,N/A,58,0,0,1,0,0,3,1,0,0,2,0,0,17,0,3,0,17,1,0,0,24,0,0,0,18,0,14,soil,159,12,0.628930818,0.628930818,,,12,6.635461,,,,,,,,,,,,,,,,,,,,
GF05015913S,"University of Florida (UF) Institute of Food and Agricultural Sciences (IFAS) Citrus Research and Education Center, Lake Alfred",N/A,N/A,N/A,Dry forest,GF05015913S,N/A,25,0,0,1,0,0,1,0,0,0,2,0,0,11,0,2,0,15,0,0,0,16,0,0,0,12,0,9,soil,94,10,0,0,,,10,6.99678,,,,,,,,,,,,,,,,,,,,
GF05015914S,"University of Florida (UF) Institute of Food and Agricultural Sciences (IFAS) Citrus Research and Education Center, Lake Alfred",N/A,N/A,N/A,Dry forest,GF05015914S,N/A,27,0,0,0,0,0,2,0,0,0,3,0,0,7,0,2,0,8,0,0,1,15,2,0,0,13,0,5,soil,85,11,0,0,,,11,7.295238,,,,,,,,,,,,,,,,,,,,
GF05015915S,"University of Florida (UF) Institute of Food and Agricultural Sciences (IFAS) Citrus Research and Education Center, Lake Alfred",N/A,N/A,N/A,Dry forest,GF05015915S,N/A,41,0,0,1,0,0,6,0,0,0,2,0,0,13,0,2,0,10,0,0,0,22,1,0,0,16,0,7,soil,121,11,0,0,,,11,6.811671,,,,,,,,,,,,,,,,,,,,
GF05015916S,"University of Florida (UF) Institute of Food and Agricultural Sciences (IFAS) Citrus Research and Education Center, Lake Alfred",N/A,N/A,N/A,Dry forest,GF05015916S,N/A,46,0,0,0,0,0,1,0,0,0,2,0,0,13,0,2,0,13,0,0,0,20,0,0,0,18,0,5,soil,120,9,0,0,,,9,5.7036,,,,,,,,,,,,,,,,,,,,
GF05015917S,"University of Florida (UF) Institute of Food and Agricultural Sciences (IFAS) Citrus Research and Education Center, Lake Alfred",N/A,N/A,N/A,Dry forest,GF05015917S,N/A,27,0,0,2,0,0,4,2,0,0,2,0,0,8,0,1,0,10,0,0,0,20,0,0,0,11,0,1,soil,88,11,2.272727273,2.272727273,,,11,6.85212,,,,,,,,,,,,,,,,,,,,
GF05015918S,"University of Florida (UF) Institute of Food and Agricultural Sciences (IFAS) Citrus Research and Education Center, Lake Alfred",N/A,N/A,N/A,Dry forest,GF05015918S,N/A,57,0,0,2,0,0,3,1,0,0,2,0,0,13,0,2,0,14,0,0,0,23,0,0,0,20,0,4,soil,141,11,0.709219858,0.709219858,,,11,5.972874,,,,,,,,,,,,,,,,,,,,
GF05015919S,"University of Florida (UF) Institute of Food and Agricultural Sciences (IFAS) Citrus Research and Education Center, Lake Alfred",N/A,N/A,N/A,Dry forest,GF05015919S,N/A,44,0,0,0,0,0,2,2,0,0,2,0,0,10,0,1,0,17,0,0,0,13,1,0,0,9,0,10,soil,111,11,1.801801802,1.801801802,,,11,6.326044,,,,,,,,,,,,,,,,,,,,
GF05015920S,"University of Florida (UF) Institute of Food and Agricultural Sciences (IFAS) Citrus Research and Education Center, Lake Alfred",N/A,N/A,N/A,Dry forest,GF05015920S,N/A,45,0,0,0,0,0,3,0,0,0,2,0,0,10,0,3,0,13,0,0,0,21,0,0,0,17,0,15,soil,129,9,0,0,,,9,6.354767,,,,,,,,,,,,,,,,,,,,
GF05015921S,"University of Florida (UF) Institute of Food and Agricultural Sciences (IFAS) Citrus Research and Education Center, Lake Alfred",N/A,N/A,N/A,Dry forest,GF05015921S,N/A,37,0,0,2,0,0,6,0,0,0,2,0,0,14,0,3,0,12,0,0,0,11,0,0,0,12,0,9,soil,108,10,0,0,,,10,7.15415,,,,,,,,,,,,,,,,,,,,
GF05015922S,"University of Florida (UF) Institute of Food and Agricultural Sciences (IFAS) Citrus Research and Education Center, Lake Alfred",N/A,N/A,N/A,Dry forest,GF05015922S,N/A,25,0,0,0,0,0,3,0,0,0,2,0,0,5,0,2,0,11,0,0,0,18,1,0,0,12,0,6,soil,85,10,0,0,,,10,6.890716,,,,,,,,,,,,,,,,,,,,
GF05015923S,"University of Florida (UF) Institute of Food and Agricultural Sciences (IFAS) Citrus Research and Education Center, Lake Alfred",N/A,N/A,N/A,Dry forest,GF05015923S,N/A,31,0,0,0,0,0,2,0,0,0,2,0,0,4,0,1,0,8,0,0,1,16,0,0,0,13,0,7,soil,85,10,0,0,,,10,6.185766,,,,,,,,,,,,,,,,,,,,
GF05015924S,"University of Florida (UF) Institute of Food and Agricultural Sciences (IFAS) Citrus Research and Education Center, Lake Alfred",N/A,N/A,N/A,Dry forest,GF05015924S,N/A,36,0,0,2,0,0,4,1,0,0,2,0,0,8,0,1,0,15,0,0,0,22,0,0,0,10,0,9,soil,110,11,0.909090909,0.909090909,,,11,6.850059,,,,,,,,,,,,,,,,,,,,
GF05015925S,"University of Florida (UF) Institute of Food and Agricultural Sciences (IFAS) Citrus Research and Education Center, Lake Alfred",N/A,N/A,N/A,Dry forest,GF05015925S,N/A,60,0,0,2,0,0,2,0,0,0,5,0,0,18,0,3,0,16,0,0,0,21,0,0,0,14,0,11,soil,152,10,0,0,,,10,6.318399,,,,,,,,,,,,,,,,,,,,
GF05015926S,"University of Florida (UF) Institute of Food and Agricultural Sciences (IFAS) Citrus Research and Education Center, Lake Alfred",N/A,N/A,N/A,Dry forest,GF05015926S,N/A,35,0,0,0,0,0,3,0,0,0,2,0,0,5,0,1,0,9,1,0,0,13,0,0,0,8,0,4,soil,81,10,0,0,,,10,5.879108,,,,,,,,,,,,,,,,,,,,
GF05015927S,"University of Florida (UF) Institute of Food and Agricultural Sciences (IFAS) Citrus Research and Education Center, Lake Alfred",N/A,N/A,N/A,Dry forest,GF05015927S,N/A,64,0,0,2,0,0,3,1,0,0,3,0,0,18,0,3,0,18,2,0,0,29,0,0,0,16,0,9,soil,168,12,0.595238095,0.595238095,,,12,6.565841,,,,,,,,,,,,,,,,,,,,
GF05015928S,"University of Florida (UF) Institute of Food and Agricultural Sciences (IFAS) Citrus Research and Education Center, Lake Alfred",N/A,N/A,N/A,Dry forest,GF05015928S,N/A,46,0,0,3,0,0,3,0,0,0,2,0,0,20,0,4,0,17,0,0,0,18,0,0,0,16,0,12,soil,141,10,0,0,,,10,6.97398,,,,,,,,,,,,,,,,,,,,
GF05015929S,"University of Florida (UF) Institute of Food and Agricultural Sciences (IFAS) Citrus Research and Education Center, Lake Alfred",N/A,N/A,N/A,Dry forest,GF05015929S,N/A,64,0,0,1,0,0,3,2,1,0,3,0,0,13,0,5,0,21,3,0,0,23,0,0,0,14,0,10,soil,163,13,1.226993865,1.226993865,,,13,6.924827,,,,,,,,,,,,,,,,,,,,
GF05015930S,"University of Florida (UF) Institute of Food and Agricultural Sciences (IFAS) Citrus Research and Education Center, Lake Alfred",N/A,N/A,N/A,Dry forest,GF05015930S,N/A,69,0,0,3,0,0,6,0,1,0,4,2,0,14,0,2,0,23,3,0,0,24,0,0,0,15,0,12,soil,178,13,0,0,,,13,7.094863,,,,,,,,,,,,,,,,,,,,
GF05015931S,"University of Florida (UF) Institute of Food and Agricultural Sciences (IFAS) Citrus Research and Education Center, Lake Alfred",N/A,N/A,N/A,Dry forest,GF05015931S,N/A,57,0,0,2,0,0,3,1,1,0,4,0,0,19,0,2,0,18,1,0,0,22,0,0,0,18,0,9,soil,157,13,0.636942675,0.636942675,,,13,6.932534,,,,,,,,,,,,,,,,,,,,
GF05015932S,"University of Florida (UF) Institute of Food and Agricultural Sciences (IFAS) Citrus Research and Education Center, Lake Alfred",N/A,N/A,N/A,Dry forest,GF05015932S,N/A,48,0,0,1,0,0,4,0,0,0,4,0,0,17,0,2,0,18,2,0,0,19,0,0,0,19,0,10,soil,144,11,0,0,,,11,7.031943,,,,,,,,,,,,,,,,,,,,
GF05015933S,"University of Florida (UF) Institute of Food and Agricultural Sciences (IFAS) Citrus Research and Education Center, Lake Alfred",N/A,N/A,N/A,Dry forest,GF05015933S,N/A,40,0,0,1,0,0,2,0,0,0,3,0,0,7,0,2,0,12,0,0,0,21,1,0,0,12,0,7,soil,108,11,0,0,,,11,6.444654,,,,,,,,,,,,,,,,,,,,
GF05015934S,"University of Florida (UF) Institute of Food and Agricultural Sciences (IFAS) Citrus Research and Education Center, Lake Alfred",N/A,N/A,N/A,Dry forest,GF05015934S,N/A,44,0,0,1,0,0,3,1,0,0,2,0,0,7,0,1,0,14,0,0,0,26,0,0,0,16,0,8,soil,123,11,0.81300813,0.81300813,,,11,6.200857,,,,,,,,,,,,,,,,,,,,
GF05015935S,"University of Florida (UF) Institute of Food and Agricultural Sciences (IFAS) Citrus Research and Education Center, Lake Alfred",N/A,N/A,N/A,Dry forest,GF05015935S,N/A,45,0,0,1,0,1,3,0,0,0,2,0,0,10,0,1,0,12,0,0,0,29,1,0,0,14,0,8,soil,127,12,0,0,,,12,6.369902,,,,,,,,,,,,,,,,,,,,
GF05015936S,"University of Florida (UF) Institute of Food and Agricultural Sciences (IFAS) Citrus Research and Education Center, Lake Alfred",N/A,N/A,N/A,Dry forest,GF05015936S,N/A,61,0,0,2,0,0,4,2,0,0,2,0,0,18,0,4,0,17,1,0,0,23,0,0,0,15,0,10,soil,159,12,1.257861635,1.257861635,,,12,6.765797,,,,,,,,,,,,,,,,,,,,
GF05015937S,"University of Florida (UF) Institute of Food and Agricultural Sciences (IFAS) Citrus Research and Education Center, Lake Alfred",N/A,N/A,N/A,Dry forest,GF05015937S,N/A,43,0,0,0,0,0,1,1,0,0,2,0,0,9,0,1,0,8,0,0,0,22,0,0,0,12,0,5,soil,104,10,0.961538462,0.961538462,,,10,5.517235,,,,,,,,,,,,,,,,,,,,
GF05015938S,"University of Florida (UF) Institute of Food and Agricultural Sciences (IFAS) Citrus Research and Education Center, Lake Alfred",N/A,N/A,N/A,Dry forest,GF05015938S,N/A,56,0,0,1,0,0,2,0,1,0,4,0,0,14,0,2,0,14,0,0,0,17,1,0,0,17,0,5,soil,134,12,0,0,,,12,6.191373,,,,,,,,,,,,,,,,,,,,
GF05015939S,"University of Florida (UF) Institute of Food and Agricultural Sciences (IFAS) Citrus Research and Education Center, Lake Alfred",N/A,N/A,N/A,Dry forest,GF05015939S,N/A,54,0,0,1,0,0,1,1,0,0,5,0,0,9,0,2,0,14,0,0,0,24,0,0,0,14,0,5,soil,130,11,0.769230769,0.769230769,,,11,5.864162,,,,,,,,,,,,,,,,,,,,
GF05015940S,"University of Florida (UF) Institute of Food and Agricultural Sciences (IFAS) Citrus Research and Education Center, Lake Alfred",N/A,N/A,N/A,Dry forest,GF05015940S,N/A,50,0,0,1,0,0,2,2,0,0,3,0,0,9,0,2,0,24,0,0,0,13,0,0,0,16,0,7,soil,129,11,1.550387597,1.550387597,,,11,6.253949,,,,,,,,,,,,,,,,,,,,
GF05015941S,"University of Florida (UF) Institute of Food and Agricultural Sciences (IFAS) Citrus Research and Education Center, Lake Alfred",N/A,N/A,N/A,Dry forest,GF05015941S,N/A,71,0,0,4,0,0,3,0,0,0,2,0,0,22,0,2,0,27,1,0,0,18,1,0,0,11,0,8,soil,170,12,0,0,,,12,6.077907,,,,,,,,,,,,,,,,,,,,
GF05015942S,"University of Florida (UF) Institute of Food and Agricultural Sciences (IFAS) Citrus Research and Education Center, Lake Alfred",N/A,N/A,N/A,Dry forest,GF05015942S,N/A,65,0,0,1,0,0,3,1,0,0,2,0,0,20,0,4,0,22,1,0,0,15,2,0,0,15,0,10,soil,161,13,0.621118012,0.621118012,,,13,6.565417,,,,,,,,,,,,,,,,,,,,
GF05015943S,"University of Florida (UF) Institute of Food and Agricultural Sciences (IFAS) Citrus Research and Education Center, Lake Alfred",N/A,N/A,N/A,Dry forest,GF05015943S,N/A,75,0,0,2,0,0,3,1,0,0,4,0,0,19,0,9,0,27,1,0,0,15,1,0,0,12,0,11,soil,180,13,0.555555556,0.555555556,,,13,6.581595,,,,,,,,,,,,,,,,,,,,
GF05015944S,"University of Florida (UF) Institute of Food and Agricultural Sciences (IFAS) Citrus Research and Education Center, Lake Alfred",N/A,N/A,N/A,Dry forest,GF05015944S,N/A,49,0,0,3,0,0,4,1,0,0,2,0,0,17,0,3,0,21,1,0,0,21,1,0,0,20,0,11,soil,154,13,0.649350649,0.649350649,,,13,7.444068,,,,,,,,,,,,,,,,,,,,
GF05015945S,"University of Florida (UF) Institute of Food and Agricultural Sciences (IFAS) Citrus Research and Education Center, Lake Alfred",N/A,N/A,N/A,Dry forest,GF05015945S,N/A,51,0,0,3,0,0,4,3,0,0,2,0,0,17,0,4,0,19,0,0,0,17,0,0,0,16,0,7,soil,143,11,2.097902098,2.097902098,,,11,7.077465,,,,,,,,,,,,,,,,,,,,
GF05015946S,"University of Florida (UF) Institute of Food and Agricultural Sciences (IFAS) Citrus Research and Education Center, Lake Alfred",N/A,N/A,N/A,Dry forest,GF05015946S,N/A,52,0,0,2,0,0,6,0,0,0,2,0,0,11,0,2,0,22,0,0,0,20,0,0,0,16,0,9,soil,142,10,0,0,,,10,6.460141,,,,,,,,,,,,,,,,,,,,
GF05015947S,"University of Florida (UF) Institute of Food and Agricultural Sciences (IFAS) Citrus Research and Education Center, Lake Alfred",N/A,N/A,N/A,Dry forest,GF05015947S,N/A,43,0,0,1,0,0,3,1,0,0,3,0,0,12,0,2,0,24,0,0,0,17,0,0,0,11,0,5,soil,122,11,0.819672131,0.819672131,,,11,6.464947,,,,,,,,,,,,,,,,,,,,
GF05015948S,"University of Florida (UF) Institute of Food and Agricultural Sciences (IFAS) Citrus Research and Education Center, Lake Alfred",N/A,N/A,N/A,Dry forest,GF05015948S,N/A,49,0,0,3,0,0,2,2,1,0,2,0,0,13,0,2,0,16,1,0,0,28,0,0,0,17,0,12,soil,148,13,1.351351351,1.351351351,,,13,7.146309,,,,,,,,,,,,,,,,,,,,
GF05015949S,"University of Florida (UF) Institute of Food and Agricultural Sciences (IFAS) Citrus Research and Education Center, Lake Alfred",N/A,N/A,N/A,Dry forest,GF05015949S,N/A,58,0,0,3,0,0,4,0,0,0,2,0,0,15,0,3,0,22,3,0,0,22,1,0,0,14,0,8,soil,155,12,0,0,,,12,6.891611,,,,,,,,,,,,,,,,,,,,
GF05015950S,"University of Florida (UF) Institute of Food and Agricultural Sciences (IFAS) Citrus Research and Education Center, Lake Alfred",N/A,N/A,N/A,Dry forest,GF05015950S,N/A,25,0,0,1,0,0,0,2,0,0,2,0,0,5,0,1,0,4,0,0,0,18,0,0,0,13,0,6,soil,77,10,2.597402597,2.597402597,,,10,6.283026,,,,,,,,,,,,,,,,,,,,
GF05015951S,"University of Florida (UF) Institute of Food and Agricultural Sciences (IFAS) Citrus Research and Education Center, Lake Alfred",N/A,N/A,N/A,Dry forest,GF05015951S,N/A,30,0,0,2,0,0,1,1,0,0,2,0,0,6,0,2,0,7,0,0,0,13,0,0,0,13,0,3,soil,80,11,1.25,1.25,,,11,6.521706,,,,,,,,,,,,,,,,,,,,
GF05015952S,"University of Florida (UF) Institute of Food and Agricultural Sciences (IFAS) Citrus Research and Education Center, Lake Alfred",N/A,N/A,N/A,Dry forest,GF05015952S,N/A,32,0,0,0,0,0,3,1,0,0,2,0,0,5,0,2,0,5,1,0,0,20,0,0,0,10,0,8,soil,89,11,1.123595506,1.123595506,,,11,6.518713,,,,,,,,,,,,,,,,,,,,
GF05015953S,"University of Florida (UF) Institute of Food and Agricultural Sciences (IFAS) Citrus Research and Education Center, Lake Alfred",N/A,N/A,N/A,Dry forest,GF05015953S,N/A,48,0,0,1,0,0,3,3,0,0,2,0,0,12,0,2,0,10,0,0,0,27,0,0,0,15,0,7,soil,130,11,2.307692308,2.307692308,,,11,6.41007,,,,,,,,,,,,,,,,,,,,
GF05015954S,"University of Florida (UF) Institute of Food and Agricultural Sciences (IFAS) Citrus Research and Education Center, Lake Alfred",N/A,N/A,N/A,Dry forest,GF05015954S,N/A,21,0,0,0,0,0,2,0,0,0,2,0,0,5,0,1,0,7,0,0,0,13,0,0,0,10,0,2,soil,63,9,0,0,,,9,6.193928,,,,,,,,,,,,,,,,,,,,
GF05015955S,"University of Florida (UF) Institute of Food and Agricultural Sciences (IFAS) Citrus Research and Education Center, Lake Alfred",N/A,N/A,N/A,Dry forest,GF05015955S,N/A,32,0,0,1,0,0,4,1,0,0,2,0,0,8,0,1,0,9,0,0,0,12,0,0,0,12,0,5,soil,87,11,1.149425287,1.149425287,,,11,6.78682,,,,,,,,,,,,,,,,,,,,
GF05015956S,"University of Florida (UF) Institute of Food and Agricultural Sciences (IFAS) Citrus Research and Education Center, Lake Alfred",N/A,N/A,N/A,Dry forest,GF05015956S,N/A,34,0,0,1,0,0,5,0,0,0,2,0,0,8,0,1,0,11,0,0,0,20,0,0,0,10,0,7,soil,99,10,0,0,,,10,6.546417,,,,,,,,,,,,,,,,,,,,
GF05015957S,"University of Florida (UF) Institute of Food and Agricultural Sciences (IFAS) Citrus Research and Education Center, Lake Alfred",N/A,N/A,N/A,Dry forest,GF05015957S,N/A,69,0,0,4,0,1,1,1,2,0,4,0,0,22,0,2,0,25,0,0,0,20,0,0,0,17,0,8,soil,176,13,0.568181818,0.568181818,,,13,6.550499,,,,,,,,,,,,,,,,,,,,
GF05015958S,"University of Florida (UF) Institute of Food and Agricultural Sciences (IFAS) Citrus Research and Education Center, Lake Alfred",N/A,N/A,N/A,Dry forest,GF05015958S,N/A,50,0,0,1,0,0,3,1,1,0,3,0,0,9,0,3,0,12,0,0,0,23,0,0,0,11,0,9,soil,126,12,0.793650794,0.793650794,,,12,6.508964,,,,,,,,,,,,,,,,,,,,
GF05015959S,"University of Florida (UF) Institute of Food and Agricultural Sciences (IFAS) Citrus Research and Education Center, Lake Alfred",N/A,N/A,N/A,Dry forest,GF05015959S,N/A,44,0,0,1,0,0,2,0,0,0,2,0,0,17,0,2,0,19,0,0,0,18,0,0,0,17,0,10,soil,132,10,0,0,,,10,6.473591,,,,,,,,,,,,,,,,,,,,
GF05015960S,"University of Florida (UF) Institute of Food and Agricultural Sciences (IFAS) Citrus Research and Education Center, Lake Alfred",N/A,N/A,N/A,Dry forest,GF05015960S,N/A,45,0,0,1,0,0,3,0,0,0,3,0,0,17,0,4,0,15,0,0,0,19,0,0,0,10,0,5,soil,122,10,0,0,,,10,6.420112,,,,,,,,,,,,,,,,,,,,
GF05015961S,"University of Florida (UF) Institute of Food and Agricultural Sciences (IFAS) Citrus Research and Education Center, Lake Alfred",N/A,N/A,N/A,Dry forest,GF05015961S,N/A,42,0,0,3,0,0,3,0,1,0,2,0,0,19,0,2,0,14,0,0,0,23,1,0,0,15,0,13,soil,138,12,0,0,,,12,7.316701,,,,,,,,,,,,,,,,,,,,
GF05015962S,"University of Florida (UF) Institute of Food and Agricultural Sciences (IFAS) Citrus Research and Education Center, Lake Alfred",N/A,N/A,N/A,Dry forest,GF05015962S,N/A,60,0,0,1,0,0,1,0,1,0,3,0,0,20,0,2,0,22,0,0,0,20,2,0,0,15,0,11,soil,158,12,0,0,,,12,6.401459,,,,,,,,,,,,,,,,,,,,
GF05015963S,"University of Florida (UF) Institute of Food and Agricultural Sciences (IFAS) Citrus Research and Education Center, Lake Alfred",N/A,N/A,N/A,Dry forest,GF05015963S,N/A,70,0,0,2,0,0,2,0,1,0,5,0,0,23,0,2,0,24,1,0,0,26,2,0,0,19,0,14,soil,191,13,0,0,,,13,6.802623,,,,,,,,,,,,,,,,,,,,
GF05015964S,"University of Florida (UF) Institute of Food and Agricultural Sciences (IFAS) Citrus Research and Education Center, Lake Alfred",N/A,N/A,N/A,Dry forest,GF05015964S,N/A,59,0,0,3,0,0,3,0,0,0,3,0,0,12,0,2,0,21,0,0,0,31,0,0,0,23,0,11,soil,168,10,0,0,,,10,6.340043,,,,,,,,,,,,,,,,,,,,
GF05015965S,"University of Florida (UF) Institute of Food and Agricultural Sciences (IFAS) Citrus Research and Education Center, Lake Alfred",N/A,N/A,N/A,Dry forest,GF05015965S,N/A,46,0,0,2,0,1,2,1,0,0,3,0,0,18,0,1,0,24,0,0,0,14,0,0,0,11,0,6,soil,129,12,0.775193798,0.775193798,,,12,6.545162,,,,,,,,,,,,,,,,,,,,
GF05015966S,"University of Florida (UF) Institute of Food and Agricultural Sciences (IFAS) Citrus Research and Education Center, Lake Alfred",N/A,N/A,N/A,Dry forest,GF05015966S,N/A,41,0,0,1,0,0,4,3,0,0,2,0,0,14,0,2,0,14,0,0,0,21,0,0,0,13,0,11,soil,126,11,2.380952381,2.380952381,,,11,7.155424,,,,,,,,,,,,,,,,,,,,
GF05015967S,"University of Florida (UF) Institute of Food and Agricultural Sciences (IFAS) Citrus Research and Education Center, Lake Alfred",N/A,N/A,N/A,Dry forest,GF05015967S,N/A,46,0,0,0,0,0,1,1,0,0,2,0,0,14,0,1,0,18,0,0,0,20,0,0,0,17,0,11,soil,131,10,0.763358779,0.763358779,,,10,6.138847,,,,,,,,,,,,,,,,,,,,
GF05015968S,"University of Florida (UF) Institute of Food and Agricultural Sciences (IFAS) Citrus Research and Education Center, Lake Alfred",N/A,N/A,N/A,Dry forest,GF05015968S,N/A,66,0,0,2,0,0,5,0,2,0,5,0,0,27,0,2,0,31,0,0,0,22,0,0,0,19,0,13,soil,194,11,0,0,,,11,6.820297,,,,,,,,,,,,,,,,,,,,
GF05015969S,"University of Florida (UF) Institute of Food and Agricultural Sciences (IFAS) Citrus Research and Education Center, Lake Alfred",N/A,N/A,N/A,Dry forest,GF05015969S,N/A,49,0,0,2,0,0,2,1,0,0,2,0,0,14,0,1,0,13,0,0,0,25,0,0,0,13,0,12,soil,134,11,0.746268657,0.746268657,,,11,6.342103,,,,,,,,,,,,,,,,,,,,
GF05015970S,"University of Florida (UF) Institute of Food and Agricultural Sciences (IFAS) Citrus Research and Education Center, Lake Alfred",N/A,N/A,N/A,Dry forest,GF05015970S,N/A,42,0,0,3,0,0,2,1,0,0,3,0,0,10,0,2,0,14,0,0,0,23,1,0,0,15,0,7,soil,123,12,0.81300813,0.81300813,,,12,6.992844,,,,,,,,,,,,,,,,,,,,
GF05015971S,"University of Florida (UF) Institute of Food and Agricultural Sciences (IFAS) Citrus Research and Education Center, Lake Alfred",N/A,N/A,N/A,Dry forest,GF05015971S,N/A,44,0,0,2,0,1,4,0,0,0,2,0,0,13,0,1,0,9,0,0,0,25,0,0,0,17,0,8,soil,126,11,0,0,,,11,6.516059,,,,,,,,,,,,,,,,,,,,
GF05015972S,"University of Florida (UF) Institute of Food and Agricultural Sciences (IFAS) Citrus Research and Education Center, Lake Alfred",N/A,N/A,N/A,Dry forest,GF05015972S,N/A,53,0,0,1,0,0,2,0,0,0,2,0,0,16,0,3,0,20,0,0,0,22,0,0,0,18,0,8,soil,145,10,0,0,,,10,6.184269,,,,,,,,,,,,,,,,,,,,
GF05015973S,"University of Florida (UF) Institute of Food and Agricultural Sciences (IFAS) Citrus Research and Education Center, Lake Alfred",N/A,N/A,N/A,Dry forest,GF05015973S,N/A,43,0,0,2,0,0,2,1,1,0,4,0,0,15,0,3,0,12,0,0,2,29,0,0,0,13,0,10,soil,137,13,0.729927007,0.729927007,,,13,7.434744,,,,,,,,,,,,,,,,,,,,
GF05015974S,"University of Florida (UF) Institute of Food and Agricultural Sciences (IFAS) Citrus Research and Education Center, Lake Alfred",N/A,N/A,N/A,Dry forest,GF05015974S,N/A,63,0,0,1,0,0,1,1,1,0,3,0,0,15,0,3,0,18,2,0,0,24,0,0,0,19,0,15,soil,166,13,0.602409639,0.602409639,,,13,6.634087,,,,,,,,,,,,,,,,,,,,
GF05015975S,"University of Florida (UF) Institute of Food and Agricultural Sciences (IFAS) Citrus Research and Education Center, Lake Alfred",N/A,N/A,N/A,Dry forest,GF05015975S,N/A,52,0,0,0,0,0,4,3,0,0,2,0,0,13,0,5,0,18,0,0,0,25,2,0,0,23,0,11,soil,158,11,1.898734177,1.898734177,,,11,7.133035,,,,,,,,,,,,,,,,,,,,
GF05015976S,"University of Florida (UF) Institute of Food and Agricultural Sciences (IFAS) Citrus Research and Education Center, Lake Alfred",N/A,N/A,N/A,Dry forest,GF05015976S,N/A,46,0,0,2,0,0,2,1,0,0,2,0,0,11,0,1,0,7,0,0,0,17,0,0,0,12,0,12,soil,113,11,0.884955752,0.884955752,,,11,6.196915,,,,,,,,,,,,,,,,,,,,
GF05015977S,"University of Florida (UF) Institute of Food and Agricultural Sciences (IFAS) Citrus Research and Education Center, Lake Alfred",N/A,N/A,N/A,Dry forest,GF05015977S,N/A,44,0,0,1,0,0,2,2,0,0,3,0,0,14,0,2,0,13,0,0,0,24,0,0,0,17,0,8,soil,130,11,1.538461538,1.538461538,,,11,6.709378,,,,,,,,,,,,,,,,,,,,
GF05015978S,"University of Florida (UF) Institute of Food and Agricultural Sciences (IFAS) Citrus Research and Education Center, Lake Alfred",N/A,N/A,N/A,Dry forest,GF05015978S,N/A,54,0,0,1,0,0,2,0,0,0,3,0,0,18,0,3,0,15,0,0,0,21,0,0,0,18,0,7,soil,142,10,0,0,,,10,6.157699,,,,,,,,,,,,,,,,,,,,
GF05015979S,"University of Florida (UF) Institute of Food and Agricultural Sciences (IFAS) Citrus Research and Education Center, Lake Alfred",N/A,N/A,N/A,Dry forest,GF05015979S,N/A,55,0,0,3,0,0,1,0,0,0,2,0,0,19,0,4,0,13,1,0,0,26,0,0,0,16,0,12,soil,152,11,0,0,,,11,6.513089,,,,,,,,,,,,,,,,,,,,
GF05015980S,"University of Florida (UF) Institute of Food and Agricultural Sciences (IFAS) Citrus Research and Education Center, Lake Alfred",N/A,N/A,N/A,Dry forest,GF05015980S,N/A,43,0,0,1,1,0,2,0,0,0,2,0,0,7,0,2,0,11,0,0,0,19,0,0,0,15,0,11,soil,114,11,0,0,,,11,6.370762,,,,,,,,,,,,,,,,,,,,
GF05015981S,"University of Florida (UF) Institute of Food and Agricultural Sciences (IFAS) Citrus Research and Education Center, Lake Alfred",N/A,N/A,N/A,Dry forest,GF05015981S,N/A,60,0,0,0,0,0,1,1,0,0,3,0,0,13,0,3,0,9,0,0,0,22,0,0,0,13,0,10,soil,135,10,0.740740741,0.740740741,,,10,5.595595,,,,,,,,,,,,,,,,,,,,
GF05015982S,"University of Florida (UF) Institute of Food and Agricultural Sciences (IFAS) Citrus Research and Education Center, Lake Alfred",N/A,N/A,N/A,Dry forest,GF05015982S,N/A,43,0,0,3,0,0,4,1,0,0,2,0,0,13,0,1,0,13,0,0,0,17,0,0,0,13,0,6,soil,116,11,0.862068966,0.862068966,,,11,6.692199,,,,,,,,,,,,,,,,,,,,
GF05015983S,"University of Florida (UF) Institute of Food and Agricultural Sciences (IFAS) Citrus Research and Education Center, Lake Alfred",N/A,N/A,N/A,Dry forest,GF05015983S,N/A,44,0,0,1,0,0,2,0,0,0,2,0,0,11,0,2,0,13,0,0,0,14,0,0,0,11,0,9,soil,109,10,0,0,,,10,6.143264,,,,,,,,,,,,,,,,,,,,
GF05015984S,"University of Florida (UF) Institute of Food and Agricultural Sciences (IFAS) Citrus Research and Education Center, Lake Alfred",N/A,N/A,N/A,Dry forest,GF05015984S,N/A,32,0,0,0,0,0,0,1,0,0,3,0,0,10,0,1,0,12,0,0,0,18,0,0,0,13,0,5,soil,95,9,1.052631579,1.052631579,,,9,6.12371,,,,,,,,,,,,,,,,,,,,
GF05016050S,"Santiago Comaltepec, Oaxaca",Neotropical,NA,Sierra Madre del Sur province,Moist forest|Wet forest,GF05016050S,Sierra Madre del Sur province,151,0,1,8,3,0,0,7,0,4,0,2,1,34,0,9,3,11,1,0,3,59,0,0,0,7,0,26,soil,330,17,2.121212121,2.121212121,,,17,6.236923,,,,,,,,,,,,,,,,,,,,
GF05016051S,"Santiago Comaltepec, Oaxaca",Neotropical,NA,Sierra Madre del Sur province,Moist forest|Wet forest,GF05016051S,Sierra Madre del Sur province,172,0,1,11,7,0,1,3,0,5,1,0,4,28,0,6,1,18,6,0,2,64,0,0,0,5,0,30,soil,365,18,0.821917808,0.821917808,,,18,6.213248,,,,,,,,,,,,,,,,,,,,
GF05016052S,"Santiago Comaltepec, Oaxaca",Neotropical,NA,Sierra Madre del Sur province,Moist forest|Wet forest,GF05016052S,Sierra Madre del Sur province,74,0,1,6,0,0,1,7,0,5,0,1,0,13,0,7,2,6,0,0,4,38,0,0,0,3,0,14,soil,182,15,3.846153846,3.846153846,,,15,6.959157,,,,,,,,,,,,,,,,,,,,
GF05016053S,"Santiago Comaltepec, Oaxaca",Neotropical,NA,Sierra Madre del Sur province,Moist forest|Wet forest,GF05016053S,Sierra Madre del Sur province,113,0,0,8,7,0,2,5,0,2,0,0,0,25,0,7,2,9,0,0,2,36,0,0,0,5,0,14,soil,237,14,2.109704641,2.109704641,,,14,6.137507,,,,,,,,,,,,,,,,,,,,
GF05016054S,"Santiago Comaltepec, Oaxaca",Neotropical,NA,Sierra Madre del Sur province,Moist forest|Wet forest,GF05016054S,Sierra Madre del Sur province,141,0,0,7,0,0,2,5,2,3,0,0,0,37,0,6,2,20,3,0,2,27,0,0,0,5,0,33,soil,295,15,1.694915254,1.694915254,,,15,6.01669,,,,,,,,,,,,,,,,,,,,
GF05016055S,"Santiago Comaltepec, Oaxaca",Neotropical,NA,Sierra Madre del Sur province,Moist forest|Wet forest,GF05016055S,Sierra Madre del Sur province,114,0,1,4,7,0,1,8,0,2,0,2,2,18,0,9,1,7,0,0,1,56,0,0,0,4,0,10,soil,247,17,3.238866397,3.238866397,,,17,5.974619,,,,,,,,,,,,,,,,,,,,
GF05016056S,"Santiago Comaltepec, Oaxaca",Neotropical,NA,Sierra Madre del Sur province,Moist forest|Wet forest,GF05016056S,Sierra Madre del Sur province,167,0,0,9,3,0,0,7,0,5,1,0,0,45,0,15,3,16,2,0,3,79,0,0,0,10,0,24,soil,389,15,1.799485861,1.799485861,,,15,6.230242,,,,,,,,,,,,,,,,,,,,
GF05016057S,"Santiago Comaltepec, Oaxaca",Neotropical,NA,Sierra Madre del Sur province,Moist forest|Wet forest,GF05016057S,Sierra Madre del Sur province,187,0,2,5,7,0,2,9,2,4,0,0,0,33,0,11,2,9,3,0,0,43,0,0,0,5,0,22,soil,346,16,2.601156069,2.601156069,,,16,5.494591,,,,,,,,,,,,,,,,,,,,
GF05016058S,"Santiago Comaltepec, Oaxaca",Neotropical,NA,Sierra Madre del Sur province,Moist forest|Wet forest,GF05016058S,Sierra Madre del Sur province,148,0,0,7,9,0,2,7,0,8,1,0,0,14,0,9,1,11,1,0,1,63,0,0,0,3,0,14,soil,299,16,2.341137124,2.341137124,,,16,5.606364,,,,,,,,,,,,,,,,,,,,
GF05016731S,"Morro Moreno National Park, Antofagasta region",N/A,N/A,N/A,Desert,GF05016731S,N/A,1,0,0,0,0,0,0,0,0,0,0,1,0,0,0,0,0,0,0,0,0,5,0,0,0,0,0,0,soil,7,3,0,0,,,3,2.217347,,,,,,,,,,,,,,,,,,,,
GF05016732S,"Morro Moreno National Park, Antofagasta region",N/A,N/A,N/A,Desert,GF05016732S,N/A,23,0,0,0,0,0,0,0,0,0,0,6,1,2,0,0,0,3,0,0,0,8,0,0,0,3,0,1,soil,47,8,0,0,,,8,4.774695,,,,,,,,,,,,,,,,,,,,
GF05016733S,"Morro Moreno National Park, Antofagasta region",N/A,N/A,N/A,Desert,GF05016733S,N/A,0,0,0,0,0,0,0,0,0,0,0,2,0,0,0,0,0,0,0,0,0,4,0,0,0,0,0,0,soil,6,2,0,0,,,2,1.889882,,,,,,,,,,,,,,,,,,,,
GF05016734S,"Morro Moreno National Park, Antofagasta region",N/A,N/A,N/A,Desert,GF05016734S,N/A,4,0,0,0,0,0,0,0,0,0,0,5,0,1,0,0,0,3,0,0,0,4,0,0,0,6,0,0,soil,23,6,0,0,,,6,5.434211,,,,,,,,,,,,,,,,,,,,
GF05016735S,"Morro Moreno National Park, Antofagasta region",N/A,N/A,N/A,Desert,GF05016735S,N/A,10,0,0,0,0,0,0,0,0,0,0,2,0,0,0,0,0,2,0,0,0,6,0,0,0,0,0,0,soil,20,4,0,0,,,4,3.216463,,,,,,,,,,,,,,,,,,,,
GF05016736S,"Morro Moreno National Park, Antofagasta region",N/A,N/A,N/A,Desert,GF05016736S,N/A,23,0,0,0,0,0,0,0,0,0,0,10,1,6,0,0,0,4,0,0,0,9,0,0,0,2,0,3,soil,58,8,0,0,,,8,5.570161,,,,,,,,,,,,,,,,,,,,
GF05016737S,"Morro Moreno National Park, Antofagasta region",N/A,N/A,N/A,Desert,GF05016737S,N/A,17,0,0,0,0,0,0,0,0,0,0,2,7,1,0,0,0,0,0,0,0,6,0,0,0,0,0,0,soil,33,5,0,0,,,5,3.512827,,,,,,,,,,,,,,,,,,,,
GF05016738S,"Morro Moreno National Park, Antofagasta region",N/A,N/A,N/A,Desert,GF05016738S,N/A,11,0,0,0,0,0,0,0,0,0,0,2,1,3,0,0,0,3,1,0,0,6,0,0,0,1,0,1,soil,29,9,0,0,,,9,6.122302,,,,,,,,,,,,,,,,,,,,
GF05016739S,"Morro Moreno National Park, Antofagasta region",N/A,N/A,N/A,Desert,GF05016739S,N/A,19,0,0,0,0,0,0,0,0,0,0,2,12,1,0,0,0,0,2,0,0,7,0,0,0,0,0,0,soil,43,6,0,0,,,6,3.996631,,,,,,,,,,,,,,,,,,,,
GF05016740S,"Morro Moreno National Park, Antofagasta region",N/A,N/A,N/A,Desert,GF05016740S,N/A,31,0,0,0,0,0,0,0,0,0,0,2,5,2,0,0,0,6,0,0,0,11,0,0,0,1,0,3,soil,61,8,0,0,,,8,4.598285,,,,,,,,,,,,,,,,,,,,
GF05016741S,"Morro Moreno National Park, Antofagasta region",N/A,N/A,N/A,Desert,GF05016741S,N/A,50,0,0,1,0,0,0,0,0,0,0,2,3,3,0,0,0,10,0,0,0,15,0,0,0,2,0,4,soil,90,9,0,0,,,9,4.278569,,,,,,,,,,,,,,,,,,,,
GF05016742S,"Morro Moreno National Park, Antofagasta region",N/A,N/A,N/A,Desert,GF05016742S,N/A,24,0,0,0,0,0,0,0,0,0,0,2,7,1,0,0,0,0,1,0,0,5,0,0,0,1,0,1,soil,42,8,0,0,,,8,3.946045,,,,,,,,,,,,,,,,,,,,
GF05016743S,"Morro Moreno National Park, Antofagasta region",N/A,N/A,N/A,Desert,GF05016743S,N/A,18,0,0,0,0,0,0,0,0,0,0,2,0,0,0,0,0,3,0,0,0,14,0,0,0,3,0,2,soil,42,6,0,0,,,6,4.040201,,,,,,,,,,,,,,,,,,,,
GF05016744S,"Morro Moreno National Park, Antofagasta region",N/A,N/A,N/A,Desert,GF05016744S,N/A,18,0,0,0,0,0,0,0,0,0,0,2,4,0,0,0,0,2,0,0,0,7,0,0,0,0,0,1,soil,34,6,0,0,,,6,3.860879,,,,,,,,,,,,,,,,,,,,
GF05018024S,"California, Rose Canyon UCSD",N/A,N/A,N/A,,GF05018024S,N/A,20,0,0,1,0,0,4,0,0,0,0,0,0,6,0,0,0,2,0,0,0,11,0,0,0,3,0,0,soil,47,7,0,0,,,7,4.796185,,,,,,,,,,,,,,,,,,,,
GF05018025S,"California, Rose Canyon UCSD",N/A,N/A,N/A,,GF05018025S,N/A,15,0,0,1,0,0,1,6,0,0,0,0,0,1,0,2,0,1,0,0,0,9,0,0,0,5,0,1,soil,42,10,14.28571429,14.28571429,,,10,6.166322,,,,,,,,,,,,,,,,,,,,
GF05018026S,"California, Rose Canyon UCSD",N/A,N/A,N/A,,GF05018026S,N/A,13,0,0,1,0,0,1,1,0,0,0,0,0,2,1,0,0,7,0,0,0,0,1,0,0,1,0,0,soil,28,9,3.571428571,3.571428571,,,9,4.979588,,,,,,,,,,,,,,,,,,,,
GF05018028S,"California, Dawson Los Monos Canyon",N/A,N/A,N/A,,GF05018028S,N/A,31,0,0,1,0,0,3,2,0,1,0,0,0,10,0,1,0,8,0,0,0,16,0,1,0,4,0,4,soil,82,12,2.43902439,2.43902439,,,12,6.629231,,,,,,,,,,,,,,,,,,,,
GF05018075S,"California, South Mission Beach",N/A,N/A,N/A,,GF05018075S,N/A,0,0,0,0,0,0,0,0,0,0,0,0,0,0,0,0,0,0,0,0,0,1,0,0,0,2,0,1,soil,4,3,0,0,,,3,2.828427,,,,,,,,,,,,,,,,,,,,
GF05018076S,"California, South Mission Beach",N/A,N/A,N/A,,GF05018076S,N/A,0,0,0,0,0,0,0,0,0,0,0,0,0,0,0,0,0,0,0,0,0,0,0,0,0,0,0,0,soil,0,0,#DIV/0!,0,,,0,1,,,,,,,,,,,,,,,,,,,,
GF05018077S,"California, Kendall-Frost Mission Bay Marsh",N/A,N/A,N/A,,GF05018077S,N/A,15,0,1,0,0,0,0,0,0,0,0,0,0,2,0,0,2,10,0,0,0,1,0,0,0,1,0,8,soil,40,8,0,0,,,8,5.015391,,,,,,,,,,,,,,,,,,,,
GF05018078S,"California, Kendall-Frost Mission Bay Marsh",N/A,N/A,N/A,,GF05018078S,N/A,11,0,0,0,0,0,0,0,0,0,0,0,0,3,0,0,0,12,0,0,0,5,0,0,0,0,0,7,soil,38,5,0,0,,,5,4.489734,,,,,,,,,,,,,,,,,,,,
GF05018097S,"California, Torrey Pines State Reserve",N/A,N/A,N/A,,GF05018097S,N/A,0,0,0,0,0,0,0,0,0,0,0,0,0,0,0,0,1,1,0,0,0,1,0,0,0,0,0,0,soil,3,3,0,0,,,3,3,,,,,,,,,,,,,,,,,,,,
GF05018098S,"California, Torrey Pines State Reserve",N/A,N/A,N/A,,GF05018098S,N/A,38,0,0,3,0,0,1,0,0,0,0,3,0,4,0,0,0,16,0,0,0,13,1,0,0,14,0,5,soil,98,10,0,0,,,10,6.041131,,,,,,,,,,,,,,,,,,,,
GF05018141S,"California, Scripps Coastal Reserve",N/A,N/A,N/A,,GF05018141S,N/A,20,0,0,0,0,0,0,0,0,0,0,0,0,4,2,0,0,4,0,0,0,10,0,0,0,3,0,1,soil,44,7,0,0,,,7,4.667916,,,,,,,,,,,,,,,,,,,,
GF05018142S,"California, Scripps Coastal Reserve",N/A,N/A,N/A,,GF05018142S,N/A,33,0,0,2,0,0,2,0,0,0,0,0,0,11,1,0,0,7,0,0,0,14,1,0,0,3,0,2,soil,76,10,0,0,,,10,5.484852,,,,,,,,,,,,,,,,,,,,
GF05018143S,"California, Scripps Coastal Reserve",N/A,N/A,N/A,,GF05018143S,N/A,24,0,0,0,0,0,1,0,0,0,1,0,1,3,0,0,0,9,0,0,0,13,0,0,0,5,0,2,soil,59,9,0,0,,,9,5.305216,,,,,,,,,,,,,,,,,,,,
GF05018144S,"California, Scripps Coastal Reserve",N/A,N/A,N/A,,GF05018144S,N/A,1,0,0,0,0,0,0,0,0,0,0,0,0,0,0,0,0,0,0,0,0,0,0,0,0,0,0,0,soil,1,1,0,0,,,1,1,,,,,,,,,,,,,,,,,,,,
GF05018145S,"California, Scripps Coastal Reserve",N/A,N/A,N/A,,GF05018145S,N/A,30,0,0,1,0,0,2,0,0,0,1,1,0,6,0,0,0,7,0,0,0,16,0,0,0,3,0,3,soil,70,10,0,0,,,10,5.446446,,,,,,,,,,,,,,,,,,,,
GF05018186S,"California, Elliott Chaparral Reserve",N/A,N/A,N/A,,GF05018186S,N/A,45,0,0,6,0,0,3,0,0,0,0,0,1,5,0,1,0,17,0,0,0,18,1,0,0,3,0,3,soil,103,11,0,0,,,11,5.586736,,,,,,,,,,,,,,,,,,,,
GF05018187S,"California, Elliott Chaparral Reserve",N/A,N/A,N/A,,GF05018187S,N/A,31,0,0,0,0,0,0,5,0,0,0,0,0,3,1,0,0,14,0,0,0,17,1,0,0,5,0,6,soil,83,9,6.024096386,6.024096386,,,9,5.741304,,,,,,,,,,,,,,,,,,,,
GF05018188S,"California, Elliott Chaparral Reserve",N/A,N/A,N/A,,GF05018188S,N/A,36,0,0,5,0,0,1,3,0,1,0,0,1,3,1,0,0,8,0,0,0,13,1,0,0,7,0,2,soil,82,13,3.658536585,3.658536585,,,13,6.439258,,,,,,,,,,,,,,,,,,,,
GF05018189S,"California, Elliott Chaparral Reserve",N/A,N/A,N/A,,GF05018189S,N/A,17,0,0,2,0,0,0,4,0,0,0,0,1,0,2,1,0,6,0,0,0,9,0,0,0,4,0,1,soil,47,10,8.510638298,8.510638298,,,10,6.559613,,,,,,,,,,,,,,,,,,,,
GF05018190S,"California, Elliott Chaparral Reserve",N/A,N/A,N/A,,GF05018190S,N/A,23,0,0,3,0,0,0,4,0,0,0,0,1,1,0,0,0,8,0,0,0,8,1,0,0,4,0,1,soil,54,10,7.407407407,7.407407407,,,10,5.876457,,,,,,,,,,,,,,,,,,,,
GF05018191S,"California, Elliott Chaparral Reserve",N/A,N/A,N/A,,GF05018191S,N/A,33,0,0,3,0,0,0,2,0,0,0,0,1,5,0,1,0,10,0,0,0,24,1,0,0,6,0,2,soil,88,11,2.272727273,2.272727273,,,11,5.784471,,,,,,,,,,,,,,,,,,,,
GF05018230S,"California, Beach at Fletchers Cove Solana Beach",N/A,N/A,N/A,,GF05018230S,N/A,2,0,0,0,0,0,0,0,0,0,0,0,0,0,0,0,0,1,0,0,0,2,0,0,0,0,0,0,soil,5,3,0,0,,,3,2.871746,,,,,,,,,,,,,,,,,,,,
GF05018231S,"California, Beach at Fletchers Cove Solana Beach",N/A,N/A,N/A,,GF05018231S,N/A,0,0,0,0,0,0,0,0,0,0,0,0,0,0,0,0,0,0,0,0,0,0,0,0,0,0,0,1,soil,1,1,0,0,,,1,1,,,,,,,,,,,,,,,,,,,,
GF05018232S,"California, Beach at Fletchers Cove Solana Beach",N/A,N/A,N/A,,GF05018232S,N/A,0,0,0,0,0,0,0,0,0,0,0,0,0,1,0,0,0,0,0,0,0,0,0,0,0,0,0,2,soil,3,2,0,0,,,2,1.889882,,,,,,,,,,,,,,,,,,,,
GF05018233S,"California, Beach at Fletchers Cove Solana Beach",N/A,N/A,N/A,,GF05018233S,N/A,0,0,0,0,0,0,0,0,0,0,0,0,0,0,0,0,0,0,0,0,0,0,0,0,0,0,0,0,soil,0,0,#DIV/0!,0,,,0,1,,,,,,,,,,,,,,,,,,,,
GF05022574S,"Hitchiti Experimental Forest (HEF) in Jones County, GA",N/A,N/A,N/A,,GF05022574S,N/A,67,0,0,1,0,0,0,27,0,0,0,0,0,5,0,1,0,0,0,0,0,44,0,0,0,2,0,3,soil,150,8,18,18,,,8,3.835875,,,,,,,,,,,,,,,,,,,,
GF05022575S,"Hitchiti Experimental Forest (HEF) in Jones County, GA",N/A,N/A,N/A,,GF05022575S,N/A,85,0,0,0,1,0,0,24,0,0,0,0,0,3,0,2,0,0,0,0,0,28,0,0,0,2,0,3,soil,148,8,16.21621622,16.21621622,,,8,3.444023,,,,,,,,,,,,,,,,,,,,
GF05022576S,"Hitchiti Experimental Forest (HEF) in Jones County, GA",N/A,N/A,N/A,,GF05022576S,N/A,71,0,0,0,4,0,0,24,0,0,0,0,0,6,0,2,0,1,0,0,0,36,0,0,0,2,0,3,soil,149,9,16.10738255,16.10738255,,,9,4.241527,,,,,,,,,,,,,,,,,,,,
GF05022577S,"Hitchiti Experimental Forest (HEF) in Jones County, GA",N/A,N/A,N/A,,GF05022577S,N/A,62,0,0,1,2,0,0,16,0,0,0,0,0,4,0,0,0,0,0,0,0,30,0,0,0,1,0,0,soil,116,7,13.79310345,13.79310345,,,7,3.407258,,,,,,,,,,,,,,,,,,,,
GF05022632S,"Saunders Island, Falkland Islands (Islas Malvinas)",N/A,N/A,N/A,,GF05022632S,N/A,61,0,0,6,0,0,4,1,0,0,0,1,1,7,0,5,2,17,2,0,0,26,0,0,0,29,0,5,soil,167,14,0.598802395,0.598802395,,,14,6.985925,,,,,,,,,,,,,,,,,,,,
GF05022633S,"Saunders Island, Falkland Islands (Islas Malvinas)",N/A,N/A,N/A,,GF05022633S,N/A,95,0,0,9,0,0,8,0,0,0,0,0,0,12,0,9,5,23,1,0,1,48,1,0,0,46,0,5,soil,263,13,0,0,,,13,6.61026,,,,,,,,,,,,,,,,,,,,
GF05022634S,"Saunders Island, Falkland Islands (Islas Malvinas)",N/A,N/A,N/A,,GF05022634S,N/A,23,0,0,5,0,0,4,0,0,0,0,1,0,1,0,7,6,5,1,0,0,21,0,0,0,22,0,1,soil,97,12,0,0,,,12,7.364812,,,,,,,,,,,,,,,,,,,,
GF05022635S,"Saunders Island, Falkland Islands (Islas Malvinas)",N/A,N/A,N/A,Steppe|Moist forest,GF05022635S,N/A,53,0,0,5,0,0,3,0,1,0,0,1,0,15,0,8,2,20,0,0,0,21,1,0,0,32,0,4,soil,166,13,0,0,,,13,7.207946,,,,,,,,,,,,,,,,,,,,
GF05022636S,"Saunders Island, Falkland Islands (Islas Malvinas)",N/A,N/A,N/A,Steppe|Moist forest,GF05022636S,N/A,47,0,0,3,0,0,3,0,2,0,0,1,0,12,0,8,1,20,0,0,0,22,2,0,0,30,0,3,soil,154,13,0,0,,,13,7.277901,,,,,,,,,,,,,,,,,,,,
GF05022637S,"Saunders Island, Falkland Islands (Islas Malvinas)",N/A,N/A,N/A,Steppe|Moist forest,GF05022637S,N/A,59,0,0,5,0,0,1,1,1,0,0,0,0,20,0,11,1,23,0,0,0,28,1,0,0,36,0,5,soil,192,13,0.520833333,0.520833333,,,13,6.943319,,,,,,,,,,,,,,,,,,,,
GF05022638S,"Saunders Island, Falkland Islands (Islas Malvinas)",N/A,N/A,N/A,Steppe|Moist forest,GF05022638S,N/A,18,0,0,5,0,0,3,0,0,0,0,0,1,0,0,6,5,1,1,0,0,15,0,0,0,11,0,4,soil,70,11,0,0,,,11,7.677922,,,,,,,,,,,,,,,,,,,,
GF05022639S,"Saunders Island, Falkland Islands (Islas Malvinas)",N/A,N/A,N/A,Steppe|Moist forest,GF05022639S,N/A,66,0,0,7,0,0,5,0,0,0,0,0,0,2,0,8,7,8,1,0,0,16,0,0,0,20,0,3,soil,143,11,0,0,,,11,5.97608,,,,,,,,,,,,,,,,,,,,
GF05022640S,"Saunders Island, Falkland Islands (Islas Malvinas)",N/A,N/A,N/A,Steppe|Moist forest,GF05022640S,N/A,7,0,0,3,0,0,2,0,0,0,0,0,0,0,0,2,4,0,0,0,0,6,0,0,0,6,0,0,soil,30,7,0,0,,,7,6.317527,,,,,,,,,,,,,,,,,,,,
GF05022641S,"Saunders Island, Falkland Islands (Islas Malvinas)",N/A,N/A,N/A,Steppe|Moist forest,GF05022641S,N/A,36,0,0,1,0,0,3,0,0,0,0,0,0,3,0,15,3,10,0,0,0,31,0,0,0,25,0,2,soil,129,10,0,0,,,10,6.233559,,,,,,,,,,,,,,,,,,,,
GF05022642S,"Saunders Island, Falkland Islands (Islas Malvinas)",N/A,N/A,N/A,Steppe|Moist forest,GF05022642S,N/A,16,0,0,1,0,0,3,0,0,0,0,0,0,1,0,12,4,7,0,0,0,21,0,0,0,13,0,0,soil,78,9,0,0,,,9,6.491732,,,,,,,,,,,,,,,,,,,,
GF05022643S,"Saunders Island, Falkland Islands (Islas Malvinas)",N/A,N/A,N/A,Steppe|Moist forest,GF05022643S,N/A,27,0,0,3,0,0,2,0,0,0,0,0,2,4,0,15,2,11,0,0,0,32,0,0,0,26,0,0,soil,124,10,0,0,,,10,6.553281,,,,,,,,,,,,,,,,,,,,
GF05022644S,"Saunders Island, Falkland Islands (Islas Malvinas)",N/A,N/A,N/A,Steppe|Moist forest,GF05022644S,N/A,76,0,1,19,0,0,11,0,1,0,1,0,4,7,0,13,8,14,1,0,0,55,0,0,0,47,0,13,soil,271,15,0,0,,,15,8.070889,,,,,,,,,,,,,,,,,,,,
GF05022645S,"Saunders Island, Falkland Islands (Islas Malvinas)",N/A,N/A,N/A,Steppe|Moist forest,GF05022645S,N/A,81,0,0,18,0,0,10,0,0,0,0,1,1,11,0,9,5,15,0,0,0,42,0,0,0,35,0,7,soil,235,12,0,0,,,12,7.145978,,,,,,,,,,,,,,,,,,,,
GF05022646S,"Saunders Island, Falkland Islands (Islas Malvinas)",N/A,N/A,N/A,Steppe|Moist forest,GF05022646S,N/A,25,0,0,9,0,0,5,0,0,0,0,1,0,2,0,5,3,6,0,0,0,26,0,0,0,27,0,5,soil,114,11,0,0,,,11,7.286544,,,,,,,,,,,,,,,,,,,,
GF05022647S,"Saunders Island, Falkland Islands (Islas Malvinas)",N/A,N/A,N/A,,GF05022647S,N/A,15,0,0,0,0,0,3,0,1,0,0,0,1,4,0,5,2,5,0,0,0,8,0,0,0,13,0,0,soil,57,10,0,0,,,10,7.328586,,,,,,,,,,,,,,,,,,,,
GF05022648S,"Saunders Island, Falkland Islands (Islas Malvinas)",N/A,N/A,N/A,,GF05022648S,N/A,4,0,0,0,0,0,0,0,0,0,0,0,0,1,0,2,2,1,0,0,0,5,0,0,0,13,0,0,soil,28,7,0,0,,,7,4.743961,,,,,,,,,,,,,,,,,,,,
GF05023471S,"University of Florida, Institute of Food and Agricultural Sciences, Lake Alfred, Florida",N/A,N/A,N/A,Dry forest,GF05023471S,N/A,77,0,0,5,0,0,0,0,1,0,3,0,0,15,0,7,0,28,1,0,0,16,0,0,0,25,0,9,soil,187,11,0,0,,,11,6.168858,,,,,,,,,,,,,,,,,,,,
GF05023472S,"University of Florida, Institute of Food and Agricultural Sciences, Lake Alfred, Florida",N/A,N/A,N/A,Dry forest,GF05023472S,N/A,70,0,0,3,0,0,0,0,1,0,3,0,0,17,0,3,0,28,0,0,0,17,1,0,0,23,0,5,soil,171,11,0,0,,,11,5.852951,,,,,,,,,,,,,,,,,,,,
GF05023473S,"University of Florida, Institute of Food and Agricultural Sciences, Lake Alfred, Florida",N/A,N/A,N/A,Dry forest,GF05023473S,N/A,64,0,0,2,0,0,0,2,0,0,3,0,0,7,0,7,0,11,0,0,1,26,0,0,0,24,0,7,soil,154,11,1.298701299,1.298701299,,,11,5.972713,,,,,,,,,,,,,,,,,,,,
GF05023474S,"University of Florida, Institute of Food and Agricultural Sciences, Lake Alfred, Florida",N/A,N/A,N/A,Dry forest,GF05023474S,N/A,77,0,0,2,0,0,1,0,0,0,0,0,0,19,0,4,0,28,0,0,0,16,0,0,0,16,0,11,soil,174,9,0,0,,,9,5.353401,,,,,,,,,,,,,,,,,,,,
GF05023475S,"University of Florida, Institute of Food and Agricultural Sciences, Lake Alfred, Florida",N/A,N/A,N/A,Dry forest,GF05023475S,N/A,58,0,0,2,0,0,0,0,0,0,1,0,0,13,0,4,0,19,0,0,0,14,0,0,0,14,0,6,soil,131,9,0,0,,,9,5.45646,,,,,,,,,,,,,,,,,,,,
GF05023476S,"University of Florida, Institute of Food and Agricultural Sciences, Lake Alfred, Florida",N/A,N/A,N/A,Dry forest,GF05023476S,N/A,73,0,0,4,0,0,0,0,0,0,0,0,0,14,0,7,0,23,0,0,0,11,0,0,0,17,0,6,soil,155,8,0,0,,,8,5.182033,,,,,,,,,,,,,,,,,,,,
GF05023477S,"University of Florida, Institute of Food and Agricultural Sciences, Lake Alfred, Florida",N/A,N/A,N/A,Dry forest,GF05023477S,N/A,39,0,0,2,0,0,0,0,0,0,0,0,0,7,0,7,0,10,0,0,0,12,0,0,0,10,0,3,soil,90,8,0,0,,,8,5.554115,,,,,,,,,,,,,,,,,,,,
GF05023478S,"University of Florida, Institute of Food and Agricultural Sciences, Lake Alfred, Florida",N/A,N/A,N/A,Dry forest,GF05023478S,N/A,50,0,0,1,0,0,0,1,0,0,5,0,0,13,0,4,0,27,0,0,0,10,1,0,0,21,0,15,soil,148,11,0.675675676,0.675675676,,,11,6.653465,,,,,,,,,,,,,,,,,,,,
GF05023479S,"University of Florida, Institute of Food and Agricultural Sciences, Lake Alfred, Florida",N/A,N/A,N/A,Dry forest,GF05023479S,N/A,23,0,0,0,0,0,0,0,0,0,2,0,0,6,0,2,0,10,0,0,0,14,0,0,0,16,0,5,soil,78,8,0,0,,,8,6.15941,,,,,,,,,,,,,,,,,,,,
GF05023480S,"University of Florida, Institute of Food and Agricultural Sciences, Lake Alfred, Florida",N/A,N/A,N/A,Dry forest,GF05023480S,N/A,49,0,0,3,0,0,0,0,0,0,3,0,0,10,0,4,0,25,1,0,0,22,0,0,0,18,0,10,soil,145,10,0,0,,,10,6.537125,,,,,,,,,,,,,,,,,,,,
GF05023481S,"University of Florida, Institute of Food and Agricultural Sciences, Lake Alfred, Florida",N/A,N/A,N/A,Dry forest,GF05023481S,N/A,53,0,0,1,0,0,0,0,0,0,3,0,0,10,0,5,0,24,0,0,0,8,0,0,0,19,0,7,soil,130,9,0,0,,,9,5.66721,,,,,,,,,,,,,,,,,,,,
GF05023482S,"University of Florida, Institute of Food and Agricultural Sciences, Lake Alfred, Florida",N/A,N/A,N/A,Dry forest,GF05023482S,N/A,74,0,0,1,0,0,0,0,0,0,2,0,0,18,0,6,0,22,0,0,0,15,0,0,0,16,0,11,soil,165,9,0,0,,,9,5.472444,,,,,,,,,,,,,,,,,,,,
GF05023483S,"University of Florida, Institute of Food and Agricultural Sciences, Lake Alfred, Florida",N/A,N/A,N/A,Dry forest,GF05023483S,N/A,72,0,0,2,0,0,0,2,0,0,2,0,0,10,0,3,0,29,0,0,0,13,0,0,0,24,0,16,soil,173,10,1.156069364,1.156069364,,,10,5.712786,,,,,,,,,,,,,,,,,,,,
GF05023484S,"University of Florida, Institute of Food and Agricultural Sciences, Lake Alfred, Florida",N/A,N/A,N/A,Dry forest,GF05023484S,N/A,61,0,0,3,0,0,0,1,0,0,2,0,0,13,0,7,0,22,1,0,0,15,1,0,0,17,0,8,soil,151,12,0.662251656,0.662251656,,,12,6.462749,,,,,,,,,,,,,,,,,,,,
GF05023485S,"University of Florida, Institute of Food and Agricultural Sciences, Lake Alfred, Florida",N/A,N/A,N/A,Dry forest,GF05023485S,N/A,71,0,0,5,1,1,0,0,0,0,3,0,0,11,0,6,0,12,0,0,0,25,0,0,0,19,0,14,soil,168,11,0,0,,,11,6.199965,,,,,,,,,,,,,,,,,,,,
GF05023486S,"University of Florida, Institute of Food and Agricultural Sciences, Lake Alfred, Florida",N/A,N/A,N/A,Dry forest,GF05023486S,N/A,23,0,0,1,0,0,0,0,0,0,3,0,0,1,0,0,0,3,0,0,0,12,0,0,0,13,0,7,soil,63,8,0,0,,,8,5.338783,,,,,,,,,,,,,,,,,,,,
GF05023487S,"University of Florida, Institute of Food and Agricultural Sciences, Lake Alfred, Florida",N/A,N/A,N/A,Dry forest,GF05023487S,N/A,76,0,0,1,0,0,0,0,0,0,2,0,0,11,0,8,0,14,0,0,0,21,0,0,0,20,0,8,soil,161,9,0,0,,,9,5.255384,,,,,,,,,,,,,,,,,,,,
GF05023488S,"University of Florida, Institute of Food and Agricultural Sciences, Lake Alfred, Florida",N/A,N/A,N/A,Dry forest,GF05023488S,N/A,51,0,0,1,2,0,0,0,0,0,2,0,0,12,0,3,0,16,0,0,0,15,0,0,0,6,0,11,soil,119,10,0,0,,,10,5.849467,,,,,,,,,,,,,,,,,,,,
GF05023489S,"University of Florida, Institute of Food and Agricultural Sciences, Lake Alfred, Florida",N/A,N/A,N/A,Dry forest,GF05023489S,N/A,66,0,0,3,0,0,0,1,0,0,2,0,0,15,0,9,0,9,0,0,0,12,1,0,0,24,0,8,soil,150,11,0.666666667,0.666666667,,,11,5.949554,,,,,,,,,,,,,,,,,,,,
GF05023490S,"University of Florida, Institute of Food and Agricultural Sciences, Lake Alfred, Florida",N/A,N/A,N/A,Dry forest,GF05023490S,N/A,26,0,0,1,0,0,0,0,0,0,2,0,0,4,0,5,0,5,0,0,0,7,0,0,0,9,0,1,soil,60,9,0,0,,,9,5.709503,,,,,,,,,,,,,,,,,,,,
GF05023491S,"University of Florida, Institute of Food and Agricultural Sciences, Lake Alfred, Florida",N/A,N/A,N/A,Dry forest,GF05023491S,N/A,22,0,0,0,0,0,0,0,0,0,2,0,0,3,0,3,0,7,0,0,0,15,0,0,0,13,0,7,soil,72,8,0,0,,,8,6.145447,,,,,,,,,,,,,,,,,,,,
GF05023492S,"University of Florida, Institute of Food and Agricultural Sciences, Lake Alfred, Florida",N/A,N/A,N/A,Dry forest,GF05023492S,N/A,39,0,0,1,0,0,0,1,0,0,2,0,0,4,0,2,0,12,2,0,0,6,0,0,0,14,0,6,soil,89,11,1.123595506,1.123595506,,,11,5.944458,,,,,,,,,,,,,,,,,,,,
GF05023493S,"University of Florida, Institute of Food and Agricultural Sciences, Lake Alfred, Florida",N/A,N/A,N/A,Dry forest,GF05023493S,N/A,63,0,0,3,0,0,1,0,0,0,3,0,0,16,0,1,0,18,0,0,0,15,0,0,0,20,0,9,soil,149,10,0,0,,,10,5.77512,,,,,,,,,,,,,,,,,,,,
GF05023494S,"University of Florida, Institute of Food and Agricultural Sciences, Lake Alfred, Florida",N/A,N/A,N/A,Dry forest,GF05023494S,N/A,40,0,0,0,0,0,0,0,0,0,3,0,0,8,0,2,0,21,0,0,0,16,0,0,0,18,0,14,soil,122,8,0,0,,,8,6.066921,,,,,,,,,,,,,,,,,,,,
GF05023495S,"University of Florida, Institute of Food and Agricultural Sciences, Lake Alfred, Florida",N/A,N/A,N/A,Dry forest,GF05023495S,N/A,45,0,0,0,0,0,0,0,0,0,2,0,0,3,0,6,0,8,0,0,0,17,1,0,0,17,0,11,soil,110,9,0,0,,,9,5.675565,,,,,,,,,,,,,,,,,,,,
GF05023496S,"University of Florida, Institute of Food and Agricultural Sciences, Lake Alfred, Florida",N/A,N/A,N/A,Dry forest,GF05023496S,N/A,49,0,0,5,0,0,0,0,0,0,2,0,0,2,0,2,0,6,0,0,0,23,0,0,0,13,0,5,soil,107,9,0,0,,,9,5.029014,,,,,,,,,,,,,,,,,,,,
GF05023497S,"University of Florida, Institute of Food and Agricultural Sciences, Lake Alfred, Florida",N/A,N/A,N/A,Dry forest,GF05023497S,N/A,57,0,0,1,0,0,0,0,0,0,4,0,0,19,0,5,0,33,0,0,0,13,0,0,0,18,0,10,soil,160,9,0,0,,,9,6.059317,,,,,,,,,,,,,,,,,,,,
GF05023498S,"University of Florida, Institute of Food and Agricultural Sciences, Lake Alfred, Florida",N/A,N/A,N/A,Dry forest,GF05023498S,N/A,56,0,0,2,2,0,1,0,0,0,2,0,0,10,0,2,0,11,1,0,0,19,0,0,0,20,0,6,soil,132,12,0,0,,,12,6.047482,,,,,,,,,,,,,,,,,,,,
GF05023499S,"University of Florida, Institute of Food and Agricultural Sciences, Lake Alfred, Florida",N/A,N/A,N/A,Dry forest,GF05023499S,N/A,38,0,0,1,2,0,0,0,0,0,2,0,0,3,0,2,0,7,0,0,0,11,0,0,0,10,0,6,soil,82,10,0,0,,,10,5.642949,,,,,,,,,,,,,,,,,,,,
GF05023500S,"University of Florida, Institute of Food and Agricultural Sciences, Lake Alfred, Florida",N/A,N/A,N/A,Dry forest,GF05023500S,N/A,39,0,0,2,0,0,0,0,0,0,2,0,0,3,0,3,0,5,1,0,1,12,0,0,0,9,0,2,soil,79,11,0,0,,,11,5.447393,,,,,,,,,,,,,,,,,,,,
GF05023501S,"University of Florida, Institute of Food and Agricultural Sciences, Lake Alfred, Florida",N/A,N/A,N/A,Dry forest,GF05023501S,N/A,53,0,0,1,2,0,0,1,0,1,2,0,0,7,0,5,0,7,0,0,0,14,0,0,0,10,0,2,soil,105,12,0.952380952,0.952380952,,,12,5.490598,,,,,,,,,,,,,,,,,,,,
GF05023502S,"University of Florida, Institute of Food and Agricultural Sciences, Lake Alfred, Florida",N/A,N/A,N/A,Dry forest,GF05023502S,N/A,48,0,0,3,0,0,2,0,0,0,2,0,0,4,0,4,0,6,0,0,1,20,0,0,0,17,0,3,soil,110,11,0,0,,,11,5.72594,,,,,,,,,,,,,,,,,,,,
GF05023503S,"University of Florida, Institute of Food and Agricultural Sciences, Lake Alfred, Florida",N/A,N/A,N/A,Dry forest,GF05023503S,N/A,41,0,0,3,0,0,0,0,0,0,1,0,0,4,0,4,0,6,0,0,0,11,0,0,0,12,0,4,soil,86,9,0,0,,,9,5.331956,,,,,,,,,,,,,,,,,,,,
GF05023504S,"University of Florida, Institute of Food and Agricultural Sciences, Lake Alfred, Florida",N/A,N/A,N/A,Dry forest,GF05023504S,N/A,28,0,0,0,0,0,0,0,0,0,0,0,0,1,0,3,0,4,0,0,0,15,0,0,0,11,0,4,soil,66,7,0,0,,,7,4.678158,,,,,,,,,,,,,,,,,,,,
GF05023505S,"University of Florida, Institute of Food and Agricultural Sciences, Lake Alfred, Florida",N/A,N/A,N/A,Dry forest,GF05023505S,N/A,31,0,0,0,0,0,0,0,0,0,2,0,0,4,0,2,0,6,0,0,0,15,0,0,0,15,0,2,soil,77,8,0,0,,,8,5.158069,,,,,,,,,,,,,,,,,,,,
GF05023506S,"University of Florida, Institute of Food and Agricultural Sciences, Lake Alfred, Florida",N/A,N/A,N/A,Dry forest,GF05023506S,N/A,44,0,0,1,0,0,1,0,0,0,2,0,0,0,0,5,0,6,0,0,0,17,0,0,0,13,0,8,soil,97,9,0,0,,,9,5.146359,,,,,,,,,,,,,,,,,,,,
GF05026466S,"Puntilla Aldama, San Rafael, Veracruz",Neotropical,Mesoamerican,Veracruzan province,Dry forest|Moist forest,GF05026466S,Veracruzan province,0,0,0,0,0,0,0,0,0,0,0,0,0,0,0,0,0,0,0,0,0,0,0,0,0,0,0,0,root,0,0,#DIV/0!,0,,,0,1,,,,,,,,,,,,,,,,,,,,
GF05026467S,"Puntilla Aldama, San Rafael, Veracruz",Neotropical,Mesoamerican,Veracruzan province,Dry forest|Moist forest,GF05026467S,Veracruzan province,0,0,0,0,0,0,0,0,0,0,0,0,0,0,0,0,0,0,0,0,0,0,0,0,0,0,0,0,root,0,0,#DIV/0!,0,,,0,1,,,,,,,,,,,,,,,,,,,,
GF05026468S,"Puntilla Aldama, San Rafael, Veracruz",Neotropical,Mesoamerican,Veracruzan province,Dry forest|Moist forest,GF05026468S,Veracruzan province,0,0,0,0,0,0,0,0,0,0,0,0,0,0,0,0,0,0,0,0,0,0,0,0,0,0,0,0,root,0,0,#DIV/0!,0,,,0,1,,,,,,,,,,,,,,,,,,,,
GF05026469S,"Puntilla Aldama, San Rafael, Veracruz",Neotropical,Mesoamerican,Veracruzan province,Dry forest|Moist forest,GF05026469S,Veracruzan province,0,0,0,0,0,0,0,0,0,0,0,0,0,0,0,0,0,0,0,0,0,0,0,0,0,0,0,0,root,0,0,#DIV/0!,0,,,0,1,,,,,,,,,,,,,,,,,,,,
GF05026471S,"Puntilla Aldama, San Rafael, Veracruz",Neotropical,Mesoamerican,Veracruzan province,Dry forest|Moist forest,GF05026471S,Veracruzan province,0,0,0,0,0,0,0,0,0,0,0,0,0,0,0,0,0,0,0,0,0,0,0,0,0,0,0,0,root,0,0,#DIV/0!,0,,,0,1,,,,,,,,,,,,,,,,,,,,
GF05026473S,"Puntilla Aldama, San Rafael, Veracruz",Neotropical,Mesoamerican,Veracruzan province,Dry forest|Moist forest,GF05026473S,Veracruzan province,0,0,0,0,0,0,0,0,0,0,0,0,0,0,0,0,0,0,0,0,0,0,0,0,0,0,0,0,root,0,0,#DIV/0!,0,,,0,1,,,,,,,,,,,,,,,,,,,,
GF05026474S,"Puntilla Aldama, San Rafael, Veracruz",Neotropical,Mesoamerican,Veracruzan province,Dry forest|Moist forest,GF05026474S,Veracruzan province,0,0,0,0,0,0,0,0,0,0,0,0,0,0,0,0,0,0,0,0,0,0,0,0,0,0,0,0,root,0,0,#DIV/0!,0,,,0,1,,,,,,,,,,,,,,,,,,,,
GF05026475S,"Puntilla Aldama, San Rafael, Veracruz",Neotropical,Mesoamerican,Veracruzan province,Dry forest|Moist forest,GF05026475S,Veracruzan province,0,0,0,0,0,0,0,0,0,0,0,0,0,0,0,0,0,0,0,0,0,0,0,0,0,0,0,0,root,0,0,#DIV/0!,0,,,0,1,,,,,,,,,,,,,,,,,,,,
GF05026476S,"20 Soles, Papantla de Olarte, Veracruz",Neotropical,Mesoamerican,Veracruzan province,Dry forest|Moist forest,GF05026476S,Veracruzan province,0,0,0,0,0,0,0,0,0,0,0,0,0,0,0,0,0,0,0,0,0,0,0,0,0,0,0,0,root,0,0,#DIV/0!,0,,,0,1,,,,,,,,,,,,,,,,,,,,
GF05026477S,"20 Soles, Papantla de Olarte, Veracruz",Neotropical,Mesoamerican,Veracruzan province,Dry forest|Moist forest,GF05026477S,Veracruzan province,0,0,0,0,0,0,0,0,0,0,0,0,0,0,0,0,0,0,0,0,0,0,0,0,0,0,0,0,root,0,0,#DIV/0!,0,,,0,1,,,,,,,,,,,,,,,,,,,,
GF05026479S,"20 Soles, Papantla de Olarte, Veracruz",Neotropical,Mesoamerican,Veracruzan province,Dry forest|Moist forest,GF05026479S,Veracruzan province,0,0,0,0,0,0,0,0,0,0,0,0,0,0,0,0,0,0,0,0,0,0,0,0,0,0,0,0,root,0,0,#DIV/0!,0,,,0,1,,,,,,,,,,,,,,,,,,,,
GF05026480S,"20 Soles, Papantla de Olarte, Veracruz",Neotropical,Mesoamerican,Veracruzan province,Dry forest|Moist forest,GF05026480S,Veracruzan province,0,0,0,0,0,0,0,0,0,0,0,0,0,0,0,0,0,0,0,0,0,0,0,0,0,0,0,0,root,0,0,#DIV/0!,0,,,0,1,,,,,,,,,,,,,,,,,,,,
GF05026481S,"20 Soles, Papantla de Olarte, Veracruz",Neotropical,Mesoamerican,Veracruzan province,Dry forest|Moist forest,GF05026481S,Veracruzan province,0,0,0,0,0,0,0,0,0,0,0,0,0,0,0,0,0,0,0,0,0,0,0,0,0,0,0,0,root,0,0,#DIV/0!,0,,,0,1,,,,,,,,,,,,,,,,,,,,
GF05026482S,"20 Soles, Papantla de Olarte, Veracruz",Neotropical,Mesoamerican,Veracruzan province,Dry forest|Moist forest,GF05026482S,Veracruzan province,0,0,0,0,0,0,0,0,0,0,0,0,0,0,0,0,0,0,0,0,0,0,0,0,0,0,0,0,root,0,0,#DIV/0!,0,,,0,1,,,,,,,,,,,,,,,,,,,,
GF05026483S,"20 Soles, Papantla de Olarte, Veracruz",Neotropical,Mesoamerican,Veracruzan province,Dry forest|Moist forest,GF05026483S,Veracruzan province,1,0,0,0,0,0,0,0,0,0,0,0,0,1,0,0,0,0,0,0,0,0,0,0,0,0,0,0,root,2,2,0,0,,,2,2,,,,,,,,,,,,,,,,,,,,
GF05026484S,"20 Soles, Papantla de Olarte, Veracruz",Neotropical,Mesoamerican,Veracruzan province,Dry forest|Moist forest,GF05026484S,Veracruzan province,0,0,0,0,0,0,0,0,0,0,0,0,0,0,0,0,0,0,0,0,0,0,0,0,0,0,0,0,root,0,0,#DIV/0!,0,,,0,1,,,,,,,,,,,,,,,,,,,,
GF05026487S,"Pantepec, Puebla",Neotropical,Mesoamerican,Veracruzan province,Dry forest|Moist forest,GF05026487S,Veracruzan province,0,0,0,0,0,0,0,0,0,0,0,0,0,0,0,0,0,0,0,0,0,0,0,0,0,0,0,0,root,0,0,#DIV/0!,0,,,0,1,,,,,,,,,,,,,,,,,,,,
GF05026488S,"Pantepec, Puebla",Neotropical,Mesoamerican,Veracruzan province,Dry forest|Moist forest,GF05026488S,Veracruzan province,0,0,0,0,0,0,0,0,0,0,0,0,0,0,0,0,0,0,0,0,0,0,0,0,0,0,0,0,root,0,0,#DIV/0!,0,,,0,1,,,,,,,,,,,,,,,,,,,,
GF05026489S,"Pantepec, Puebla",Neotropical,Mesoamerican,Veracruzan province,Dry forest|Moist forest,GF05026489S,Veracruzan province,0,0,0,0,0,0,0,0,0,0,0,0,0,0,0,0,0,0,0,0,0,0,0,0,0,0,0,0,root,0,0,#DIV/0!,0,,,0,1,,,,,,,,,,,,,,,,,,,,
GF05026490S,"Pantepec, Puebla",Neotropical,Mesoamerican,Veracruzan province,Dry forest|Moist forest,GF05026490S,Veracruzan province,0,0,0,0,0,0,0,0,0,0,0,0,0,0,0,0,0,0,0,0,0,0,0,0,0,0,0,0,root,0,0,#DIV/0!,0,,,0,1,,,,,,,,,,,,,,,,,,,,
GF05026491S,"Pantepec, Puebla",Neotropical,Mesoamerican,Veracruzan province,Dry forest|Moist forest,GF05026491S,Veracruzan province,0,0,0,0,0,0,0,0,0,0,0,0,0,0,0,0,0,0,0,0,0,0,0,0,0,0,0,0,root,0,0,#DIV/0!,0,,,0,1,,,,,,,,,,,,,,,,,,,,
GF05026492S,"Pantepec, Puebla",Neotropical,Mesoamerican,Veracruzan province,Dry forest|Moist forest,GF05026492S,Veracruzan province,0,0,0,0,0,0,0,0,0,0,0,0,0,0,0,0,0,0,0,0,0,0,0,0,0,0,0,0,root,0,0,#DIV/0!,0,,,0,1,,,,,,,,,,,,,,,,,,,,
GF05026495S,"Pantepec, Puebla",Neotropical,Mesoamerican,Veracruzan province,Dry forest|Moist forest,GF05026495S,Veracruzan province,0,0,0,0,0,0,0,0,0,0,0,0,0,0,0,0,0,0,0,0,0,0,0,0,0,0,0,0,root,0,0,#DIV/0!,0,,,0,1,,,,,,,,,,,,,,,,,,,,
GF05026496S,"1 de Mayo, Papantla de Olarte Ocampo, Veracruz",Neotropical,Mesoamerican,Veracruzan province,Dry forest,GF05026496S,Veracruzan province,0,0,0,0,0,0,0,0,0,0,0,0,0,0,0,0,0,0,0,0,0,0,0,0,0,0,0,0,root,0,0,#DIV/0!,0,,,0,1,,,,,,,,,,,,,,,,,,,,
GF05026499S,"1 de Mayo, Papantla de Olarte Ocampo, Veracruz",Neotropical,Mesoamerican,Veracruzan province,Dry forest,GF05026499S,Veracruzan province,0,0,0,0,0,0,0,0,0,0,0,0,0,0,0,0,0,0,0,0,0,0,0,0,0,0,0,0,root,0,0,#DIV/0!,0,,,0,1,,,,,,,,,,,,,,,,,,,,
GF05026500S,"1 de Mayo, Papantla de Olarte Ocampo, Veracruz",Neotropical,Mesoamerican,Veracruzan province,Dry forest,GF05026500S,Veracruzan province,0,0,0,0,0,0,0,0,0,0,0,0,0,0,0,0,0,0,0,0,0,0,0,0,0,0,0,0,root,0,0,#DIV/0!,0,,,0,1,,,,,,,,,,,,,,,,,,,,
GF05026503S,"1 de Mayo, Papantla de Olarte Ocampo, Veracruz",Neotropical,Mesoamerican,Veracruzan province,Dry forest,GF05026503S,Veracruzan province,0,0,0,0,0,0,0,0,0,0,0,0,0,0,0,0,0,0,0,0,0,0,0,0,0,0,0,0,root,0,0,#DIV/0!,0,,,0,1,,,,,,,,,,,,,,,,,,,,
GF05026505S,"1 de Mayo, Papantla de Olarte Ocampo, Veracruz",Neotropical,Mesoamerican,Veracruzan province,Dry forest,GF05026505S,Veracruzan province,0,0,0,0,0,0,0,0,0,0,0,0,0,0,0,0,0,0,0,0,0,0,0,0,0,0,0,0,root,0,0,#DIV/0!,0,,,0,1,,,,,,,,,,,,,,,,,,,,
GF05030026S,"Rio Negro Province, Cerro Catedral",N/A,N/A,N/A,Moist forest|Wet forest,GF05030026S,N/A,33,0,0,4,0,0,0,18,0,1,0,1,0,3,0,1,0,3,0,0,2,36,0,0,0,4,0,0,rhizosphere soil,106,11,16.98113208,16.98113208,,,11,5.404067,,,,,,,,,,,,,,,,,,,,
GF05030027S,"Rio Negro Province, Cerro Catedral",N/A,N/A,N/A,Moist forest|Wet forest,GF05030027S,N/A,40,0,0,4,0,0,0,13,0,0,0,0,0,2,0,0,0,1,0,0,1,32,0,1,0,5,0,3,rhizosphere soil,102,10,12.74509804,12.74509804,,,10,4.879275,,,,,,,,,,,,,,,,,,,,
GF05030028S,"Rio Negro Province, Cerro Catedral",N/A,N/A,N/A,Moist forest|Wet forest,GF05030028S,N/A,41,0,0,4,0,0,1,10,0,1,0,0,0,3,0,0,0,5,0,0,0,28,0,0,0,5,0,2,rhizosphere soil,100,10,10,10,,,10,5.238908,,,,,,,,,,,,,,,,,,,,
GF05030029S,"Rio Negro Province, Cerro Catedral",N/A,N/A,N/A,Moist forest|Wet forest,GF05030029S,N/A,30,0,0,1,0,0,0,5,0,0,1,0,0,3,0,1,0,4,0,0,0,26,0,0,0,2,0,1,rhizosphere soil,74,10,6.756756757,6.756756757,,,10,4.634424,,,,,,,,,,,,,,,,,,,,
GF05030030S,"Rio Negro Province, Cerro Catedral",N/A,N/A,N/A,Moist forest|Wet forest,GF05030030S,N/A,23,0,0,3,0,0,0,6,0,1,0,0,0,4,0,1,0,5,0,0,1,36,0,0,0,6,0,1,rhizosphere soil,87,11,6.896551724,6.896551724,,,11,5.544977,,,,,,,,,,,,,,,,,,,,
GF05030031S,"Rio Negro Province, Cerro Catedral",N/A,N/A,N/A,Moist forest|Wet forest,GF05030031S,N/A,23,0,0,4,0,0,0,9,0,0,0,0,0,4,0,1,0,3,0,0,0,22,0,0,0,3,0,0,rhizosphere soil,69,8,13.04347826,13.04347826,,,8,5.262132,,,,,,,,,,,,,,,,,,,,
GF05030032S,"Rio Negro Province, Cerro Catedral",N/A,N/A,N/A,Moist forest|Wet forest,GF05030032S,N/A,35,0,0,2,0,0,0,7,0,1,0,0,0,1,0,0,0,4,0,0,1,37,0,0,0,3,0,1,rhizosphere soil,92,10,7.608695652,7.608695652,,,10,4.296363,,,,,,,,,,,,,,,,,,,,
GF05030033S,"Rio Negro Province, Cerro Catedral",N/A,N/A,N/A,Moist forest|Wet forest,GF05030033S,N/A,22,0,0,3,0,0,0,18,0,1,0,0,0,2,0,1,0,1,0,0,2,30,0,0,0,2,0,2,rhizosphere soil,84,11,21.42857143,21.42857143,,,11,5.375917,,,,,,,,,,,,,,,,,,,,
GF05030034S,"Rio Negro Province, Cerro Catedral",N/A,N/A,N/A,Moist forest|Wet forest,GF05030034S,N/A,41,0,0,6,0,0,1,13,0,1,0,0,0,4,0,1,0,2,0,0,2,29,0,0,0,5,0,1,rhizosphere soil,106,12,12.26415094,12.26415094,,,12,5.671424,,,,,,,,,,,,,,,,,,,,
GF05030035S,"Rio Negro Province, Cerro Catedral",N/A,N/A,N/A,Moist forest|Wet forest,GF05030035S,N/A,32,0,0,4,0,0,0,12,0,3,0,0,0,8,0,2,0,6,0,0,3,40,0,0,0,9,0,1,rhizosphere soil,120,11,10,10,,,11,6.550073,,,,,,,,,,,,,,,,,,,,
GF05030036S,"Rio Negro Province, Cerro Catedral",N/A,N/A,N/A,Moist forest|Wet forest,GF05030036S,N/A,36,0,0,4,0,0,1,19,0,3,0,0,0,2,0,0,0,2,0,0,1,41,0,0,0,4,0,2,rhizosphere soil,115,11,16.52173913,16.52173913,,,11,5.21444,,,,,,,,,,,,,,,,,,,,
GF05030037S,"Rio Negro Province, Cerro Catedral",N/A,N/A,N/A,Moist forest|Wet forest,GF05030037S,N/A,38,0,0,4,0,0,0,15,0,0,0,0,0,4,0,0,0,6,0,0,2,39,0,0,0,3,0,1,rhizosphere soil,112,9,13.39285714,13.39285714,,,9,4.998387,,,,,,,,,,,,,,,,,,,,
GF05030038S,"Rio Negro Province, Cerro Catedral",N/A,N/A,N/A,Moist forest|Wet forest,GF05030038S,N/A,23,0,0,6,0,0,1,15,0,0,0,0,0,2,0,2,0,5,0,0,1,27,0,0,0,6,0,2,rhizosphere soil,90,11,16.66666667,16.66666667,,,11,6.579111,,,,,,,,,,,,,,,,,,,,
GF05030039S,"Rio Negro Province, Cerro Catedral",N/A,N/A,N/A,Moist forest|Wet forest,GF05030039S,N/A,25,0,0,5,0,0,1,14,0,0,0,0,0,6,0,1,0,7,0,0,2,48,0,0,0,4,0,2,rhizosphere soil,115,11,12.17391304,12.17391304,,,11,5.776862,,,,,,,,,,,,,,,,,,,,
GF05030040S,"Rio Negro Province, Cerro Catedral",N/A,N/A,N/A,Moist forest|Wet forest,GF05030040S,N/A,35,0,0,4,0,0,0,12,0,2,0,0,0,5,0,1,0,2,0,0,1,32,0,0,0,2,0,3,rhizosphere soil,99,11,12.12121212,12.12121212,,,11,5.496674,,,,,,,,,,,,,,,,,,,,
GF05030041S,"Rio Negro Province, Cerro Catedral",N/A,N/A,N/A,Moist forest|Wet forest,GF05030041S,N/A,34,0,0,1,0,0,4,8,0,3,0,0,0,5,0,2,0,2,0,0,1,26,0,0,0,6,0,5,rhizosphere soil,97,12,8.24742268,8.24742268,,,12,6.668419,,,,,,,,,,,,,,,,,,,,
GF05030042S,"Rio Negro Province, Cerro Catedral",N/A,N/A,N/A,Moist forest|Wet forest,GF05030042S,N/A,8,0,0,1,0,0,0,18,0,0,0,0,0,6,0,0,0,1,0,0,2,10,0,0,0,0,0,1,root,47,8,38.29787234,38.29787234,,,8,5.160877,,,,,,,,,,,,,,,,,,,,
GF05030043S,"Rio Negro Province, Reserva el Foyel",N/A,N/A,N/A,Moist forest|Wet forest,GF05030043S,N/A,11,0,0,1,0,0,0,17,0,0,0,0,0,6,0,0,0,3,0,0,2,6,0,0,0,0,0,2,root,48,8,35.41666667,35.41666667,,,8,5.719539,,,,,,,,,,,,,,,,,,,,
GF05030044S,"Rio Negro Province, Reserva el Foyel",N/A,N/A,N/A,Moist forest|Wet forest,GF05030044S,N/A,51,0,0,2,0,0,0,23,0,2,0,0,0,7,0,2,0,3,0,0,2,37,0,0,0,8,0,4,rhizosphere soil,141,11,16.31205674,16.31205674,,,11,5.760263,,,,,,,,,,,,,,,,,,,,
GF05030045S,"Rio Negro Province, Reserva el Foyel",N/A,N/A,N/A,Moist forest|Wet forest,GF05030045S,N/A,55,0,0,3,0,0,0,12,0,1,0,0,0,6,0,2,0,2,0,0,2,49,0,0,0,5,0,2,rhizosphere soil,139,11,8.633093525,8.633093525,,,11,4.775686,,,,,,,,,,,,,,,,,,,,
GF05030046S,"Rio Negro Province, Reserva el Foyel",N/A,N/A,N/A,Moist forest|Wet forest,GF05030046S,N/A,60,0,0,3,0,0,1,23,0,4,0,0,0,8,0,1,0,5,0,0,2,39,0,0,0,4,0,4,rhizosphere soil,154,12,14.93506494,14.93506494,,,12,5.73723,,,,,,,,,,,,,,,,,,,,
GF05030047S,"Rio Negro Province, Reserva el Foyel",N/A,N/A,N/A,Moist forest|Wet forest,GF05030047S,N/A,46,0,0,1,0,0,0,15,0,0,0,0,0,6,0,3,0,3,0,0,2,39,0,0,0,1,0,2,rhizosphere soil,118,10,12.71186441,12.71186441,,,10,4.723816,,,,,,,,,,,,,,,,,,,,
GF05030048S,"Rio Negro Province, Reserva el Foyel",N/A,N/A,N/A,Moist forest|Wet forest,GF05030048S,N/A,69,0,0,2,1,0,1,23,0,0,0,1,0,10,0,3,1,5,1,0,2,49,0,0,0,5,0,3,rhizosphere soil,176,15,13.06818182,13.06818182,,,15,5.707445,,,,,,,,,,,,,,,,,,,,
GF05030049S,"Rio Negro Province, Reserva el Foyel",N/A,N/A,N/A,Moist forest|Wet forest,GF05030049S,N/A,59,0,0,2,0,0,1,23,0,3,0,0,0,11,0,1,0,8,0,0,2,49,0,0,0,2,0,1,rhizosphere soil,162,12,14.19753086,14.19753086,,,12,5.305392,,,,,,,,,,,,,,,,,,,,
GF05030050S,"Rio Negro Province, Reserva el Foyel",N/A,N/A,N/A,Moist forest|Wet forest,GF05030050S,N/A,83,0,0,3,0,0,4,27,0,6,0,0,0,14,0,3,0,8,0,0,2,47,1,0,0,5,0,4,rhizosphere soil,207,13,13.04347826,13.04347826,,,13,6.141405,,,,,,,,,,,,,,,,,,,,
GF05030051S,"Rio Negro Province, Reserva el Foyel",N/A,N/A,N/A,Moist forest|Wet forest,GF05030051S,N/A,47,0,0,1,0,0,0,29,0,0,0,0,0,6,0,1,0,2,0,0,1,39,0,0,0,2,0,2,rhizosphere soil,130,10,22.30769231,22.30769231,,,10,4.529609,,,,,,,,,,,,,,,,,,,,
GF05030052S,"Rio Negro Province, Reserva el Foyel",N/A,N/A,N/A,Moist forest|Wet forest,GF05030052S,N/A,51,0,0,2,0,0,0,19,0,1,0,0,0,4,0,0,0,3,0,0,2,30,0,0,0,4,0,4,rhizosphere soil,120,10,15.83333333,15.83333333,,,10,5.006635,,,,,,,,,,,,,,,,,,,,
GF05030053S,"Rio Negro Province, Reserva el Foyel",N/A,N/A,N/A,Moist forest|Wet forest,GF05030053S,N/A,67,0,0,3,0,0,3,27,0,0,0,0,0,7,0,1,0,5,0,0,2,44,0,0,0,4,0,3,rhizosphere soil,166,11,16.26506024,16.26506024,,,11,5.175585,,,,,,,,,,,,,,,,,,,,
GF05030054S,"Rio Negro Province, Reserva el Foyel",N/A,N/A,N/A,Moist forest|Wet forest,GF05030054S,N/A,64,0,0,2,0,0,1,28,0,0,0,0,0,7,0,1,0,2,0,0,1,45,0,0,0,2,0,3,rhizosphere soil,156,11,17.94871795,17.94871795,,,11,4.53752,,,,,,,,,,,,,,,,,,,,
GF05030055S,"Rio Negro Province, Reserva el Foyel",N/A,N/A,N/A,Moist forest|Wet forest,GF05030055S,N/A,68,0,0,2,0,0,0,38,0,1,0,0,0,7,0,2,0,6,0,0,2,34,0,0,0,4,0,2,rhizosphere soil,166,11,22.89156627,22.89156627,,,11,5.027483,,,,,,,,,,,,,,,,,,,,
GF05030056S,"Rio Negro Province, Reserva el Foyel",N/A,N/A,N/A,Moist forest|Wet forest,GF05030056S,N/A,12,0,0,1,0,0,0,16,0,0,0,0,0,3,0,0,0,2,0,0,2,3,0,0,0,0,0,2,root,41,8,39.02439024,39.02439024,,,8,5.165944,,,,,,,,,,,,,,,,,,,,
GF05030057S,"Rio Negro Province, Reserva el Foyel",N/A,N/A,N/A,Moist forest|Wet forest,GF05030057S,N/A,83,0,0,3,0,0,0,26,0,2,0,0,0,10,0,1,0,6,0,0,2,35,1,0,0,4,0,5,rhizosphere soil,178,12,14.60674157,14.60674157,,,12,5.1868,,,,,,,,,,,,,,,,,,,,
GF05030058S,"Rio Negro Province, Reserva el Foyel",N/A,N/A,N/A,Moist forest|Wet forest,GF05030058S,N/A,74,0,0,5,0,0,0,23,0,1,0,2,0,8,0,1,0,5,0,0,2,41,1,0,0,4,0,4,rhizosphere soil,171,13,13.4502924,13.4502924,,,13,5.443875,,,,,,,,,,,,,,,,,,,,
GF05030059S,"Rio Negro Province, Reserva el Foyel",N/A,N/A,N/A,Moist forest|Wet forest,GF05030059S,N/A,63,0,0,1,0,0,1,23,0,1,0,0,0,5,0,1,0,6,0,0,2,46,0,0,0,1,0,2,rhizosphere soil,152,12,15.13157895,15.13157895,,,12,4.625722,,,,,,,,,,,,,,,,,,,,
GF05030060S,"Rio Negro Province, Reserva el Foyel",N/A,N/A,N/A,Moist forest|Wet forest,GF05030060S,N/A,60,0,0,5,0,0,2,10,0,0,0,0,0,7,0,1,0,3,0,0,2,43,0,0,0,1,0,1,rhizosphere soil,135,11,7.407407407,7.407407407,,,11,4.533676,,,,,,,,,,,,,,,,,,,,
GF05030061S,"Rio Negro Province, Reserva el Foyel",N/A,N/A,N/A,Moist forest|Wet forest,GF05030061S,N/A,76,0,0,1,0,0,2,20,0,1,0,0,0,7,0,1,0,3,0,0,2,45,0,0,0,4,0,7,rhizosphere soil,169,12,11.83431953,11.83431953,,,12,4.875867,,,,,,,,,,,,,,,,,,,,
GF05030062S,"Rio Negro Province, Reserva el Foyel",N/A,N/A,N/A,Moist forest|Wet forest,GF05030062S,N/A,59,0,0,2,0,0,4,28,0,4,0,0,0,7,0,2,0,8,0,0,2,41,0,0,0,4,0,2,rhizosphere soil,163,12,17.17791411,17.17791411,,,12,5.987277,,,,,,,,,,,,,,,,,,,,
GF05030063S,"Rio Negro Province, Reserva el Foyel",N/A,N/A,N/A,Moist forest|Wet forest,GF05030063S,N/A,50,0,0,4,0,0,0,19,0,0,0,0,0,9,0,1,0,6,0,0,1,47,0,0,0,1,0,2,rhizosphere soil,140,10,13.57142857,13.57142857,,,10,4.878262,,,,,,,,,,,,,,,,,,,,
GF05030064S,"Rio Negro Province, Reserva el Foyel",N/A,N/A,N/A,Moist forest|Wet forest,GF05030064S,N/A,56,0,0,1,0,0,1,23,0,0,0,0,0,4,0,0,0,3,0,0,1,40,0,0,0,2,0,2,rhizosphere soil,133,10,17.29323308,17.29323308,,,10,4.290821,,,,,,,,,,,,,,,,,,,,
GF05030065S,"Rio Negro Province, Reserva el Foyel",N/A,N/A,N/A,Moist forest|Wet forest,GF05030065S,N/A,51,0,0,1,0,0,0,23,0,0,0,0,0,5,0,1,0,5,0,0,2,30,0,0,0,5,0,4,rhizosphere soil,127,10,18.11023622,18.11023622,,,10,5.203427,,,,,,,,,,,,,,,,,,,,
GF05030066S,"Rio Negro Province, Reserva el Foyel",N/A,N/A,N/A,Moist forest|Wet forest,GF05030066S,N/A,70,0,0,2,0,0,0,10,0,2,0,0,1,9,0,1,0,8,0,0,2,51,0,0,0,5,0,6,rhizosphere soil,167,12,5.988023952,5.988023952,,,12,5.171066,,,,,,,,,,,,,,,,,,,,
GF05030067S,"Rio Negro Province, Reserva el Foyel",N/A,N/A,N/A,Moist forest|Wet forest,GF05030067S,N/A,60,0,0,2,0,0,0,13,0,1,0,0,0,5,0,2,0,5,0,0,2,45,0,0,0,2,0,3,rhizosphere soil,140,11,9.285714286,9.285714286,,,11,4.697683,,,,,,,,,,,,,,,,,,,,
GF05030068S,"Rio Negro Province, Reserva el Foyel",N/A,N/A,N/A,Moist forest|Wet forest,GF05030068S,N/A,47,0,0,3,0,0,1,22,0,0,0,0,0,5,0,1,0,3,0,0,2,45,0,0,0,2,0,2,rhizosphere soil,133,11,16.54135338,16.54135338,,,11,4.899658,,,,,,,,,,,,,,,,,,,,
GF05030069S,"Rio Negro Province, Reserva el Foyel",N/A,N/A,N/A,Moist forest|Wet forest,GF05030069S,N/A,69,0,0,2,0,0,1,45,0,2,0,0,0,6,0,1,0,5,0,0,2,42,0,0,0,3,0,3,rhizosphere soil,181,12,24.86187845,24.86187845,,,12,4.989958,,,,,,,,,,,,,,,,,,,,
GF05030070S,"Rio Negro Province, Reserva el Foyel",N/A,N/A,N/A,Moist forest|Wet forest,GF05030070S,N/A,65,0,0,3,0,0,3,20,0,0,0,0,1,4,0,2,0,11,0,0,2,44,0,0,0,3,0,9,rhizosphere soil,167,12,11.9760479,11.9760479,,,12,5.766457,,,,,,,,,,,,,,,,,,,,
GF05030071S,"Rio Negro Province, Reserva el Foyel",N/A,N/A,N/A,Moist forest|Wet forest,GF05030071S,N/A,44,0,0,3,0,0,1,18,0,0,0,0,0,7,0,0,0,6,0,0,2,38,1,0,0,2,0,1,rhizosphere soil,123,11,14.63414634,14.63414634,,,11,5.28155,,,,,,,,,,,,,,,,,,,,
GF05030072S,"Rio Negro Province, Reserva el Foyel",N/A,N/A,N/A,Moist forest|Wet forest,GF05030072S,N/A,50,0,0,1,0,0,0,11,0,0,0,0,0,4,0,1,0,2,0,0,2,34,0,0,0,4,0,1,rhizosphere soil,110,10,10,10,,,10,4.334065,,,,,,,,,,,,,,,,,,,,
GF05030073S,"Rio Negro Province, Reserva el Foyel",N/A,N/A,N/A,Moist forest|Wet forest,GF05030073S,N/A,44,0,0,2,0,0,1,10,0,2,0,0,0,2,0,1,0,2,0,0,2,28,0,0,0,7,0,4,rhizosphere soil,105,12,9.523809524,9.523809524,,,12,5.538759,,,,,,,,,,,,,,,,,,,,
GF05030074S,"Rio Negro Province, Reserva el Foyel",N/A,N/A,N/A,Moist forest|Wet forest,GF05030074S,N/A,20,0,0,1,0,0,0,17,0,0,0,0,0,1,0,0,0,3,0,0,0,10,0,0,0,2,0,1,rhizosphere soil,55,8,30.90909091,30.90909091,,,8,4.657478,,,,,,,,,,,,,,,,,,,,
GF05030075S,"Rio Negro Province, Reserva el Foyel",N/A,N/A,N/A,Moist forest|Wet forest,GF05030075S,N/A,41,0,0,1,0,0,2,15,0,1,0,0,0,4,0,1,0,5,0,0,1,25,0,0,0,4,0,4,rhizosphere soil,104,12,14.42307692,14.42307692,,,12,5.843737,,,,,,,,,,,,,,,,,,,,
GF05030076S,"Rio Negro Province, Villa la Angostura",N/A,N/A,N/A,Moist forest|Wet forest,GF05030076S,N/A,39,0,0,3,0,0,0,13,0,1,0,0,0,12,0,0,0,1,0,0,0,32,0,0,0,3,0,5,rhizosphere soil,109,9,11.9266055,11.9266055,,,9,5.203273,,,,,,,,,,,,,,,,,,,,
GF05030077S,"Rio Negro Province, Villa la Angostura",N/A,N/A,N/A,Moist forest|Wet forest,GF05030077S,N/A,50,0,0,1,0,0,2,17,0,1,0,0,0,6,0,0,0,4,0,0,1,30,0,0,0,4,0,4,rhizosphere soil,120,11,14.16666667,14.16666667,,,11,5.291179,,,,,,,,,,,,,,,,,,,,
GF05030078S,"Rio Negro Province, Villa la Angostura",N/A,N/A,N/A,Moist forest|Wet forest,GF05030078S,N/A,27,0,0,1,0,0,2,12,0,0,0,0,0,1,0,0,0,2,0,0,1,27,0,0,0,0,0,1,rhizosphere soil,74,9,16.21621622,16.21621622,,,9,4.299805,,,,,,,,,,,,,,,,,,,,
GF05030079S,"Rio Negro Province, Villa la Angostura",N/A,N/A,N/A,Moist forest|Wet forest,GF05030079S,N/A,36,0,0,2,0,0,0,8,0,0,0,1,0,2,0,0,0,3,0,0,1,19,0,0,0,0,0,3,rhizosphere soil,75,9,10.66666667,10.66666667,,,9,4.5033,,,,,,,,,,,,,,,,,,,,
GF05030080S,"Rio Negro Province, Villa la Angostura",N/A,N/A,N/A,Moist forest|Wet forest,GF05030080S,N/A,26,0,0,1,0,0,1,20,0,0,0,0,0,0,0,0,0,2,0,0,1,31,0,0,0,1,0,4,rhizosphere soil,87,9,22.98850575,22.98850575,,,9,4.482914,,,,,,,,,,,,,,,,,,,,
GF05030081S,"Rio Negro Province, Villa la Angostura",N/A,N/A,N/A,Moist forest|Wet forest,GF05030081S,N/A,33,0,0,0,0,0,1,18,0,0,0,0,0,5,0,0,0,1,0,0,1,21,0,0,0,0,0,2,rhizosphere soil,82,8,21.95121951,21.95121951,,,8,4.350884,,,,,,,,,,,,,,,,,,,,
GF05030082S,"Rio Negro Province, Villa la Angostura",N/A,N/A,N/A,Moist forest|Wet forest,GF05030082S,N/A,54,0,0,1,0,0,1,21,0,3,0,0,0,5,0,0,1,5,0,0,2,28,0,0,0,3,0,9,rhizosphere soil,133,12,15.78947368,15.78947368,,,12,5.805765,,,,,,,,,,,,,,,,,,,,
GF05030083S,"Rio Negro Province, Villa la Angostura",N/A,N/A,N/A,Moist forest|Wet forest,GF05030083S,N/A,32,0,0,1,0,0,2,3,0,0,0,0,0,3,0,0,0,1,0,0,1,25,0,0,0,0,0,3,rhizosphere soil,71,9,4.225352113,4.225352113,,,9,4.089673,,,,,,,,,,,,,,,,,,,,
GF05030084S,"Rio Negro Province, Villa la Angostura",N/A,N/A,N/A,Moist forest|Wet forest,GF05030084S,N/A,31,0,0,1,0,0,1,16,0,0,0,0,0,1,0,0,0,1,0,0,1,18,0,0,0,2,0,2,rhizosphere soil,74,10,21.62162162,21.62162162,,,10,4.597411,,,,,,,,,,,,,,,,,,,,
GF05030085S,"Rio Negro Province, Villa la Angostura",N/A,N/A,N/A,Moist forest|Wet forest,GF05030085S,N/A,28,0,0,3,0,0,1,13,0,0,0,0,0,3,0,0,0,2,0,0,1,23,0,0,0,1,0,3,rhizosphere soil,78,10,16.66666667,16.66666667,,,10,5.280055,,,,,,,,,,,,,,,,,,,,
GF05030086S,"Rio Negro Province, Villa la Angostura",N/A,N/A,N/A,Moist forest|Wet forest,GF05030086S,N/A,25,0,0,1,0,0,0,10,0,0,0,0,0,2,0,0,0,2,0,0,1,23,0,0,0,0,0,1,rhizosphere soil,65,8,15.38461538,15.38461538,,,8,4.178601,,,,,,,,,,,,,,,,,,,,
GF05030087S,"Rio Negro Province, Villa la Angostura",N/A,N/A,N/A,Moist forest|Wet forest,GF05030087S,N/A,41,0,0,1,0,0,1,14,0,0,0,0,0,1,0,0,0,4,0,0,1,23,0,0,0,0,0,3,rhizosphere soil,89,9,15.73033708,15.73033708,,,9,4.276451,,,,,,,,,,,,,,,,,,,,
GF05030088S,"Rio Negro Province, Villa la Angostura",N/A,N/A,N/A,Moist forest|Wet forest,GF05030088S,N/A,40,0,0,1,0,0,0,18,0,0,0,0,0,9,0,0,0,4,0,0,1,28,0,0,0,3,0,5,rhizosphere soil,109,9,16.51376147,16.51376147,,,9,5.301462,,,,,,,,,,,,,,,,,,,,
GF05030089S,"Rio Negro Province, Villa la Angostura",N/A,N/A,N/A,Moist forest|Wet forest,GF05030089S,N/A,12,0,0,1,0,0,0,34,0,0,0,0,0,3,0,0,0,0,0,0,1,0,0,0,0,0,0,0,root,51,5,66.66666667,66.66666667,,,5,2.538594,,,,,,,,,,,,,,,,,,,,
GF05030090S,"Rio Negro Province, Arroyo Goye",N/A,N/A,N/A,Moist forest|Wet forest,GF05030090S,N/A,33,0,0,4,0,0,0,15,0,0,0,0,0,3,0,0,0,5,0,0,1,23,0,0,0,1,0,2,rhizosphere soil,87,9,17.24137931,17.24137931,,,9,5.123132,,,,,,,,,,,,,,,,,,,,
GF05030091S,"Rio Negro Province, Arroyo Goye",N/A,N/A,N/A,Moist forest|Wet forest,GF05030091S,N/A,27,0,0,2,0,0,0,14,0,0,0,0,0,3,0,0,0,2,0,0,0,30,0,0,0,0,0,3,rhizosphere soil,81,7,17.28395062,17.28395062,,,7,4.324915,,,,,,,,,,,,,,,,,,,,
GF05030092S,"Rio Negro Province, Arroyo Goye",N/A,N/A,N/A,Moist forest|Wet forest,GF05030092S,N/A,25,0,0,3,0,0,0,20,0,0,0,0,0,1,0,1,0,2,0,0,1,33,0,0,0,2,0,2,rhizosphere soil,90,10,22.22222222,22.22222222,,,10,4.83111,,,,,,,,,,,,,,,,,,,,
GF05030093S,"Rio Negro Province, Arroyo Goye",N/A,N/A,N/A,Moist forest|Wet forest,GF05030093S,N/A,34,0,0,4,0,0,0,17,0,0,1,0,0,4,0,0,0,2,0,0,2,24,0,0,0,1,0,1,rhizosphere soil,90,10,18.88888889,18.88888889,,,10,5.10874,,,,,,,,,,,,,,,,,,,,
GF05030094S,"Rio Negro Province, Arroyo Goye",N/A,N/A,N/A,Moist forest|Wet forest,GF05030094S,N/A,51,0,0,5,0,0,0,25,0,0,1,0,0,4,0,0,0,6,0,0,1,24,0,0,0,3,0,7,rhizosphere soil,127,10,19.68503937,19.68503937,,,10,5.507815,,,,,,,,,,,,,,,,,,,,
GF05030095S,"Rio Negro Province, Arroyo Goye",N/A,N/A,N/A,Moist forest|Wet forest,GF05030095S,N/A,54,0,0,3,0,0,1,26,0,0,0,0,0,8,0,2,0,8,0,0,1,31,0,0,0,1,0,5,rhizosphere soil,140,11,18.57142857,18.57142857,,,11,5.523447,,,,,,,,,,,,,,,,,,,,
GF05030096S,"Rio Negro Province, Arroyo Goye",N/A,N/A,N/A,Moist forest|Wet forest,GF05030096S,N/A,54,0,0,2,0,0,0,21,0,0,0,0,1,3,0,2,0,4,0,0,2,34,0,0,0,3,0,3,rhizosphere soil,129,11,16.27906977,16.27906977,,,11,5.018265,,,,,,,,,,,,,,,,,,,,
GF05030097S,"Rio Negro Province, Arroyo Goye",N/A,N/A,N/A,Moist forest|Wet forest,GF05030097S,N/A,40,0,0,3,0,0,0,17,0,0,0,1,0,1,0,1,0,3,0,0,2,17,0,0,0,2,0,3,rhizosphere soil,90,11,18.88888889,18.88888889,,,11,5.203414,,,,,,,,,,,,,,,,,,,,
GF05030098S,"Rio Negro Province, Arroyo Goye",N/A,N/A,N/A,Moist forest|Wet forest,GF05030098S,N/A,28,0,0,4,0,0,0,29,0,0,0,0,0,3,0,0,0,5,0,0,0,27,0,0,0,4,0,1,rhizosphere soil,101,8,28.71287129,28.71287129,,,8,5.059743,,,,,,,,,,,,,,,,,,,,
GF05030099S,"Rio Negro Province, Arroyo Goye",N/A,N/A,N/A,Moist forest|Wet forest,GF05030099S,N/A,34,0,0,3,0,0,0,24,0,1,0,0,0,3,0,1,0,3,0,0,2,27,0,0,0,2,0,2,rhizosphere soil,102,11,23.52941176,23.52941176,,,11,5.428185,,,,,,,,,,,,,,,,,,,,
GF05030100S,"Rio Negro Province, Arroyo Goye",N/A,N/A,N/A,Moist forest|Wet forest,GF05030100S,N/A,61,0,0,4,0,0,0,27,0,0,0,0,0,2,0,2,0,1,0,0,1,29,0,0,0,1,0,1,rhizosphere soil,129,10,20.93023256,20.93023256,,,10,4.073965,,,,,,,,,,,,,,,,,,,,
GF05030101S,"Rio Negro Province, Arroyo Goye",N/A,N/A,N/A,Moist forest|Wet forest,GF05030101S,N/A,32,0,0,2,0,0,0,11,0,0,0,0,0,2,0,0,1,2,0,0,1,23,0,0,0,1,0,1,rhizosphere soil,76,10,14.47368421,14.47368421,,,10,4.575842,,,,,,,,,,,,,,,,,,,,
GF05030102S,"Rio Negro Province, Arroyo Goye",N/A,N/A,N/A,Moist forest|Wet forest,GF05030102S,N/A,40,0,0,6,0,0,0,5,0,0,0,0,0,5,0,2,1,0,0,0,0,24,0,0,0,4,0,2,rhizosphere soil,89,9,5.617977528,5.617977528,,,9,4.848276,,,,,,,,,,,,,,,,,,,,
GF05030103S,"Rio Negro Province, Arroyo Goye",N/A,N/A,N/A,Moist forest|Wet forest,GF05030103S,N/A,8,0,0,1,0,0,0,22,0,0,0,0,0,5,0,0,0,0,0,0,4,8,0,0,0,1,0,3,root,52,8,42.30769231,42.30769231,,,8,5.359623,,,,,,,,,,,,,,,,,,,,
GF05030104S,"Neuquen Province, Lago Mascardi",N/A,N/A,N/A,Moist forest|Wet forest,GF05030104S,N/A,34,0,0,5,0,0,0,24,0,0,0,0,0,2,0,0,0,4,0,0,2,18,0,0,0,2,0,3,rhizosphere soil,94,9,25.53191489,25.53191489,,,9,5.360215,,,,,,,,,,,,,,,,,,,,
GF05030105S,"Neuquen Province, Lago Mascardi",N/A,N/A,N/A,Moist forest|Wet forest,GF05030105S,N/A,50,0,0,5,0,0,0,22,1,0,0,0,0,5,0,0,0,4,0,0,3,15,0,0,0,0,0,4,rhizosphere soil,109,9,20.18348624,20.18348624,,,9,5.056407,,,,,,,,,,,,,,,,,,,,
GF05030106S,"Neuquen Province, Lago Mascardi",N/A,N/A,N/A,Moist forest|Wet forest,GF05030106S,N/A,28,0,0,3,0,0,0,18,0,0,1,0,0,4,0,0,0,3,0,0,2,21,0,0,0,1,0,1,rhizosphere soil,82,10,21.95121951,21.95121951,,,10,5.418453,,,,,,,,,,,,,,,,,,,,
GF05030107S,"Neuquen Province, Lago Mascardi",N/A,N/A,N/A,Moist forest|Wet forest,GF05030107S,N/A,48,0,0,4,0,0,0,11,0,0,0,0,0,7,0,0,0,6,0,0,1,38,0,0,0,5,0,4,rhizosphere soil,124,9,8.870967742,8.870967742,,,9,5.172772,,,,,,,,,,,,,,,,,,,,
GF05030108S,"Neuquen Province, Lago Mascardi",N/A,N/A,N/A,Moist forest|Wet forest,GF05030108S,N/A,40,0,0,5,0,0,0,33,0,0,0,0,0,4,0,1,0,4,0,0,2,25,0,0,0,2,0,2,rhizosphere soil,118,10,27.96610169,27.96610169,,,10,5.275047,,,,,,,,,,,,,,,,,,,,
GF05030109S,"Neuquen Province, Lago Mascardi",N/A,N/A,N/A,Moist forest|Wet forest,GF05030109S,N/A,15,0,0,5,0,0,0,13,0,0,1,0,0,3,0,0,0,3,0,0,0,14,0,0,0,2,0,1,rhizosphere soil,57,9,22.80701754,22.80701754,,,9,6.147745,,,,,,,,,,,,,,,,,,,,
GF05030110S,"Neuquen Province, Lago Mascardi",N/A,N/A,N/A,Moist forest|Wet forest,GF05030110S,N/A,38,0,0,4,0,0,0,18,0,0,1,0,0,4,0,1,0,3,0,0,2,20,0,0,0,0,0,5,rhizosphere soil,96,10,18.75,18.75,,,10,5.530582,,,,,,,,,,,,,,,,,,,,
GF05030111S,"Neuquen Province, Lago Mascardi",N/A,N/A,N/A,Moist forest|Wet forest,GF05030111S,N/A,24,0,0,1,0,0,0,8,0,2,0,0,0,1,0,0,0,2,0,0,2,27,0,0,0,0,0,1,rhizosphere soil,68,9,11.76470588,11.76470588,,,9,4.407908,,,,,,,,,,,,,,,,,,,,
GF05030112S,"Neuquen Province, Lago Mascardi",N/A,N/A,N/A,Moist forest|Wet forest,GF05030112S,N/A,57,0,0,4,0,0,1,21,0,0,1,0,0,3,0,2,1,2,0,0,2,22,0,0,0,2,0,3,rhizosphere soil,121,13,17.3553719,17.3553719,,,13,5.231428,,,,,,,,,,,,,,,,,,,,
GF05030113S,"Neuquen Province, Lago Mascardi",N/A,N/A,N/A,Moist forest|Wet forest,GF05030113S,N/A,71,0,0,4,0,0,1,21,0,0,1,1,0,6,0,2,0,3,0,0,1,30,0,0,0,2,0,6,rhizosphere soil,149,13,14.09395973,14.09395973,,,13,5.137628,,,,,,,,,,,,,,,,,,,,
GF05030114S,"Neuquen Province, Lago Mascardi",N/A,N/A,N/A,Moist forest|Wet forest,GF05030114S,N/A,64,0,0,3,0,0,2,20,0,0,0,0,0,5,0,3,0,7,0,0,1,27,0,0,0,1,0,5,rhizosphere soil,138,11,14.49275362,14.49275362,,,11,5.188018,,,,,,,,,,,,,,,,,,,,
GF05030115S,"Neuquen Province, Lago Mascardi",N/A,N/A,N/A,Moist forest|Wet forest,GF05030115S,N/A,50,0,0,3,0,0,0,16,0,0,0,0,0,5,0,1,0,3,0,0,1,22,0,0,0,3,0,1,rhizosphere soil,105,10,15.23809524,15.23809524,,,10,4.712172,,,,,,,,,,,,,,,,,,,,
GF05030116S,"Neuquen Province, Lago Mascardi",N/A,N/A,N/A,Moist forest|Wet forest,GF05030116S,N/A,21,0,0,8,0,0,0,22,0,0,0,0,0,5,0,2,0,5,0,0,1,22,0,0,0,4,0,0,rhizosphere soil,90,9,24.44444444,24.44444444,,,9,6.281211,,,,,,,,,,,,,,,,,,,,
GF05030117S,"Neuquen Province, Lago Mascardi",N/A,N/A,N/A,Moist forest|Wet forest,GF05030117S,N/A,8,0,0,0,0,0,0,25,0,0,0,0,0,4,0,0,0,1,0,0,3,8,0,0,0,1,0,1,root,51,8,49.01960784,49.01960784,,,8,4.609956,,,,,,,,,,,,,,,,,,,,
GF05030118S,"Neuquen Province, Isla Victoria",N/A,N/A,N/A,Moist forest|Wet forest,GF05030118S,N/A,10,0,0,1,0,0,0,11,0,0,0,0,0,4,0,0,0,2,0,0,2,9,0,0,0,0,0,2,root,41,8,26.82926829,26.82926829,,,8,5.987214,,,,,,,,,,,,,,,,,,,,
GF05030119S,"Neuquen Province, Isla Victoria",N/A,N/A,N/A,Moist forest|Wet forest,GF05030119S,N/A,37,0,0,3,0,0,0,22,0,1,0,0,0,10,0,0,0,4,0,0,1,15,0,0,0,2,0,5,rhizosphere soil,100,10,22,22,,,10,5.870209,,,,,,,,,,,,,,,,,,,,
GF05030120S,"Neuquen Province, Isla Victoria",N/A,N/A,N/A,Moist forest|Wet forest,GF05030120S,N/A,29,0,0,3,0,0,0,15,0,0,0,0,0,3,0,1,0,2,0,0,2,23,0,0,0,1,0,2,rhizosphere soil,81,10,18.51851852,18.51851852,,,10,5.282159,,,,,,,,,,,,,,,,,,,,
GF05030121S,"Neuquen Province, Isla Victoria",N/A,N/A,N/A,Moist forest|Wet forest,GF05030121S,N/A,22,0,0,1,0,0,0,6,0,0,0,0,0,3,0,0,0,4,0,0,0,14,0,0,0,0,0,2,rhizosphere soil,52,7,11.53846154,11.53846154,,,7,4.616141,,,,,,,,,,,,,,,,,,,,
GF05030122S,"Neuquen Province, Isla Victoria",N/A,N/A,N/A,Moist forest|Wet forest,GF05030122S,N/A,26,0,0,2,0,0,0,6,0,0,0,0,0,4,0,0,0,3,0,0,1,18,0,0,0,0,0,1,rhizosphere soil,61,8,9.836065574,9.836065574,,,8,4.596894,,,,,,,,,,,,,,,,,,,,
GF05030123S,"Neuquen Province, Isla Victoria",N/A,N/A,N/A,Moist forest|Wet forest,GF05030123S,N/A,36,0,0,2,0,0,0,6,0,0,1,0,0,7,0,0,0,3,0,0,1,20,0,0,0,5,0,5,rhizosphere soil,86,10,6.976744186,6.976744186,,,10,5.655372,,,,,,,,,,,,,,,,,,,,
GF05030124S,"Neuquen Province, Isla Victoria",N/A,N/A,N/A,Moist forest|Wet forest,GF05030124S,N/A,27,0,0,3,0,0,0,16,0,0,1,0,0,4,0,1,0,4,0,0,1,19,0,0,0,0,0,4,rhizosphere soil,80,10,20,20,,,10,5.851614,,,,,,,,,,,,,,,,,,,,
GF05030125S,"Neuquen Province, Isla Victoria",N/A,N/A,N/A,Moist forest|Wet forest,GF05030125S,N/A,24,0,0,1,0,0,0,18,0,0,0,0,0,2,0,1,0,2,0,0,2,19,0,0,0,1,0,1,rhizosphere soil,71,10,25.35211268,25.35211268,,,10,4.998379,,,,,,,,,,,,,,,,,,,,
GF05030126S,"Neuquen Province, Isla Victoria",N/A,N/A,N/A,Moist forest|Wet forest,GF05030126S,N/A,18,0,0,0,0,0,0,14,0,0,0,0,0,3,0,1,0,3,0,0,2,17,0,0,0,0,0,1,rhizosphere soil,59,8,23.72881356,23.72881356,,,8,5.042705,,,,,,,,,,,,,,,,,,,,
GF05030127S,"Neuquen Province, Isla Victoria",N/A,N/A,N/A,Moist forest|Wet forest,GF05030127S,N/A,25,0,0,2,0,0,0,17,0,0,0,0,0,3,0,1,0,2,0,0,1,16,0,0,0,1,0,1,rhizosphere soil,69,10,24.63768116,24.63768116,,,10,5.149717,,,,,,,,,,,,,,,,,,,,
GF05030128S,"Neuquen Province, Isla Victoria",N/A,N/A,N/A,Moist forest|Wet forest,GF05030128S,N/A,13,0,0,1,0,0,0,12,0,0,0,0,0,2,0,1,0,1,0,0,1,10,0,0,0,0,0,0,rhizosphere soil,41,8,29.26829268,29.26829268,,,8,4.843257,,,,,,,,,,,,,,,,,,,,
GF05030129S,"Neuquen Province, Isla Victoria",N/A,N/A,N/A,Moist forest|Wet forest,GF05030129S,N/A,14,0,0,2,0,0,0,16,0,0,0,0,0,6,0,0,0,2,0,0,2,9,0,0,0,1,0,0,rhizosphere soil,52,8,30.76923077,30.76923077,,,8,5.587965,,,,,,,,,,,,,,,,,,,,
GF05030130S,"Neuquen Province, Isla Victoria",N/A,N/A,N/A,Moist forest|Wet forest,GF05030130S,N/A,13,0,0,1,0,0,0,12,0,0,0,0,0,2,0,0,0,2,0,0,0,11,0,0,0,1,0,1,rhizosphere soil,43,8,27.90697674,27.90697674,,,8,5.024843,,,,,,,,,,,,,,,,,,,,
GF05030131S,"Neuquen Province, Isla Victoria",N/A,N/A,N/A,Moist forest|Wet forest,GF05030131S,N/A,7,0,0,1,0,0,0,14,0,0,0,0,0,4,0,0,0,1,0,0,2,3,0,0,0,1,0,2,root,35,9,40,40,,,9,5.922306,,,,,,,,,,,,,,,,,,,,
GF05030132S,"Neuquen Province, Isla Victoria",N/A,N/A,N/A,Moist forest|Wet forest,GF05030132S,N/A,20,0,0,2,0,0,0,9,0,0,0,0,0,4,0,0,0,4,0,0,0,24,0,0,0,2,0,2,rhizosphere soil,67,8,13.43283582,13.43283582,,,8,5.203267,,,,,,,,,,,,,,,,,,,,
GF05030133S,"Neuquen Province, Isla Victoria",N/A,N/A,N/A,Moist forest|Wet forest,GF05030133S,N/A,30,0,0,3,0,0,0,23,0,0,0,0,0,8,0,0,0,2,0,0,1,21,0,0,0,3,0,1,rhizosphere soil,92,9,25,25,,,9,5.29279,,,,,,,,,,,,,,,,,,,,
GF05030134S,"Neuquen Province, Isla Victoria",N/A,N/A,N/A,Moist forest|Wet forest,GF05030134S,N/A,22,0,0,2,0,0,0,16,0,0,0,0,0,4,0,0,0,3,0,0,0,19,0,0,0,2,0,1,rhizosphere soil,69,8,23.1884058,23.1884058,,,8,5.08623,,,,,,,,,,,,,,,,,,,,
GF05030135S,"Neuquen Province, Isla Victoria",N/A,N/A,N/A,Moist forest|Wet forest,GF05030135S,N/A,13,0,0,1,0,0,0,13,0,0,0,0,0,2,0,0,0,1,0,0,0,11,0,0,0,3,0,0,rhizosphere soil,44,7,29.54545455,29.54545455,,,7,4.771458,,,,,,,,,,,,,,,,,,,,
GF05030136S,"Neuquen Province, Isla Victoria",N/A,N/A,N/A,Moist forest|Wet forest,GF05030136S,N/A,20,0,0,2,0,0,0,7,0,0,0,0,0,1,0,0,0,2,0,0,0,5,0,0,0,0,0,0,rhizosphere soil,37,6,18.91891892,18.91891892,,,6,3.784946,,,,,,,,,,,,,,,,,,,,
GF05030137S,"Neuquen Province, Isla Victoria",N/A,N/A,N/A,Moist forest|Wet forest,GF05030137S,N/A,15,0,0,0,0,0,0,10,0,0,0,0,0,2,0,0,0,0,0,0,0,14,0,0,0,0,0,1,rhizosphere soil,42,5,23.80952381,23.80952381,,,5,3.704623,,,,,,,,,,,,,,,,,,,,
GF05030138S,"Neuquen Province, Isla Victoria",N/A,N/A,N/A,Moist forest|Wet forest,GF05030138S,N/A,27,0,0,1,0,0,0,17,0,0,0,0,0,4,0,0,0,3,0,0,2,12,0,0,0,0,0,1,rhizosphere soil,67,8,25.37313433,25.37313433,,,8,4.758537,,,,,,,,,,,,,,,,,,,,
GF05030139S,"Neuquen Province, Isla Victoria",N/A,N/A,N/A,Moist forest|Wet forest,GF05030139S,N/A,9,0,0,0,0,0,0,6,0,0,0,0,0,0,0,0,0,0,0,0,0,8,0,0,0,0,0,0,rhizosphere soil,23,3,26.08695652,26.08695652,,,3,2.959473,,,,,,,,,,,,,,,,,,,,
GF05030140S,"Neuquen Province, Isla Victoria",N/A,N/A,N/A,Moist forest|Wet forest,GF05030140S,N/A,12,0,0,0,0,0,0,9,0,0,0,0,0,2,0,0,0,2,0,0,0,9,0,0,0,0,0,0,rhizosphere soil,34,5,26.47058824,26.47058824,,,5,4.073699,,,,,,,,,,,,,,,,,,,,
GF05030141S,"Neuquen Province, Isla Victoria",N/A,N/A,N/A,Moist forest|Wet forest,GF05030141S,N/A,15,0,0,0,0,0,0,15,0,0,0,0,0,2,0,0,0,3,0,0,0,16,0,0,0,1,0,0,rhizosphere soil,52,6,28.84615385,28.84615385,,,6,4.245085,,,,,,,,,,,,,,,,,,,,
GF05030142S,"Neuquen Province, Isla Victoria",N/A,N/A,N/A,Moist forest|Wet forest,GF05030142S,N/A,10,0,0,0,0,0,0,16,0,0,0,0,0,1,0,0,0,1,0,0,1,6,0,0,0,0,0,0,rhizosphere soil,35,6,45.71428571,45.71428571,,,6,3.754063,,,,,,,,,,,,,,,,,,,,
GF05030143S,"Neuquen Province, Isla Victoria",N/A,N/A,N/A,Moist forest|Wet forest,GF05030143S,N/A,15,0,0,1,0,0,0,10,0,0,0,0,0,2,0,0,0,2,0,0,0,10,0,0,0,0,0,1,rhizosphere soil,41,7,24.3902439,24.3902439,,,7,4.627356,,,,,,,,,,,,,,,,,,,,
GF05030144S,"Neuquen Province, Isla Victoria",N/A,N/A,N/A,Moist forest|Wet forest,GF05030144S,N/A,30,0,0,2,0,0,1,11,0,0,0,0,0,2,0,0,0,2,0,0,0,15,0,0,0,0,0,1,rhizosphere soil,64,8,17.1875,17.1875,,,8,4.274862,,,,,,,,,,,,,,,,,,,,
GF05030145S,"Rio Negro Province, Arroyo Goye",N/A,N/A,N/A,Moist forest|Wet forest,GF05030145S,N/A,63,0,0,2,0,0,2,18,0,0,0,0,0,7,0,1,0,6,0,0,1,25,0,0,0,1,0,4,rhizosphere soil,130,11,13.84615385,13.84615385,,,11,4.898987,,,,,,,,,,,,,,,,,,,,
GF05030146S,"Rio Negro Province, Arroyo Goye",N/A,N/A,N/A,Moist forest|Wet forest,GF05030146S,N/A,55,0,0,1,0,0,0,17,0,0,1,0,0,8,0,2,0,3,0,0,2,29,0,0,0,3,0,5,rhizosphere soil,126,11,13.49206349,13.49206349,,,11,5.257016,,,,,,,,,,,,,,,,,,,,
GF05030147S,"Rio Negro Province, Arroyo Goye",N/A,N/A,N/A,Moist forest|Wet forest,GF05030147S,N/A,31,0,0,4,0,0,0,15,0,0,0,0,0,2,0,1,1,3,0,0,1,21,0,0,0,1,0,2,rhizosphere soil,82,11,18.29268293,18.29268293,,,11,5.429274,,,,,,,,,,,,,,,,,,,,
GF05031231S,South Georgia island,N/A,N/A,N/A,Wet forest,GF05031231S,N/A,81,1,0,3,0,0,1,2,0,7,0,3,14,10,0,0,0,1,2,0,0,27,0,2,0,3,0,6,topsoil,163,15,1.226993865,1.226993865,,,15,5.815017,,,,,,,,,,,,,,,,,,,,
GF05031232S,South Georgia island,N/A,N/A,N/A,Wet forest,GF05031232S,N/A,67,1,0,2,1,0,3,3,0,3,1,1,10,8,0,0,0,5,2,0,1,29,0,0,0,9,0,9,topsoil,155,17,1.935483871,1.935483871,,,17,7.03759,,,,,,,,,,,,,,,,,,,,
GF05031233S,South Georgia island,N/A,N/A,N/A,Wet forest,GF05031233S,N/A,99,1,0,0,1,0,2,7,0,7,0,0,9,16,0,0,0,4,1,0,2,41,0,1,0,7,0,7,topsoil,205,15,3.414634146,3.414634146,,,15,5.708583,,,,,,,,,,,,,,,,,,,,
GF05031234S,South Georgia island,N/A,N/A,N/A,Wet forest,GF05031234S,N/A,119,1,0,3,1,0,2,7,0,6,0,3,18,13,0,0,0,5,2,0,4,33,0,1,0,8,0,6,topsoil,232,17,3.017241379,3.017241379,,,17,6.098264,,,,,,,,,,,,,,,,,,,,
GF05031235S,South Georgia island,N/A,N/A,N/A,Wet forest,GF05031235S,N/A,61,1,0,1,1,0,1,7,0,6,0,1,9,7,0,0,0,1,1,0,0,24,0,1,0,3,0,5,topsoil,130,16,5.384615385,5.384615385,,,16,6.173356,,,,,,,,,,,,,,,,,,,,
