PermanentID,location,morrone_biogeoregions_Region,morrone_biogeoregions_Dominio,morrone_biogeoregions_Provincias,climenv_holdridge_class,“”,morrone_biogeoregions_Provincias,ND,algal_parasite,animal-associated,animal_endosymbiont,animal_parasite,arbuscular_mycorrhizal,arthropod-associated,dung_saprotroph,ectomycorrhizal,epiphyte,ericoid_mycorrhizal,foliar_endophyte,lichen_parasite,lichenized,litter_saprotroph,moss_symbiont,mycoparasite,nectar/tap_saprotroph,plant_pathogen,pollen_saprotroph,protistan_parasite,root_endophyte,soil_saprotroph,sooty_mold,unspecified,unspecified_pathotroph,unspecified_saprotroph,unspecified_symbiotroph,wood_saprotroph,sample_type,Sum,Count,% ECM per sample,% ECM per sample_ok,, Hill_q0,  Hill_q1
GF01000671S,"Yungas region of La Paz, Bolivia",Neotropical,South Brazilian,Yungas province,Dry forest|Moist forest,GF01000671S,Yungas province,15,0,0,0,1,0,0,0,0,0,0,1,0,0,9,0,1,0,11,0,0,0,11,2,0,0,2,0,5,root,58,10,0,0,,10,6.841741
GF01000672S,"Yungas region of La Paz, Bolivia",Neotropical,South Brazilian,Yungas province,Dry forest|Moist forest,GF01000672S,Yungas province,12,0,0,0,0,0,0,0,0,0,0,1,0,0,3,0,0,0,3,0,0,1,6,0,0,0,12,0,5,root,43,8,0,0,,8,5.952575
GF01000673S,"Yungas region of La Paz, Bolivia",Neotropical,South Brazilian,Yungas province,Dry forest|Moist forest,GF01000673S,Yungas province,24,0,0,0,0,0,0,0,0,0,0,2,0,2,2,0,0,1,0,0,0,0,6,0,0,0,3,0,3,root,43,8,0,0,,8,4.425471
GF01000674S,"Yungas region of La Paz, Bolivia",Neotropical,South Brazilian,Yungas province,Dry forest|Moist forest,GF01000674S,Yungas province,24,0,0,0,0,0,0,0,0,0,0,2,0,2,2,0,0,1,0,0,0,0,6,0,0,0,3,0,3,root,43,8,0,0,,8,4.425471
GF01000675S,"Yungas region of La Paz, Bolivia",Neotropical,South Brazilian,Yungas province,Dry forest|Moist forest,GF01000675S,Yungas province,24,0,0,0,0,0,0,0,0,0,0,4,0,0,3,0,3,0,10,0,0,0,18,0,0,0,10,0,3,root,75,8,0,0,,8,5.971689
GF01000676S,"Yungas region of La Paz, Bolivia",Neotropical,South Brazilian,Yungas province,Dry forest|Moist forest,GF01000676S,Yungas province,7,0,0,0,0,0,0,0,0,0,0,1,0,0,5,0,0,0,2,0,0,0,5,0,0,0,4,0,2,root,26,7,0,0,,7,6.021094
GF01000677S,"Yungas region of La Paz, Bolivia",Neotropical,South American Transition Zone,Puna province,Thorn steppe,GF01000677S,Puna province,49,0,0,0,0,0,0,1,0,0,0,0,0,0,1,1,0,0,2,0,0,1,20,1,0,0,0,0,0,root,76,8,0,0,,8,2.759204
GF01000678S,"Yungas region of La Paz, Bolivia",Neotropical,South Brazilian,Yungas province,Dry forest|Moist forest,GF01000678S,Yungas province,13,0,0,0,0,0,0,0,0,0,0,2,0,0,3,0,1,0,3,0,0,0,5,0,0,0,3,0,9,root,39,8,0,0,,8,6.086764
GF01000679S,"Yungas region of La Paz, Bolivia",Neotropical,South Brazilian,Yungas province,Dry forest|Moist forest,GF01000679S,Yungas province,8,0,0,0,0,0,0,0,1,0,0,0,0,0,1,0,0,0,1,0,0,1,5,0,0,0,1,0,2,root,20,8,5,5,,8,5.431859
GF01000680S,"Yungas region of La Paz, Bolivia",Neotropical,South Brazilian,Yungas province,Dry forest|Moist forest,GF01000680S,Yungas province,3,0,0,0,0,0,0,0,0,0,0,0,0,0,2,0,0,0,0,0,0,0,5,0,0,0,5,0,4,root,19,5,0,0,,5,4.754478
GF01000681S,"Yungas region of La Paz, Bolivia",Neotropical,South Brazilian,Yungas province,Dry forest|Moist forest,GF01000681S,Yungas province,10,0,0,0,0,0,0,0,0,0,0,2,0,4,3,0,1,0,8,0,0,0,7,0,0,0,3,0,1,root,39,9,0,0,,9,7.032835
GF01000682S,"Yungas region of La Paz, Bolivia",Neotropical,South Brazilian,Yungas province,Dry forest|Moist forest,GF01000682S,Yungas province,5,0,0,0,0,0,0,0,0,0,0,0,0,0,1,0,0,0,1,0,0,0,4,0,0,0,2,0,0,root,13,5,0,0,,5,4.107213
GF01000683S,"Yungas region of La Paz, Bolivia",Neotropical,South American Transition Zone,Puna province,Dry forest|Moist forest,GF01000683S,Puna province,36,0,0,0,0,0,0,0,0,0,0,0,0,0,2,0,0,1,1,0,0,1,15,0,0,0,1,0,2,root,59,8,0,0,,8,3.175621
GF01000684S,"Yungas region of La Paz, Bolivia",Neotropical,South Brazilian,Yungas province,Dry forest|Moist forest,GF01000684S,Yungas province,10,0,0,0,0,0,0,0,0,0,0,0,0,1,0,0,0,0,4,0,0,0,2,0,0,0,0,0,2,root,19,5,0,0,,5,3.650174
GF01000685S,"Yungas region of La Paz, Bolivia",Neotropical,South Brazilian,Yungas province,Dry forest|Moist forest,GF01000685S,Yungas province,0,0,0,0,0,0,0,0,0,0,0,1,0,0,0,0,0,0,1,0,0,0,1,0,0,0,2,0,1,root,6,5,0,0,,5,4.762203
GF01000686S,"Yungas region of La Paz, Bolivia",Neotropical,South Brazilian,Yungas province,Dry forest|Moist forest,GF01000686S,Yungas province,4,0,0,0,0,0,0,0,0,0,0,0,0,0,0,0,0,0,2,0,0,0,2,0,0,0,2,0,0,root,10,4,0,0,,4,3.789291
GF01000687S,"Yungas region of La Paz, Bolivia",Neotropical,South Brazilian,Yungas province,Dry forest|Moist forest,GF01000687S,Yungas province,37,0,0,0,0,0,0,0,0,0,1,1,0,0,2,0,1,0,6,0,0,0,30,0,0,0,7,0,6,root,91,9,0,0,,9,4.573208
GF01000688S,"Yungas region of La Paz, Bolivia",Neotropical,South Brazilian,Yungas province,Dry forest|Moist forest,GF01000688S,Yungas province,8,0,0,0,0,0,0,0,0,0,2,1,0,0,1,0,0,0,2,0,0,0,6,0,0,0,1,0,2,root,23,8,0,0,,8,5.83558
GF01000689S,"Yungas region of La Paz, Bolivia",Neotropical,South Brazilian,Yungas province,Dry forest|Moist forest,GF01000689S,Yungas province,11,0,0,0,0,0,0,0,2,0,0,0,0,0,0,0,0,0,0,0,0,0,6,0,0,0,0,0,4,root,23,4,8.695652174,8.695652174,,4,3.386818
GF01000690S,"Yungas region of La Paz, Bolivia",Neotropical,South Brazilian,Yungas province,Dry forest|Moist forest,GF01000690S,Yungas province,3,0,0,0,0,0,0,0,0,0,0,0,0,0,0,0,0,0,0,0,0,0,0,0,0,0,0,0,1,root,4,2,0,0,,2,1.754765
GF01000691S,"Yungas region of La Paz, Bolivia",Neotropical,South Brazilian,Yungas province,Dry forest|Moist forest,GF01000691S,Yungas province,5,0,0,0,0,0,0,0,0,0,0,0,0,0,0,0,0,0,1,0,0,0,5,0,0,0,4,0,2,root,17,5,0,0,,5,4.387465
GF01000692S,Northeast Argentina,Neotropical,Parana,Parana Forest province,Dry forest|Moist forest,GF01000692S,Parana Forest province,49,0,0,0,0,4,0,1,0,0,0,1,0,0,6,0,1,0,19,0,0,0,19,0,0,0,2,0,6,root,108,10,0,0,,10,5.038593
GF01000693S,Northeast Argentina,Neotropical,Parana,Parana Forest province,Dry forest|Moist forest,GF01000693S,Parana Forest province,34,0,0,0,5,12,0,1,0,0,0,1,0,0,1,0,1,0,10,0,0,0,14,0,0,0,4,0,4,root,87,11,0,0,,11,6.269721
GF01000694S,Northeast Argentina,Neotropical,Parana,Parana Forest province,Dry forest|Moist forest,GF01000694S,Parana Forest province,48,0,0,0,0,5,0,0,0,0,0,3,0,0,5,0,2,0,11,0,0,2,27,1,0,0,2,0,13,root,119,11,0,0,,11,5.871355
GF01000695S,Northeast Argentina,Neotropical,Parana,Parana Forest province,Dry forest|Moist forest,GF01000695S,Parana Forest province,78,0,0,0,2,9,0,1,0,0,0,2,0,0,8,0,7,0,7,0,0,0,3,0,0,0,2,0,12,root,131,11,0,0,,11,4.529865
GF01000696S,Northeast Argentina,Neotropical,Parana,Parana Forest province,Dry forest|Moist forest,GF01000696S,Parana Forest province,48,0,0,0,1,2,0,0,0,0,0,4,0,0,1,0,1,0,9,0,0,0,7,0,0,0,3,0,4,root,80,10,0,0,,10,4.240559
GF01000697S,Northeast Argentina,Neotropical,Parana,Parana Forest province,Dry forest|Moist forest,GF01000697S,Parana Forest province,57,0,0,0,1,7,0,0,0,0,0,4,0,0,7,0,3,2,26,0,0,0,16,1,0,0,2,0,19,root,145,12,0,0,,12,6.318282
GF01000698S,Northeast Argentina,Neotropical,Parana,Parana Forest province,Dry forest|Moist forest,GF01000698S,Parana Forest province,37,0,0,0,1,2,0,0,0,0,0,3,0,0,5,0,2,1,6,0,0,3,10,0,0,0,0,0,13,root,83,11,0,0,,11,5.993611
GF01000699S,Northeast Argentina,Neotropical,Parana,Parana Forest province,Dry forest|Moist forest,GF01000699S,Parana Forest province,28,0,0,0,2,22,0,0,0,0,0,1,0,0,2,0,4,0,6,0,0,0,17,0,0,0,3,0,8,root,93,10,0,0,,10,6.429457
GF01000700S,Northeast Argentina,Neotropical,Parana,Parana Forest province,Dry forest|Moist forest,GF01000700S,Parana Forest province,53,0,0,0,4,7,0,2,0,0,0,2,0,0,4,0,2,0,14,0,0,0,9,1,0,0,3,0,11,root,112,12,0,0,,12,6.113792
GF01000701S,Northeast Argentina,Neotropical,Parana,Parana Forest province,Dry forest|Moist forest,GF01000701S,Parana Forest province,53,0,0,0,2,14,0,1,0,0,0,3,0,0,6,0,2,1,15,0,0,0,21,1,0,0,5,0,8,root,132,13,0,0,,13,6.701115
GF01000702S,Northeast Argentina,Neotropical,Parana,Parana Forest province,Dry forest|Moist forest,GF01000702S,Parana Forest province,28,0,0,0,1,0,0,0,0,0,0,2,0,0,10,0,3,1,36,0,0,0,9,0,0,0,3,0,5,root,98,10,0,0,,10,5.563619
GF01003347S,South Georgia and the South Sandwich Islands: Bird Island,N/A,N/A,N/A,Wet forest,GF01003347S,N/A,27,0,0,0,0,0,0,2,0,0,0,0,0,0,8,0,1,0,3,1,0,0,4,0,0,0,5,0,0,soil,51,8,0,0,,8,4.492729
GF01003351S,South Georgia and the South Sandwich Islands: Bird Island,N/A,N/A,N/A,Wet forest,GF01003351S,N/A,21,0,0,0,0,0,0,2,0,0,0,0,0,0,3,0,1,0,1,0,0,0,7,0,0,0,2,0,0,soil,37,7,0,0,,7,3.86047
GF01003352S,South Georgia and the South Sandwich Islands: Bird Island,N/A,N/A,N/A,Wet forest,GF01003352S,N/A,18,0,0,0,0,0,0,0,0,0,0,0,0,0,10,0,1,0,3,0,0,0,5,0,0,0,3,0,0,soil,40,6,0,0,,6,4.24862
GF01003353S,South Georgia and the South Sandwich Islands: Bird Island,N/A,N/A,N/A,Wet forest,GF01003353S,N/A,15,0,0,0,0,0,0,0,0,0,0,0,0,0,9,0,1,0,3,0,0,0,4,0,0,0,2,0,0,soil,34,6,0,0,,6,4.259752
GF01003354S,South Georgia and the South Sandwich Islands: Bird Island,N/A,N/A,N/A,Wet forest,GF01003354S,N/A,22,0,0,0,0,0,0,2,0,0,0,0,0,0,6,0,1,0,2,0,0,0,4,0,0,0,2,0,0,soil,39,7,0,0,,7,4.036667
GF01003355S,South Georgia and the South Sandwich Islands: Bird Island,N/A,N/A,N/A,Wet forest,GF01003355S,N/A,20,0,0,0,1,0,0,1,0,0,0,0,0,0,5,0,1,0,2,0,0,0,3,0,0,0,2,0,0,soil,35,8,0,0,,8,4.221531
GF01003369S,South Georgia and the South Sandwich Islands: Bird Island,N/A,N/A,N/A,Wet forest,GF01003369S,N/A,23,0,0,0,1,0,0,2,0,0,0,0,0,0,3,0,1,0,2,0,0,0,6,0,0,0,2,0,0,soil,40,8,0,0,,8,4.182204
GF01003372S,South Georgia and the South Sandwich Islands: Bird Island,N/A,N/A,N/A,Wet forest,GF01003372S,N/A,15,0,0,0,1,0,0,0,0,0,0,0,0,0,6,0,1,0,0,0,0,0,6,0,0,0,2,0,2,soil,33,7,0,0,,7,4.618218
GF01003380S,South Georgia and the South Sandwich Islands: Bird Island,N/A,N/A,N/A,Wet forest,GF01003380S,N/A,18,0,0,0,0,0,0,0,0,0,0,0,0,0,4,0,1,0,1,0,0,0,5,0,0,0,3,0,0,soil,32,6,0,0,,6,3.714134
GF01003381S,South Georgia and the South Sandwich Islands: Bird Island,N/A,N/A,N/A,Wet forest,GF01003381S,N/A,14,0,0,0,0,0,0,0,0,0,0,0,0,0,4,0,2,0,0,0,0,2,5,0,0,0,3,0,0,soil,30,6,0,0,,6,4.546136
GF01003394S,South Georgia and the South Sandwich Islands: Bird Island,N/A,N/A,N/A,Wet forest,GF01003394S,N/A,22,0,0,0,0,0,0,0,1,0,0,0,0,0,6,0,1,0,2,0,0,0,5,0,0,0,3,0,0,soil,40,7,2.5,2.5,,7,4.062543
GF01003395S,South Georgia and the South Sandwich Islands: Bird Island,N/A,N/A,N/A,Wet forest,GF01003395S,N/A,15,0,0,0,0,0,0,0,1,0,0,0,0,0,8,0,1,0,2,0,0,0,4,0,0,0,2,0,0,soil,33,7,3.03030303,3.03030303,,7,4.524084
GF01003396S,South Georgia and the South Sandwich Islands: Bird Island,N/A,N/A,N/A,Wet forest,GF01003396S,N/A,22,0,0,0,1,0,0,2,0,0,0,0,0,0,9,0,1,0,3,1,0,0,5,0,0,0,3,0,0,soil,47,9,0,0,,9,5.163273
GF01003397S,South Georgia and the South Sandwich Islands: Bird Island,N/A,N/A,N/A,Wet forest,GF01003397S,N/A,30,0,0,0,1,0,0,0,0,0,0,0,0,0,7,0,1,0,3,1,0,0,5,0,0,0,3,0,0,soil,51,8,0,0,,8,3.962991
GF01003398S,South Georgia and the South Sandwich Islands: Bird Island,N/A,N/A,N/A,Wet forest,GF01003398S,N/A,19,0,0,0,0,0,0,0,0,0,0,0,0,1,7,0,1,0,2,0,0,0,5,0,0,0,3,0,0,soil,38,7,0,0,,7,4.357626
GF01003399S,South Georgia and the South Sandwich Islands: Bird Island,N/A,N/A,N/A,Wet forest,GF01003399S,N/A,21,0,0,0,0,0,0,2,0,0,0,0,0,0,5,0,1,0,2,0,0,0,5,0,0,0,1,0,0,soil,37,7,0,0,,7,3.947284
GF01003400S,South Georgia and the South Sandwich Islands: Bird Island,N/A,N/A,N/A,Wet forest,GF01003400S,N/A,14,0,0,0,0,0,0,0,2,0,0,0,0,0,6,0,1,0,2,0,0,0,3,0,0,0,2,0,0,soil,30,7,6.666666667,6.666666667,,7,4.772139
GF01003401S,South Georgia and the South Sandwich Islands: Bird Island,N/A,N/A,N/A,Wet forest,GF01003401S,N/A,20,0,0,0,0,0,0,0,0,0,0,0,0,0,8,0,1,0,1,0,0,0,4,0,0,0,3,0,0,soil,37,6,0,0,,6,3.680497
GF01003402S,South Georgia and the South Sandwich Islands: Bird Island,N/A,N/A,N/A,Wet forest,GF01003402S,N/A,15,0,0,0,0,0,0,0,1,0,0,0,0,0,6,0,1,0,1,0,0,0,3,0,0,0,2,0,0,soil,29,7,3.448275862,3.448275862,,7,4.197204
GF01003403S,South Georgia and the South Sandwich Islands: Bird Island,N/A,N/A,N/A,Wet forest,GF01003403S,N/A,17,0,0,0,0,0,0,0,1,0,0,0,0,0,7,0,1,0,3,0,0,0,5,0,0,0,4,0,0,soil,38,7,2.631578947,2.631578947,,7,4.793268
GF01003404S,South Georgia and the South Sandwich Islands: Bird Island,N/A,N/A,N/A,Wet forest,GF01003404S,N/A,27,0,0,0,0,0,0,0,0,0,0,0,0,0,6,0,1,0,2,0,0,0,4,0,0,0,3,0,0,soil,43,6,0,0,,6,3.33297
GF01003405S,South Georgia and the South Sandwich Islands: Bird Island,N/A,N/A,N/A,Wet forest,GF01003405S,N/A,23,0,0,0,0,0,0,0,0,0,0,0,0,0,10,0,1,0,3,0,0,0,4,0,0,0,2,0,0,soil,43,6,0,0,,6,3.70894
GF01003411S,South Georgia and the South Sandwich Islands: Bird Island,N/A,N/A,N/A,Wet forest,GF01003411S,N/A,18,0,0,0,1,0,0,2,0,0,0,0,0,0,5,0,1,0,2,0,0,0,5,0,0,0,3,0,0,soil,37,8,0,0,,8,4.981825
GF01003412S,South Georgia and the South Sandwich Islands: Bird Island,N/A,N/A,N/A,Wet forest,GF01003412S,N/A,33,0,0,0,0,0,0,0,1,0,0,0,0,0,9,0,1,0,2,0,0,0,8,0,0,0,2,0,1,soil,57,8,1.754385965,1.754385965,,8,3.78609
GF01003414S,South Georgia and the South Sandwich Islands: Bird Island,N/A,N/A,N/A,Wet forest,GF01003414S,N/A,32,0,0,0,0,0,0,0,1,0,0,0,0,0,4,0,1,0,2,0,0,0,4,0,0,0,2,0,1,soil,47,8,2.127659574,2.127659574,,8,3.305347
GF01003420S,South Georgia and the South Sandwich Islands: Bird Island,N/A,N/A,N/A,Wet forest,GF01003420S,N/A,22,0,0,0,1,0,0,2,0,0,0,0,0,0,4,0,1,0,2,0,0,0,5,0,0,0,2,0,0,soil,39,8,0,0,,8,4.326403
GF01003421S,South Georgia and the South Sandwich Islands: Bird Island,N/A,N/A,N/A,Wet forest,GF01003421S,N/A,27,0,0,0,1,0,0,0,1,0,0,0,0,0,3,0,1,0,1,0,0,0,5,0,0,0,2,0,1,soil,42,9,2.380952381,2.380952381,,9,3.727875
GF01003422S,South Georgia and the South Sandwich Islands: Bird Island,N/A,N/A,N/A,Wet forest,GF01003422S,N/A,18,0,0,0,1,0,0,2,0,0,0,0,0,0,4,0,1,0,1,0,0,0,4,0,0,0,1,0,0,soil,32,8,0,0,,8,4.263142
GF01003423S,South Georgia and the South Sandwich Islands: Bird Island,N/A,N/A,N/A,Wet forest,GF01003423S,N/A,13,0,0,0,0,0,0,0,0,0,0,0,0,0,4,0,2,0,1,0,0,0,5,0,0,0,2,0,0,soil,27,6,0,0,,6,4.28342
GF01003424S,South Georgia and the South Sandwich Islands: Bird Island,N/A,N/A,N/A,Wet forest,GF01003424S,N/A,22,0,0,0,0,0,0,2,0,0,0,0,0,0,5,0,1,0,2,0,0,0,8,0,0,0,3,0,1,soil,44,8,0,0,,8,4.663558
GF01003425S,South Georgia and the South Sandwich Islands: Bird Island,N/A,N/A,N/A,Wet forest,GF01003425S,N/A,21,0,0,0,0,0,0,0,1,0,0,0,0,0,3,0,2,0,0,0,0,0,3,0,0,0,2,0,1,soil,33,7,3.03030303,3.03030303,,7,3.579842
GF01003426S,South Georgia and the South Sandwich Islands: Bird Island,N/A,N/A,N/A,Wet forest,GF01003426S,N/A,25,0,0,0,0,0,0,0,1,0,0,0,0,0,3,0,1,0,1,0,0,0,5,0,0,0,3,0,0,soil,39,7,2.564102564,2.564102564,,7,3.403568
GF01003427S,South Georgia and the South Sandwich Islands: Bird Island,N/A,N/A,N/A,Wet forest,GF01003427S,N/A,19,0,0,0,0,0,0,0,1,0,0,0,0,0,3,0,1,0,2,0,0,0,5,0,0,0,2,0,1,soil,34,8,2.941176471,2.941176471,,8,4.330892
GF01003454S,South Georgia and the South Sandwich Islands: Bird Island,N/A,N/A,N/A,Wet forest,GF01003454S,N/A,17,0,0,0,0,0,0,2,0,0,0,0,0,0,4,0,1,0,2,0,0,0,4,0,0,0,2,0,0,soil,32,7,0,0,,7,4.410785
GF01003456S,South Georgia and the South Sandwich Islands: Bird Island,N/A,N/A,N/A,Wet forest,GF01003456S,N/A,18,0,0,0,0,0,0,0,0,0,0,0,0,0,3,0,1,0,2,0,0,0,3,0,0,0,2,0,0,soil,29,6,0,0,,6,3.491622
GF01003458S,South Georgia and the South Sandwich Islands: Bird Island,N/A,N/A,N/A,Wet forest,GF01003458S,N/A,37,0,0,0,1,0,0,0,1,0,0,0,0,0,5,0,1,0,3,0,0,0,7,0,0,0,3,0,1,soil,59,9,1.694915254,1.694915254,,9,3.796488
GF01003463S,South Georgia and the South Sandwich Islands: Bird Island,N/A,N/A,N/A,Wet forest,GF01003463S,N/A,26,0,0,0,0,0,0,0,1,0,0,0,0,0,6,0,1,0,2,0,0,0,5,0,0,0,5,0,0,soil,46,7,2.173913043,2.173913043,,7,3.948699
GF01003465S,South Georgia and the South Sandwich Islands: Bird Island,N/A,N/A,N/A,Wet forest,GF01003465S,N/A,18,0,0,0,0,0,0,0,0,0,0,0,0,0,5,0,1,0,1,0,0,0,3,0,0,0,3,0,0,soil,31,6,0,0,,6,3.609197
GF01003472S,South Georgia and the South Sandwich Islands: Bird Island,N/A,N/A,N/A,Wet forest,GF01003472S,N/A,14,0,0,0,0,0,0,0,0,0,0,0,0,1,5,0,1,0,1,0,0,0,3,0,0,0,2,0,0,soil,27,7,0,0,,7,4.288686
GF01003473S,South Georgia and the South Sandwich Islands: Bird Island,N/A,N/A,N/A,Wet forest,GF01003473S,N/A,31,0,0,0,0,0,0,0,1,0,1,0,0,0,5,0,1,0,1,0,0,0,5,0,0,0,2,0,1,soil,48,9,2.083333333,2.083333333,,9,3.630015
GF01003474S,South Georgia and the South Sandwich Islands: Bird Island,N/A,N/A,N/A,Wet forest,GF01003474S,N/A,23,0,0,0,0,0,0,0,1,0,0,0,0,0,1,0,1,0,1,0,0,0,5,0,0,0,2,0,1,soil,35,8,2.857142857,2.857142857,,8,3.405366
GF01003475S,South Georgia and the South Sandwich Islands: Bird Island,N/A,N/A,N/A,Wet forest,GF01003475S,N/A,12,0,0,0,0,0,0,0,0,0,0,0,0,0,3,0,2,0,0,0,0,0,4,0,0,0,1,0,1,soil,23,6,0,0,,6,4.032375
GF01003476S,South Georgia and the South Sandwich Islands: Bird Island,N/A,N/A,N/A,Wet forest,GF01003476S,N/A,14,0,0,0,0,0,0,0,0,0,0,0,0,0,3,0,2,0,2,0,0,1,5,0,0,0,3,0,0,soil,30,7,0,0,,7,4.9001
GF01003479S,South Georgia and the South Sandwich Islands: Bird Island,N/A,N/A,N/A,Wet forest,GF01003479S,N/A,22,0,0,0,2,0,0,1,0,0,0,0,0,0,5,0,1,0,2,1,0,0,5,0,0,0,3,0,0,soil,42,9,0,0,,9,4.907999
GF01003480S,South Georgia and the South Sandwich Islands: Bird Island,N/A,N/A,N/A,Wet forest,GF01003480S,N/A,19,0,0,0,0,0,0,1,0,0,0,0,0,0,6,0,1,0,3,0,0,0,3,0,0,0,3,0,0,soil,36,7,0,0,,7,4.289756
GF01004716S,"Mexico, Alvaro Obregon",N/A,N/A,N/A,Very dry forest,GF01004716S,N/A,166,0,0,0,1,22,0,7,1,0,0,1,2,6,13,0,1,0,40,0,0,2,17,1,0,0,4,0,16,soil,300,16,0.333333333,0.333333333,,16,5.094128
GF01004718S,"Venezuela, Tocuyo",Neotropical,Pacific,Venezuelan province,Dry forest,GF01004718S,Venezuelan province,177,0,0,0,9,1,0,11,1,0,0,4,1,5,41,0,13,0,43,0,0,3,46,2,0,0,18,0,41,soil,416,16,0.240384615,0.240384615,,16,6.849007
GF01004719S,"Argentina, Pilcaniyeu",N/A,N/A,N/A,Thorn steppe,GF01004719S,N/A,125,0,0,0,14,0,0,13,1,2,1,1,2,1,61,0,2,0,40,0,0,3,51,2,0,0,29,0,20,soil,368,17,0.27173913,0.27173913,,17,7.370914
GF01004720S,"Mexico, Las Palmas Santo Domingo",N/A,N/A,N/A,Thorn woodland,GF01004720S,N/A,126,0,0,0,1,33,0,7,0,0,0,1,0,8,22,0,1,0,38,0,0,5,11,0,0,1,5,0,16,soil,275,14,0,0,,14,6.08351
GF01004722S,"Mexico, Coronado",N/A,N/A,N/A,Thorn woodland,GF01004722S,N/A,145,0,0,0,6,9,0,20,0,0,0,3,1,27,33,0,1,0,42,0,0,0,24,2,0,0,16,0,12,soil,341,14,0,0,,14,6.929734
GF01004726S,"Venezuela, Humocaro",Neotropical,Pacific,Venezuelan province,Very dry forest|Dry forest,GF01004726S,Venezuelan province,262,0,0,0,18,1,0,9,0,0,1,14,1,6,61,0,6,0,61,0,0,0,36,3,0,0,21,0,61,soil,561,15,0,0,,15,6.087401
GF01004730S,Chile,N/A,N/A,N/A,Desert,GF01004730S,N/A,79,0,0,0,3,3,0,18,0,0,0,0,1,9,26,0,1,0,35,0,0,0,29,0,0,0,11,0,18,soil,233,12,0,0,,12,7.241791
GF01004743S,Chile,N/A,N/A,N/A,Desert,GF01004743S,N/A,103,0,0,0,22,0,0,16,0,0,0,1,3,6,24,0,7,0,34,0,0,1,52,4,0,0,20,0,23,soil,316,14,0,0,,14,8.12994
GF01004751S,"Venezuela, Quibor",Neotropical,Pacific,Venezuelan province,Very dry forest|Dry forest,GF01004751S,Venezuelan province,67,0,0,0,9,0,0,9,0,0,0,2,0,9,22,0,2,0,58,0,0,0,14,0,0,0,12,0,24,soil,228,11,0,0,,11,7.119631
GF01004753S,Chile,N/A,N/A,N/A,Desert scrub,GF01004753S,N/A,119,0,0,0,5,7,0,15,0,0,0,2,0,1,36,0,7,0,58,0,0,1,31,2,0,0,28,0,16,soil,328,14,0,0,,14,7.125356
GF01004757S,"Mexico, Santa Maria Refugio",N/A,N/A,N/A,Thorn woodland,GF01004757S,N/A,218,0,0,0,8,12,0,28,1,0,0,4,0,12,58,0,3,0,74,0,0,2,27,2,0,0,12,0,26,soil,487,15,0.205338809,0.205338809,,15,6.362466
GF01004760S,"Mexico, El Huizache",Neotropical,,Sierra Madre Oriental province,Thorn woodland,GF01004760S,Sierra Madre Oriental province,98,0,0,0,4,0,0,17,0,0,0,1,0,14,32,0,0,0,32,0,0,1,14,0,0,0,8,0,9,soil,230,11,0,0,,11,6.092153
GF01004763S,"Mexico, Coronado",N/A,N/A,N/A,Thorn woodland,GF01004763S,N/A,89,0,0,0,2,9,0,7,1,0,0,3,0,24,12,0,1,0,32,0,0,1,14,0,0,0,1,0,6,soil,202,14,0.495049505,0.495049505,,14,6.244692
GF01004776S,"Mexico, Santa Maria Refugio",N/A,N/A,N/A,Thorn woodland,GF01004776S,N/A,91,0,0,0,2,3,0,13,0,0,0,2,0,5,15,0,0,0,35,0,0,2,9,0,0,0,6,0,11,soil,194,12,0,0,,12,5.789403
GF01004777S,Chile,N/A,N/A,N/A,Desert,GF01004777S,N/A,119,0,0,0,5,6,0,17,0,0,0,0,1,1,28,0,5,0,46,0,0,3,33,2,0,0,26,0,18,soil,310,14,0,0,,14,7.117415
GF01004778S,"Venezuela, Tocuyo",Neotropical,Pacific,Venezuelan province,Dry forest,GF01004778S,Venezuelan province,223,0,0,0,15,3,0,7,0,0,0,3,1,9,45,0,15,0,61,0,0,2,57,4,0,0,24,0,37,soil,506,15,0,0,,15,6.592383
GF01004780S,"Mexico, El Huizache",Neotropical,,Sierra Madre Oriental province,Thorn woodland,GF01004780S,Sierra Madre Oriental province,77,0,0,0,0,3,0,17,0,0,0,1,0,5,22,0,0,0,35,0,0,1,10,1,0,0,2,0,9,soil,183,12,0,0,,12,5.833056
GF01004783S,"Argentina, Lucas Cuesta",N/A,N/A,N/A,Thorn steppe,GF01004783S,N/A,127,0,0,0,1,0,0,21,0,0,0,0,4,10,57,0,5,0,46,0,0,7,29,1,0,0,17,0,21,soil,346,13,0,0,,13,7.078816
GF01004786S,"Argentina, Castaneda",N/A,N/A,N/A,Thorn steppe,GF01004786S,N/A,88,0,0,0,5,0,0,12,0,2,0,0,1,0,32,0,2,0,31,0,0,2,35,2,0,0,21,0,6,soil,239,13,0,0,,13,6.710502
GF01004790S,Chile,N/A,N/A,N/A,Desert,GF01004790S,N/A,29,0,0,0,2,0,0,10,0,0,0,0,1,2,12,0,2,0,17,0,0,3,15,0,0,0,6,0,8,soil,107,12,0,0,,12,8.255968
GF01004796S,"Mexico, Laguna seca",N/A,N/A,N/A,Thorn woodland,GF01004796S,N/A,221,0,0,0,2,35,0,29,1,0,0,2,1,12,37,0,2,0,50,0,0,3,22,1,0,1,12,0,33,soil,464,17,0.215517241,0.215517241,,17,6.301676
GF01004801S,Chile,N/A,N/A,N/A,Desert scrub,GF01004801S,N/A,134,0,0,0,9,9,0,22,0,0,0,0,1,1,41,0,7,0,64,0,0,0,27,1,0,0,18,0,24,soil,358,13,0,0,,13,6.910584
GF01004802S,"Venezuela, Humocaro",Neotropical,Pacific,Venezuelan province,Very dry forest|Dry forest,GF01004802S,Venezuelan province,257,0,0,0,22,9,0,9,1,0,1,13,0,7,63,0,6,0,69,0,0,0,44,3,0,0,21,0,61,soil,586,15,0.170648464,0.170648464,,15,6.598778
GF01004805S,Mexico,Neotropical,,Sierra Madre Occidental province,Very dry forest|Dry forest,GF01004805S,Sierra Madre Occidental province,195,0,0,0,3,20,0,13,3,0,0,0,0,10,18,0,2,0,30,0,0,6,35,0,0,3,11,0,30,soil,379,14,0.791556728,0.791556728,,14,5.965158
GF01004807S,"Argentina, Lucas Cuesta",N/A,N/A,N/A,Thorn steppe,GF01004807S,N/A,165,0,0,0,4,0,0,14,0,0,0,0,5,8,63,0,2,0,50,0,0,5,40,1,0,0,17,0,23,soil,397,13,0,0,,13,6.321945
GF01004819S,"Argentina, Pilcaniyeu",N/A,N/A,N/A,Thorn steppe,GF01004819S,N/A,72,0,0,0,2,0,0,13,0,0,1,2,0,1,28,0,1,0,40,0,0,2,20,0,0,0,25,0,15,soil,222,13,0,0,,13,7.003625
GF01004828S,"Mexico, Las Palmas Santo Domingo",N/A,N/A,N/A,Thorn woodland,GF01004828S,N/A,204,0,0,0,4,22,0,26,0,0,0,3,0,2,54,0,2,0,67,0,0,4,22,1,0,1,12,0,29,soil,453,15,0,0,,15,6.153866
GF01004830S,"Mexico, Laguna seca",N/A,N/A,N/A,Thorn woodland,GF01004830S,N/A,138,0,0,0,2,22,0,9,1,0,0,1,0,12,19,0,0,0,23,0,0,2,12,0,0,1,2,0,16,soil,260,14,0.384615385,0.384615385,,14,5.470148
GF01004831S,"Venezuela, Quibor",Neotropical,Pacific,Venezuelan province,Very dry forest|Dry forest,GF01004831S,Venezuelan province,117,0,0,0,19,0,0,8,0,0,0,3,0,7,28,0,7,1,64,0,0,0,24,0,0,0,19,0,27,soil,324,12,0,0,,12,7.032868
GF01004842S,"Mexico, Alvaro Obregon",N/A,N/A,N/A,Very dry forest,GF01004842S,N/A,214,0,0,0,3,18,0,10,1,1,1,2,1,18,22,0,1,0,48,0,0,1,20,2,0,0,4,0,18,soil,385,18,0.25974026,0.25974026,,18,5.26102
GF01004853S,Mexico,Neotropical,,Sierra Madre Occidental province,Very dry forest|Dry forest,GF01004853S,Sierra Madre Occidental province,249,0,0,0,5,18,0,9,0,0,0,0,0,3,29,0,5,0,47,0,0,6,51,1,0,0,18,0,28,soil,469,13,0,0,,13,5.325259
GF01004864S,Chile,N/A,N/A,N/A,Desert,GF01004864S,N/A,66,0,0,0,7,2,0,8,1,0,0,1,1,2,23,0,1,0,35,0,0,0,25,1,0,0,20,0,12,soil,205,15,0.487804878,0.487804878,,15,7.56822
GF01004865S,Chile,N/A,N/A,N/A,Desert,GF01004865S,N/A,68,0,0,0,7,2,0,12,0,0,0,1,2,0,23,0,2,0,40,0,0,0,26,0,0,0,12,0,15,soil,210,12,0,0,,12,7.165394
GF01004869S,"Mexico, El Teyepac",N/A,N/A,N/A,Thorn woodland,GF01004869S,N/A,129,0,0,0,4,7,0,9,0,1,0,1,0,0,45,0,3,0,60,0,0,0,22,0,0,0,6,0,13,soil,300,12,0,0,,12,5.527547
GF01004870S,"Mexico, El Teyepac",N/A,N/A,N/A,Thorn woodland,GF01004870S,N/A,74,0,0,0,2,10,0,14,0,0,0,1,0,0,30,0,3,0,54,0,0,0,20,0,0,0,7,0,13,soil,228,11,0,0,,11,6.604688
GF01005004S,"Pia Glacier, Tierra del Fuego (XII Region, Chile)",N/A,N/A,N/A,Wet forest,GF01005004S,N/A,35,1,0,0,3,0,0,0,3,0,1,0,0,10,6,0,4,0,7,0,0,0,2,0,0,0,5,0,12,soil,89,12,3.370786517,3.370786517,,12,7.246362
GF01005005S,"Pia Glacier, Tierra del Fuego (XII Region, Chile)",N/A,N/A,N/A,Wet forest,GF01005005S,N/A,35,0,0,0,2,0,0,0,0,0,2,0,0,5,6,0,1,0,3,0,0,0,4,0,0,0,4,0,4,soil,66,10,0,0,,10,5.341087
GF01005006S,"Parry Glacier, Tierra del Fuego (XII Region, Chile)",N/A,N/A,N/A,Moist forest|Wet forest,GF01005006S,N/A,22,0,0,0,0,0,0,0,2,0,13,0,0,1,4,0,0,2,0,0,0,0,17,0,0,0,1,0,6,soil,68,9,2.941176471,2.941176471,,9,5.699547
GF01005007S,"Pia Glacier, Tierra del Fuego (XII Region, Chile)",N/A,N/A,N/A,Wet forest,GF01005007S,N/A,26,0,0,0,1,0,0,0,12,0,4,0,0,0,6,0,1,0,2,0,0,4,12,0,0,0,0,0,8,soil,76,10,15.78947368,15.78947368,,10,6.732216
GF01005008S,"Parry Glacier, Tierra del Fuego (XII Region, Chile)",N/A,N/A,N/A,Moist forest|Wet forest,GF01005008S,N/A,37,0,0,0,0,0,0,0,9,0,5,0,0,0,3,0,0,1,0,0,0,2,20,0,0,0,0,0,7,soil,84,8,10.71428571,10.71428571,,8,4.844811
GF01005009S,"Parry Glacier, Tierra del Fuego (XII Region, Chile)",N/A,N/A,N/A,Moist forest|Wet forest,GF01005009S,N/A,26,0,0,0,0,0,0,0,3,0,2,0,0,3,1,0,0,0,4,0,0,0,5,0,0,0,2,0,4,soil,50,9,6,6,,9,5.195416
GF01005010S,"Pia Glacier, Tierra del Fuego (XII Region, Chile)",N/A,N/A,N/A,Wet forest,GF01005010S,N/A,19,0,0,0,1,0,0,0,1,0,5,0,0,3,8,0,0,0,3,0,0,0,7,0,0,0,5,0,3,soil,55,10,1.818181818,1.818181818,,10,7.153773
GF01005011S,"Pia Glacier, Tierra del Fuego (XII Region, Chile)",N/A,N/A,N/A,Wet forest,GF01005011S,N/A,26,0,0,0,1,0,0,0,5,0,1,0,0,0,6,0,0,0,4,0,0,0,1,0,0,0,0,0,2,soil,46,8,10.86956522,10.86956522,,8,4.169423
GF01005012S,"Parry Glacier, Tierra del Fuego (XII Region, Chile)",N/A,N/A,N/A,Moist forest|Wet forest,GF01005012S,N/A,20,0,0,0,1,0,0,0,1,0,12,0,0,0,1,0,0,0,1,0,0,0,2,0,0,0,0,0,2,soil,40,8,2.5,2.5,,8,3.959931
GF01005013S,"Parry Glacier, Tierra del Fuego (XII Region, Chile)",N/A,N/A,N/A,Moist forest|Wet forest,GF01005013S,N/A,13,0,0,0,0,0,0,0,1,0,0,0,0,1,3,0,0,0,1,0,0,0,3,0,0,0,0,0,2,soil,24,7,4.166666667,4.166666667,,7,4.290018
GF01005014S,"Pia Glacier, Tierra del Fuego (XII Region, Chile)",N/A,N/A,N/A,Wet forest,GF01005014S,N/A,45,0,0,0,1,3,0,2,0,0,8,0,0,0,6,0,0,0,2,0,0,0,3,0,0,0,1,0,2,soil,73,10,0,0,,10,4.143193
GF01005121S,Trinidad,Neotropical,Pacific,Trinidad province,Moist forest,GF01005121S,Trinidad province,31,0,0,0,0,0,0,1,0,0,0,0,0,0,10,0,1,0,1,0,0,0,6,0,0,0,2,0,9,soil,61,8,0,0,,8,4.328038
GF01005122S,Trinidad,Neotropical,Pacific,Trinidad province,Moist forest,GF01005122S,Trinidad province,64,0,0,0,0,0,0,0,0,0,0,1,0,0,13,0,2,0,9,0,0,0,8,1,0,0,10,0,14,soil,122,9,0,0,,9,4.700215
GF01005123S,Trinidad,Neotropical,Pacific,Trinidad province,Moist forest,GF01005123S,Trinidad province,31,0,0,0,0,0,0,1,0,0,0,1,0,0,5,0,1,0,7,0,0,0,4,2,0,0,4,0,12,soil,68,10,0,0,,10,5.547599
GF01005124S,Trinidad,Neotropical,Pacific,Trinidad province,Moist forest,GF01005124S,Trinidad province,52,0,0,0,1,0,0,1,0,0,0,0,0,0,4,0,0,0,9,0,0,0,1,0,0,0,4,0,11,soil,83,8,0,0,,8,3.503272
GF01005125S,Trinidad,Neotropical,Pacific,Trinidad province,Moist forest,GF01005125S,Trinidad province,48,0,0,0,0,0,0,0,0,0,0,1,0,0,8,0,4,0,6,0,0,0,6,0,0,0,6,0,14,soil,93,8,0,0,,8,4.720848
GF01005126S,Trinidad,Neotropical,Pacific,Trinidad province,Moist forest,GF01005126S,Trinidad province,17,0,0,0,0,0,0,2,0,0,0,0,0,0,3,0,1,0,5,0,0,0,2,0,0,0,0,0,5,soil,35,7,0,0,,7,4.692629
GF01005127S,Trinidad,Neotropical,Pacific,Trinidad province,Moist forest,GF01005127S,Trinidad province,34,0,0,0,0,0,0,0,0,0,0,0,0,0,4,0,2,0,7,0,0,0,7,0,0,0,5,0,5,soil,64,7,0,0,,7,4.481946
GF01005128S,Trinidad,Neotropical,Pacific,Trinidad province,Moist forest,GF01005128S,Trinidad province,14,0,0,0,0,0,0,0,0,0,0,0,0,0,4,0,1,0,1,0,0,0,1,0,0,0,0,0,6,soil,27,6,0,0,,6,3.758016
GF01005129S,Trinidad,Neotropical,Pacific,Trinidad province,Moist forest,GF01005129S,Trinidad province,60,0,0,0,0,0,0,0,0,0,0,0,0,1,6,0,2,0,6,0,0,0,4,0,0,0,7,0,12,soil,98,8,0,0,,8,3.837533
GF01005130S,Trinidad,Neotropical,Pacific,Trinidad province,Moist forest,GF01005130S,Trinidad province,55,0,0,0,0,0,0,0,0,0,0,0,0,0,10,0,1,0,5,0,0,0,9,0,0,0,15,0,9,soil,104,7,0,0,,7,4.286523
GF01005131S,Trinidad,Neotropical,Pacific,Trinidad province,Moist forest,GF01005131S,Trinidad province,69,0,0,0,0,0,0,1,0,0,0,0,0,0,7,0,2,0,7,0,0,0,8,0,0,0,11,0,13,soil,118,8,0,0,,8,4.07593
GF01005132S,Trinidad,Neotropical,Pacific,Trinidad province,Moist forest,GF01005132S,Trinidad province,36,0,0,0,0,0,0,0,0,0,0,0,0,0,9,0,1,0,10,0,0,0,1,0,0,0,1,0,5,soil,63,7,0,0,,7,3.626607
GF01005133S,Trinidad,Neotropical,Pacific,Trinidad province,Moist forest,GF01005133S,Trinidad province,53,0,0,0,0,0,0,0,4,0,0,2,0,0,12,0,1,0,4,0,0,1,10,0,0,0,10,0,15,soil,112,10,3.571428571,3.571428571,,10,5.409735
GF01005134S,Trinidad,Neotropical,Pacific,Trinidad province,Moist forest,GF01005134S,Trinidad province,35,0,0,0,0,0,0,0,1,0,0,0,0,0,6,0,2,0,5,0,0,0,5,0,0,0,2,0,8,soil,64,8,1.5625,1.5625,,8,4.445303
GF01005135S,Trinidad,Neotropical,Pacific,Trinidad province,Moist forest,GF01005135S,Trinidad province,53,0,0,0,0,0,0,1,0,0,0,0,0,0,8,0,1,0,10,0,0,0,2,1,0,0,8,0,13,soil,97,9,0,0,,9,4.335981
GF01005136S,Trinidad,Neotropical,Pacific,Trinidad province,Moist forest,GF01005136S,Trinidad province,53,0,0,0,0,0,0,2,0,0,0,0,0,0,10,0,1,0,7,0,0,2,11,0,0,0,9,0,15,soil,110,9,0,0,,9,5.156807
GF01005137S,Trinidad,Neotropical,Pacific,Trinidad province,Moist forest,GF01005137S,Trinidad province,65,0,0,0,0,0,0,1,0,0,0,0,0,0,10,0,1,0,7,0,0,3,13,0,0,0,10,0,16,soil,126,9,0,0,,9,4.789196
GF01005138S,Trinidad,Neotropical,Pacific,Trinidad province,Moist forest,GF01005138S,Trinidad province,34,0,0,0,0,0,0,0,0,0,0,0,0,0,7,0,1,0,8,0,0,0,4,0,0,0,5,0,10,soil,69,7,0,0,,7,4.605609
GF01005139S,Trinidad,Neotropical,Pacific,Trinidad province,Moist forest,GF01005139S,Trinidad province,4,0,0,0,0,0,0,0,0,0,0,1,0,0,2,0,1,0,1,0,0,0,2,0,0,0,0,0,3,soil,14,7,0,0,,7,6.10748
GF01005140S,Trinidad,Neotropical,Pacific,Trinidad province,Moist forest,GF01005140S,Trinidad province,18,0,0,0,0,0,0,1,0,0,0,0,0,0,7,0,0,0,4,0,0,0,0,1,0,0,4,0,12,soil,47,7,0,0,,7,4.869402
GF01005141S,Trinidad,Neotropical,Pacific,Trinidad province,Moist forest,GF01005141S,Trinidad province,38,0,0,0,0,0,0,0,0,0,0,2,0,0,5,0,1,0,7,0,0,0,5,0,0,0,8,0,10,soil,76,8,0,0,,8,4.859048
GF01005142S,Trinidad,Neotropical,Pacific,Trinidad province,Moist forest,GF01005142S,Trinidad province,58,0,0,0,0,0,0,2,0,0,0,1,0,0,12,0,1,0,5,0,0,0,6,0,0,0,13,0,17,soil,115,9,0,0,,9,4.72787
GF01005143S,Trinidad,Neotropical,Pacific,Trinidad province,Moist forest,GF01005143S,Trinidad province,0,0,0,0,0,0,0,0,0,0,0,0,0,0,0,0,0,0,0,0,0,0,0,0,0,0,0,0,0,soil,0,0,#DIV/0!,0,,0,1
GF01005144S,Trinidad,Neotropical,Pacific,Trinidad province,Moist forest,GF01005144S,Trinidad province,0,0,0,0,0,0,0,0,0,0,0,0,0,0,0,0,0,0,0,0,0,0,0,0,0,0,0,0,0,soil,0,0,#DIV/0!,0,,0,1
GF01005176S,"Georgia, USA",N/A,N/A,N/A,,GF01005176S,N/A,0,0,0,0,0,0,0,0,0,0,0,0,0,0,0,0,0,0,0,0,0,0,0,0,0,0,0,0,0,root,0,0,#DIV/0!,0,,0,1
GF01005188S,"Florida, USA",N/A,N/A,N/A,Dry forest|Moist forest,GF01005188S,N/A,0,0,0,0,0,0,0,0,0,0,0,0,0,0,0,0,0,0,0,0,0,0,0,0,0,0,0,0,0,root,0,0,#DIV/0!,0,,0,1
GF01005189S,"Georgia, USA",N/A,N/A,N/A,,GF01005189S,N/A,0,0,0,0,0,0,0,0,0,0,0,0,0,0,0,0,0,0,0,0,0,0,0,0,0,0,0,0,0,root,0,0,#DIV/0!,0,,0,1
GF01005194S,"Florida, USA",N/A,N/A,N/A,Dry forest|Moist forest,GF01005194S,N/A,0,0,0,0,0,0,0,0,0,0,0,0,0,0,0,0,0,0,0,0,0,0,0,0,0,0,0,0,0,root,0,0,#DIV/0!,0,,0,1
GF01005195S,"Georgia, USA",N/A,N/A,N/A,,GF01005195S,N/A,0,0,0,0,0,0,0,0,0,0,0,0,0,0,0,0,0,0,0,0,0,0,0,0,0,0,0,0,0,root,0,0,#DIV/0!,0,,0,1
GF01005213S,"Florida, USA",N/A,N/A,N/A,Dry forest|Moist forest,GF01005213S,N/A,0,0,0,0,0,0,0,0,0,0,0,0,0,0,0,0,0,0,0,0,0,0,0,0,0,0,0,0,0,root,0,0,#DIV/0!,0,,0,1
GF01005217S,"Florida, USA",N/A,N/A,N/A,Dry forest|Moist forest,GF01005217S,N/A,0,0,0,0,0,0,0,0,0,0,0,0,0,0,0,0,0,0,0,0,0,0,0,0,0,0,0,0,0,root,0,0,#DIV/0!,0,,0,1
GF01005219S,"Georgia, USA",N/A,N/A,N/A,,GF01005219S,N/A,0,0,0,0,0,0,0,0,0,0,0,0,0,0,0,0,0,0,0,0,0,0,0,0,0,0,0,0,0,root,0,0,#DIV/0!,0,,0,1
GF01005237S,"Florida, USA",N/A,N/A,N/A,Dry forest|Moist forest,GF01005237S,N/A,0,0,0,0,0,0,0,0,0,0,0,0,0,0,0,0,0,0,0,0,0,0,0,0,0,0,0,0,0,root,0,0,#DIV/0!,0,,0,1
GF01005259S,"Georgia, USA",N/A,N/A,N/A,,GF01005259S,N/A,0,0,0,0,0,0,0,0,0,0,0,0,0,0,0,0,0,0,0,0,0,0,0,0,0,0,0,0,0,root,0,0,#DIV/0!,0,,0,1
GF01005261S,"Florida, USA",N/A,N/A,N/A,Dry forest|Moist forest,GF01005261S,N/A,0,0,0,0,0,0,0,0,0,0,0,0,0,0,0,0,0,0,0,0,0,0,0,0,0,0,0,0,0,root,0,0,#DIV/0!,0,,0,1
GF01006058S,French Guiana and Brazil,Neotropical,Parana,Atlantic province,Dry forest|Moist forest,GF01006058S,Atlantic province,40,0,0,0,0,11,0,0,0,0,0,0,0,0,8,0,4,0,14,0,0,0,19,0,0,0,0,0,1,root,97,7,0,0,,7,4.929756
GF01006059S,French Guiana and Brazil,Neotropical,Parana,Atlantic province,Dry forest|Moist forest,GF01006059S,Atlantic province,53,0,0,0,2,1,0,0,0,0,3,0,0,0,8,0,5,0,10,0,0,5,31,0,0,0,0,0,5,root,123,10,0,0,,10,5.360957
GF01006060S,French Guiana and Brazil,Neotropical,Boreal Brazilian,Guianan Lowlands province,Moist forest,GF01006060S,Guianan Lowlands province,29,0,0,0,0,2,0,0,1,0,0,0,0,0,2,0,0,0,0,0,0,2,1,0,0,0,0,0,2,root,39,7,2.564102564,2.564102564,,7,2.766245
GF01006061S,French Guiana and Brazil,Neotropical,Parana,Atlantic province,Dry forest|Moist forest,GF01006061S,Atlantic province,51,0,0,0,0,5,0,0,3,0,1,0,0,0,12,0,0,0,8,0,0,0,21,0,0,0,0,0,9,root,110,8,2.727272727,2.727272727,,8,4.909204
GF01006062S,French Guiana and Brazil,Neotropical,Boreal Brazilian,Guianan Lowlands province,Moist forest,GF01006062S,Guianan Lowlands province,60,0,0,0,0,4,0,0,0,0,0,0,0,0,3,0,0,0,3,0,0,4,14,0,0,0,0,0,3,root,91,7,0,0,,7,3.237356
GF01006063S,French Guiana and Brazil,Neotropical,Parana,Atlantic province,Dry forest|Moist forest,GF01006063S,Atlantic province,6,0,0,0,1,3,0,0,0,0,0,0,0,0,0,0,0,0,1,0,0,0,1,0,0,0,0,0,0,root,12,5,0,0,,5,3.722419
GF01006064S,French Guiana and Brazil,Neotropical,Parana,Atlantic province,Moist forest,GF01006064S,Atlantic province,23,0,0,0,1,4,0,0,0,0,0,0,0,0,0,0,0,0,4,0,0,0,5,0,0,0,0,0,0,root,37,5,0,0,,5,3.141172
GF01006065S,French Guiana and Brazil,Neotropical,Boreal Brazilian,Guianan Lowlands province,Moist forest,GF01006065S,Guianan Lowlands province,54,0,0,0,1,0,0,0,0,0,0,0,0,0,7,0,0,0,4,0,0,1,23,0,0,0,1,0,10,root,101,8,0,0,,8,3.859843
GF01006066S,French Guiana and Brazil,Neotropical,Boreal Brazilian,Guianan Lowlands province,Moist forest,GF01006066S,Guianan Lowlands province,38,0,0,0,0,0,0,0,0,0,0,0,0,0,5,0,7,0,6,0,0,0,5,0,0,0,1,0,17,root,79,7,0,0,,7,4.471895
GF01006067S,French Guiana and Brazil,Neotropical,Boreal Brazilian,Guianan Lowlands province,Moist forest|Wet forest,GF01006067S,Guianan Lowlands province,110,0,0,0,0,0,0,0,0,0,0,0,0,0,20,0,2,4,27,0,0,0,27,0,0,0,2,0,7,root,199,8,0,0,,8,4.012346
GF01006068S,French Guiana and Brazil,Neotropical,Parana,Atlantic province,Dry forest|Moist forest,GF01006068S,Atlantic province,54,0,0,0,2,3,0,0,4,1,0,0,0,0,15,0,6,1,4,0,0,0,49,0,0,0,5,0,13,root,157,12,2.547770701,2.547770701,,12,5.919702
GF01006069S,French Guiana and Brazil,Neotropical,Parana,Atlantic province,Dry forest|Moist forest,GF01006069S,Atlantic province,71,0,0,0,5,0,0,0,0,0,5,0,2,0,12,0,1,2,20,0,0,1,60,3,0,0,5,0,18,root,205,13,0,0,,13,6.107047
GF01006070S,French Guiana and Brazil,Neotropical,Boreal Brazilian,Guianan Lowlands province,Moist forest,GF01006070S,Guianan Lowlands province,40,0,0,0,0,1,0,0,1,0,0,0,0,0,0,0,0,0,3,0,0,0,9,0,0,0,0,0,2,root,56,6,1.785714286,1.785714286,,6,2.595302
GF01006071S,French Guiana and Brazil,Neotropical,Boreal Brazilian,Guianan Lowlands province,Moist forest,GF01006071S,Guianan Lowlands province,13,0,0,0,0,2,0,0,0,0,0,0,0,0,0,0,2,0,3,0,0,0,23,0,0,0,0,0,4,root,47,6,0,0,,6,3.893096
GF01006072S,French Guiana and Brazil,Neotropical,Parana,Atlantic province,Dry forest|Moist forest,GF01006072S,Atlantic province,62,0,0,0,1,3,0,0,0,0,1,1,0,0,8,0,3,1,6,0,0,0,26,0,0,0,0,0,6,root,118,11,0,0,,11,4.505285
GF01006073S,French Guiana and Brazil,Neotropical,Boreal Brazilian,Guianan Lowlands province,Moist forest|Wet forest,GF01006073S,Guianan Lowlands province,68,0,0,0,3,0,0,5,4,0,0,1,0,0,14,0,0,0,19,0,0,1,12,1,0,0,10,0,32,root,170,12,2.352941176,2.352941176,,12,6.290303
GF01006074S,French Guiana and Brazil,Neotropical,Boreal Brazilian,Guianan Lowlands province,Moist forest,GF01006074S,Guianan Lowlands province,97,0,0,0,0,0,0,1,0,0,0,0,0,0,8,0,0,0,6,0,0,3,15,0,0,0,2,0,7,root,139,8,0,0,,8,3.068264
GF01006075S,French Guiana and Brazil,Neotropical,Boreal Brazilian,Guianan Lowlands province,Moist forest,GF01006075S,Guianan Lowlands province,74,0,0,0,1,2,0,1,0,0,0,0,0,0,5,0,2,0,6,0,0,0,19,0,0,0,1,0,3,root,114,10,0,0,,10,3.433113
GF01006076S,French Guiana and Brazil,Neotropical,Parana,Atlantic province,Dry forest|Moist forest,GF01006076S,Atlantic province,70,0,0,0,5,0,0,0,1,0,2,0,0,0,14,0,1,0,10,0,0,4,41,0,0,0,2,0,20,root,170,11,0.588235294,0.588235294,,11,5.415732
GF01006077S,French Guiana and Brazil,Neotropical,Boreal Brazilian,Guianan Lowlands province,Moist forest,GF01006077S,Guianan Lowlands province,12,0,0,0,0,0,0,0,0,0,0,0,0,0,4,0,5,0,1,0,0,0,8,0,0,0,4,0,3,root,37,7,0,0,,7,5.749343
GF01006078S,French Guiana and Brazil,Neotropical,Boreal Brazilian,Guianan Lowlands province,Moist forest|Wet forest,GF01006078S,Guianan Lowlands province,39,0,0,0,0,0,0,0,0,0,1,0,0,0,0,0,1,0,2,0,0,0,9,0,0,0,0,0,3,root,55,6,0,0,,6,2.624419
GF01006079S,French Guiana and Brazil,Neotropical,Boreal Brazilian,Guianan Lowlands province,Moist forest,GF01006079S,Guianan Lowlands province,31,0,0,0,1,2,0,0,1,0,0,0,0,0,3,0,0,0,1,0,0,0,44,0,0,0,0,0,7,root,90,8,1.111111111,1.111111111,,8,3.538034
GF01006080S,French Guiana and Brazil,Neotropical,Boreal Brazilian,Guianan Lowlands province,Moist forest,GF01006080S,Guianan Lowlands province,27,0,0,0,7,0,0,0,1,0,0,0,0,0,11,0,2,1,5,0,0,0,18,0,0,0,5,0,8,root,85,10,1.176470588,1.176470588,,10,6.76475
GF01006081S,French Guiana and Brazil,Neotropical,Boreal Brazilian,Guianan Lowlands province,Moist forest|Wet forest,GF01006081S,Guianan Lowlands province,45,0,0,0,0,0,0,0,2,0,0,0,0,0,2,0,4,0,1,0,0,0,13,0,0,0,0,0,5,root,72,7,2.777777778,2.777777778,,7,3.343757
GF01006082S,French Guiana and Brazil,Neotropical,Boreal Brazilian,Guianan Lowlands province,Moist forest,GF01006082S,Guianan Lowlands province,34,0,0,0,3,1,0,0,0,2,0,1,1,0,14,0,2,0,3,0,0,0,8,0,0,0,5,0,9,root,83,12,0,0,,12,6.558142
GF01006083S,French Guiana and Brazil,Neotropical,Boreal Brazilian,Guianan Lowlands province,Moist forest,GF01006083S,Guianan Lowlands province,14,0,0,0,0,2,0,0,0,0,0,0,0,0,2,0,1,1,6,0,0,0,9,0,0,0,0,0,3,root,38,8,0,0,,8,5.486562
GF01006084S,French Guiana and Brazil,Neotropical,Parana,Atlantic province,Dry forest|Moist forest,GF01006084S,Atlantic province,118,0,0,0,21,2,0,0,0,1,0,2,0,0,10,0,2,0,8,0,0,2,26,0,0,0,5,0,15,root,212,12,0,0,,12,4.745719
GF01006085S,French Guiana and Brazil,Neotropical,Boreal Brazilian,Guianan Lowlands province,Moist forest,GF01006085S,Guianan Lowlands province,64,0,0,0,0,0,0,0,0,0,0,0,0,0,3,0,6,0,5,0,0,1,0,0,0,0,0,0,2,root,81,6,0,0,,6,2.267194
GF01006086S,French Guiana and Brazil,Neotropical,Parana,Atlantic province,Moist forest,GF01006086S,Atlantic province,48,0,0,0,8,5,0,0,0,0,0,0,0,0,0,0,0,0,2,0,0,0,9,1,0,0,0,0,1,root,74,7,0,0,,7,3.233295
GF01006087S,French Guiana and Brazil,Neotropical,Boreal Brazilian,Guianan Lowlands province,Moist forest|Wet forest,GF01006087S,Guianan Lowlands province,15,0,0,0,1,1,0,0,1,0,0,0,0,0,0,0,3,0,0,0,0,1,3,0,0,0,0,0,9,root,34,8,2.941176471,2.941176471,,8,4.740495
GF01006088S,French Guiana and Brazil,Neotropical,Parana,Atlantic province,Dry forest|Moist forest,GF01006088S,Atlantic province,58,0,0,0,3,0,0,0,2,0,1,0,0,1,0,0,0,1,4,0,0,1,48,4,0,0,2,0,11,root,136,12,1.470588235,1.470588235,,12,4.457438
GF01006089S,French Guiana and Brazil,Neotropical,Boreal Brazilian,Guianan Lowlands province,Moist forest|Wet forest,GF01006089S,Guianan Lowlands province,105,0,0,0,0,4,0,5,0,0,1,0,0,0,7,0,1,0,5,0,0,0,31,0,0,0,5,0,7,root,171,10,0,0,,10,3.775421
GF01006090S,French Guiana and Brazil,Neotropical,Boreal Brazilian,Guianan Lowlands province,Moist forest,GF01006090S,Guianan Lowlands province,29,0,0,0,1,0,0,0,1,0,0,0,0,0,2,0,2,0,3,0,0,0,12,2,0,0,1,0,3,root,56,10,1.785714286,1.785714286,,10,4.745132
GF01006091S,French Guiana and Brazil,Neotropical,Parana,Atlantic province,Dry forest|Moist forest,GF01006091S,Atlantic province,34,0,0,0,0,3,0,0,2,0,0,0,0,0,10,0,1,0,7,0,0,0,31,0,0,0,2,0,7,root,97,9,2.06185567,2.06185567,,9,5.261485
GF01006092S,French Guiana and Brazil,Neotropical,Parana,Atlantic province,Dry forest|Moist forest,GF01006092S,Atlantic province,54,0,0,0,0,0,0,0,3,0,0,0,0,0,7,0,1,0,3,0,0,0,60,0,0,0,0,0,5,root,133,7,2.255639098,2.255639098,,7,3.357531
GF01006093S,French Guiana and Brazil,Neotropical,Parana,Atlantic province,Dry forest|Moist forest,GF01006093S,Atlantic province,145,0,0,0,2,0,0,0,2,0,0,1,1,0,4,0,2,1,9,0,0,1,27,0,0,0,3,0,9,root,207,13,0.966183575,0.966183575,,13,3.199021
GF01006094S,French Guiana and Brazil,Neotropical,Parana,Atlantic province,Dry forest|Moist forest,GF01006094S,Atlantic province,30,0,0,0,0,3,0,0,0,0,0,0,0,0,7,0,1,0,2,0,0,0,30,0,0,0,1,0,8,root,82,8,0,0,,8,4.445767
GF01006095S,French Guiana and Brazil,Neotropical,Boreal Brazilian,Guianan Lowlands province,Moist forest,GF01006095S,Guianan Lowlands province,40,0,0,0,0,0,0,0,0,0,2,0,0,0,8,0,3,0,2,0,0,0,7,0,0,0,0,0,4,root,66,7,0,0,,7,3.741807
GF01006096S,French Guiana and Brazil,Neotropical,Boreal Brazilian,Guianan Lowlands province,Moist forest|Wet forest,GF01006096S,Guianan Lowlands province,25,0,0,0,0,0,0,0,0,0,1,1,0,0,2,0,0,0,3,0,0,0,17,0,0,0,1,0,3,root,53,8,0,0,,8,4.025544
GF01006097S,French Guiana and Brazil,Neotropical,Boreal Brazilian,Guianan Lowlands province,Moist forest,GF01006097S,Guianan Lowlands province,81,0,0,0,0,2,0,0,0,0,0,0,0,0,10,0,2,0,10,0,0,2,9,0,0,0,1,0,5,root,122,9,0,0,,9,3.479129
GF01006098S,French Guiana and Brazil,Neotropical,Parana,Atlantic province,Moist forest,GF01006098S,Atlantic province,24,0,0,0,2,4,0,0,1,0,0,0,0,0,1,0,0,0,2,0,0,0,1,0,0,0,0,0,7,root,42,8,2.380952381,2.380952381,,8,4.052275
GF01006099S,French Guiana and Brazil,Neotropical,Boreal Brazilian,Guianan Lowlands province,Moist forest|Wet forest,GF01006099S,Guianan Lowlands province,57,0,0,0,0,0,0,0,6,0,1,0,0,0,5,0,1,1,1,0,0,0,50,0,0,0,5,0,4,root,131,10,4.580152672,4.580152672,,10,3.957513
GF01006100S,French Guiana and Brazil,Neotropical,Parana,Atlantic province,Moist forest,GF01006100S,Atlantic province,37,0,0,0,2,4,0,0,2,0,0,0,0,0,0,0,1,0,7,0,0,0,14,0,0,0,1,0,1,root,69,9,2.898550725,2.898550725,,9,4.239298
GF01006101S,French Guiana and Brazil,Neotropical,Boreal Brazilian,Guianan Lowlands province,Moist forest,GF01006101S,Guianan Lowlands province,90,0,0,0,0,0,0,1,0,0,1,0,0,0,9,0,10,0,8,0,0,3,17,0,0,0,0,0,10,root,149,9,0,0,,9,4.003345
GF01006102S,French Guiana and Brazil,Neotropical,Boreal Brazilian,Guianan Lowlands province,Moist forest,GF01006102S,Guianan Lowlands province,89,0,0,0,0,0,0,0,0,0,0,2,0,0,5,0,5,0,13,0,0,0,28,0,0,0,3,0,4,root,149,8,0,0,,8,3.655326
GF01006103S,French Guiana and Brazil,Neotropical,Boreal Brazilian,Guianan Lowlands province,Moist forest,GF01006103S,Guianan Lowlands province,79,0,0,0,4,2,0,0,1,0,0,0,0,0,3,0,3,0,5,0,0,1,11,0,0,0,1,0,10,root,120,11,0.833333333,0.833333333,,11,3.741537
GF01006104S,French Guiana and Brazil,Neotropical,Boreal Brazilian,Guianan Lowlands province,Moist forest,GF01006104S,Guianan Lowlands province,48,0,0,0,1,3,0,0,0,0,0,0,0,0,5,0,12,0,3,0,0,0,18,0,0,0,1,0,6,root,97,9,0,0,,9,4.728224
GF01006105S,French Guiana and Brazil,Neotropical,Boreal Brazilian,Guianan Lowlands province,Moist forest,GF01006105S,Guianan Lowlands province,75,0,0,0,0,0,0,0,0,0,0,0,0,0,11,0,2,0,16,1,0,0,18,0,0,0,2,0,7,root,132,8,0,0,,8,3.956855
GF01006106S,French Guiana and Brazil,Neotropical,Boreal Brazilian,Guianan Lowlands province,Moist forest,GF01006106S,Guianan Lowlands province,71,0,0,0,0,0,0,0,0,0,0,0,0,0,4,0,2,0,2,0,0,0,13,0,0,0,0,0,7,root,99,6,0,0,,6,2.663464
GF01006107S,French Guiana and Brazil,Neotropical,Boreal Brazilian,Guianan Lowlands province,Moist forest,GF01006107S,Guianan Lowlands province,75,0,0,0,1,1,0,0,0,0,0,0,0,0,3,0,3,0,3,0,0,2,12,1,0,0,0,0,2,root,103,10,0,0,,10,2.940294
GF01006108S,French Guiana and Brazil,Neotropical,Parana,Atlantic province,Moist forest,GF01006108S,Atlantic province,66,0,0,0,3,5,0,0,0,0,0,1,0,0,0,0,0,0,1,0,0,1,4,0,0,0,1,0,8,root,90,9,0,0,,9,2.871717
GF01006109S,French Guiana and Brazil,Neotropical,Parana,Atlantic province,Dry forest|Moist forest,GF01006109S,Atlantic province,58,0,0,0,3,0,0,0,0,0,0,0,0,0,3,0,8,1,1,0,0,0,39,0,0,0,3,0,9,root,125,9,0,0,,9,4.182263
GF01006110S,French Guiana and Brazil,Neotropical,Boreal Brazilian,Guianan Lowlands province,Moist forest,GF01006110S,Guianan Lowlands province,35,0,0,0,0,1,0,0,0,0,0,0,3,0,6,0,5,0,10,0,0,0,14,0,0,0,2,0,3,root,79,9,0,0,,9,5.453257
GF01006111S,French Guiana and Brazil,Neotropical,Parana,Parana Forest province,Dry forest,GF01006111S,Parana Forest province,77,0,0,0,2,1,0,0,0,0,0,1,0,0,6,0,0,0,3,0,0,0,21,0,0,0,2,0,6,root,119,9,0,0,,9,3.318392
GF01006112S,French Guiana and Brazil,Neotropical,Parana,Atlantic province,Dry forest|Moist forest,GF01006112S,Atlantic province,55,0,0,0,8,0,0,0,0,0,6,1,0,0,12,0,4,1,6,1,0,2,25,2,0,0,5,0,12,root,140,14,0,0,,14,7.222871
GF01006113S,French Guiana and Brazil,Neotropical,Boreal Brazilian,Guianan Lowlands province,Moist forest,GF01006113S,Guianan Lowlands province,33,0,0,0,0,0,0,0,0,0,0,0,0,0,2,0,1,1,4,0,0,0,8,1,0,0,3,0,3,root,56,9,0,0,,9,4.163524
GF01006114S,French Guiana and Brazil,Neotropical,Boreal Brazilian,Guianan Lowlands province,Moist forest|Wet forest,GF01006114S,Guianan Lowlands province,44,0,0,0,1,0,0,0,0,0,0,0,0,0,6,0,7,0,1,0,0,0,8,0,0,0,4,0,3,root,74,8,0,0,,8,3.976406
GF01006115S,French Guiana and Brazil,Neotropical,Parana,Atlantic province,Dry forest|Moist forest,GF01006115S,Atlantic province,50,0,0,0,1,9,0,0,5,0,1,1,0,0,4,0,1,0,16,2,0,0,44,0,0,0,1,0,8,root,143,13,3.496503497,3.496503497,,13,5.818564
GF01006116S,French Guiana and Brazil,Neotropical,Parana,Atlantic province,Moist forest,GF01006116S,Atlantic province,43,0,0,0,13,5,0,0,1,0,0,0,0,0,2,0,0,0,4,0,0,0,51,0,0,0,0,0,4,root,123,8,0.81300813,0.81300813,,8,4.174821
GF01006117S,French Guiana and Brazil,Neotropical,Boreal Brazilian,Guianan Lowlands province,Moist forest,GF01006117S,Guianan Lowlands province,29,0,0,0,0,1,0,0,0,0,0,0,0,0,1,0,0,0,2,0,0,0,1,0,0,0,0,0,2,root,36,6,0,0,,6,2.212136
GF01006118S,French Guiana and Brazil,Neotropical,Boreal Brazilian,Guianan Lowlands province,Moist forest,GF01006118S,Guianan Lowlands province,60,0,0,0,0,1,0,0,0,0,2,0,0,0,8,0,0,0,6,0,0,0,18,0,0,0,0,0,5,root,100,7,0,0,,7,3.525777
GF01006119S,French Guiana and Brazil,Neotropical,Boreal Brazilian,Guianan Lowlands province,Moist forest|Wet forest,GF01006119S,Guianan Lowlands province,31,0,0,0,2,0,0,0,1,0,1,0,0,0,2,0,0,0,4,0,0,0,8,0,0,0,0,0,9,root,58,8,1.724137931,1.724137931,,8,4.279594
GF01006120S,French Guiana and Brazil,Neotropical,Boreal Brazilian,Guianan Lowlands province,Moist forest,GF01006120S,Guianan Lowlands province,36,0,0,0,0,2,0,0,0,0,0,1,0,0,5,0,7,4,3,0,0,0,5,0,0,0,1,0,14,root,78,10,0,0,,10,5.567853
GF01006121S,French Guiana and Brazil,Neotropical,Parana,Atlantic province,Moist forest,GF01006121S,Atlantic province,53,0,0,0,10,3,0,0,2,0,0,0,0,0,9,0,4,0,5,0,0,0,15,0,0,0,0,0,9,root,110,9,1.818181818,1.818181818,,9,5.38296
GF01006122S,French Guiana and Brazil,Neotropical,Parana,Atlantic province,Moist forest,GF01006122S,Atlantic province,45,0,0,0,2,3,0,0,0,0,0,0,0,0,2,0,8,0,0,0,0,0,16,0,0,0,2,0,4,root,82,8,0,0,,8,4.117707
GF01006123S,French Guiana and Brazil,Neotropical,Boreal Brazilian,Guianan Lowlands province,Moist forest|Wet forest,GF01006123S,Guianan Lowlands province,50,0,0,0,0,2,0,0,0,0,2,0,0,0,1,0,0,0,1,0,0,1,7,0,0,0,0,0,2,root,66,8,0,0,,8,2.60284
GF01006124S,French Guiana and Brazil,Neotropical,Parana,Atlantic province,Moist forest,GF01006124S,Atlantic province,34,0,0,0,1,3,0,0,0,0,0,0,0,0,0,0,0,0,5,0,0,0,57,0,0,0,1,0,5,root,106,7,0,0,,7,3.239186
GF01006125S,French Guiana and Brazil,Neotropical,Parana,Atlantic province,Moist forest,GF01006125S,Atlantic province,17,0,0,0,3,1,0,0,7,0,0,0,0,0,0,0,0,0,1,0,0,0,18,0,0,0,0,0,0,root,47,6,14.89361702,14.89361702,,6,3.890263
GF01006126S,French Guiana and Brazil,Neotropical,Parana,Atlantic province,Dry forest|Moist forest,GF01006126S,Atlantic province,22,0,0,0,0,2,0,0,0,0,0,0,0,0,0,0,0,0,1,0,0,0,41,0,0,0,0,0,1,root,67,5,0,0,,5,2.451127
GF01006127S,French Guiana and Brazil,Neotropical,Parana,Atlantic province,Dry forest|Moist forest,GF01006127S,Atlantic province,29,0,0,0,1,0,0,0,0,0,0,0,0,0,3,0,18,0,0,0,0,0,3,0,0,0,0,0,18,root,72,6,0,0,,6,3.989466
GF01006128S,French Guiana and Brazil,Neotropical,Parana,Atlantic province,Moist forest,GF01006128S,Atlantic province,22,0,0,0,3,3,0,0,0,0,0,0,0,0,1,0,0,0,0,0,0,0,1,0,0,0,0,0,11,root,41,6,0,0,,6,3.493324
GF01006129S,French Guiana and Brazil,Neotropical,Boreal Brazilian,Guianan Lowlands province,Moist forest|Wet forest,GF01006129S,Guianan Lowlands province,28,0,0,0,0,0,0,0,3,0,0,0,0,0,2,0,0,19,3,0,0,0,26,0,0,0,0,0,2,root,83,7,3.614457831,3.614457831,,7,4.424973
GF01006130S,French Guiana and Brazil,Neotropical,Boreal Brazilian,Guianan Lowlands province,Moist forest|Wet forest,GF01006130S,Guianan Lowlands province,25,0,0,0,0,0,0,0,0,1,0,0,0,0,2,0,0,32,0,0,0,4,0,0,0,0,1,0,1,root,66,7,0,0,,7,3.270702
GF01006131S,French Guiana and Brazil,Neotropical,Parana,Atlantic province,Moist forest,GF01006131S,Atlantic province,22,0,0,0,0,0,0,0,0,0,0,0,0,0,1,0,0,0,0,0,0,0,23,0,0,0,0,0,1,root,47,4,0,0,,4,2.384253
GF01006132S,French Guiana and Brazil,Neotropical,Boreal Brazilian,Guianan Lowlands province,Moist forest,GF01006132S,Guianan Lowlands province,43,0,0,0,1,2,0,0,2,0,0,0,0,0,1,0,0,0,2,0,0,1,1,0,0,0,0,0,2,root,55,9,3.636363636,3.636363636,,9,2.627249
GF01006133S,French Guiana and Brazil,Neotropical,Parana,Atlantic province,Moist forest,GF01006133S,Atlantic province,6,0,0,0,0,2,0,0,0,0,0,0,0,0,0,0,0,0,0,0,0,0,1,0,0,0,0,0,4,root,13,4,0,0,,4,3.336069
GF01006134S,French Guiana and Brazil,Neotropical,Parana,Atlantic province,Dry forest|Moist forest,GF01006134S,Atlantic province,25,0,0,0,1,14,0,0,3,0,0,0,0,0,2,0,2,0,4,0,0,0,29,0,0,0,0,0,2,root,82,9,3.658536585,3.658536585,,9,5.080327
GF01006135S,French Guiana and Brazil,Neotropical,Boreal Brazilian,Guianan Lowlands province,Moist forest|Wet forest,GF01006135S,Guianan Lowlands province,48,0,0,0,0,1,0,0,0,0,1,0,0,0,3,0,0,0,4,0,0,2,10,0,0,0,0,0,1,root,70,8,0,0,,8,3.061522
GF01006136S,French Guiana and Brazil,Neotropical,Boreal Brazilian,Guianan Lowlands province,Moist forest|Wet forest,GF01006136S,Guianan Lowlands province,148,0,0,0,2,4,0,0,1,0,0,0,0,0,21,0,4,3,23,0,0,1,38,0,0,0,5,0,16,root,266,12,0.37593985,0.37593985,,12,4.552362
GF01006137S,French Guiana and Brazil,Neotropical,Parana,Atlantic province,Dry forest|Moist forest,GF01006137S,Atlantic province,49,0,0,0,8,9,0,0,0,0,1,0,0,0,7,0,6,0,27,0,0,0,17,0,0,0,3,0,4,root,131,10,0,0,,10,6.303075
GF01006138S,French Guiana and Brazil,Neotropical,Boreal Brazilian,Guianan Lowlands province,Moist forest,GF01006138S,Guianan Lowlands province,42,0,0,0,0,3,0,0,0,0,0,0,0,0,0,0,0,0,0,0,0,0,4,0,0,0,0,0,3,root,52,4,0,0,,4,2.011651
GF01006139S,French Guiana and Brazil,Neotropical,Boreal Brazilian,Guianan Lowlands province,Moist forest,GF01006139S,Guianan Lowlands province,34,0,0,0,0,0,0,0,0,0,0,0,0,0,8,0,7,0,10,0,0,0,15,0,0,0,5,0,16,root,95,7,0,0,,7,5.764299
GF01006140S,French Guiana and Brazil,Neotropical,Parana,Atlantic province,Dry forest|Moist forest,GF01006140S,Atlantic province,55,0,0,0,7,0,0,0,0,0,0,0,0,0,1,0,5,0,1,0,0,1,31,0,0,0,1,0,7,root,109,9,0,0,,9,3.931023
GF01006141S,French Guiana and Brazil,Neotropical,Parana,Atlantic province,Dry forest|Moist forest,GF01006141S,Atlantic province,44,0,0,0,1,4,0,0,5,0,0,0,0,0,1,0,5,0,4,0,0,3,49,0,0,0,0,0,11,root,127,10,3.937007874,3.937007874,,10,4.873755
GF01006142S,French Guiana and Brazil,Neotropical,Boreal Brazilian,Guianan Lowlands province,Moist forest,GF01006142S,Guianan Lowlands province,23,0,0,0,2,2,0,0,1,0,0,1,0,0,7,0,2,0,4,0,0,0,2,1,0,0,2,0,1,root,48,12,2.083333333,2.083333333,,12,6.203216
GF01006143S,French Guiana and Brazil,Neotropical,Parana,Atlantic province,Dry forest|Moist forest,GF01006143S,Atlantic province,33,0,0,0,7,0,0,0,1,0,0,0,0,0,9,0,1,0,1,2,0,0,17,0,0,0,0,0,12,root,83,9,1.204819277,1.204819277,,9,5.312349
GF01006144S,French Guiana and Brazil,Neotropical,Boreal Brazilian,Guianan Lowlands province,Moist forest|Wet forest,GF01006144S,Guianan Lowlands province,69,0,0,0,2,0,0,0,0,0,0,0,0,0,5,0,4,1,8,0,0,2,2,0,0,0,3,0,3,root,99,10,0,0,,10,3.42175
GF01006145S,French Guiana and Brazil,Neotropical,Boreal Brazilian,Guianan Lowlands province,Moist forest|Wet forest,GF01006145S,Guianan Lowlands province,51,0,0,0,0,0,0,0,3,0,0,0,0,0,9,0,6,0,3,0,0,0,6,0,0,0,1,0,2,root,81,8,3.703703704,3.703703704,,8,3.709065
GF01006146S,French Guiana and Brazil,Neotropical,Boreal Brazilian,Guianan Lowlands province,Moist forest|Wet forest,GF01006146S,Guianan Lowlands province,15,0,0,0,0,0,0,0,1,0,0,0,0,0,6,0,0,30,1,0,0,0,23,0,0,0,1,0,1,root,78,8,1.282051282,1.282051282,,8,4.329191
GF01006147S,French Guiana and Brazil,Neotropical,Boreal Brazilian,Guianan Lowlands province,Moist forest,GF01006147S,Guianan Lowlands province,66,0,0,0,0,0,0,0,0,0,0,0,0,0,2,0,3,0,5,0,0,1,2,1,0,0,2,0,1,root,83,9,0,0,,9,2.460927
GF01006148S,French Guiana and Brazil,Neotropical,Boreal Brazilian,Guianan Lowlands province,Moist forest,GF01006148S,Guianan Lowlands province,19,0,0,0,0,0,0,1,1,0,0,0,0,0,3,0,2,0,1,0,0,0,2,0,0,0,0,0,1,root,30,8,3.333333333,3.333333333,,8,3.796597
GF01006149S,French Guiana and Brazil,Neotropical,Boreal Brazilian,Guianan Lowlands province,Moist forest,GF01006149S,Guianan Lowlands province,64,0,0,0,0,0,0,0,0,0,0,0,0,0,6,0,1,0,3,0,0,0,7,1,0,0,0,0,2,root,84,7,0,0,,7,2.499929
GF01006150S,French Guiana and Brazil,Neotropical,Boreal Brazilian,Guianan Lowlands province,Moist forest,GF01006150S,Guianan Lowlands province,47,0,0,0,3,2,0,0,1,1,0,1,0,0,5,0,4,0,6,0,0,2,6,0,0,0,1,0,6,root,85,13,1.176470588,1.176470588,,13,5.490456
GF01006151S,French Guiana and Brazil,Neotropical,Boreal Brazilian,Guianan Lowlands province,Moist forest,GF01006151S,Guianan Lowlands province,21,0,0,0,2,2,0,0,0,0,0,0,0,0,3,0,2,0,3,0,0,0,1,1,0,0,1,0,1,root,37,10,0,0,,10,4.915484
GF01006152S,French Guiana and Brazil,Neotropical,Boreal Brazilian,Guianan Lowlands province,Moist forest,GF01006152S,Guianan Lowlands province,26,0,0,0,0,2,0,0,1,0,0,0,0,0,2,0,0,0,1,0,0,2,5,0,0,0,0,0,2,root,41,8,2.43902439,2.43902439,,8,3.728257
GF01006153S,French Guiana and Brazil,Neotropical,Boreal Brazilian,Guianan Lowlands province,Moist forest,GF01006153S,Guianan Lowlands province,23,0,0,0,2,2,0,0,0,0,0,0,0,0,2,0,0,0,0,0,0,2,0,0,0,0,0,0,0,root,31,5,0,0,,5,2.531409
GF01006154S,French Guiana and Brazil,Neotropical,Boreal Brazilian,Guianan Lowlands province,Moist forest,GF01006154S,Guianan Lowlands province,20,0,0,0,0,0,0,0,0,0,0,1,0,0,5,0,0,0,2,0,0,3,0,0,0,0,0,0,1,root,32,6,0,0,,6,3.30558
GF01006155S,French Guiana and Brazil,Neotropical,Boreal Brazilian,Guianan Lowlands province,Moist forest,GF01006155S,Guianan Lowlands province,10,0,0,0,0,2,0,0,0,0,0,0,0,0,1,0,0,0,2,0,0,0,1,0,0,0,0,0,0,root,16,5,0,0,,5,3.190527
GF01006156S,French Guiana and Brazil,Neotropical,Boreal Brazilian,Guianan Lowlands province,Moist forest|Wet forest,GF01006156S,Guianan Lowlands province,63,0,0,0,1,1,0,2,1,0,1,0,0,0,20,0,2,0,13,0,0,0,17,1,0,0,12,0,9,root,143,13,0.699300699,0.699300699,,13,5.943939
GF01006157S,French Guiana and Brazil,Neotropical,Boreal Brazilian,Guianan Lowlands province,Moist forest|Wet forest,GF01006157S,Guianan Lowlands province,24,0,0,0,0,2,0,0,0,0,0,1,0,0,5,0,6,0,1,0,0,1,2,0,0,0,1,0,14,root,57,10,0,0,,10,5.356479
GF01006158S,French Guiana and Brazil,Neotropical,Boreal Brazilian,Guianan Lowlands province,Moist forest|Wet forest,GF01006158S,Guianan Lowlands province,51,0,0,0,2,1,0,0,0,0,0,0,0,0,7,0,2,0,7,0,0,0,17,0,0,0,0,0,11,root,98,8,0,0,,8,4.357538
GF01006159S,French Guiana and Brazil,Neotropical,Boreal Brazilian,Guianan Lowlands province,Moist forest,GF01006159S,Guianan Lowlands province,21,0,0,0,0,0,0,0,0,0,0,0,0,0,4,0,4,0,0,0,0,0,19,0,0,0,0,0,6,root,54,5,0,0,,5,3.913904
GF01006160S,French Guiana and Brazil,Neotropical,Parana,Chapada Diamantina province,Very dry forest|Dry forest,GF01006160S,Chapada Diamantina province,30,0,0,0,1,0,0,0,0,0,0,0,0,0,1,0,0,0,3,0,0,5,18,0,0,0,3,0,0,root,61,7,0,0,,7,3.839246
GF01006161S,French Guiana and Brazil,Neotropical,Boreal Brazilian,Guianan Lowlands province,Moist forest|Wet forest,GF01006161S,Guianan Lowlands province,62,0,0,0,0,0,0,0,0,0,0,0,0,0,4,0,0,0,1,0,0,2,7,0,0,0,3,0,5,root,84,7,0,0,,7,2.731595
GF01006162S,French Guiana and Brazil,Neotropical,Parana,Atlantic province,Dry forest|Moist forest,GF01006162S,Atlantic province,18,0,0,0,0,8,0,0,0,0,0,0,0,0,3,0,1,0,9,0,0,0,16,0,0,0,0,0,0,root,55,6,0,0,,6,4.631532
GF01006163S,French Guiana and Brazil,Neotropical,Boreal Brazilian,Guianan Lowlands province,Moist forest,GF01006163S,Guianan Lowlands province,34,0,0,0,0,0,0,0,1,0,0,0,0,0,1,0,0,0,2,0,0,0,15,0,0,0,0,0,1,root,54,6,1.851851852,1.851851852,,6,2.69332
GF01006164S,French Guiana and Brazil,Neotropical,Boreal Brazilian,Guianan Lowlands province,Moist forest,GF01006164S,Guianan Lowlands province,15,0,0,0,3,0,0,0,0,4,0,0,0,0,1,0,1,0,1,0,0,0,2,0,0,0,0,0,2,root,29,8,0,0,,8,4.787992
GF01006165S,French Guiana and Brazil,Neotropical,Boreal Brazilian,Guianan Lowlands province,Moist forest,GF01006165S,Guianan Lowlands province,4,0,0,0,0,0,0,0,0,0,0,0,0,0,2,0,0,0,0,0,0,0,3,0,0,0,0,0,2,root,11,4,0,0,,4,3.827122
GF01006166S,French Guiana and Brazil,Neotropical,Boreal Brazilian,Guianan Lowlands province,Moist forest,GF01006166S,Guianan Lowlands province,39,0,0,0,0,0,0,0,0,0,0,0,0,0,11,0,3,0,19,1,0,0,7,0,0,0,2,0,13,root,95,8,0,0,,8,5.153562
GF01006167S,French Guiana and Brazil,Neotropical,Boreal Brazilian,Guianan Lowlands province,Moist forest,GF01006167S,Guianan Lowlands province,65,0,0,0,0,1,0,0,0,0,0,0,0,0,4,0,3,2,5,0,0,0,9,0,0,0,3,0,4,root,96,9,0,0,,9,3.488588
GF01006168S,French Guiana and Brazil,Neotropical,Boreal Brazilian,Guianan Lowlands province,Moist forest,GF01006168S,Guianan Lowlands province,19,0,0,0,1,1,0,0,0,0,0,0,0,0,3,0,0,0,0,0,0,0,4,0,0,0,1,0,1,root,30,7,0,0,,7,3.461443
GF01006169S,French Guiana and Brazil,Neotropical,Boreal Brazilian,Guianan Lowlands province,Moist forest|Wet forest,GF01006169S,Guianan Lowlands province,21,0,0,0,0,3,0,0,0,0,0,0,0,0,0,0,0,0,1,0,0,0,1,0,0,0,1,0,8,root,35,6,0,0,,6,3.187277
GF01006170S,French Guiana and Brazil,Neotropical,Parana,Atlantic province,Moist forest,GF01006170S,Atlantic province,12,0,0,0,0,1,0,0,1,0,0,0,0,0,3,0,0,0,0,0,0,0,1,0,0,0,0,0,2,root,20,6,5,5,,6,3.563281
GF01006171S,French Guiana and Brazil,Neotropical,Boreal Brazilian,Guianan Lowlands province,Moist forest|Wet forest,GF01006171S,Guianan Lowlands province,55,0,0,0,1,1,0,0,3,0,1,0,3,0,2,0,0,1,0,0,0,11,2,0,0,0,1,0,0,root,81,11,3.703703704,3.703703704,,11,3.428669
GF01006172S,French Guiana and Brazil,Neotropical,Boreal Brazilian,Guianan Lowlands province,Moist forest|Wet forest,GF01006172S,Guianan Lowlands province,82,0,0,0,1,0,0,0,0,0,0,0,0,0,5,0,1,0,6,0,0,0,22,3,0,0,1,0,9,root,130,9,0,0,,9,3.465115
GF01006173S,French Guiana and Brazil,Neotropical,Parana,Atlantic province,Dry forest|Moist forest,GF01006173S,Atlantic province,46,0,0,0,1,2,0,0,0,0,1,0,0,0,3,0,0,0,4,0,0,0,13,0,0,0,1,0,1,root,72,9,0,0,,9,3.405623
GF01006174S,French Guiana and Brazil,Neotropical,Boreal Brazilian,Guianan Lowlands province,Moist forest,GF01006174S,Guianan Lowlands province,47,0,0,0,0,1,0,0,0,0,0,0,0,0,3,0,0,0,1,0,0,2,24,1,0,0,0,0,1,root,80,8,0,0,,8,3.028666
GF01006175S,French Guiana and Brazil,Neotropical,Parana,Atlantic province,Dry forest|Moist forest,GF01006175S,Atlantic province,32,0,0,0,5,0,0,0,1,0,0,0,0,0,2,0,1,1,4,0,0,0,36,3,0,0,2,0,5,root,92,11,1.086956522,1.086956522,,11,5.017315
GF01006176S,French Guiana and Brazil,Neotropical,Boreal Brazilian,Guianan Lowlands province,Moist forest|Wet forest,GF01006176S,Guianan Lowlands province,38,0,0,0,0,0,0,1,0,0,2,0,0,0,4,0,0,0,2,0,0,0,30,0,0,0,0,0,11,root,88,7,0,0,,7,3.86826
GF01006177S,French Guiana and Brazil,Neotropical,Boreal Brazilian,Guianan Lowlands province,Moist forest,GF01006177S,Guianan Lowlands province,19,0,0,0,2,0,0,0,0,0,1,0,0,0,3,0,9,0,4,0,0,0,5,0,0,0,2,0,5,root,50,9,0,0,,9,6.318464
GF01006178S,French Guiana and Brazil,Neotropical,Boreal Brazilian,Guianan Lowlands province,Moist forest|Wet forest,GF01006178S,Guianan Lowlands province,64,0,0,0,6,0,0,0,1,0,7,0,0,0,9,0,3,0,7,0,0,0,15,2,0,0,5,0,17,root,136,11,0.735294118,0.735294118,,11,5.955617
GF01006179S,French Guiana and Brazil,Neotropical,Boreal Brazilian,Guianan Lowlands province,Moist forest,GF01006179S,Guianan Lowlands province,63,0,0,0,0,0,0,0,0,0,0,0,0,0,1,0,1,0,0,0,0,0,2,0,0,0,0,0,0,root,67,4,0,0,,4,1.334048
GF01006180S,French Guiana and Brazil,Neotropical,Boreal Brazilian,Guianan Lowlands province,Moist forest,GF01006180S,Guianan Lowlands province,68,0,0,0,0,0,0,0,1,0,0,0,0,0,4,0,4,0,5,0,0,0,6,0,0,0,0,0,3,root,91,7,1.098901099,1.098901099,,7,2.699758
GF01006181S,French Guiana and Brazil,Neotropical,Boreal Brazilian,Guianan Lowlands province,Moist forest,GF01006181S,Guianan Lowlands province,25,0,0,0,1,1,0,0,0,0,0,0,0,0,0,0,2,0,0,0,0,1,12,0,0,0,0,0,5,root,47,7,0,0,,7,3.679669
GF01006182S,French Guiana and Brazil,Neotropical,Boreal Brazilian,Guianan Lowlands province,Moist forest,GF01006182S,Guianan Lowlands province,30,0,0,0,0,1,0,0,0,0,0,0,0,0,7,0,1,0,5,0,0,0,13,0,0,0,1,0,9,root,67,8,0,0,,8,4.785214
GF01006183S,French Guiana and Brazil,Neotropical,Parana,Atlantic province,Moist forest,GF01006183S,Atlantic province,20,0,0,0,0,0,0,0,0,0,0,0,0,0,0,0,1,0,1,0,0,0,18,0,0,0,1,0,3,root,44,6,0,0,,6,3.206445
GF01006184S,French Guiana and Brazil,Neotropical,Parana,Parana Forest province,Dry forest,GF01006184S,Parana Forest province,48,0,0,0,0,0,0,0,1,2,0,1,0,0,6,0,0,0,4,0,0,0,26,0,0,0,0,0,2,root,90,8,1.111111111,1.111111111,,8,3.604096
GF01006185S,French Guiana and Brazil,Neotropical,Boreal Brazilian,Guianan Lowlands province,Moist forest,GF01006185S,Guianan Lowlands province,51,0,0,0,1,0,0,0,1,0,0,0,0,0,5,0,3,0,2,0,0,0,9,0,0,0,0,0,3,root,75,8,1.333333333,1.333333333,,8,3.210771
GF01006186S,French Guiana and Brazil,Neotropical,Boreal Brazilian,Guianan Lowlands province,Moist forest,GF01006186S,Guianan Lowlands province,24,0,0,0,0,1,0,0,0,0,0,0,0,0,2,0,6,0,15,0,0,0,6,0,0,0,2,0,4,root,60,8,0,0,,8,5.202447
GF01006187S,French Guiana and Brazil,Neotropical,Boreal Brazilian,Guianan Lowlands province,Moist forest|Wet forest,GF01006187S,Guianan Lowlands province,32,0,0,0,2,0,0,0,2,0,0,1,0,0,12,0,8,1,17,0,0,1,18,0,0,0,3,0,9,root,106,12,1.886792453,1.886792453,,12,7.314969
GF01006188S,French Guiana and Brazil,Neotropical,Parana,Parana Forest province,Dry forest,GF01006188S,Parana Forest province,33,0,0,0,0,2,0,0,0,0,0,0,0,0,1,0,0,0,1,0,0,0,23,0,0,0,1,0,3,root,64,7,0,0,,7,3.177262
GF01006189S,French Guiana and Brazil,Neotropical,Boreal Brazilian,Guianan Lowlands province,Moist forest,GF01006189S,Guianan Lowlands province,81,0,0,0,0,0,0,0,0,0,0,0,0,0,4,0,0,0,9,0,0,0,9,0,0,0,0,0,8,root,111,5,0,0,,5,2.577029
GF01006190S,French Guiana and Brazil,Neotropical,Boreal Brazilian,Guianan Lowlands province,Moist forest,GF01006190S,Guianan Lowlands province,22,0,0,0,1,0,0,0,1,0,0,0,0,0,3,0,0,1,1,1,0,0,13,0,0,0,0,0,4,root,47,9,2.127659574,2.127659574,,9,4.507379
GF01006191S,French Guiana and Brazil,Neotropical,Boreal Brazilian,Guianan Lowlands province,Moist forest,GF01006191S,Guianan Lowlands province,18,0,0,0,2,2,0,0,0,0,0,0,0,0,3,0,0,0,4,0,0,3,2,0,0,0,0,0,4,root,38,8,0,0,,8,5.43958
GF01006192S,French Guiana and Brazil,Neotropical,Boreal Brazilian,Guianan Lowlands province,Moist forest|Wet forest,GF01006192S,Guianan Lowlands province,22,0,0,0,0,0,0,0,0,0,0,0,0,0,2,0,11,0,2,0,0,0,2,0,0,0,1,0,3,root,43,7,0,0,,7,4.026735
GF01006193S,French Guiana and Brazil,Neotropical,Boreal Brazilian,Guianan Lowlands province,Moist forest,GF01006193S,Guianan Lowlands province,22,0,0,0,5,0,0,0,0,0,0,0,0,0,9,0,3,0,9,0,0,0,9,0,0,0,1,0,3,root,61,8,0,0,,8,5.950935
GF01006194S,French Guiana and Brazil,Neotropical,Boreal Brazilian,Guianan Lowlands province,Moist forest,GF01006194S,Guianan Lowlands province,17,0,0,0,2,3,0,0,1,0,0,0,0,0,3,0,2,0,1,0,0,0,2,0,0,0,1,0,1,root,33,10,3.03030303,3.03030303,,10,5.535594
GF01006195S,French Guiana and Brazil,Neotropical,Boreal Brazilian,Guianan Lowlands province,Moist forest,GF01006195S,Guianan Lowlands province,44,0,0,0,0,0,0,0,0,0,0,0,0,0,1,0,3,0,1,0,0,0,4,0,0,0,0,0,20,root,73,6,0,0,,6,2.908739
GF01006196S,French Guiana and Brazil,Neotropical,Boreal Brazilian,Guianan Lowlands province,Moist forest,GF01006196S,Guianan Lowlands province,28,0,0,0,0,0,0,0,0,0,0,0,0,0,0,0,0,0,2,0,0,0,33,0,0,0,0,0,1,root,64,4,0,0,,4,2.402467
GF01006197S,French Guiana and Brazil,Neotropical,Boreal Brazilian,Guianan Lowlands province,Moist forest,GF01006197S,Guianan Lowlands province,59,0,0,0,1,0,0,0,0,0,1,0,0,0,8,0,1,0,11,1,0,0,5,0,0,0,1,0,9,root,97,10,0,0,,10,3.913006
GF01008006S,"Puyehue National Park, Southern Chile",N/A,N/A,N/A,Moist forest|Wet forest,GF01008006S,N/A,42,0,0,0,2,0,0,2,12,0,0,1,0,0,9,0,2,1,2,0,0,0,34,0,0,0,0,0,3,soil,110,11,10.90909091,10.90909091,,11,5.218331
GF01008007S,"Puyehue National Park, Southern Chile",N/A,N/A,N/A,Moist forest|Wet forest,GF01008007S,N/A,40,0,0,0,2,0,0,1,11,0,2,0,0,0,12,0,3,1,4,0,0,1,31,0,0,0,1,0,3,soil,112,13,9.821428571,9.821428571,,13,6.14535
GF01008008S,"Puyehue National Park, Southern Chile",N/A,N/A,N/A,Moist forest|Wet forest,GF01008008S,N/A,55,0,0,0,3,0,0,0,12,0,0,0,0,0,8,0,2,0,7,0,0,1,36,0,0,0,1,0,1,soil,126,10,9.523809524,9.523809524,,10,4.707867
GF01008009S,"Puyehue National Park, Southern Chile",N/A,N/A,N/A,Moist forest|Wet forest,GF01008009S,N/A,44,0,0,0,4,0,0,7,1,0,2,0,0,1,25,0,8,0,14,1,0,0,20,0,0,0,9,0,11,soil,147,13,0.680272109,0.680272109,,13,8.040251
GF01008010S,"Puyehue National Park, Southern Chile",N/A,N/A,N/A,Moist forest|Wet forest,GF01008010S,N/A,39,0,0,0,1,0,0,8,0,0,0,0,0,0,19,0,1,1,16,0,0,0,21,0,0,0,4,0,5,soil,115,10,0,0,,10,6.119469
GF01008011S,"Puyehue National Park, Southern Chile",N/A,N/A,N/A,Moist forest|Wet forest,GF01008011S,N/A,68,0,0,0,4,0,0,3,12,0,4,0,0,0,29,0,3,0,11,0,0,1,32,0,0,0,3,0,10,soil,180,12,6.666666667,6.666666667,,12,6.577255
GF01008012S,"Puyehue National Park, Southern Chile",N/A,N/A,N/A,Moist forest|Wet forest,GF01008012S,N/A,65,0,0,0,5,0,0,9,0,0,0,0,0,0,29,0,5,1,18,1,0,0,21,0,0,0,10,0,13,soil,177,11,0,0,,11,6.7883
GF01008013S,"Puyehue National Park, Southern Chile",N/A,N/A,N/A,Moist forest|Wet forest,GF01008013S,N/A,50,0,0,0,4,0,0,1,3,0,0,1,0,0,8,0,5,2,1,0,0,2,51,0,0,0,1,0,3,soil,132,13,2.272727273,2.272727273,,13,4.864286
GF01008014S,"Puyehue National Park, Southern Chile",N/A,N/A,N/A,Moist forest|Wet forest,GF01008014S,N/A,72,0,0,0,3,0,0,0,14,0,5,0,0,1,19,0,6,0,9,0,0,2,20,0,0,0,2,0,9,soil,162,12,8.641975309,8.641975309,,12,6.3343
GF01008015S,"Puyehue National Park, Southern Chile",N/A,N/A,N/A,Moist forest|Wet forest,GF01008015S,N/A,69,0,0,0,3,0,0,0,2,0,5,0,2,0,23,0,4,0,16,0,0,3,31,0,0,0,1,0,7,soil,166,12,1.204819277,1.204819277,,12,5.981781
GF01008016S,"Puyehue National Park, Southern Chile",N/A,N/A,N/A,Moist forest|Wet forest,GF01008016S,N/A,69,0,0,0,5,0,0,8,2,0,4,0,1,1,18,0,0,0,12,1,0,1,24,1,0,0,7,0,5,soil,159,15,1.257861635,1.257861635,,15,6.698555
GF01008017S,"Puyehue National Park, Southern Chile",N/A,N/A,N/A,Moist forest|Wet forest,GF01008017S,N/A,34,0,0,0,2,0,0,3,4,0,0,0,0,0,3,0,0,1,1,0,0,0,28,0,0,0,0,0,2,soil,78,9,5.128205128,5.128205128,,9,4.188131
GF01008018S,"Puyehue National Park, Southern Chile",N/A,N/A,N/A,Moist forest|Wet forest,GF01008018S,N/A,82,0,0,0,4,0,0,1,12,0,4,0,0,0,17,0,6,0,8,0,0,2,31,0,0,0,0,0,10,soil,177,11,6.779661017,6.779661017,,11,5.681973
GF01008019S,"Puyehue National Park, Southern Chile",N/A,N/A,N/A,Moist forest|Wet forest,GF01008019S,N/A,74,0,0,0,8,0,0,13,0,0,0,0,0,0,32,0,6,1,20,1,0,0,20,0,0,0,10,0,21,soil,206,11,0,0,,11,6.991852
GF01008020S,"Puyehue National Park, Southern Chile",N/A,N/A,N/A,Moist forest|Wet forest,GF01008020S,N/A,27,0,0,0,4,0,0,4,0,0,1,0,0,3,18,0,3,1,9,0,0,0,20,0,0,0,5,0,4,soil,99,12,0,0,,12,7.767
GF01008021S,"Puyehue National Park, Southern Chile",N/A,N/A,N/A,Moist forest|Wet forest,GF01008021S,N/A,65,0,0,0,3,0,0,1,7,0,5,0,0,2,17,0,8,1,7,1,0,1,39,0,0,0,3,0,8,soil,168,15,4.166666667,4.166666667,,15,6.794549
GF01008022S,"Puyehue National Park, Southern Chile",N/A,N/A,N/A,Moist forest|Wet forest,GF01008022S,N/A,55,0,0,0,3,0,0,2,11,0,2,0,0,0,8,0,3,0,2,1,0,1,38,0,0,0,0,0,2,soil,128,12,8.59375,8.59375,,12,5.049895
GF01008023S,"Puyehue National Park, Southern Chile",N/A,N/A,N/A,Moist forest|Wet forest,GF01008023S,N/A,73,0,0,0,10,1,0,9,0,0,0,0,0,1,32,0,11,1,15,0,0,0,22,0,0,0,5,0,18,soil,198,12,0,0,,12,6.993084
GF01009589S,"Loreto, Peru",Neotropical,South Brazilian,Rondonia province,Moist forest,GF01009589S,Rondonia province,0,0,0,0,0,0,0,0,0,0,0,0,0,0,0,0,0,11,0,0,0,0,0,0,0,0,0,0,0,soil,11,1,0,0,,1,1
GF01009590S,"Loreto, Peru",Neotropical,Boreal Brazilian,Napo province,Moist forest,GF01009590S,Napo province,0,0,0,0,0,0,0,0,0,0,0,0,0,0,0,0,0,11,0,0,0,0,0,0,0,0,0,0,0,soil,11,1,0,0,,1,1
GF01009591S,"Loreto, Peru",Neotropical,South Brazilian,Rondonia province,Moist forest,GF01009591S,Rondonia province,0,0,0,0,0,0,0,0,0,0,0,0,0,0,1,0,0,6,0,0,0,0,0,0,0,0,0,0,0,soil,7,2,0,0,,2,1.506993
GF01009592S,"Loreto, Peru",Neotropical,South Brazilian,Rondonia province,Moist forest,GF01009592S,Rondonia province,0,0,0,0,0,0,0,0,0,0,0,0,0,0,0,0,0,11,0,0,0,0,0,0,0,0,0,0,0,soil,11,1,0,0,,1,1
GF01009593S,"Loreto, Peru",Neotropical,South Brazilian,Ucayali province,Moist forest,GF01009593S,Ucayali province,0,0,0,0,0,0,0,0,0,0,0,0,0,0,0,0,0,0,0,0,0,0,1,0,0,0,0,0,0,soil,1,1,0,0,,1,1
GF01009594S,"Loreto, Peru",Neotropical,South Brazilian,Ucayali province,Moist forest,GF01009594S,Ucayali province,5,0,0,0,0,0,0,0,0,0,0,0,0,0,0,0,0,0,0,0,0,0,0,0,0,0,0,0,0,soil,5,1,0,0,,1,1
GF01009595S,"Loreto, Peru",Neotropical,South Brazilian,Rondonia province,Moist forest,GF01009595S,Rondonia province,2,0,0,0,0,0,0,0,0,0,0,0,0,0,0,0,0,11,0,0,0,0,0,0,0,0,0,0,0,soil,13,2,0,0,,2,1.536217
GF01009596S,"Loreto, Peru",Neotropical,Boreal Brazilian,Napo province,Moist forest,GF01009596S,Napo province,0,0,0,0,0,0,0,0,0,0,0,0,0,0,0,0,0,1,0,0,0,0,0,0,0,0,0,0,0,soil,1,1,0,0,,1,1
GF01009597S,"Loreto, Peru",Neotropical,South Brazilian,Ucayali province,Moist forest,GF01009597S,Ucayali province,0,0,0,0,0,0,0,0,0,0,0,0,0,0,0,0,0,0,0,0,0,0,0,0,0,0,0,0,0,soil,0,0,#DIV/0!,0,,0,1
GF01009598S,"Loreto, Peru",Neotropical,South Brazilian,Ucayali province,Moist forest,GF01009598S,Ucayali province,0,0,0,0,0,0,0,0,0,0,0,0,0,0,0,0,0,0,0,0,0,0,0,0,0,0,0,0,0,soil,0,0,#DIV/0!,0,,0,1
GF01009599S,"Loreto, Peru",Neotropical,South Brazilian,Rondonia province,Moist forest,GF01009599S,Rondonia province,5,0,0,0,0,0,0,0,0,0,0,0,0,0,0,0,0,2,0,0,0,0,0,0,0,0,0,0,0,soil,7,2,0,0,,2,1.818969
GF01009600S,"Loreto, Peru",Neotropical,Boreal Brazilian,Napo province,Moist forest,GF01009600S,Napo province,1,0,0,0,0,0,0,0,0,0,0,0,0,0,0,0,0,0,0,0,0,0,0,0,0,0,0,0,0,soil,1,1,0,0,,1,1
GF01009601S,"Loreto, Peru",Neotropical,South Brazilian,Rondonia province,Moist forest,GF01009601S,Rondonia province,0,0,0,0,0,0,0,0,0,0,0,0,0,0,0,0,0,9,0,0,0,0,0,0,0,0,0,0,0,soil,9,1,0,0,,1,1
GF01009602S,"Loreto, Peru",Neotropical,South Brazilian,Rondonia province,Moist forest,GF01009602S,Rondonia province,4,0,0,0,0,0,0,0,0,0,0,0,0,0,0,0,0,15,0,0,0,0,0,0,0,0,0,0,0,soil,19,2,0,0,,2,1.673058
GF01009603S,"Loreto, Peru",Neotropical,South Brazilian,Ucayali province,Moist forest,GF01009603S,Ucayali province,2,0,0,0,0,0,0,0,0,0,0,0,0,0,0,0,0,0,0,0,0,0,0,0,0,0,0,0,0,soil,2,1,0,0,,1,1
GF01009604S,"Loreto, Peru",Neotropical,Boreal Brazilian,Napo province,Moist forest,GF01009604S,Napo province,0,0,0,0,0,0,0,0,0,0,0,0,0,0,0,0,0,0,0,0,0,0,0,0,0,0,0,0,0,soil,0,0,#DIV/0!,0,,0,1
GF01009605S,"Loreto, Peru",Neotropical,South Brazilian,Rondonia province,Moist forest,GF01009605S,Rondonia province,1,0,0,0,0,0,0,0,0,0,0,0,0,0,0,0,0,0,0,0,0,0,0,0,0,0,0,0,0,soil,1,1,0,0,,1,1
GF01009606S,"Loreto, Peru",Neotropical,South Brazilian,Rondonia province,Moist forest,GF01009606S,Rondonia province,1,0,0,0,0,0,0,0,0,0,0,0,0,0,0,0,0,1,0,0,0,0,0,0,0,0,0,0,0,soil,2,2,0,0,,2,2
GF01009607S,"Loreto, Peru",Neotropical,Boreal Brazilian,Napo province,Moist forest,GF01009607S,Napo province,1,0,0,0,0,0,0,0,0,0,0,0,0,0,0,0,0,10,0,0,0,0,0,0,0,0,0,0,0,soil,11,2,0,0,,2,1.356131
GF01009608S,"Loreto, Peru",Neotropical,South Brazilian,Rondonia province,Moist forest,GF01009608S,Rondonia province,1,0,0,0,0,0,0,0,0,0,0,0,0,0,0,0,0,0,0,0,0,0,0,0,0,0,0,0,0,soil,1,1,0,0,,1,1
GF01009609S,"Loreto, Peru",Neotropical,Boreal Brazilian,Napo province,Moist forest,GF01009609S,Napo province,1,0,0,0,0,0,0,0,0,0,0,0,0,0,0,0,0,0,0,0,0,0,0,0,0,0,0,0,0,soil,1,1,0,0,,1,1
GF01009610S,"Loreto, Peru",Neotropical,Boreal Brazilian,Napo province,Moist forest,GF01009610S,Napo province,1,0,0,0,0,0,0,0,0,0,0,0,0,0,0,0,0,0,0,0,0,0,0,0,0,0,0,0,0,soil,1,1,0,0,,1,1
GF01009611S,"Loreto, Peru",Neotropical,Boreal Brazilian,Napo province,Moist forest,GF01009611S,Napo province,1,0,0,0,0,0,0,0,0,0,0,0,0,0,2,0,0,1,0,0,0,0,0,0,0,0,0,0,0,soil,4,3,0,0,,3,2.828427
GF01009612S,"Loreto, Peru",Neotropical,South Brazilian,Rondonia province,Moist forest,GF01009612S,Rondonia province,0,0,0,0,0,0,0,0,0,0,0,0,0,0,0,0,0,2,0,0,0,0,0,0,0,0,0,0,0,soil,2,1,0,0,,1,1
GF01009613S,"Loreto, Peru",Neotropical,Boreal Brazilian,Napo province,Moist forest,GF01009613S,Napo province,0,0,0,0,0,0,0,0,0,0,0,0,0,0,0,0,0,0,0,0,0,0,0,0,0,0,0,0,0,soil,0,0,#DIV/0!,0,,0,1
GF01009614S,"Loreto, Peru",Neotropical,South Brazilian,Ucayali province,Moist forest,GF01009614S,Ucayali province,0,0,0,0,0,0,0,0,0,0,0,0,0,0,0,0,0,0,0,0,0,0,0,0,0,0,0,0,0,soil,0,0,#DIV/0!,0,,0,1
GF01009615S,"Loreto, Peru",Neotropical,South Brazilian,Ucayali province,Moist forest,GF01009615S,Ucayali province,4,0,0,0,0,0,0,0,0,0,0,0,0,0,0,0,0,0,0,0,0,0,0,0,0,0,0,0,0,soil,4,1,0,0,,1,1
GF01009616S,"Loreto, Peru",Neotropical,South Brazilian,Rondonia province,Moist forest,GF01009616S,Rondonia province,2,0,0,0,0,0,0,0,0,0,0,0,0,0,0,0,0,11,0,0,0,0,0,0,0,0,0,0,0,soil,13,2,0,0,,2,1.536217
GF01009617S,"Loreto, Peru",Neotropical,South Brazilian,Rondonia province,Moist forest,GF01009617S,Rondonia province,0,0,0,2,0,0,0,0,0,0,0,0,0,0,1,0,0,0,0,0,0,0,0,0,0,0,0,0,0,soil,3,2,0,0,,2,1.889882
GF01009618S,"Loreto, Peru",Neotropical,South Brazilian,Ucayali province,Moist forest,GF01009618S,Ucayali province,0,0,0,0,0,0,0,0,0,0,0,0,0,0,0,0,0,0,0,0,0,0,0,0,0,0,0,0,0,soil,0,0,#DIV/0!,0,,0,1
GF01009619S,"Loreto, Peru",Neotropical,South Brazilian,Rondonia province,Moist forest,GF01009619S,Rondonia province,0,0,0,0,0,0,0,0,0,0,0,0,0,0,0,0,0,0,0,0,0,0,0,0,0,0,0,0,0,soil,0,0,#DIV/0!,0,,0,1
GF01009620S,"Loreto, Peru",Neotropical,South Brazilian,Rondonia province,Moist forest,GF01009620S,Rondonia province,2,0,0,0,0,0,0,0,0,0,0,0,0,0,0,0,0,6,0,0,0,0,0,0,0,0,0,0,0,soil,8,2,0,0,,2,1.754765
GF01009621S,"Loreto, Peru",Neotropical,South Brazilian,Rondonia province,Moist forest,GF01009621S,Rondonia province,0,0,0,0,0,0,0,0,0,0,0,0,0,0,0,0,0,2,0,0,0,0,0,0,0,0,0,0,0,soil,2,1,0,0,,1,1
GF01009622S,"Loreto, Peru",Neotropical,Boreal Brazilian,Napo province,Moist forest,GF01009622S,Napo province,1,0,0,0,0,0,0,0,0,0,0,0,0,0,0,0,0,1,0,0,0,0,0,0,0,0,0,0,0,soil,2,2,0,0,,2,2
GF01009623S,"Loreto, Peru",Neotropical,South Brazilian,Rondonia province,Moist forest,GF01009623S,Rondonia province,9,0,0,0,0,0,0,0,0,0,0,0,0,0,0,0,0,16,0,0,0,0,0,0,0,0,0,0,0,soil,25,2,0,0,,2,1.9221
GF01009624S,"Loreto, Peru",Neotropical,South Brazilian,Rondonia province,Moist forest,GF01009624S,Rondonia province,0,0,0,0,0,0,0,0,0,0,0,0,0,0,0,0,0,0,0,0,0,0,0,0,0,0,0,0,0,soil,0,0,#DIV/0!,0,,0,1
GF01009625S,"Loreto, Peru",Neotropical,South Brazilian,Rondonia province,Moist forest,GF01009625S,Rondonia province,0,0,0,0,0,0,0,0,0,0,0,0,0,0,0,0,0,0,0,0,0,0,0,0,0,0,0,0,0,soil,0,0,#DIV/0!,0,,0,1
GF01009626S,"Loreto, Peru",Neotropical,South Brazilian,Ucayali province,Moist forest,GF01009626S,Ucayali province,1,0,0,0,0,0,0,0,0,0,0,0,0,0,0,0,0,0,0,0,0,0,1,0,0,0,0,0,0,soil,2,2,0,0,,2,2
GF01009627S,"Loreto, Peru",Neotropical,Boreal Brazilian,Napo province,Moist forest,GF01009627S,Napo province,0,0,0,0,0,0,0,0,0,0,0,0,0,0,0,0,0,0,0,0,0,0,0,0,0,0,0,0,0,soil,0,0,#DIV/0!,0,,0,1
GF01009628S,"Loreto, Peru",Neotropical,South Brazilian,Rondonia province,Moist forest,GF01009628S,Rondonia province,0,0,0,0,0,0,0,0,0,0,0,0,0,0,0,0,0,9,0,0,0,0,0,0,0,0,0,0,0,soil,9,1,0,0,,1,1
GF01009629S,"Loreto, Peru",Neotropical,Boreal Brazilian,Napo province,Moist forest,GF01009629S,Napo province,0,0,0,0,0,0,0,0,0,0,0,0,0,0,0,0,0,0,0,0,0,0,0,0,0,0,0,0,0,soil,0,0,#DIV/0!,0,,0,1
GF01009630S,"Loreto, Peru",Neotropical,Boreal Brazilian,Napo province,Moist forest,GF01009630S,Napo province,0,0,0,0,0,0,0,0,0,0,0,0,0,0,0,0,0,4,0,0,0,0,0,0,0,0,0,0,0,soil,4,1,0,0,,1,1
GF01009631S,"Loreto, Peru",Neotropical,South Brazilian,Rondonia province,Moist forest,GF01009631S,Rondonia province,0,0,0,0,0,0,0,0,0,0,0,0,0,0,0,0,0,12,0,0,0,0,0,0,0,0,0,0,0,soil,12,1,0,0,,1,1
GF01009632S,"Loreto, Peru",Neotropical,South Brazilian,Ucayali province,Moist forest,GF01009632S,Ucayali province,5,0,0,0,0,0,0,0,0,0,0,0,0,0,0,0,0,0,0,0,0,0,1,0,0,0,0,0,0,soil,6,2,0,0,,2,1.569193
GF01009633S,"Loreto, Peru",Neotropical,Boreal Brazilian,Napo province,Moist forest,GF01009633S,Napo province,1,0,0,0,0,0,0,0,0,0,0,0,0,0,0,0,0,0,0,0,0,0,1,0,0,0,0,0,0,soil,2,2,0,0,,2,2
GF01009634S,"Loreto, Peru",Neotropical,Boreal Brazilian,Napo province,Moist forest,GF01009634S,Napo province,0,0,0,0,0,0,0,0,0,0,0,0,0,0,0,0,0,8,0,0,0,0,0,0,0,0,0,0,0,soil,8,1,0,0,,1,1
GF01009635S,"Loreto, Peru",Neotropical,Boreal Brazilian,Napo province,Moist forest,GF01009635S,Napo province,1,0,0,0,0,0,0,0,0,0,0,0,0,0,0,0,0,0,0,0,0,0,0,0,0,0,0,0,0,soil,1,1,0,0,,1,1
GF01009636S,"Loreto, Peru",Neotropical,Boreal Brazilian,Napo province,Moist forest,GF01009636S,Napo province,0,0,0,0,0,0,0,0,0,0,0,0,0,0,0,0,0,0,0,0,0,0,0,0,0,0,0,0,0,soil,0,0,#DIV/0!,0,,0,1
GF01009638S,"Loreto, Peru",Neotropical,Boreal Brazilian,Napo province,Moist forest,GF01009638S,Napo province,0,0,0,0,0,0,0,0,0,0,0,0,0,0,0,0,0,4,0,0,0,0,0,0,0,0,0,0,0,soil,4,1,0,0,,1,1
GF01009639S,"Loreto, Peru",Neotropical,Boreal Brazilian,Napo province,Moist forest,GF01009639S,Napo province,0,0,0,0,0,0,0,0,0,0,0,0,0,0,0,0,0,0,0,0,0,0,0,0,0,0,0,0,0,soil,0,0,#DIV/0!,0,,0,1
GF01009640S,"Loreto, Peru",Neotropical,South Brazilian,Rondonia province,Moist forest,GF01009640S,Rondonia province,0,0,0,0,0,0,0,0,0,0,0,0,0,0,0,0,0,8,0,0,0,0,0,0,0,0,0,0,0,soil,8,1,0,0,,1,1
GF01009642S,"Loreto, Peru",Neotropical,South Brazilian,Rondonia province,Moist forest,GF01009642S,Rondonia province,0,0,0,0,0,0,0,0,0,0,0,0,0,0,0,0,0,3,0,0,0,0,0,0,0,0,0,0,0,soil,3,1,0,0,,1,1
GF01009643S,"Loreto, Peru",Neotropical,Boreal Brazilian,Napo province,Moist forest,GF01009643S,Napo province,1,0,0,0,0,0,0,0,0,0,0,0,0,0,0,0,0,0,0,0,0,0,0,0,0,0,0,0,0,soil,1,1,0,0,,1,1
GF01009644S,"Loreto, Peru",Neotropical,Boreal Brazilian,Napo province,Moist forest,GF01009644S,Napo province,0,0,0,0,0,0,0,0,0,0,0,0,0,0,0,0,0,0,0,0,0,0,0,0,0,0,0,0,0,soil,0,0,#DIV/0!,0,,0,1
GF01009646S,"Loreto, Peru",Neotropical,Boreal Brazilian,Napo province,Moist forest,GF01009646S,Napo province,0,0,0,0,0,0,0,0,0,0,0,0,0,0,0,0,0,0,0,0,0,0,0,0,0,0,0,0,0,soil,0,0,#DIV/0!,0,,0,1
GF01009647S,"Loreto, Peru",Neotropical,South Brazilian,Rondonia province,Moist forest,GF01009647S,Rondonia province,0,0,0,0,0,0,0,0,0,0,0,0,0,0,0,0,0,0,0,0,0,0,0,0,0,0,0,0,0,soil,0,0,#DIV/0!,0,,0,1
GF01012381S,"Wade Tract, Thomas County, Georgia,USA",N/A,N/A,N/A,,GF01012381S,N/A,64,0,0,0,3,0,0,7,5,0,0,1,0,0,17,0,2,0,19,0,0,1,21,1,0,0,6,0,11,soil,158,13,3.164556962,3.164556962,,13,6.771041
GF01012382S,"Wade Tract, Thomas County, Georgia,USA",N/A,N/A,N/A,,GF01012382S,N/A,85,0,0,0,3,0,0,0,0,1,0,2,2,0,22,0,2,0,22,0,0,0,0,0,0,0,2,0,18,litter,159,10,0,0,,10,4.287498
GF01012383S,"Wade Tract, Thomas County, Georgia,USA",N/A,N/A,N/A,,GF01012383S,N/A,61,0,0,0,2,0,0,1,0,0,1,3,2,0,21,0,2,0,26,0,0,0,5,0,0,0,0,0,16,litter,140,11,0,0,,11,5.265243
GF01012384S,"Wade Tract, Thomas County, Georgia,USA",N/A,N/A,N/A,,GF01012384S,N/A,47,0,0,0,3,0,0,4,4,0,0,3,1,0,14,0,3,1,16,0,0,1,15,0,0,0,5,0,18,soil,135,14,2.962962963,2.962962963,,14,7.856114
GF01012385S,"Wade Tract, Thomas County, Georgia,USA",N/A,N/A,N/A,,GF01012385S,N/A,95,0,0,0,3,0,0,2,3,0,0,7,0,1,20,0,7,0,45,0,0,0,16,3,0,0,16,0,18,soil,236,13,1.271186441,1.271186441,,13,6.628504
GF01012386S,"Wade Tract, Thomas County, Georgia,USA",N/A,N/A,N/A,,GF01012386S,N/A,120,0,0,0,2,0,0,8,6,1,2,4,2,1,22,1,3,0,27,0,0,0,50,0,0,0,16,0,15,soil,280,16,2.142857143,2.142857143,,16,6.527395
GF01012387S,"Wade Tract, Thomas County, Georgia,USA",N/A,N/A,N/A,,GF01012387S,N/A,107,0,1,0,3,0,0,2,1,0,0,3,2,1,44,0,2,0,58,0,0,0,8,1,0,0,2,0,40,litter,275,15,0.363636364,0.363636364,,15,5.449752
GF01012388S,"Wade Tract, Thomas County, Georgia,USA",N/A,N/A,N/A,,GF01012388S,N/A,44,0,0,0,2,0,0,0,0,0,0,2,0,1,12,0,0,0,19,0,0,0,0,0,0,0,1,0,10,litter,91,8,0,0,,8,4.285294
GF01012389S,"Wade Tract, Thomas County, Georgia,USA",N/A,N/A,N/A,,GF01012389S,N/A,57,0,0,0,1,0,0,2,0,0,0,5,0,1,10,0,4,0,23,0,0,0,0,2,0,0,6,0,20,litter,131,11,0,0,,11,5.614644
GF01012390S,"Wade Tract, Thomas County, Georgia,USA",N/A,N/A,N/A,,GF01012390S,N/A,64,0,0,0,2,0,0,2,5,0,0,1,0,1,7,0,0,0,19,0,0,1,19,1,0,0,14,0,10,soil,146,13,3.424657534,3.424657534,,13,6.147202
GF01012391S,"Wade Tract, Thomas County, Georgia,USA",N/A,N/A,N/A,,GF01012391S,N/A,23,0,0,0,1,0,0,0,0,0,0,1,0,0,4,0,0,0,6,0,0,0,6,0,0,0,3,0,6,soil,50,8,0,0,,8,5.195755
GF01012392S,"Wade Tract, Thomas County, Georgia,USA",N/A,N/A,N/A,,GF01012392S,N/A,58,0,0,0,0,0,0,4,6,0,0,1,0,1,11,0,1,0,10,0,0,1,26,1,0,0,6,0,12,soil,138,13,4.347826087,4.347826087,,13,6.276355
GF01012393S,"Wade Tract, Thomas County, Georgia,USA",N/A,N/A,N/A,,GF01012393S,N/A,35,0,0,0,1,0,0,3,0,0,0,2,0,0,13,0,3,0,19,0,0,0,1,1,0,0,6,0,14,litter,98,11,0,0,,11,6.27125
GF01012394S,"Wade Tract, Thomas County, Georgia,USA",N/A,N/A,N/A,,GF01012394S,N/A,56,0,0,0,1,0,0,1,0,0,0,3,0,1,8,0,0,0,30,0,0,0,4,0,0,0,3,0,10,litter,117,10,0,0,,10,4.575372
GF01012395S,"Wade Tract, Thomas County, Georgia,USA",N/A,N/A,N/A,,GF01012395S,N/A,67,0,0,0,1,0,0,7,7,0,0,4,1,0,19,0,3,0,22,0,0,0,27,0,0,0,17,0,14,soil,189,12,3.703703704,3.703703704,,12,7.266761
GF01012396S,"Wade Tract, Thomas County, Georgia,USA",N/A,N/A,N/A,,GF01012396S,N/A,34,0,0,0,2,0,0,0,0,0,0,3,0,0,12,0,2,0,33,0,0,0,2,1,0,0,5,0,12,litter,106,10,0,0,,10,5.6686
GF01012397S,"Wade Tract, Thomas County, Georgia,USA",N/A,N/A,N/A,,GF01012397S,N/A,51,0,0,1,2,0,0,5,4,0,0,1,0,0,9,0,5,0,19,0,0,1,25,1,0,0,14,0,13,soil,151,14,2.649006623,2.649006623,,14,7.66711
GF01012398S,"Wade Tract, Thomas County, Georgia,USA",N/A,N/A,N/A,,GF01012398S,N/A,58,0,0,0,2,0,0,4,0,0,0,5,0,1,15,0,4,0,36,0,0,1,3,1,0,0,9,0,15,litter,154,13,0,0,,13,6.419655
GF01012399S,"Wade Tract, Thomas County, Georgia,USA",N/A,N/A,N/A,,GF01012399S,N/A,45,0,0,0,1,0,0,2,3,0,0,3,0,1,15,0,2,0,26,0,0,0,13,1,0,0,10,0,11,soil,133,13,2.255639098,2.255639098,,13,7.152587
GF01012400S,"Wade Tract, Thomas County, Georgia,USA",N/A,N/A,N/A,,GF01012400S,N/A,63,0,0,0,0,0,0,4,0,0,0,3,0,1,11,0,2,0,19,0,0,0,3,1,0,0,7,0,10,litter,124,11,0,0,,11,5.190456
GF01012401S,"Wade Tract, Thomas County, Georgia,USA",N/A,N/A,N/A,,GF01012401S,N/A,58,0,0,0,1,0,0,0,0,0,0,3,0,4,9,0,2,0,37,0,0,0,2,1,0,0,5,0,11,litter,133,11,0,0,,11,5.054387
GF01012402S,"Wade Tract, Thomas County, Georgia,USA",N/A,N/A,N/A,,GF01012402S,N/A,55,0,0,0,0,0,0,6,3,0,0,1,0,0,13,0,3,0,16,0,0,1,27,0,0,0,9,0,8,soil,142,11,2.112676056,2.112676056,,11,6.367796
GF01012403S,"Wade Tract, Thomas County, Georgia,USA",N/A,N/A,N/A,,GF01012403S,N/A,63,0,0,0,1,0,0,4,5,0,0,1,0,0,14,0,2,0,23,0,0,0,17,3,0,0,7,0,11,soil,151,12,3.311258278,3.311258278,,12,6.433582
GF01012404S,"Wade Tract, Thomas County, Georgia,USA",N/A,N/A,N/A,,GF01012404S,N/A,95,0,0,0,4,0,0,1,0,1,0,4,2,1,25,0,1,0,34,0,0,0,1,1,0,0,3,0,18,litter,191,14,0,0,,14,4.870705
GF01012405S,"Wade Tract, Thomas County, Georgia,USA",N/A,N/A,N/A,,GF01012405S,N/A,54,0,0,0,2,0,0,0,0,0,0,1,0,1,14,0,0,0,19,0,0,0,2,0,0,0,5,0,15,litter,113,9,0,0,,9,4.682706
GF01012406S,"Wade Tract, Thomas County, Georgia,USA",N/A,N/A,N/A,,GF01012406S,N/A,84,0,0,0,0,0,0,7,3,0,1,3,0,0,17,0,4,0,30,0,0,0,31,2,0,0,22,0,19,soil,223,12,1.34529148,1.34529148,,12,6.751113
GF01012407S,"Wade Tract, Thomas County, Georgia,USA",N/A,N/A,N/A,,GF01012407S,N/A,104,0,0,0,2,0,0,3,6,0,2,1,1,0,21,0,3,0,23,0,0,0,36,0,0,0,14,0,12,soil,228,13,2.631578947,2.631578947,,13,5.854798
GF01012408S,"Wade Tract, Thomas County, Georgia,USA",N/A,N/A,N/A,,GF01012408S,N/A,51,0,0,0,1,0,0,2,5,0,0,1,0,0,15,0,2,0,23,0,0,2,31,0,0,0,5,0,11,soil,149,12,3.355704698,3.355704698,,12,6.515091
GF01012409S,"Wade Tract, Thomas County, Georgia,USA",N/A,N/A,N/A,,GF01012409S,N/A,37,0,0,0,0,0,0,4,2,0,0,1,0,0,3,0,0,0,12,0,0,0,12,1,0,0,4,0,9,soil,85,10,2.352941176,2.352941176,,10,5.760437
GF01012410S,"Wade Tract, Thomas County, Georgia,USA",N/A,N/A,N/A,,GF01012410S,N/A,71,0,1,0,2,0,0,0,0,0,0,4,0,2,23,0,1,0,20,0,0,0,3,1,0,0,4,0,15,litter,147,12,0,0,,12,5.157021
GF01012411S,"Wade Tract, Thomas County, Georgia,USA",N/A,N/A,N/A,,GF01012411S,N/A,32,0,0,0,0,0,0,3,0,0,0,1,0,0,7,0,1,0,17,0,0,0,11,1,0,0,7,0,8,soil,88,10,0,0,,10,6.258481
GF01012412S,"Wade Tract, Thomas County, Georgia,USA",N/A,N/A,N/A,,GF01012412S,N/A,75,0,0,0,0,0,0,2,7,0,1,1,0,0,13,0,1,0,15,0,0,1,32,0,0,0,9,0,13,soil,170,12,4.117647059,4.117647059,,12,5.713401
GF01012413S,"Wade Tract, Thomas County, Georgia,USA",N/A,N/A,N/A,,GF01012413S,N/A,27,0,0,0,0,0,0,2,1,0,0,1,0,1,9,0,2,0,8,0,0,0,4,0,0,0,2,0,12,soil,69,11,1.449275362,1.449275362,,11,6.321432
GF01012414S,"Wade Tract, Thomas County, Georgia,USA",N/A,N/A,N/A,,GF01012414S,N/A,93,0,0,0,1,0,0,3,7,0,0,1,0,0,15,0,1,0,17,0,0,2,32,0,0,0,11,0,13,soil,196,12,3.571428571,3.571428571,,12,5.531927
GF01012415S,"Wade Tract, Thomas County, Georgia,USA",N/A,N/A,N/A,,GF01012415S,N/A,96,0,0,0,3,0,0,4,0,0,0,3,2,0,30,0,1,0,40,0,0,0,2,2,0,0,5,0,25,litter,213,12,0,0,,12,5.156425
GF01012416S,"Wade Tract, Thomas County, Georgia,USA",N/A,N/A,N/A,,GF01012416S,N/A,95,0,0,0,4,0,0,0,3,0,0,4,2,2,29,0,2,0,33,0,0,0,3,2,0,0,0,0,18,litter,197,12,1.52284264,1.52284264,,12,5.072174
GF01012417S,"Wade Tract, Thomas County, Georgia,USA",N/A,N/A,N/A,,GF01012417S,N/A,86,0,0,0,3,0,0,9,4,0,0,7,0,0,25,0,4,0,52,0,0,0,29,3,0,0,12,0,22,soil,256,12,1.5625,1.5625,,12,7.161808
GF01012418S,"Wade Tract, Thomas County, Georgia,USA",N/A,N/A,N/A,,GF01012418S,N/A,51,0,0,0,1,0,0,4,1,0,1,1,0,0,11,0,0,0,18,0,0,0,17,1,0,0,8,0,8,soil,122,12,0.819672131,0.819672131,,12,6.078629
GF01012419S,"Wade Tract, Thomas County, Georgia,USA",N/A,N/A,N/A,,GF01012419S,N/A,46,0,0,0,0,0,0,5,0,0,0,3,1,0,18,0,3,0,26,0,0,0,1,2,0,0,10,0,12,litter,127,11,0,0,,11,6.286985
GF01012420S,"Wade Tract, Thomas County, Georgia,USA",N/A,N/A,N/A,,GF01012420S,N/A,38,0,0,0,1,0,0,1,0,0,0,3,0,0,12,0,0,0,19,0,0,0,0,2,0,0,8,0,10,litter,94,9,0,0,,9,5.412261
GF01012421S,"Wade Tract, Thomas County, Georgia,USA",N/A,N/A,N/A,,GF01012421S,N/A,87,0,0,0,2,0,0,1,0,0,0,2,3,1,29,0,1,0,40,0,0,1,5,0,0,0,2,0,25,litter,199,13,0,0,,13,5.085521
GF01012422S,"Wade Tract, Thomas County, Georgia,USA",N/A,N/A,N/A,,GF01012422S,N/A,81,0,2,0,3,0,0,2,0,2,0,5,3,0,23,0,4,0,47,0,0,0,5,1,0,0,2,0,19,litter,199,14,0,0,,14,5.941884
GF01012423S,"Wade Tract, Thomas County, Georgia,USA",N/A,N/A,N/A,,GF01012423S,N/A,70,0,0,0,4,0,0,3,0,0,0,2,2,0,20,0,3,0,31,0,0,0,3,1,0,0,8,0,12,litter,159,12,0,0,,12,5.728717
GF01012424S,"Wade Tract, Thomas County, Georgia,USA",N/A,N/A,N/A,,GF01012424S,N/A,53,0,0,0,1,0,0,1,0,0,0,3,0,6,8,0,2,0,16,0,0,0,1,0,0,0,4,0,10,litter,105,11,0,0,,11,5.206469
GF01012425S,"Wade Tract, Thomas County, Georgia,USA",N/A,N/A,N/A,,GF01012425S,N/A,88,0,0,0,1,0,0,1,0,1,1,6,1,1,29,0,1,0,47,0,0,0,7,0,0,0,3,0,26,litter,213,14,0,0,,14,5.343504
GF01012426S,"Wade Tract, Thomas County, Georgia,USA",N/A,N/A,N/A,,GF01012426S,N/A,74,0,0,0,0,0,0,8,3,0,0,5,1,0,21,0,5,0,33,0,0,0,28,2,0,0,18,0,20,soil,218,12,1.376146789,1.376146789,,12,7.299587
GF01012427S,"Wade Tract, Thomas County, Georgia,USA",N/A,N/A,N/A,,GF01012427S,N/A,96,0,1,0,3,0,0,2,0,1,0,5,2,3,23,0,1,0,28,0,0,0,4,0,0,0,0,0,19,litter,188,13,0,0,,13,4.983545
GF01012428S,"Wade Tract, Thomas County, Georgia,USA",N/A,N/A,N/A,,GF01012428S,N/A,44,0,0,0,1,0,0,4,0,0,0,4,1,0,23,0,5,0,33,0,0,0,4,1,0,0,1,0,13,litter,134,12,0,0,,12,6.190217
GF01012429S,"Wade Tract, Thomas County, Georgia,USA",N/A,N/A,N/A,,GF01012429S,N/A,67,0,0,0,0,0,0,6,1,0,0,1,0,0,25,0,3,0,28,0,0,1,20,2,0,0,8,0,13,soil,175,12,0.571428571,0.571428571,,12,6.333429
GF01012430S,"Wade Tract, Thomas County, Georgia,USA",N/A,N/A,N/A,,GF01012430S,N/A,84,0,0,0,2,0,0,7,4,0,0,3,0,0,19,0,8,0,31,0,0,0,30,1,0,0,21,0,18,soil,228,12,1.754385965,1.754385965,,12,7.035549
GF01012431S,"Wade Tract, Thomas County, Georgia,USA",N/A,N/A,N/A,,GF01012431S,N/A,44,0,0,0,0,0,0,4,5,0,0,2,0,0,10,0,2,0,17,0,0,0,15,1,0,0,3,0,13,soil,116,11,4.310344828,4.310344828,,11,6.668382
GF01012432S,"Wade Tract, Thomas County, Georgia,USA",N/A,N/A,N/A,,GF01012432S,N/A,71,0,0,0,2,0,0,0,0,0,0,4,0,3,27,0,3,0,31,0,0,0,4,1,0,0,3,0,16,litter,165,11,0,0,,11,5.380664
GF01012433S,"Wade Tract, Thomas County, Georgia,USA",N/A,N/A,N/A,,GF01012433S,N/A,73,0,0,0,2,0,0,9,6,0,0,1,0,0,21,0,2,0,27,0,0,0,33,2,0,0,14,0,12,soil,202,12,2.97029703,2.97029703,,12,6.870746
GF01012434S,"Wade Tract, Thomas County, Georgia,USA",N/A,N/A,N/A,,GF01012434S,N/A,40,0,0,0,3,0,0,1,0,0,0,2,0,0,20,0,0,0,26,0,0,0,2,0,0,0,1,0,10,litter,105,9,0,0,,9,4.924399
GF01012435S,"Wade Tract, Thomas County, Georgia,USA",N/A,N/A,N/A,,GF01012435S,N/A,66,0,0,0,4,0,0,5,2,1,0,2,1,0,22,0,5,0,39,0,0,0,19,3,0,0,14,0,20,soil,203,14,0.985221675,0.985221675,,14,7.560936
GF01012436S,"Wade Tract, Thomas County, Georgia,USA",N/A,N/A,N/A,,GF01012436S,N/A,84,0,0,0,6,0,0,7,3,0,0,2,0,0,33,0,5,0,32,0,0,0,25,1,0,0,21,0,29,soil,248,12,1.209677419,1.209677419,,12,7.203532
GF01012437S,"Wade Tract, Thomas County, Georgia,USA",N/A,N/A,N/A,,GF01012437S,N/A,43,0,0,0,1,0,0,0,1,0,0,3,0,0,13,0,0,0,18,0,0,0,0,0,0,0,6,0,9,litter,94,8,1.063829787,1.063829787,,8,4.73386
GF01012438S,"Wade Tract, Thomas County, Georgia,USA",N/A,N/A,N/A,,GF01012438S,N/A,68,0,0,0,1,0,0,5,4,0,0,1,0,0,16,0,5,0,23,0,0,1,37,1,0,0,12,0,12,soil,186,13,2.150537634,2.150537634,,13,6.696805
GF01012439S,"Wade Tract, Thomas County, Georgia,USA",N/A,N/A,N/A,,GF01012439S,N/A,114,0,0,0,8,0,0,8,7,0,1,4,1,0,34,0,9,0,51,0,0,0,24,2,0,0,19,0,29,soil,311,14,2.250803859,2.250803859,,14,7.37153
GF01012440S,"Wade Tract, Thomas County, Georgia,USA",N/A,N/A,N/A,,GF01012440S,N/A,52,0,0,0,4,0,0,0,0,0,0,1,1,0,20,0,2,0,18,0,0,0,0,0,0,0,2,0,21,litter,121,9,0,0,,9,4.833014
GF01012441S,"Wade Tract, Thomas County, Georgia,USA",N/A,N/A,N/A,,GF01012441S,N/A,58,0,0,0,1,0,0,0,0,0,0,2,2,1,18,0,1,0,22,0,0,0,3,0,0,0,3,0,14,litter,125,11,0,0,,11,5.020566
GF01012442S,"Wade Tract, Thomas County, Georgia,USA",N/A,N/A,N/A,,GF01012442S,N/A,40,0,0,0,1,0,0,2,0,0,0,2,0,0,16,0,2,0,17,0,0,0,3,5,0,0,7,0,13,litter,108,11,0,0,,11,6.558442
GF01012443S,"Wade Tract, Thomas County, Georgia,USA",N/A,N/A,N/A,,GF01012443S,N/A,93,0,0,0,5,0,0,4,1,0,0,5,1,1,24,0,4,0,35,0,0,0,20,0,0,0,6,0,26,soil,225,13,0.444444444,0.444444444,,13,6.291501
GF01012444S,"Wade Tract, Thomas County, Georgia,USA",N/A,N/A,N/A,,GF01012444S,N/A,77,0,0,0,1,0,0,7,6,0,0,3,0,0,15,0,4,0,22,0,0,1,32,0,0,0,16,0,14,soil,198,12,3.03030303,3.03030303,,12,6.765906
GF01012445S,"Wade Tract, Thomas County, Georgia,USA",N/A,N/A,N/A,,GF01012445S,N/A,81,0,0,0,3,0,0,1,1,0,0,5,0,1,14,0,4,0,40,0,0,0,4,2,0,0,6,0,15,litter,177,13,0.564971751,0.564971751,,13,5.462676
GF01012446S,"Wade Tract, Thomas County, Georgia,USA",N/A,N/A,N/A,,GF01012446S,N/A,47,0,0,0,0,0,0,6,8,0,1,1,0,0,8,0,3,0,12,0,0,0,16,0,0,0,7,0,10,soil,119,11,6.722689076,6.722689076,,11,6.886256
GF01012447S,"Wade Tract, Thomas County, Georgia,USA",N/A,N/A,N/A,,GF01012447S,N/A,58,0,0,0,0,0,0,4,6,0,0,2,0,0,10,0,3,0,15,0,0,0,24,3,0,0,9,0,17,soil,151,11,3.973509934,3.973509934,,11,6.823232
GF01012448S,"Wade Tract, Thomas County, Georgia,USA",N/A,N/A,N/A,,GF01012448S,N/A,28,0,0,0,0,0,0,1,0,0,0,2,0,0,10,0,1,0,10,0,0,0,10,1,0,0,3,0,10,soil,76,10,0,0,,10,6.231301
GF01012449S,"Wade Tract, Thomas County, Georgia,USA",N/A,N/A,N/A,,GF01012449S,N/A,76,0,0,0,2,0,0,9,4,0,0,2,0,0,14,0,3,0,31,0,0,0,18,1,0,0,8,0,15,soil,183,12,2.18579235,2.18579235,,12,6.414905
GF01012450S,"Wade Tract, Thomas County, Georgia,USA",N/A,N/A,N/A,,GF01012450S,N/A,78,0,0,0,1,0,0,4,0,0,0,2,0,1,19,0,2,0,25,0,0,0,8,1,0,0,9,0,15,litter,165,12,0,0,,12,5.486981
GF01012451S,"Wade Tract, Thomas County, Georgia,USA",N/A,N/A,N/A,,GF01012451S,N/A,87,0,0,0,0,0,0,6,0,0,0,2,1,0,13,0,2,1,26,0,0,1,21,0,0,0,15,0,14,soil,189,12,0,0,,12,5.703848
GF01012452S,"Wade Tract, Thomas County, Georgia,USA",N/A,N/A,N/A,,GF01012452S,N/A,51,0,0,0,1,0,0,2,0,0,0,3,0,0,14,0,0,0,31,0,0,0,2,1,0,0,7,0,11,litter,123,10,0,0,,10,5.163077
GF01012453S,"Wade Tract, Thomas County, Georgia,USA",N/A,N/A,N/A,,GF01012453S,N/A,29,0,0,0,0,0,0,3,0,0,0,2,0,0,10,0,0,0,14,0,0,0,1,0,0,0,6,0,7,litter,72,8,0,0,,8,5.386588
GF01012454S,"Wade Tract, Thomas County, Georgia,USA",N/A,N/A,N/A,,GF01012454S,N/A,80,0,0,1,2,0,0,6,1,0,1,5,1,0,17,0,3,0,35,0,0,1,14,1,0,0,13,0,16,soil,197,16,0.507614213,0.507614213,,16,6.864542
GF01012455S,"Wade Tract, Thomas County, Georgia,USA",N/A,N/A,N/A,,GF01012455S,N/A,98,0,0,0,4,0,0,9,3,0,0,4,0,0,15,0,6,0,39,0,0,1,38,0,0,0,13,0,23,soil,253,12,1.185770751,1.185770751,,12,6.628541
GF01012456S,"Wade Tract, Thomas County, Georgia,USA",N/A,N/A,N/A,,GF01012456S,N/A,57,0,0,0,1,0,0,0,0,0,0,2,0,1,8,0,1,0,8,0,0,0,3,1,0,0,3,0,3,litter,88,11,0,0,,11,3.866503
GF01012457S,"Wade Tract, Thomas County, Georgia,USA",N/A,N/A,N/A,,GF01012457S,N/A,84,0,0,0,2,0,0,4,6,0,0,1,0,0,23,0,6,0,26,0,0,0,17,2,0,0,16,0,21,soil,208,12,2.884615385,2.884615385,,12,6.676661
GF01012458S,"Wade Tract, Thomas County, Georgia,USA",N/A,N/A,N/A,,GF01012458S,N/A,60,0,0,0,1,0,0,3,1,0,0,1,0,0,13,0,3,0,23,0,0,2,27,0,0,0,13,0,11,soil,158,12,0.632911392,0.632911392,,12,6.351046
GF01012459S,"Wade Tract, Thomas County, Georgia,USA",N/A,N/A,N/A,,GF01012459S,N/A,62,0,0,0,4,0,0,2,10,0,0,3,0,0,22,0,2,0,29,0,0,1,15,1,0,0,11,0,25,soil,187,13,5.347593583,5.347593583,,13,7.411673
GF01012460S,"Wade Tract, Thomas County, Georgia,USA",N/A,N/A,N/A,,GF01012460S,N/A,92,0,0,0,3,0,0,1,0,0,0,4,1,0,24,0,2,0,37,0,0,0,6,0,0,0,5,0,25,litter,200,11,0,0,,11,5.060289
GF01012461S,"Wade Tract, Thomas County, Georgia,USA",N/A,N/A,N/A,,GF01012461S,N/A,79,0,0,0,5,0,0,2,8,0,0,3,0,1,14,0,3,0,27,0,0,0,21,2,0,0,11,0,17,soil,193,13,4.14507772,4.14507772,,13,6.873999
GF01012462S,"Wade Tract, Thomas County, Georgia,USA",N/A,N/A,N/A,,GF01012462S,N/A,79,0,0,0,3,0,0,6,6,0,0,1,1,0,12,0,2,0,23,0,0,0,31,0,0,0,17,0,17,soil,198,12,3.03030303,3.03030303,,12,6.512234
GF01012463S,"Wade Tract, Thomas County, Georgia,USA",N/A,N/A,N/A,,GF01012463S,N/A,54,0,0,0,2,0,0,2,0,1,0,3,0,0,24,0,1,0,31,0,0,0,0,2,0,0,0,0,19,litter,139,10,0,0,,10,5.023397
GF01012464S,"Wade Tract, Thomas County, Georgia,USA",N/A,N/A,N/A,,GF01012464S,N/A,67,0,0,0,2,0,0,3,4,0,1,2,0,0,14,0,2,0,22,0,0,1,17,1,0,0,6,0,18,soil,160,14,2.5,2.5,,14,6.579027
GF01012465S,"Wade Tract, Thomas County, Georgia,USA",N/A,N/A,N/A,,GF01012465S,N/A,94,0,0,0,4,0,0,3,3,0,0,4,0,0,18,0,2,0,28,0,0,1,12,0,0,0,3,0,30,soil,202,12,1.485148515,1.485148515,,12,5.535342
GF01012466S,"Wade Tract, Thomas County, Georgia,USA",N/A,N/A,N/A,,GF01012466S,N/A,59,0,0,0,2,0,0,6,4,0,0,2,1,0,17,0,3,0,26,0,0,0,13,1,0,0,7,0,14,soil,155,13,2.580645161,2.580645161,,13,7.017558
GF01012467S,"Wade Tract, Thomas County, Georgia,USA",N/A,N/A,N/A,,GF01012467S,N/A,37,0,0,0,1,0,0,0,0,1,0,2,1,0,13,0,1,0,19,0,0,0,0,1,0,0,1,0,19,litter,96,11,0,0,,11,5.182853
GF01012468S,"Wade Tract, Thomas County, Georgia,USA",N/A,N/A,N/A,,GF01012468S,N/A,93,0,0,0,3,0,0,3,4,0,0,4,0,0,24,0,3,0,31,0,0,1,22,0,0,0,9,0,22,soil,219,12,1.826484018,1.826484018,,12,6.189054
GF01012469S,"Wade Tract, Thomas County, Georgia,USA",N/A,N/A,N/A,,GF01012469S,N/A,39,0,0,0,1,0,0,0,0,0,0,3,0,0,18,0,1,0,23,0,0,0,2,1,0,0,1,0,8,litter,97,10,0,0,,10,4.963631
GF01012470S,"Wade Tract, Thomas County, Georgia,USA",N/A,N/A,N/A,,GF01012470S,N/A,31,0,0,0,0,0,0,5,0,0,0,1,0,2,12,0,1,0,16,0,0,0,1,1,0,0,4,0,13,litter,87,11,0,0,,11,6.260246
GF01012471S,"Wade Tract, Thomas County, Georgia,USA",N/A,N/A,N/A,,GF01012471S,N/A,50,0,0,0,2,0,0,0,0,0,0,1,0,2,22,0,0,0,14,0,0,0,1,0,0,0,2,0,9,litter,103,9,0,0,,9,4.412278
GF01012472S,"Wade Tract, Thomas County, Georgia,USA",N/A,N/A,N/A,,GF01012472S,N/A,77,0,0,0,1,0,0,5,13,0,0,0,0,1,16,0,5,0,19,0,0,0,17,0,0,0,6,0,21,soil,181,11,7.182320442,7.182320442,,11,6.32514
GF01012473S,"Wade Tract, Thomas County, Georgia,USA",N/A,N/A,N/A,,GF01012473S,N/A,71,0,0,0,4,0,0,1,0,0,0,2,1,0,24,0,4,1,33,0,0,0,3,1,0,0,3,0,29,litter,177,13,0,0,,13,5.606984
GF01012474S,"Wade Tract, Thomas County, Georgia,USA",N/A,N/A,N/A,,GF01012474S,N/A,70,0,0,0,0,0,0,4,4,0,0,2,0,0,10,0,3,0,18,0,0,0,39,0,0,0,10,0,9,soil,169,10,2.366863905,2.366863905,,10,5.66351
GF01012475S,"Wade Tract, Thomas County, Georgia,USA",N/A,N/A,N/A,,GF01012475S,N/A,33,0,0,0,1,0,0,2,0,0,0,2,0,0,6,0,2,0,13,0,0,0,1,0,0,0,6,0,8,litter,74,10,0,0,,10,5.599354
GF01012476S,"Wade Tract, Thomas County, Georgia,USA",N/A,N/A,N/A,,GF01012476S,N/A,55,0,0,0,3,0,0,0,0,1,0,3,1,1,21,0,4,0,28,0,0,0,3,0,0,0,2,0,17,litter,139,12,0,0,,12,5.755358
GF01012477S,"Wade Tract, Thomas County, Georgia,USA",N/A,N/A,N/A,,GF01012477S,N/A,45,0,0,0,5,0,0,0,0,0,0,1,0,0,20,0,0,1,23,0,0,0,0,0,0,0,2,0,17,litter,114,8,0,0,,8,4.807394
GF01012478S,"Wade Tract, Thomas County, Georgia,USA",N/A,N/A,N/A,,GF01012478S,N/A,82,0,0,0,2,0,0,1,0,0,0,5,1,2,29,0,1,0,34,0,0,0,5,2,0,0,5,0,21,litter,190,13,0,0,,13,5.555223
GF01012479S,"Wade Tract, Thomas County, Georgia,USA",N/A,N/A,N/A,,GF01012479S,N/A,63,0,0,0,2,0,0,2,0,1,0,3,1,4,26,0,1,0,19,0,0,0,1,1,0,0,0,0,22,litter,146,13,0,0,,13,5.403827
GF01012480S,"Wade Tract, Thomas County, Georgia,USA",N/A,N/A,N/A,,GF01012480S,N/A,80,0,0,0,4,0,0,2,1,0,0,4,1,1,26,0,0,0,37,0,0,0,10,0,0,0,2,0,31,litter,199,12,0.502512563,0.502512563,,12,5.55287
GF01012481S,"Wade Tract, Thomas County, Georgia,USA",N/A,N/A,N/A,,GF01012481S,N/A,55,0,1,0,1,0,0,0,0,0,0,6,0,0,22,0,1,0,44,0,0,0,3,3,0,0,6,0,13,litter,155,11,0,0,,11,5.540858
GF01012482S,"Wade Tract, Thomas County, Georgia,USA",N/A,N/A,N/A,,GF01012482S,N/A,51,0,0,0,1,0,0,2,0,0,1,6,1,2,21,0,1,0,28,0,0,1,3,1,0,0,1,0,17,litter,137,15,0,0,,15,6.260516
GF01012483S,"Wade Tract, Thomas County, Georgia,USA",N/A,N/A,N/A,,GF01012483S,N/A,53,0,1,0,1,0,0,1,0,0,0,3,0,0,23,0,1,0,29,0,0,0,3,2,0,0,2,0,17,litter,136,12,0,0,,12,5.441793
GF01012484S,"Wade Tract, Thomas County, Georgia,USA",N/A,N/A,N/A,,GF01012484S,N/A,18,0,0,0,0,0,0,2,3,0,0,2,0,0,5,0,0,0,10,0,0,0,2,0,0,0,2,0,3,soil,47,9,6.382978723,6.382978723,,9,6.195587
GF01012485S,"Wade Tract, Thomas County, Georgia,USA",N/A,N/A,N/A,,GF01012485S,N/A,41,0,0,0,1,0,0,2,8,0,0,1,0,0,6,0,2,0,10,0,0,0,18,0,0,0,2,0,5,soil,96,11,8.333333333,8.333333333,,11,5.954384
GF01012486S,"Wade Tract, Thomas County, Georgia,USA",N/A,N/A,N/A,,GF01012486S,N/A,25,0,0,0,2,0,0,3,1,0,0,2,0,0,11,0,1,0,20,0,0,0,4,0,0,0,4,0,7,soil,80,11,1.25,1.25,,11,6.771566
GF01012487S,"Wade Tract, Thomas County, Georgia,USA",N/A,N/A,N/A,,GF01012487S,N/A,18,0,0,0,1,0,0,0,2,0,0,1,0,0,9,0,1,0,8,0,0,0,12,1,0,0,1,0,8,soil,62,11,3.225806452,3.225806452,,11,6.883332
GF01012488S,"Wade Tract, Thomas County, Georgia,USA",N/A,N/A,N/A,,GF01012488S,N/A,67,0,0,0,5,0,0,10,6,0,0,5,0,0,22,0,5,0,34,0,0,1,13,4,0,0,7,0,22,soil,201,13,2.985074627,2.985074627,,13,7.998056
GF01012489S,"Wade Tract, Thomas County, Georgia,USA",N/A,N/A,N/A,,GF01012489S,N/A,59,0,0,0,0,0,0,1,0,0,0,3,0,2,15,0,2,0,18,0,0,0,3,4,0,0,6,0,11,litter,124,11,0,0,,11,5.547538
GF01012490S,"Wade Tract, Thomas County, Georgia,USA",N/A,N/A,N/A,,GF01012490S,N/A,95,0,0,0,2,0,0,5,6,0,0,4,1,0,21,0,6,0,27,0,0,0,27,1,0,0,13,0,18,soil,226,13,2.654867257,2.654867257,,13,6.664087
GF01012491S,"Wade Tract, Thomas County, Georgia,USA",N/A,N/A,N/A,,GF01012491S,N/A,111,0,0,0,5,0,0,6,10,0,0,6,1,1,26,0,4,0,47,0,0,0,36,0,0,0,16,0,33,soil,302,13,3.311258278,3.311258278,,13,7.036873
GF01012492S,"Wade Tract, Thomas County, Georgia,USA",N/A,N/A,N/A,,GF01012492S,N/A,62,0,0,0,2,0,0,1,0,1,0,6,2,0,26,0,1,0,48,0,0,0,5,3,0,0,2,0,18,litter,177,13,0,0,,13,5.811415
GF01012493S,"Wade Tract, Thomas County, Georgia,USA",N/A,N/A,N/A,,GF01012493S,N/A,39,0,0,0,1,0,0,2,0,0,0,3,0,0,11,0,2,0,18,0,0,0,1,4,0,0,11,0,10,litter,102,11,0,0,,11,6.40666
GF01012494S,"Wade Tract, Thomas County, Georgia,USA",N/A,N/A,N/A,,GF01012494S,N/A,34,0,0,0,2,0,0,0,0,0,0,3,0,2,5,0,1,0,13,0,0,0,0,0,0,0,3,0,10,litter,73,9,0,0,,9,5.141462
GF01012495S,"Wade Tract, Thomas County, Georgia,USA",N/A,N/A,N/A,,GF01012495S,N/A,39,0,0,0,1,0,0,0,0,0,0,2,0,1,5,0,0,0,13,0,0,0,0,0,0,0,3,0,6,litter,70,8,0,0,,8,4.03737
GF01012496S,"Wade Tract, Thomas County, Georgia,USA",N/A,N/A,N/A,,GF01012496S,N/A,50,0,0,0,2,0,0,5,3,0,0,1,1,0,13,0,1,0,24,0,0,0,18,0,0,0,7,0,12,soil,137,12,2.189781022,2.189781022,,12,6.701644
GF01012497S,"Wade Tract, Thomas County, Georgia,USA",N/A,N/A,N/A,,GF01012497S,N/A,75,0,0,0,3,0,0,1,1,1,0,3,2,1,24,0,3,0,55,0,0,0,4,4,0,0,3,0,16,litter,196,15,0.510204082,0.510204082,,15,5.784062
GF01012498S,"Wade Tract, Thomas County, Georgia,USA",N/A,N/A,N/A,,GF01012498S,N/A,52,0,0,0,1,0,0,2,0,0,0,2,0,1,13,0,1,0,13,0,0,0,2,0,0,0,1,0,10,litter,98,11,0,0,,11,4.620473
GF01012499S,"Wade Tract, Thomas County, Georgia,USA",N/A,N/A,N/A,,GF01012499S,N/A,45,0,0,0,2,0,0,3,0,0,0,3,0,0,17,0,6,0,24,0,0,0,5,2,0,0,4,0,19,litter,130,11,0,0,,11,6.705994
GF01012500S,"Wade Tract, Thomas County, Georgia,USA",N/A,N/A,N/A,,GF01012500S,N/A,1,0,0,0,0,0,0,0,1,0,0,0,0,0,2,0,0,0,1,0,0,0,2,0,0,0,0,0,3,soil,10,6,10,10,,6,5.450692
GF01012501S,"Wade Tract, Thomas County, Georgia,USA",N/A,N/A,N/A,,GF01012501S,N/A,0,0,0,0,0,0,0,0,0,0,0,0,0,0,0,0,0,0,0,0,0,0,0,0,0,0,0,0,0,litter,0,0,#DIV/0!,0,,0,1
GF01013508S,"the Upper Potaro River Basin in the Pakaraima Mountains, Potaro-Siparuni, Guyana",Neotropical,Boreal Brazilian,Guianan province,Dry forest|Moist forest,GF01013508S,Guianan province,0,0,0,0,0,0,0,0,0,0,0,0,0,0,0,0,0,0,0,0,0,0,0,0,0,0,0,0,0,root,0,0,#DIV/0!,0,,0,1
GF01013511S,"the Upper Potaro River Basin in the Pakaraima Mountains, Potaro-Siparuni, Guyana",Neotropical,Boreal Brazilian,Guianan province,Dry forest|Moist forest,GF01013511S,Guianan province,0,0,0,0,0,0,0,0,0,0,0,0,0,0,0,0,0,0,0,0,0,0,0,0,0,0,0,0,0,root,0,0,#DIV/0!,0,,0,1
GF01013512S,"the Upper Potaro River Basin in the Pakaraima Mountains, Potaro-Siparuni, Guyana",Neotropical,Boreal Brazilian,Guianan province,Dry forest|Moist forest,GF01013512S,Guianan province,0,0,0,0,0,0,0,0,0,0,0,0,0,0,0,0,0,0,0,0,0,0,0,0,0,0,0,0,0,root,0,0,#DIV/0!,0,,0,1
GF01013513S,"the Upper Potaro River Basin in the Pakaraima Mountains, Potaro-Siparuni, Guyana",Neotropical,Boreal Brazilian,Guianan province,Dry forest|Moist forest,GF01013513S,Guianan province,0,0,0,0,0,0,0,0,0,0,0,0,0,0,0,0,0,0,0,0,0,0,0,0,0,0,0,0,0,root,0,0,#DIV/0!,0,,0,1
GF01013514S,"the Upper Potaro River Basin in the Pakaraima Mountains, Potaro-Siparuni, Guyana",Neotropical,Boreal Brazilian,Guianan province,Dry forest|Moist forest,GF01013514S,Guianan province,0,0,0,0,0,0,0,0,0,0,0,0,0,0,0,0,0,0,0,0,0,0,0,0,0,0,0,0,0,root,0,0,#DIV/0!,0,,0,1
GF01013519S,"the Upper Potaro River Basin in the Pakaraima Mountains, Potaro-Siparuni, Guyana",Neotropical,Boreal Brazilian,Guianan province,Dry forest|Moist forest,GF01013519S,Guianan province,0,0,0,0,0,0,0,0,0,0,0,0,0,0,0,0,0,0,0,0,0,0,0,0,0,0,0,0,0,root,0,0,#DIV/0!,0,,0,1
GF01013521S,"the Upper Potaro River Basin in the Pakaraima Mountains, Potaro-Siparuni, Guyana",Neotropical,Boreal Brazilian,Guianan province,Dry forest|Moist forest,GF01013521S,Guianan province,0,0,0,0,0,0,0,0,0,0,0,0,0,0,0,0,0,0,0,0,0,0,0,0,0,0,0,0,0,root,0,0,#DIV/0!,0,,0,1
GF01013523S,"the Upper Potaro River Basin in the Pakaraima Mountains, Potaro-Siparuni, Guyana",Neotropical,Boreal Brazilian,Guianan province,Dry forest|Moist forest,GF01013523S,Guianan province,0,0,0,0,0,0,0,0,0,0,0,0,0,0,0,0,0,0,0,0,0,0,0,0,0,0,0,0,0,root,0,0,#DIV/0!,0,,0,1
GF01013527S,"the Upper Potaro River Basin in the Pakaraima Mountains, Potaro-Siparuni, Guyana",Neotropical,Boreal Brazilian,Guianan province,Dry forest|Moist forest,GF01013527S,Guianan province,0,0,0,0,0,0,0,0,0,0,0,0,0,0,0,0,0,0,0,0,0,0,0,0,0,0,0,0,0,root,0,0,#DIV/0!,0,,0,1
GF01013531S,"the Upper Potaro River Basin in the Pakaraima Mountains, Potaro-Siparuni, Guyana",Neotropical,Boreal Brazilian,Guianan province,Dry forest|Moist forest,GF01013531S,Guianan province,0,0,0,0,0,0,0,0,0,0,0,0,0,0,0,0,0,0,0,0,0,0,0,0,0,0,0,0,0,root,0,0,#DIV/0!,0,,0,1
GF01013534S,"the Upper Potaro River Basin in the Pakaraima Mountains, Potaro-Siparuni, Guyana",Neotropical,Boreal Brazilian,Guianan province,Dry forest|Moist forest,GF01013534S,Guianan province,0,0,0,0,0,0,0,0,0,0,0,0,0,0,0,0,0,0,0,0,0,0,0,0,0,0,0,0,0,root,0,0,#DIV/0!,0,,0,1
GF01013537S,"the Upper Potaro River Basin in the Pakaraima Mountains, Potaro-Siparuni, Guyana",Neotropical,Boreal Brazilian,Guianan province,Dry forest|Moist forest,GF01013537S,Guianan province,0,0,0,0,0,0,0,0,0,0,0,0,0,0,0,0,0,0,0,0,0,0,0,0,0,0,0,0,0,root,0,0,#DIV/0!,0,,0,1
GF01013541S,"the Upper Potaro River Basin in the Pakaraima Mountains, Potaro-Siparuni, Guyana",Neotropical,Boreal Brazilian,Guianan province,Dry forest|Moist forest,GF01013541S,Guianan province,0,0,0,0,0,0,0,0,0,0,0,0,0,0,0,0,0,0,0,0,0,0,0,0,0,0,0,0,0,root,0,0,#DIV/0!,0,,0,1
GF01013543S,"the Upper Potaro River Basin in the Pakaraima Mountains, Potaro-Siparuni, Guyana",Neotropical,Boreal Brazilian,Guianan province,Dry forest|Moist forest,GF01013543S,Guianan province,0,0,0,0,0,0,0,0,0,0,0,0,0,0,0,0,0,0,0,0,0,0,0,0,0,0,0,0,0,root,0,0,#DIV/0!,0,,0,1
GF01013544S,"the Upper Potaro River Basin in the Pakaraima Mountains, Potaro-Siparuni, Guyana",Neotropical,Boreal Brazilian,Guianan province,Dry forest|Moist forest,GF01013544S,Guianan province,0,0,0,0,0,0,0,0,0,0,0,0,0,0,0,0,0,0,0,0,0,0,0,0,0,0,0,0,0,root,0,0,#DIV/0!,0,,0,1
GF01013545S,"the Upper Potaro River Basin in the Pakaraima Mountains, Potaro-Siparuni, Guyana",Neotropical,Boreal Brazilian,Guianan province,Dry forest|Moist forest,GF01013545S,Guianan province,0,0,0,0,0,0,0,0,0,0,0,0,0,0,0,0,0,0,0,0,0,0,0,0,0,0,0,0,0,root,0,0,#DIV/0!,0,,0,1
GF01013547S,"the Upper Potaro River Basin in the Pakaraima Mountains, Potaro-Siparuni, Guyana",Neotropical,Boreal Brazilian,Guianan province,Dry forest|Moist forest,GF01013547S,Guianan province,0,0,0,0,0,0,0,0,0,0,0,0,0,0,0,0,0,0,0,0,0,0,0,0,0,0,0,0,0,root,0,0,#DIV/0!,0,,0,1
GF01013551S,"the Upper Potaro River Basin in the Pakaraima Mountains, Potaro-Siparuni, Guyana",Neotropical,Boreal Brazilian,Guianan province,Dry forest|Moist forest,GF01013551S,Guianan province,0,0,0,0,0,0,0,0,0,0,0,0,0,0,0,0,0,0,0,0,0,0,0,0,0,0,0,0,0,root,0,0,#DIV/0!,0,,0,1
GF01013552S,"the Upper Potaro River Basin in the Pakaraima Mountains, Potaro-Siparuni, Guyana",Neotropical,Boreal Brazilian,Guianan province,Dry forest|Moist forest,GF01013552S,Guianan province,0,0,0,0,0,0,0,0,0,0,0,0,0,0,0,0,0,0,0,0,0,0,0,0,0,0,0,0,0,root,0,0,#DIV/0!,0,,0,1
GF01013561S,"the Upper Potaro River Basin in the Pakaraima Mountains, Potaro-Siparuni, Guyana",Neotropical,Boreal Brazilian,Guianan province,Dry forest|Moist forest,GF01013561S,Guianan province,0,0,0,0,0,0,0,0,0,0,0,0,0,0,0,0,0,0,0,0,0,0,0,0,0,0,0,0,0,root,0,0,#DIV/0!,0,,0,1
GF01013564S,"the Upper Potaro River Basin in the Pakaraima Mountains, Potaro-Siparuni, Guyana",Neotropical,Boreal Brazilian,Guianan province,Dry forest|Moist forest,GF01013564S,Guianan province,0,0,0,0,0,0,0,0,0,0,0,0,0,0,0,0,0,0,0,0,0,0,0,0,0,0,0,0,0,root,0,0,#DIV/0!,0,,0,1
GF01013566S,"the Upper Potaro River Basin in the Pakaraima Mountains, Potaro-Siparuni, Guyana",Neotropical,Boreal Brazilian,Guianan province,Dry forest|Moist forest,GF01013566S,Guianan province,0,0,0,0,0,0,0,0,0,0,0,0,0,0,0,0,0,0,0,0,0,0,0,0,0,0,0,0,0,root,0,0,#DIV/0!,0,,0,1
GF01013573S,"the Upper Potaro River Basin in the Pakaraima Mountains, Potaro-Siparuni, Guyana",Neotropical,Boreal Brazilian,Guianan province,Dry forest|Moist forest,GF01013573S,Guianan province,0,0,0,0,0,0,0,0,0,0,0,0,0,0,0,0,0,0,0,0,0,0,0,0,0,0,0,0,0,root,0,0,#DIV/0!,0,,0,1
GF01013577S,"the Upper Potaro River Basin in the Pakaraima Mountains, Potaro-Siparuni, Guyana",Neotropical,Boreal Brazilian,Guianan province,Dry forest|Moist forest,GF01013577S,Guianan province,0,0,0,0,0,0,0,0,0,0,0,0,0,0,0,0,0,0,0,0,0,0,0,0,0,0,0,0,0,root,0,0,#DIV/0!,0,,0,1
GF01013586S,"the Upper Potaro River Basin in the Pakaraima Mountains, Potaro-Siparuni, Guyana",Neotropical,Boreal Brazilian,Guianan province,Dry forest|Moist forest,GF01013586S,Guianan province,0,0,0,0,0,0,0,0,0,0,0,0,0,0,0,0,0,0,0,0,0,0,0,0,0,0,0,0,0,root,0,0,#DIV/0!,0,,0,1
GF01013904S,"Austin Kerry, Memorial Forest, Florida, USA",N/A,N/A,N/A,Dry forest|Moist forest,GF01013904S,N/A,0,0,0,0,0,0,0,0,0,0,0,0,0,0,0,0,0,0,0,0,0,0,0,0,0,0,0,0,0,soil,0,0,#DIV/0!,0,,0,1
GF01013905S,"Austin Kerry, Memorial Forest, Florida, USA",N/A,N/A,N/A,Dry forest|Moist forest,GF01013905S,N/A,1,0,0,0,0,0,0,0,0,0,0,0,0,0,0,0,0,0,0,0,0,0,0,0,0,0,0,0,0,soil,1,1,0,0,,1,1
GF01013906S,"Austin Kerry, Memorial Forest, Florida, USA",N/A,N/A,N/A,Dry forest|Moist forest,GF01013906S,N/A,1,0,0,1,0,0,0,0,0,0,0,0,0,0,0,0,0,0,0,0,0,0,1,0,0,0,0,0,0,soil,3,3,0,0,,3,3
GF01013907S,"Austin Kerry, Memorial Forest, Florida, USA",N/A,N/A,N/A,Dry forest|Moist forest,GF01013907S,N/A,0,0,0,0,0,0,0,0,0,0,0,0,0,0,0,0,0,0,0,0,0,0,0,0,0,0,0,0,0,soil,0,0,#DIV/0!,0,,0,1
GF01013908S,"Austin Kerry, Memorial Forest, Florida, USA",N/A,N/A,N/A,Dry forest|Moist forest,GF01013908S,N/A,0,0,0,0,0,0,0,0,0,0,0,0,0,0,0,0,0,0,0,0,0,0,0,0,0,0,0,0,0,soil,0,0,#DIV/0!,0,,0,1
GF01013909S,"Austin Kerry, Memorial Forest, Florida, USA",N/A,N/A,N/A,Dry forest|Moist forest,GF01013909S,N/A,1,0,0,1,0,0,0,0,0,0,0,0,0,0,0,0,0,0,0,0,0,0,1,0,0,0,0,0,0,soil,3,3,0,0,,3,3
GF01013910S,"Austin Kerry, Memorial Forest, Florida, USA",N/A,N/A,N/A,Dry forest|Moist forest,GF01013910S,N/A,1,0,0,0,0,0,0,0,0,0,0,0,0,0,0,0,0,0,0,0,0,0,0,0,0,0,0,0,0,soil,1,1,0,0,,1,1
GF01013911S,"Austin Kerry, Memorial Forest, Florida, USA",N/A,N/A,N/A,Dry forest|Moist forest,GF01013911S,N/A,1,0,0,0,0,0,0,0,0,0,0,0,0,0,0,0,0,0,0,0,0,0,0,0,0,0,0,0,0,soil,1,1,0,0,,1,1
GF01013912S,"Austin Kerry, Memorial Forest, Florida, USA",N/A,N/A,N/A,Dry forest|Moist forest,GF01013912S,N/A,1,0,0,0,0,0,0,0,0,0,0,0,0,0,0,0,0,0,0,0,0,0,0,0,0,0,1,0,0,soil,2,2,0,0,,2,2
GF01013913S,"Austin Kerry, Memorial Forest, Florida, USA",N/A,N/A,N/A,Dry forest|Moist forest,GF01013913S,N/A,1,0,0,0,0,0,0,0,0,0,0,0,0,0,0,0,0,0,0,0,0,0,1,0,0,0,0,0,0,soil,2,2,0,0,,2,2
GF01013914S,"Austin Kerry, Memorial Forest, Florida, USA",N/A,N/A,N/A,Dry forest|Moist forest,GF01013914S,N/A,1,0,0,1,0,0,0,0,0,0,0,0,0,0,0,0,0,0,0,0,0,0,2,0,0,0,0,0,0,soil,4,3,0,0,,3,2.828427
GF01013915S,"Austin Kerry, Memorial Forest, Florida, USA",N/A,N/A,N/A,Dry forest|Moist forest,GF01013915S,N/A,0,0,0,0,0,0,0,0,0,0,0,0,0,0,0,0,0,0,0,0,0,0,2,0,0,0,0,0,0,soil,2,1,0,0,,1,1
GF01013916S,"Austin Kerry, Memorial Forest, Florida, USA",N/A,N/A,N/A,Dry forest|Moist forest,GF01013916S,N/A,0,0,0,0,0,0,0,0,0,0,0,0,0,0,0,0,0,0,0,0,0,0,1,0,0,0,0,0,0,soil,1,1,0,0,,1,1
GF01013944S,"Austin Kerry, Memorial Forest, Florida, USA",N/A,N/A,N/A,Dry forest|Moist forest,GF01013944S,N/A,1,0,0,0,0,0,0,0,0,0,0,0,0,0,0,0,0,0,0,0,0,0,0,0,0,0,0,0,0,soil,1,1,0,0,,1,1
GF01013945S,"Austin Kerry, Memorial Forest, Florida, USA",N/A,N/A,N/A,Dry forest|Moist forest,GF01013945S,N/A,0,0,0,0,0,0,0,0,0,0,0,0,0,0,0,0,0,0,0,0,0,0,0,0,0,0,0,0,0,soil,0,0,#DIV/0!,0,,0,1
GF01013946S,"Mark Elliot’s Property, Florida, USA",N/A,N/A,N/A,Dry forest|Moist forest,GF01013946S,N/A,0,0,0,0,0,0,0,0,0,0,0,0,0,0,1,0,0,0,0,0,0,0,1,0,0,0,0,0,0,soil,2,2,0,0,,2,2
GF01013955S,"Mark Elliot’s Property, Florida, USA",N/A,N/A,N/A,Dry forest|Moist forest,GF01013955S,N/A,0,0,0,0,0,0,0,0,0,0,0,0,0,0,0,0,0,0,0,0,0,0,1,0,0,0,0,0,0,soil,1,1,0,0,,1,1
GF01013961S,"Austin Kerry, Memorial Forest, Florida, USA",N/A,N/A,N/A,Dry forest|Moist forest,GF01013961S,N/A,0,0,0,0,0,0,0,0,0,0,0,0,0,0,0,0,0,0,0,0,0,0,1,0,0,0,0,0,0,soil,1,1,0,0,,1,1
GF01013962S,"Austin Kerry, Memorial Forest, Florida, USA",N/A,N/A,N/A,Dry forest|Moist forest,GF01013962S,N/A,0,0,0,1,0,0,0,0,0,0,0,0,0,0,0,0,0,0,0,0,0,0,1,0,0,0,0,0,0,soil,2,2,0,0,,2,2
GF01014019S,"Mark Elliot’s Property, Florida, USA",N/A,N/A,N/A,Dry forest|Moist forest,GF01014019S,N/A,0,0,0,0,0,0,0,0,0,0,0,0,0,0,0,0,0,0,0,0,0,0,1,0,0,0,0,0,0,soil,1,1,0,0,,1,1
GF01014028S,"Mark Elliot’s Property, Florida, USA",N/A,N/A,N/A,Dry forest|Moist forest,GF01014028S,N/A,0,0,0,0,0,0,0,0,0,0,0,0,0,0,0,0,0,0,0,0,0,0,1,0,0,0,0,0,0,soil,1,1,0,0,,1,1
GF01014041S,"Mark Elliot’s Property, Florida, USA",N/A,N/A,N/A,Dry forest|Moist forest,GF01014041S,N/A,0,0,0,0,0,0,0,0,0,0,0,0,0,0,0,0,0,0,0,0,0,0,1,0,0,0,0,0,0,soil,1,1,0,0,,1,1
GF01014053S,"Mark Elliot’s Property, Florida, USA",N/A,N/A,N/A,Dry forest|Moist forest,GF01014053S,N/A,0,0,0,0,0,0,0,0,0,0,0,0,0,0,0,0,0,0,0,0,0,0,1,0,0,0,0,0,0,soil,1,1,0,0,,1,1
GF01014055S,"Mark Elliot’s Property, Florida, USA",N/A,N/A,N/A,Dry forest|Moist forest,GF01014055S,N/A,0,0,0,0,0,0,0,0,0,0,0,0,0,0,0,0,0,0,0,0,0,0,1,0,0,0,0,0,0,soil,1,1,0,0,,1,1
GF01014061S,"Mark Elliot’s Property, Florida, USA",N/A,N/A,N/A,Dry forest|Moist forest,GF01014061S,N/A,0,0,0,0,0,0,0,0,0,0,0,0,0,0,0,0,0,0,0,0,0,0,1,0,0,0,0,0,0,soil,1,1,0,0,,1,1
GF01014078S,"Mark Elliot’s Property, Florida, USA",N/A,N/A,N/A,Dry forest|Moist forest,GF01014078S,N/A,0,0,0,0,0,0,0,0,0,0,0,0,0,0,1,0,0,0,1,0,0,0,1,0,0,0,0,0,0,soil,3,3,0,0,,3,3
GF01014101S,"Mark Elliot’s Property, Florida, USA",N/A,N/A,N/A,Dry forest|Moist forest,GF01014101S,N/A,0,0,0,0,0,0,0,0,0,0,0,0,0,0,0,0,0,0,0,0,0,0,1,0,0,0,0,0,0,soil,1,1,0,0,,1,1
GF01014110S,"Austin Kerry, Memorial Forest, Florida, USA",N/A,N/A,N/A,Dry forest|Moist forest,GF01014110S,N/A,0,0,0,0,0,0,0,0,0,0,0,0,0,0,0,0,0,0,0,0,0,0,1,0,0,0,0,0,0,soil,1,1,0,0,,1,1
GF01014164S,"Mark Elliot’s Property, Florida, USA",N/A,N/A,N/A,Dry forest|Moist forest,GF01014164S,N/A,0,0,0,0,0,0,0,0,0,0,0,0,0,0,0,0,0,0,0,0,0,0,1,0,0,0,0,0,0,soil,1,1,0,0,,1,1
GF01014174S,"Austin Kerry, Memorial Forest, Florida, USA",N/A,N/A,N/A,Dry forest|Moist forest,GF01014174S,N/A,1,0,0,0,0,0,0,0,0,0,0,0,0,0,0,0,0,0,0,0,0,0,1,0,0,0,0,0,0,soil,2,2,0,0,,2,2
GF01014206S,"Mark Elliot’s Property, Florida, USA",N/A,N/A,N/A,Dry forest|Moist forest,GF01014206S,N/A,0,0,0,0,0,0,0,0,0,0,0,0,0,0,0,0,0,0,0,0,0,0,1,0,0,0,0,0,0,soil,1,1,0,0,,1,1
GF01014212S,"Austin Kerry, Memorial Forest, Florida, USA",N/A,N/A,N/A,Dry forest|Moist forest,GF01014212S,N/A,1,0,0,0,0,0,0,0,0,0,0,0,0,0,0,0,0,0,0,0,0,0,1,0,0,0,0,0,0,soil,2,2,0,0,,2,2
GF01014213S,"Austin Kerry, Memorial Forest, Florida, USA",N/A,N/A,N/A,Dry forest|Moist forest,GF01014213S,N/A,1,0,0,0,0,0,0,0,0,0,0,0,0,0,0,0,0,0,0,0,0,0,0,0,0,0,0,0,0,soil,1,1,0,0,,1,1
GF01014214S,"Austin Kerry, Memorial Forest, Florida, USA",N/A,N/A,N/A,Dry forest|Moist forest,GF01014214S,N/A,1,0,0,0,0,0,0,0,0,0,0,0,0,0,0,0,0,0,0,0,0,0,0,0,0,0,0,0,0,soil,1,1,0,0,,1,1
GF01014215S,"Austin Kerry, Memorial Forest, Florida, USA",N/A,N/A,N/A,Dry forest|Moist forest,GF01014215S,N/A,1,0,0,1,0,0,0,0,0,0,0,0,0,0,0,0,0,0,0,0,0,0,0,0,0,0,0,0,0,soil,2,2,0,0,,2,2
GF01014216S,"Austin Kerry, Memorial Forest, Florida, USA",N/A,N/A,N/A,Dry forest|Moist forest,GF01014216S,N/A,1,0,0,0,0,0,0,0,0,0,0,0,0,0,0,0,0,0,0,0,0,0,0,0,0,0,0,0,0,soil,1,1,0,0,,1,1
GF01014222S,"Mark Elliot’s Property, Florida, USA",N/A,N/A,N/A,Dry forest|Moist forest,GF01014222S,N/A,0,0,0,0,0,0,0,0,0,0,0,0,0,0,0,0,0,0,0,0,0,0,0,0,0,0,0,0,0,soil,0,0,#DIV/0!,0,,0,1
GF01014228S,"Mark Elliot’s Property, Florida, USA",N/A,N/A,N/A,Dry forest|Moist forest,GF01014228S,N/A,0,0,0,0,0,0,0,0,0,0,0,0,0,0,0,0,0,0,0,0,0,0,1,0,0,0,0,0,0,soil,1,1,0,0,,1,1
GF01014245S,"Austin Kerry, Memorial Forest, Florida, USA",N/A,N/A,N/A,Dry forest|Moist forest,GF01014245S,N/A,1,0,0,0,0,0,0,0,0,0,0,0,0,0,0,0,0,0,0,0,0,0,1,0,0,0,0,0,0,soil,2,2,0,0,,2,2
GF01014269S,"Mark Elliot’s Property, Florida, USA",N/A,N/A,N/A,Dry forest|Moist forest,GF01014269S,N/A,0,0,0,0,0,0,0,0,0,0,0,0,0,0,0,0,0,0,0,0,0,0,1,0,0,0,0,0,0,soil,1,1,0,0,,1,1
GF01014276S,"Mark Elliot’s Property, Florida, USA",N/A,N/A,N/A,Dry forest|Moist forest,GF01014276S,N/A,0,0,0,0,0,0,0,0,0,0,0,0,0,0,0,0,0,0,0,0,0,0,1,0,0,0,0,0,0,soil,1,1,0,0,,1,1
GF01014290S,"Mark Elliot’s Property, Florida, USA",N/A,N/A,N/A,Dry forest|Moist forest,GF01014290S,N/A,0,0,0,0,0,0,0,0,0,0,0,0,0,0,1,0,0,0,0,0,0,0,0,0,0,0,0,0,0,soil,1,1,0,0,,1,1
GF01014307S,"Mark Elliot’s Property, Florida, USA",N/A,N/A,N/A,Dry forest|Moist forest,GF01014307S,N/A,0,0,0,0,0,0,0,0,0,0,0,0,0,0,1,0,0,0,0,0,0,0,0,0,0,0,0,0,0,soil,1,1,0,0,,1,1
GF01014340S,"Mark Elliot’s Property, Florida, USA",N/A,N/A,N/A,Dry forest|Moist forest,GF01014340S,N/A,0,0,0,0,0,0,0,0,0,0,0,0,0,0,0,0,0,0,0,0,0,0,0,0,0,0,0,0,0,soil,0,0,#DIV/0!,0,,0,1
GF01014359S,"Mark Elliot’s Property, Florida, USA",N/A,N/A,N/A,Dry forest|Moist forest,GF01014359S,N/A,0,0,0,0,0,0,0,0,0,0,0,0,0,0,0,0,0,0,0,0,0,0,1,0,0,0,0,0,0,soil,1,1,0,0,,1,1
GF01014394S,"Mark Elliot’s Property, Florida, USA",N/A,N/A,N/A,Dry forest|Moist forest,GF01014394S,N/A,0,0,0,0,0,0,0,0,0,0,0,0,0,0,0,0,0,0,0,0,0,0,1,0,0,0,0,0,0,soil,1,1,0,0,,1,1
GF01014400S,"Mark Elliot’s Property, Florida, USA",N/A,N/A,N/A,Dry forest|Moist forest,GF01014400S,N/A,1,0,0,0,0,0,0,0,0,0,0,0,0,0,1,0,0,0,0,0,0,0,1,0,0,0,0,0,0,soil,3,3,0,0,,3,3
GF01014402S,"Mark Elliot’s Property, Florida, USA",N/A,N/A,N/A,Dry forest|Moist forest,GF01014402S,N/A,0,0,0,0,0,0,0,0,0,0,0,0,0,0,1,0,0,0,0,0,0,0,0,0,0,0,0,0,0,soil,1,1,0,0,,1,1
GF01014412S,"Mark Elliot’s Property, Florida, USA",N/A,N/A,N/A,Dry forest|Moist forest,GF01014412S,N/A,0,0,0,0,0,0,0,0,0,0,0,0,0,0,0,0,0,0,0,0,0,0,1,0,0,0,0,0,0,soil,1,1,0,0,,1,1
GF01014454S,"Mark Elliot’s Property, Florida, USA",N/A,N/A,N/A,Dry forest|Moist forest,GF01014454S,N/A,0,0,0,0,0,0,0,0,0,0,0,0,0,0,0,0,0,0,0,0,0,0,0,0,0,0,0,0,0,soil,0,0,#DIV/0!,0,,0,1
GF01014458S,"Mark Elliot’s Property, Florida, USA",N/A,N/A,N/A,Dry forest|Moist forest,GF01014458S,N/A,0,0,0,0,0,0,0,0,0,0,0,0,0,0,0,0,0,0,0,0,0,0,0,0,0,0,0,0,0,soil,0,0,#DIV/0!,0,,0,1
GF01014485S,"Mexico, Oaxaca, Santa Catarina Ixtepeji",Neotropical,,Sierra Madre del Sur province,Dry forest|Moist forest,GF01014485S,Sierra Madre del Sur province,26,0,0,0,1,0,0,0,16,0,0,0,0,0,1,0,2,0,1,0,0,0,36,0,0,0,2,0,1,soil,86,9,18.60465116,18.60465116,,9,4.142062
GF01014488S,"Argentina, Camino a Queni",N/A,N/A,N/A,Moist forest|Wet forest,GF01014488S,N/A,18,0,0,0,3,0,0,0,9,0,0,0,0,0,4,0,1,0,2,0,0,0,23,0,0,0,17,0,6,soil,83,9,10.84337349,10.84337349,,9,6.371569
GF01014489S,"Argentina, Lago La Plata, Rio Senguer",N/A,N/A,N/A,Moist forest|Wet forest,GF01014489S,N/A,13,0,0,0,2,0,0,0,27,0,0,0,0,0,4,0,0,0,2,0,0,0,22,0,0,0,1,0,2,soil,73,8,36.98630137,36.98630137,,8,4.712413
GF01014497S,"Argentina, Reserva Corazon de la Isla, Tolhuin",N/A,N/A,N/A,Steppe|Moist forest,GF01014497S,N/A,17,0,0,0,4,0,0,0,12,0,1,0,0,0,3,0,2,0,4,0,0,1,19,0,0,0,2,0,5,soil,70,11,17.14285714,17.14285714,,11,7.207737
GF01014506S,"Argentina, Tronador",N/A,N/A,N/A,Wet forest,GF01014506S,N/A,19,0,0,0,3,0,0,0,24,0,1,0,0,0,6,0,2,0,2,0,0,1,34,0,0,0,5,0,3,soil,100,11,24,24,,11,6.064252
GF01014516S,"Colombia, Intermedio, El Zafire",Neotropical,South Brazilian,Madeira province,Moist forest,GF01014516S,Madeira province,44,0,0,0,1,0,0,0,7,0,1,0,0,0,1,0,5,0,7,0,0,2,5,0,0,0,2,0,7,soil,82,11,8.536585366,8.536585366,,11,5.195281
GF01014522S,"Guyana, Pegaima",Neotropical,Boreal Brazilian,Guianan province,Moist forest,GF01014522S,Guianan province,47,0,0,0,0,0,0,0,32,0,0,0,0,0,1,0,3,0,0,0,0,1,13,0,0,0,1,0,6,soil,104,8,30.76923077,30.76923077,,8,3.984293
GF01014528S,"Colombia, Varillal, El Zafire",Neotropical,Boreal Brazilian,Imeri province,Moist forest,GF01014528S,Imeri province,13,0,0,0,2,0,0,0,0,0,0,0,0,0,1,0,3,0,0,0,0,0,9,0,0,0,2,0,1,soil,31,7,0,0,,7,4.593782
GF01014539S,"Argentina, Huemules, Esquel",N/A,N/A,N/A,Moist forest|Wet forest,GF01014539S,N/A,14,0,0,0,2,0,0,0,10,0,0,0,0,0,3,0,1,0,2,0,0,0,28,0,0,0,2,0,2,soil,64,9,15.625,15.625,,9,5.082636
GF01014541S,"Mexico, Aguascalientes, San Jose de Gracia",Neotropical,,Sierra Madre Occidental province,Very dry forest|Dry forest,GF01014541S,Sierra Madre Occidental province,8,0,0,0,1,0,0,0,55,0,0,0,0,0,0,0,1,0,0,0,0,0,22,0,0,0,3,0,0,soil,90,6,61.11111111,61.11111111,,6,2.926584
GF01014545S,"Colombia,  Murillo",Neotropical,South American Transition Zone,Paramo province,Moist forest|Wet forest,GF01014545S,Paramo province,14,0,0,0,2,0,0,0,0,0,2,0,0,0,1,0,1,0,0,0,0,2,10,0,0,0,2,0,3,soil,37,9,0,0,,9,5.760873
GF01014547S,"Argentina, Trompul",N/A,N/A,N/A,Moist forest|Wet forest,GF01014547S,N/A,12,0,0,0,3,0,0,2,11,0,0,0,0,0,5,0,1,0,2,0,0,0,17,0,0,0,7,0,2,soil,62,10,17.74193548,17.74193548,,10,7.200659
GF01014552S,"Chile, Patagonia Sur, Melimoyu",N/A,N/A,N/A,Wet forest,GF01014552S,N/A,50,0,0,0,0,0,0,1,26,0,0,0,0,0,9,0,0,2,4,1,0,1,30,0,0,0,0,0,5,soil,129,10,20.15503876,20.15503876,,10,5.085886
GF01014554S,"USA, FL, Austin Cary",N/A,N/A,N/A,Dry forest|Moist forest,GF01014554S,N/A,18,0,0,0,0,0,0,0,31,0,0,0,0,0,2,0,1,0,1,0,0,0,18,0,0,0,4,0,3,soil,78,8,39.74358974,39.74358974,,8,4.603339
GF01014556S,"Puerto Rico, El Yunque",Neotropical,Antillean,Puerto Rico province,Moist forest,GF01014556S,Puerto Rico province,34,0,0,0,1,0,0,1,3,0,2,0,0,0,12,0,1,0,3,0,0,1,19,1,0,0,2,0,5,soil,85,13,3.529411765,3.529411765,,13,6.161297
GF01014557S,"Colombia, Chino, El Zafire",Neotropical,South Brazilian,Rondonia province,Moist forest,GF01014557S,Rondonia province,36,0,0,0,2,0,0,0,7,0,0,0,0,0,1,0,3,0,7,0,0,2,4,0,0,0,4,0,4,soil,70,10,10,10,,10,5.43043
GF01014558S,"Colombia, Varillal, El Zafire",Neotropical,Boreal Brazilian,Imeri province,Moist forest,GF01014558S,Imeri province,12,0,0,0,4,0,0,0,0,0,0,1,0,0,1,0,2,0,2,0,0,0,6,0,0,0,16,0,1,soil,45,9,0,0,,9,5.665929
GF01014568S,"Panama, Zarceadero",Neotropical,Pacific,Puntarenas-Chiriqui province,Moist forest|Wet forest,GF01014568S,Puntarenas-Chiriqui province,12,0,0,0,1,0,0,0,34,0,0,0,0,0,1,0,1,0,0,0,0,0,7,0,0,0,1,0,2,soil,59,8,57.62711864,57.62711864,,8,3.61693
GF01014569S,"Colombia, Mega, El Zafire",Neotropical,South Brazilian,Madeira province,Moist forest,GF01014569S,Madeira province,49,0,0,0,3,0,0,0,4,0,1,0,0,0,0,0,2,0,7,0,0,0,3,0,0,0,1,0,5,soil,75,9,5.333333333,5.333333333,,9,3.689937
GF01014572S,"Argentina, Hua Hum",N/A,N/A,N/A,Moist forest|Wet forest,GF01014572S,N/A,15,0,0,0,2,0,0,0,13,0,0,0,0,0,3,0,3,0,2,0,0,0,18,0,0,0,7,0,2,soil,65,9,20,20,,9,6.430803
GF01014575S,"Panama, Majagua",Neotropical,Pacific,Puntarenas-Chiriqui province,Moist forest|Wet forest,GF01014575S,Puntarenas-Chiriqui province,70,0,0,0,2,0,0,0,2,0,0,1,0,0,3,0,0,0,0,0,0,0,12,0,0,0,1,0,2,soil,93,8,2.150537634,2.150537634,,8,2.544708
GF01014577S,"Colombia, Puerto Santana, Chorro",Neotropical,Boreal Brazilian,Imeri province,Moist forest,GF01014577S,Imeri province,52,0,0,0,3,0,0,0,1,0,1,0,0,0,4,0,3,0,4,0,0,2,8,0,0,0,4,0,5,soil,87,11,1.149425287,1.149425287,,11,4.653511
GF01014581S,"Argentina, Reserva Corazon de la Isla, Tolhuin",N/A,N/A,N/A,Steppe|Moist forest,GF01014581S,N/A,13,0,0,0,2,0,0,0,10,0,0,0,0,0,5,0,1,0,0,0,0,0,15,0,0,0,3,0,3,soil,52,8,19.23076923,19.23076923,,8,5.917163
GF01014582S,"Argentina, Lag. Los Moscos",N/A,N/A,N/A,Moist forest|Wet forest,GF01014582S,N/A,13,0,0,0,4,0,0,0,18,0,0,1,0,0,4,0,1,0,0,0,0,0,21,0,0,0,8,0,1,soil,71,9,25.35211268,25.35211268,,9,5.866587
GF01014585S,"Puerto Rico, El Yunque",Neotropical,Antillean,Puerto Rico province,Moist forest,GF01014585S,Puerto Rico province,20,0,0,0,0,0,0,0,0,0,0,0,0,0,3,0,1,0,2,0,0,0,6,0,0,0,0,0,2,soil,34,6,0,0,,6,3.559034
GF01014587S,"Colombia, Varillal, El Zafire",Neotropical,Boreal Brazilian,Imeri province,Moist forest,GF01014587S,Imeri province,3,0,0,0,0,0,0,0,0,0,0,0,0,0,0,0,4,0,0,0,0,0,4,0,0,0,5,0,0,soil,16,4,0,0,,4,3.937328
GF01014588S,"Panama, Fortuna",Neotropical,Pacific,Guatuso-Talamanca province,Moist forest|Wet forest,GF01014588S,Guatuso-Talamanca province,26,0,0,0,0,0,0,0,37,0,0,0,0,0,0,0,5,0,6,0,0,2,22,0,0,0,1,0,2,soil,101,8,36.63366337,36.63366337,,8,4.790942
GF01014596S,"Guyana, Pegaima",Neotropical,Boreal Brazilian,Guianan province,Moist forest,GF01014596S,Guianan province,25,0,0,0,0,0,0,0,24,0,0,0,0,0,1,0,3,0,0,0,0,1,9,0,0,0,1,0,3,soil,67,8,35.82089552,35.82089552,,8,4.356546
GF01014602S,"Colombia,  Murillo",Neotropical,Pacific,Magdalena province,Moist forest|Wet forest,GF01014602S,Magdalena province,12,0,0,0,3,0,0,0,2,0,1,0,0,0,4,0,8,0,0,0,0,3,12,0,0,0,1,0,3,soil,49,10,4.081632653,4.081632653,,10,7.330018
GF01014603S,"Guyana, Potaro",Neotropical,Boreal Brazilian,Guianan province,Dry forest|Moist forest,GF01014603S,Guianan province,43,0,0,0,1,0,0,0,41,1,0,0,0,0,1,0,3,2,0,0,0,0,12,0,0,0,2,0,0,soil,106,9,38.67924528,38.67924528,,9,3.906837
GF01014604S,"Argentina, Lag. Mascardi",N/A,N/A,N/A,Moist forest|Wet forest,GF01014604S,N/A,18,0,0,0,4,0,0,0,16,0,1,1,0,0,6,0,1,0,2,0,0,0,30,0,0,0,7,0,2,soil,88,11,18.18181818,18.18181818,,11,6.366466
GF01014619S,"Colombia, Varillal, El Zafire",Neotropical,Boreal Brazilian,Imeri province,Moist forest,GF01014619S,Imeri province,19,0,0,0,6,0,0,0,2,0,0,0,0,0,1,0,10,0,5,0,0,0,10,0,0,0,5,0,1,soil,59,9,3.389830508,3.389830508,,9,6.490214
GF01014621S,"Argentina, Estancia Ushuaia, Tolhuin",N/A,N/A,N/A,Steppe|Moist forest,GF01014621S,N/A,19,0,0,0,2,0,0,0,22,0,1,0,0,0,3,0,1,0,2,0,0,1,23,0,0,0,2,0,3,soil,79,11,27.84810127,27.84810127,,11,5.76351
GF01014627S,"Colombia, Puerto Santana, Loma",Neotropical,Boreal Brazilian,Imeri province,Moist forest,GF01014627S,Imeri province,25,0,0,0,2,0,0,0,10,0,0,0,0,0,2,0,2,0,2,0,0,1,5,0,0,0,4,0,2,soil,55,10,18.18181818,18.18181818,,10,5.768403
GF01014636S,"Colombia, Varillal, El Zafire",Neotropical,Boreal Brazilian,Imeri province,Moist forest,GF01014636S,Imeri province,12,0,0,0,1,0,0,0,3,0,0,0,0,0,2,0,4,0,0,0,0,0,8,0,0,0,1,0,1,soil,32,8,9.375,9.375,,8,5.443554
GF01014640S,"Colombia, Villa Azul, Sabana",Neotropical,Boreal Brazilian,Imeri province,Moist forest,GF01014640S,Imeri province,51,0,0,0,2,0,0,0,1,0,3,0,0,0,2,0,3,0,4,0,0,0,8,0,0,0,1,0,1,soil,76,10,1.315789474,1.315789474,,10,3.586605
GF01014641S,"Argentina, Arroyo Los Notros",N/A,N/A,N/A,Moist forest|Wet forest,GF01014641S,N/A,11,0,0,0,1,0,0,0,25,0,0,0,0,0,1,0,1,0,1,0,0,0,15,0,0,0,2,0,0,soil,57,8,43.85964912,43.85964912,,8,4.185165
GF01014664S,"Argentina, Mt. Otto",N/A,N/A,N/A,Moist forest|Wet forest,GF01014664S,N/A,17,0,0,0,4,0,0,1,3,0,0,0,0,0,7,0,1,0,1,0,0,0,25,0,0,0,4,0,4,soil,67,10,4.47761194,4.47761194,,10,5.953369
GF01014665S,"Colombia, Varillal, El Zafire",Neotropical,Boreal Brazilian,Imeri province,Moist forest,GF01014665S,Imeri province,50,0,0,0,5,0,0,0,3,0,0,0,0,0,1,0,6,1,9,0,0,1,5,0,0,0,5,0,12,soil,98,11,3.06122449,3.06122449,,11,5.437417
GF01014676S,"Mexico, Puebla, Tlachichuca",Neotropical,,Transmexican Volcanic Belt province,Moist forest|Wet forest,GF01014676S,Transmexican Volcanic Belt province,20,0,0,0,1,0,0,0,2,0,1,0,0,0,4,0,1,0,4,0,0,0,26,0,0,0,5,0,3,soil,67,10,2.985074627,2.985074627,,10,5.422683
GF01014680S,"Colombia, Meta, Mezcia",Neotropical,Boreal Brazilian,Imeri province,Moist forest,GF01014680S,Imeri province,40,0,0,0,3,0,0,0,6,0,0,0,0,0,2,0,5,0,8,0,0,1,7,0,0,0,3,0,4,soil,79,10,7.594936709,7.594936709,,10,5.526401
GF01014695S,"USA, FL, San Felasco",N/A,N/A,N/A,Dry forest|Moist forest,GF01014695S,N/A,19,0,0,0,1,0,0,0,45,0,0,0,0,0,7,0,0,0,2,0,0,0,15,0,0,0,1,0,0,soil,90,7,50,50,,7,3.883672
GF01014696S,"USA, FL, Fisheating Creek outpost",N/A,N/A,N/A,Dry forest,GF01014696S,N/A,49,0,0,0,6,0,0,0,20,0,0,0,0,0,4,0,4,1,1,0,0,0,22,0,0,0,5,0,5,soil,117,10,17.09401709,17.09401709,,10,5.555122
GF01014703S,"Argentina, Estancia Ushuaia, Tolhuin",N/A,N/A,N/A,Steppe|Moist forest,GF01014703S,N/A,16,0,0,0,2,0,0,0,13,0,0,0,0,0,2,0,1,0,2,0,0,0,20,0,0,0,2,0,4,soil,62,9,20.96774194,20.96774194,,9,5.632614
GF01014706S,"Colombia, Varillal, El Zafire",Neotropical,Boreal Brazilian,Imeri province,Moist forest,GF01014706S,Imeri province,26,0,0,0,5,0,0,0,1,0,0,0,0,0,6,0,5,0,4,0,0,0,12,0,0,0,4,0,4,soil,67,9,1.492537313,1.492537313,,9,6.336563
GF01014714S,"Guyana, Potaro",Neotropical,Boreal Brazilian,Guianan province,Dry forest|Moist forest,GF01014714S,Guianan province,35,0,0,0,0,0,0,0,37,0,0,0,0,0,4,0,3,0,1,0,0,0,11,0,0,0,0,0,1,soil,92,7,40.2173913,40.2173913,,7,3.796922
GF01014722S,"Colombia,  Murillo",Neotropical,Pacific,Magdalena province,Moist forest|Wet forest,GF01014722S,Magdalena province,20,0,0,0,6,0,0,0,5,0,1,0,0,0,3,0,6,0,1,0,0,2,16,0,0,0,0,0,5,soil,65,10,7.692307692,7.692307692,,10,6.819016
GF01014727S,"Argentina, Hua Hum",N/A,N/A,N/A,Moist forest|Wet forest,GF01014727S,N/A,30,1,0,0,4,0,0,0,35,0,0,0,0,0,4,0,3,0,1,0,0,1,29,0,0,0,3,0,3,soil,114,11,30.70175439,30.70175439,,11,5.523342
GF01014730S,"Colombia,  Santa Rosa de Osos",Neotropical,Pacific,Magdalena province,Moist forest|Wet forest,GF01014730S,Magdalena province,23,0,0,0,4,0,0,0,9,0,2,0,0,0,7,0,4,0,0,0,0,3,18,0,0,0,4,0,6,soil,80,10,11.25,11.25,,10,7.477741
GF01014731S,"Colombia,  Santa Rosa de Osos",Neotropical,South American Transition Zone,Paramo province,Moist forest|Wet forest,GF01014731S,Paramo province,15,0,0,0,2,0,0,0,1,0,1,0,0,0,2,0,4,0,1,0,0,1,9,0,0,0,1,0,3,soil,40,11,2.5,2.5,,11,6.610406
GF01014732S,"Colombia,  Santa Rosa de Osos",Neotropical,Pacific,Magdalena province,Moist forest|Wet forest,GF01014732S,Magdalena province,4,0,0,0,1,0,0,0,2,0,0,0,0,0,0,0,4,0,0,0,0,1,5,0,0,0,1,0,2,soil,20,8,10,10,,8,6.687403
GF01014745S,"Guyana, Potaro",Neotropical,Boreal Brazilian,Guianan province,Dry forest|Moist forest,GF01014745S,Guianan province,28,0,0,0,0,0,0,0,35,0,0,0,0,0,3,0,3,1,2,0,0,0,13,0,0,0,0,0,0,soil,85,7,41.17647059,41.17647059,,7,4.034459
GF01014746S,"Panama, Honda",Neotropical,Pacific,Guatuso-Talamanca province,Moist forest|Wet forest,GF01014746S,Guatuso-Talamanca province,24,0,0,3,3,0,0,0,4,0,0,0,0,0,1,0,3,0,2,0,0,1,15,0,0,0,2,0,4,soil,62,11,6.451612903,6.451612903,,11,6.415229
GF01014751S,"Argentina, Tronador",N/A,N/A,N/A,Moist forest|Wet forest,GF01014751S,N/A,41,1,0,0,2,0,0,1,21,0,1,0,0,0,15,0,2,0,12,4,0,0,33,0,0,0,8,0,4,soil,145,13,14.48275862,14.48275862,,13,7.343948
GF01014764S,"Guyana, Potaro",Neotropical,Boreal Brazilian,Guianan province,Dry forest|Moist forest,GF01014764S,Guianan province,26,0,0,0,0,0,0,0,34,0,0,0,0,0,5,0,1,0,0,0,0,0,9,0,0,0,1,0,0,soil,76,6,44.73684211,44.73684211,,6,3.569613
GF01014765S,"Argentina, Yuco",N/A,N/A,N/A,Moist forest|Wet forest,GF01014765S,N/A,22,0,0,0,2,0,0,1,16,0,0,0,0,0,9,0,2,0,4,0,0,0,26,0,0,0,7,0,3,soil,92,10,17.39130435,17.39130435,,10,6.622225
GF01014771S,"Colombia, Pena Roja",Neotropical,Boreal Brazilian,Imeri province,Moist forest,GF01014771S,Imeri province,38,0,0,0,3,0,0,0,8,0,0,0,0,0,3,0,1,0,8,0,0,2,4,0,0,0,5,0,3,soil,75,10,10.66666667,10.66666667,,10,5.470015
GF01014774S,"Puerto Rico, El Yunque",Neotropical,Antillean,Puerto Rico province,Moist forest,GF01014774S,Puerto Rico province,35,0,0,0,0,0,0,0,13,0,1,0,0,0,8,0,1,0,3,1,0,0,20,0,0,0,0,0,2,soil,84,9,15.47619048,15.47619048,,9,4.881312
GF01014779S,"Colombia, Puerto Santana, Cascada",Neotropical,Boreal Brazilian,Imeri province,Moist forest,GF01014779S,Imeri province,27,0,0,0,1,0,0,0,0,0,0,0,0,0,1,0,2,0,3,0,0,2,4,0,0,0,1,0,4,soil,45,9,0,0,,9,4.253976
GF01014786S,"Panama, Honda",Neotropical,Pacific,Puntarenas-Chiriqui province,Moist forest,GF01014786S,Puntarenas-Chiriqui province,14,0,0,0,1,0,0,0,3,0,0,0,0,0,0,0,5,0,2,0,0,1,26,0,0,0,0,0,1,soil,53,8,5.660377358,5.660377358,,8,4.198365
GF01014787S,"Argentina, Camino a Queni",N/A,N/A,N/A,Moist forest|Wet forest,GF01014787S,N/A,16,0,0,0,2,0,0,0,5,0,0,0,0,0,3,0,0,0,1,0,0,0,38,0,0,0,7,0,1,soil,73,8,6.849315068,6.849315068,,8,4.171445
GF01014788S,"Colombia, Pena Roja",Neotropical,Boreal Brazilian,Imeri province,Moist forest,GF01014788S,Imeri province,6,0,0,0,1,0,0,0,9,0,0,0,0,0,0,0,1,0,1,0,0,0,3,0,0,0,2,0,1,soil,24,8,37.5,37.5,,8,5.534858
GF01014789S,"Argentina, Trompul",N/A,N/A,N/A,Moist forest|Wet forest,GF01014789S,N/A,30,0,0,0,2,0,0,1,17,0,0,0,0,0,5,0,0,0,5,0,0,0,33,0,0,0,10,0,5,soil,108,9,15.74074074,15.74074074,,9,5.891064
GF01014792S,"Argentina, Chall Huaco",N/A,N/A,N/A,Moist forest|Wet forest,GF01014792S,N/A,11,0,0,0,1,0,0,0,16,0,0,0,0,0,6,0,0,0,3,0,0,0,20,0,0,0,5,0,1,soil,63,8,25.3968254,25.3968254,,8,5.576644
GF01014796S,"Guyana, Pegaima",Neotropical,Boreal Brazilian,Guianan province,Moist forest,GF01014796S,Guianan province,42,0,0,0,1,0,0,0,28,1,0,0,0,0,1,0,3,0,0,0,0,0,21,0,0,0,1,0,4,soil,102,9,27.45098039,27.45098039,,9,4.296151
GF01014807S,"Argentina, Lago La Plata, Rio Senguer",N/A,N/A,N/A,Moist forest|Wet forest,GF01014807S,N/A,15,0,0,0,1,0,0,0,38,0,0,0,0,0,0,0,1,0,1,0,0,0,10,0,0,0,0,0,1,soil,67,7,56.71641791,56.71641791,,7,3.292459
GF01014808S,"Colombia, Cata, Pena Roja",Neotropical,Boreal Brazilian,Imeri province,Moist forest,GF01014808S,Imeri province,44,0,0,0,1,0,0,0,8,0,1,0,0,0,3,0,2,0,8,0,0,2,5,0,0,0,4,0,2,soil,80,11,10,10,,11,5.061918
GF01014810S,"Colombia, Puerto Santana, Quebrada",Neotropical,Boreal Brazilian,Imeri province,Moist forest,GF01014810S,Imeri province,40,0,0,0,1,0,0,0,9,0,0,0,0,0,1,0,2,0,4,0,0,1,1,0,0,0,2,0,1,soil,62,10,14.51612903,14.51612903,,10,3.647721
GF01014813S,"Argentina, Estancia Ushuaia, Tolhuin",N/A,N/A,N/A,Steppe|Moist forest,GF01014813S,N/A,16,0,0,0,5,0,0,0,11,0,0,0,0,0,3,0,1,0,0,0,0,1,23,0,0,0,4,0,3,soil,67,9,16.41791045,16.41791045,,9,5.87837
GF01014831S,"Argentina, Huemules, Esquel",N/A,N/A,N/A,Moist forest|Wet forest,GF01014831S,N/A,15,0,0,0,5,0,0,0,20,0,0,0,0,0,2,0,1,0,1,0,0,2,26,0,0,0,3,0,3,soil,78,10,25.64102564,25.64102564,,10,5.803943
GF01014840S,"Colombia, El Zafire",Neotropical,Boreal Brazilian,Imeri province,Moist forest,GF01014840S,Imeri province,16,0,0,0,4,0,0,0,0,0,0,2,0,0,1,0,3,0,4,0,0,0,7,0,0,0,13,0,2,soil,52,9,0,0,,9,6.455782
GF01014841S,"Mexico, El Eden",Neotropical,Mesoamerican,Yucatan Peninsula Province,Dry forest,GF01014841S,Yucatan Peninsula Province,48,0,0,0,0,0,0,0,9,0,0,0,0,0,1,0,1,0,1,0,0,0,11,0,0,0,1,0,2,soil,74,8,12.16216216,12.16216216,,8,3.160114
GF01016283S,"Texas, USA",N/A,N/A,N/A,,GF01016283S,N/A,29,0,0,0,1,0,0,0,5,0,0,0,0,0,1,0,2,0,1,0,0,0,20,0,0,0,13,0,3,soil,75,9,6.666666667,6.666666667,,9,4.964386
GF01016287S,"Texas, USA",N/A,N/A,N/A,,GF01016287S,N/A,118,0,0,0,9,0,0,3,18,0,0,0,0,0,15,0,6,0,17,0,0,0,33,0,0,0,20,0,15,soil,254,10,7.086614173,7.086614173,,10,5.950167
GF01016288S,"Texas, USA",N/A,N/A,N/A,,GF01016288S,N/A,39,0,0,0,4,0,0,0,9,0,0,0,0,0,6,0,3,0,0,0,0,0,10,0,0,0,9,0,2,soil,82,8,10.97560976,10.97560976,,8,5.182799
GF01016299S,"Texas, USA",N/A,N/A,N/A,,GF01016299S,N/A,77,0,0,0,3,0,0,0,10,0,0,0,0,0,13,0,5,0,11,0,0,0,24,0,0,0,13,0,8,soil,164,9,6.097560976,6.097560976,,9,5.566912
GF01016316S,"Texas, USA",N/A,N/A,N/A,,GF01016316S,N/A,17,0,0,0,0,0,0,0,8,0,0,0,0,0,3,0,2,0,0,0,0,1,18,0,0,0,8,0,3,soil,60,8,13.33333333,13.33333333,,8,5.680308
GF01016330S,"Texas, USA",N/A,N/A,N/A,,GF01016330S,N/A,116,0,0,0,8,0,0,4,16,2,0,1,0,0,19,0,4,0,20,0,0,0,40,0,0,0,16,0,12,soil,258,12,6.201550388,6.201550388,,12,6.186685
GF01016331S,"Texas, USA",N/A,N/A,N/A,,GF01016331S,N/A,177,0,0,0,11,0,0,1,27,1,1,0,0,0,29,0,4,0,27,0,0,1,70,0,0,0,29,0,28,soil,406,13,6.650246305,6.650246305,,13,5.985974
GF01016332S,"Texas, USA",N/A,N/A,N/A,,GF01016332S,N/A,53,0,0,0,2,0,0,1,10,0,1,0,2,0,12,0,1,0,7,0,0,1,16,0,0,0,4,0,9,soil,119,13,8.403361345,8.403361345,,13,6.318265
GF01016333S,"Texas, USA",N/A,N/A,N/A,,GF01016333S,N/A,25,0,0,0,0,0,0,0,10,0,0,0,0,0,7,0,1,0,5,0,0,0,13,0,0,0,3,0,6,soil,70,8,14.28571429,14.28571429,,8,5.95002
GF01016334S,"Texas, USA",N/A,N/A,N/A,,GF01016334S,N/A,26,0,0,0,0,0,0,0,12,0,0,0,0,0,2,0,2,0,0,0,0,0,19,0,0,0,12,0,3,soil,76,7,15.78947368,15.78947368,,7,5.030184
GF01016335S,"Texas, USA",N/A,N/A,N/A,,GF01016335S,N/A,122,0,0,0,6,0,0,4,14,0,0,1,1,0,17,0,6,0,17,0,0,0,32,0,0,0,15,0,22,soil,257,12,5.447470817,5.447470817,,12,5.992772
GF01016336S,"Texas, USA",N/A,N/A,N/A,,GF01016336S,N/A,68,0,0,0,5,0,0,0,9,0,0,1,1,0,14,0,2,0,7,0,0,0,14,0,0,0,7,0,7,soil,135,11,6.666666667,6.666666667,,11,5.548217
GF01016337S,"Texas, USA",N/A,N/A,N/A,,GF01016337S,N/A,102,0,0,0,12,0,0,1,22,0,4,0,1,0,26,0,3,0,10,0,0,1,35,1,0,0,13,0,24,soil,255,14,8.62745098,8.62745098,,14,6.907662
GF01016339S,"Texas, USA",N/A,N/A,N/A,,GF01016339S,N/A,47,0,0,0,0,0,0,0,5,0,0,0,0,0,5,0,2,0,5,0,0,1,40,0,0,0,21,0,3,soil,129,9,3.875968992,3.875968992,,9,4.924129
GF01016340S,"Texas, USA",N/A,N/A,N/A,,GF01016340S,N/A,135,0,0,0,11,0,0,0,15,1,0,2,1,0,20,0,4,0,21,0,0,0,30,0,0,0,10,0,16,soil,266,12,5.639097744,5.639097744,,12,5.548452
GF01016341S,"Texas, USA",N/A,N/A,N/A,,GF01016341S,N/A,53,0,0,0,1,0,0,0,11,0,1,0,1,0,7,0,3,0,9,0,0,1,16,0,0,0,5,0,9,soil,117,12,9.401709402,9.401709402,,12,6.096163
GF01016342S,"Texas, USA",N/A,N/A,N/A,,GF01016342S,N/A,109,0,0,0,8,0,0,3,20,0,0,1,0,0,17,0,5,0,23,0,0,0,33,0,0,0,14,0,13,soil,246,11,8.130081301,8.130081301,,11,6.206693
GF01016343S,"Texas, USA",N/A,N/A,N/A,,GF01016343S,N/A,47,0,0,0,3,0,0,0,5,0,0,0,2,0,8,0,4,0,5,0,0,0,17,0,0,0,11,0,18,soil,120,10,4.166666667,4.166666667,,10,6.467604
GF01016344S,"Texas, USA",N/A,N/A,N/A,,GF01016344S,N/A,37,0,0,0,5,0,0,0,4,0,0,0,0,0,4,0,2,0,2,0,0,0,15,0,0,0,5,0,10,soil,84,9,4.761904762,4.761904762,,9,5.617917
GF01016345S,"Texas, USA",N/A,N/A,N/A,,GF01016345S,N/A,19,0,0,0,0,0,0,0,5,0,0,0,0,0,1,0,3,0,0,0,0,0,17,0,0,0,6,0,1,soil,52,7,9.615384615,9.615384615,,7,4.591798
GF01016346S,"Texas, USA",N/A,N/A,N/A,,GF01016346S,N/A,43,0,0,1,0,0,0,0,9,0,1,0,0,0,9,0,4,0,1,0,0,1,33,0,0,0,16,0,8,soil,126,11,7.142857143,7.142857143,,11,6.01914
GF01016367S,"Texas, USA",N/A,N/A,N/A,,GF01016367S,N/A,57,0,0,0,2,0,0,0,20,0,1,0,2,1,9,0,4,0,3,0,0,1,17,1,0,0,25,0,10,soil,153,14,13.07189542,13.07189542,,14,6.932305
GF01016369S,"Texas, USA",N/A,N/A,N/A,,GF01016369S,N/A,117,0,0,0,7,0,0,2,7,1,1,1,1,0,27,0,3,0,23,0,0,0,37,2,0,0,12,0,21,soil,262,15,2.671755725,2.671755725,,15,6.24577
GF01016371S,"Texas, USA",N/A,N/A,N/A,,GF01016371S,N/A,95,0,0,0,2,0,0,1,20,0,1,1,1,0,8,0,4,0,9,0,0,5,43,0,0,0,31,0,9,soil,230,14,8.695652174,8.695652174,,14,6.179265
GF01016377S,"Texas, USA",N/A,N/A,N/A,,GF01016377S,N/A,56,0,0,0,5,0,0,0,14,0,0,0,0,0,3,0,2,0,2,0,0,2,23,0,0,0,19,0,5,soil,131,10,10.6870229,10.6870229,,10,5.55708
GF01016380S,"Texas, USA",N/A,N/A,N/A,,GF01016380S,N/A,49,0,0,0,6,0,0,1,6,0,1,0,2,0,16,0,3,0,2,0,0,0,28,0,0,0,9,0,21,soil,144,12,4.166666667,4.166666667,,12,6.798791
GF01016389S,"Texas, USA",N/A,N/A,N/A,,GF01016389S,N/A,69,0,0,0,5,0,0,0,8,0,0,0,1,0,20,0,4,0,10,0,0,0,33,0,0,0,7,0,19,soil,176,10,4.545454545,4.545454545,,10,6.151307
GF01016390S,"Texas, USA",N/A,N/A,N/A,,GF01016390S,N/A,52,0,0,0,6,0,0,0,10,0,0,0,0,0,7,0,6,0,4,0,0,0,44,0,0,0,23,0,10,soil,162,9,6.172839506,6.172839506,,9,6.116707
GF01016391S,"Texas, USA",N/A,N/A,N/A,,GF01016391S,N/A,53,0,0,1,5,0,0,0,18,0,0,0,0,0,10,0,4,0,5,0,0,2,30,0,0,0,12,0,4,soil,144,11,12.5,12.5,,11,6.509475
GF01016392S,"Texas, USA",N/A,N/A,N/A,,GF01016392S,N/A,106,0,0,0,5,0,0,0,18,0,2,0,1,0,2,0,5,0,4,0,0,0,50,0,0,0,20,0,5,soil,218,11,8.256880734,8.256880734,,11,4.746037
GF01016393S,"Texas, USA",N/A,N/A,N/A,,GF01016393S,N/A,73,0,0,0,1,0,0,0,22,0,1,0,0,0,5,0,4,0,3,0,0,0,47,0,0,0,9,0,4,soil,169,10,13.01775148,13.01775148,,10,4.729096
GF01016394S,"Texas, USA",N/A,N/A,N/A,,GF01016394S,N/A,83,0,0,0,0,0,0,0,26,0,1,0,0,0,4,0,10,0,3,1,0,2,43,0,0,0,31,0,6,soil,210,11,12.38095238,12.38095238,,11,5.532369
GF01016399S,"Texas, USA",N/A,N/A,N/A,,GF01016399S,N/A,126,0,0,0,6,0,0,2,26,0,0,0,0,0,22,0,8,0,12,0,0,0,35,0,0,0,30,0,28,soil,295,10,8.813559322,8.813559322,,10,6.178278
GF01016400S,"Texas, USA",N/A,N/A,N/A,,GF01016400S,N/A,49,0,0,0,0,0,0,1,9,0,0,0,0,0,5,0,3,0,4,0,0,3,39,0,0,0,15,0,2,soil,130,10,6.923076923,6.923076923,,10,5.317698
GF01016402S,"Texas, USA",N/A,N/A,N/A,,GF01016402S,N/A,63,0,0,0,2,0,0,0,15,0,0,0,1,0,5,0,5,0,6,0,0,2,47,0,0,0,27,0,7,soil,180,11,8.333333333,8.333333333,,11,5.913755
GF01016406S,"Texas, USA",N/A,N/A,N/A,,GF01016406S,N/A,16,0,0,0,1,0,0,0,10,0,0,0,0,0,5,0,1,0,0,0,0,0,10,0,0,0,5,0,1,soil,49,8,20.40816327,20.40816327,,8,5.574473
GF01016408S,"Texas, USA",N/A,N/A,N/A,,GF01016408S,N/A,35,0,0,0,2,0,0,0,7,0,0,0,0,0,6,0,2,0,4,0,0,0,19,0,0,0,7,0,7,soil,89,9,7.865168539,7.865168539,,9,5.980353
GF01016410S,"Texas, USA",N/A,N/A,N/A,,GF01016410S,N/A,36,0,0,0,0,0,0,0,8,0,0,0,0,0,4,0,4,0,2,2,0,0,16,0,0,0,8,0,2,soil,82,9,9.756097561,9.756097561,,9,5.478126
GF01016412S,"Texas, USA",N/A,N/A,N/A,,GF01016412S,N/A,78,0,0,0,7,0,0,3,5,0,2,0,1,0,18,0,4,0,16,0,0,0,18,0,0,0,9,0,14,soil,175,12,2.857142857,2.857142857,,12,6.478359
GF01016421S,"Texas, USA",N/A,N/A,N/A,,GF01016421S,N/A,8,0,0,0,0,0,0,0,2,0,0,0,0,0,2,0,1,0,1,0,0,0,6,0,0,0,5,0,1,soil,26,8,7.692307692,7.692307692,,8,5.981313
GF01016425S,"Texas, USA",N/A,N/A,N/A,,GF01016425S,N/A,88,0,0,0,4,0,0,1,20,0,0,1,1,0,8,0,9,0,6,0,0,7,40,0,0,0,21,0,8,soil,214,13,9.345794393,9.345794393,,13,6.481183
GF01016426S,"Texas, USA",N/A,N/A,N/A,,GF01016426S,N/A,46,0,0,0,2,0,0,0,13,0,2,0,1,0,11,0,2,0,3,0,0,0,20,0,0,0,10,0,16,soil,126,11,10.31746032,10.31746032,,11,6.652875
GF01016468S,"Texas, USA",N/A,N/A,N/A,,GF01016468S,N/A,77,0,0,0,5,0,0,0,15,0,0,1,0,0,8,0,6,3,2,0,0,1,46,0,0,0,23,0,5,soil,192,12,7.8125,7.8125,,12,5.813311
GF01016471S,"Texas, USA",N/A,N/A,N/A,,GF01016471S,N/A,78,0,0,0,6,0,0,1,17,0,1,0,2,0,10,0,2,0,12,0,0,0,32,0,0,0,13,0,13,soil,187,12,9.090909091,9.090909091,,12,6.370688
GF01016480S,"Texas, USA",N/A,N/A,N/A,,GF01016480S,N/A,50,0,0,0,0,0,0,0,10,0,0,0,0,0,6,0,3,0,1,0,0,0,42,0,0,0,12,0,4,soil,128,8,7.8125,7.8125,,8,4.625409
GF01016489S,"Texas, USA",N/A,N/A,N/A,,GF01016489S,N/A,49,0,0,0,1,0,0,0,14,0,0,0,0,0,1,0,2,0,2,0,0,0,30,0,0,0,10,0,1,soil,110,9,12.72727273,12.72727273,,9,4.344196
GF01016490S,"Texas, USA",N/A,N/A,N/A,,GF01016490S,N/A,30,0,0,0,1,0,0,0,8,0,0,0,0,0,11,0,2,0,6,0,0,0,12,0,0,0,6,0,8,soil,84,9,9.523809524,9.523809524,,9,6.544032
GF01016492S,"Texas, USA",N/A,N/A,N/A,,GF01016492S,N/A,100,0,0,1,9,0,0,1,16,0,1,0,1,0,18,0,4,0,15,0,0,1,35,0,0,0,22,0,27,soil,251,14,6.374501992,6.374501992,,14,6.839868
GF01016494S,"Texas, USA",N/A,N/A,N/A,,GF01016494S,N/A,57,0,0,0,1,0,0,2,3,0,0,0,0,0,6,0,6,0,4,0,0,0,29,0,0,0,26,0,5,soil,139,10,2.158273381,2.158273381,,10,5.35708
GF01016498S,"Texas, USA",N/A,N/A,N/A,,GF01016498S,N/A,37,0,0,0,1,0,0,0,4,0,0,0,1,0,6,0,3,0,2,0,0,0,27,0,0,0,12,0,5,soil,98,10,4.081632653,4.081632653,,10,5.546553
GF01016503S,"Texas, USA",N/A,N/A,N/A,,GF01016503S,N/A,36,0,0,0,2,0,0,0,5,0,0,0,1,0,3,0,2,0,4,0,0,0,11,0,0,0,6,0,3,soil,73,10,6.849315068,6.849315068,,10,5.474909
GF01016506S,"Texas, USA",N/A,N/A,N/A,,GF01016506S,N/A,75,0,0,0,2,0,0,0,13,0,1,0,0,0,6,0,3,0,10,0,0,0,18,0,0,0,8,0,11,soil,147,10,8.843537415,8.843537415,,10,5.220814
GF01016511S,"Texas, USA",N/A,N/A,N/A,,GF01016511S,N/A,108,0,0,0,5,0,0,2,13,0,2,0,1,0,25,0,3,0,17,0,0,1,28,0,0,0,18,0,20,soil,243,13,5.349794239,5.349794239,,13,6.314292
GF01016512S,"Texas, USA",N/A,N/A,N/A,,GF01016512S,N/A,25,0,0,0,1,0,0,0,7,0,0,0,0,0,2,0,2,0,3,0,0,0,11,0,0,0,2,0,8,soil,61,9,11.47540984,11.47540984,,9,5.703225
GF01016517S,"Texas, USA",N/A,N/A,N/A,,GF01016517S,N/A,130,0,0,0,8,0,0,1,21,0,3,0,1,0,20,0,4,0,20,0,0,0,36,0,0,0,9,0,29,soil,282,12,7.446808511,7.446808511,,12,5.942576
GF01016524S,"Texas, USA",N/A,N/A,N/A,,GF01016524S,N/A,92,0,0,0,5,0,0,2,10,0,1,1,1,1,12,0,5,1,9,0,0,2,23,0,0,0,11,0,15,soil,191,16,5.235602094,5.235602094,,16,6.468251
GF01016529S,"Texas, USA",N/A,N/A,N/A,,GF01016529S,N/A,61,0,0,0,2,0,0,1,6,0,1,2,0,0,18,0,6,0,11,0,0,0,21,0,0,0,7,0,26,soil,162,12,3.703703704,3.703703704,,12,6.714151
GF01016537S,"Texas, USA",N/A,N/A,N/A,,GF01016537S,N/A,62,0,0,0,4,0,0,0,11,0,0,0,0,0,11,0,7,0,2,1,0,1,39,0,0,0,27,0,7,soil,172,11,6.395348837,6.395348837,,11,6.088189
GF01016544S,"Texas, USA",N/A,N/A,N/A,,GF01016544S,N/A,25,0,0,0,1,0,0,0,9,0,0,0,0,0,1,0,2,0,0,0,0,0,25,0,0,0,8,0,2,soil,73,8,12.32876712,12.32876712,,8,4.706736
GF01016548S,"Texas, USA",N/A,N/A,N/A,,GF01016548S,N/A,89,0,0,0,2,0,0,0,18,0,2,0,0,0,7,0,8,0,5,0,0,2,56,0,0,0,22,0,6,soil,217,11,8.294930876,8.294930876,,11,5.483699
GF01016554S,"Texas, USA",N/A,N/A,N/A,,GF01016554S,N/A,98,0,0,1,8,0,0,0,27,0,0,0,1,0,14,0,6,0,6,1,0,2,52,0,0,0,35,0,16,soil,267,13,10.11235955,10.11235955,,13,6.572874
GF01016567S,"Texas, USA",N/A,N/A,N/A,,GF01016567S,N/A,46,0,0,0,2,0,0,0,7,0,1,0,1,1,9,0,3,0,3,0,0,0,14,0,0,0,5,0,5,soil,97,12,7.216494845,7.216494845,,12,5.963816
GF01016576S,"Texas, USA",N/A,N/A,N/A,,GF01016576S,N/A,78,0,0,0,1,0,0,1,3,0,0,0,1,0,7,0,11,0,7,1,0,0,39,0,0,0,36,0,5,soil,190,12,1.578947368,1.578947368,,12,5.395661
GF01016578S,"Texas, USA",N/A,N/A,N/A,,GF01016578S,N/A,69,0,0,0,7,0,0,1,7,0,0,0,1,0,15,0,6,0,16,0,0,0,23,0,0,0,14,0,12,soil,171,11,4.093567251,4.093567251,,11,6.698167
GF01016596S,"Texas, USA",N/A,N/A,N/A,,GF01016596S,N/A,16,0,0,0,1,0,0,0,5,0,0,0,0,0,1,0,1,0,3,0,0,0,19,0,0,0,5,0,0,soil,51,8,9.803921569,9.803921569,,8,4.878539
GF01016606S,"Texas, USA",N/A,N/A,N/A,,GF01016606S,N/A,73,0,0,0,8,0,0,0,8,0,1,0,1,0,9,0,7,0,9,0,0,0,19,0,0,0,11,0,10,soil,156,11,5.128205128,5.128205128,,11,6.127097
GF01016608S,"Texas, USA",N/A,N/A,N/A,,GF01016608S,N/A,117,0,0,0,3,0,0,0,38,0,1,0,1,0,17,0,6,0,5,1,0,6,56,1,0,0,31,0,13,soil,296,14,12.83783784,12.83783784,,14,6.255772
GF01016618S,"Texas, USA",N/A,N/A,N/A,,GF01016618S,N/A,54,0,0,0,4,0,0,0,18,0,0,0,0,0,9,0,6,0,8,0,0,1,38,0,0,0,26,0,7,soil,171,10,10.52631579,10.52631579,,10,6.593723
GF01016633S,"Texas, USA",N/A,N/A,N/A,,GF01016633S,N/A,74,0,0,0,3,0,0,2,10,0,0,0,0,0,5,0,6,0,3,0,0,0,34,0,0,0,26,0,7,soil,170,10,5.882352941,5.882352941,,10,5.395789
GF01016656S,"Texas, USA",N/A,N/A,N/A,,GF01016656S,N/A,16,0,0,0,1,0,0,1,3,0,1,0,0,0,4,0,1,0,3,0,0,0,9,0,0,0,3,0,4,soil,46,11,6.52173913,6.52173913,,11,7.230661
GF01016657S,"Texas, USA",N/A,N/A,N/A,,GF01016657S,N/A,23,0,0,0,1,0,0,0,5,0,0,0,0,0,6,0,3,0,4,0,0,0,12,0,0,0,4,0,9,soil,67,9,7.462686567,7.462686567,,9,6.638186
GF01016658S,"Texas, USA",N/A,N/A,N/A,,GF01016658S,N/A,26,0,0,0,4,0,0,0,10,0,0,0,1,0,9,0,3,0,3,0,0,0,10,1,0,0,7,0,14,soil,88,11,11.36363636,11.36363636,,11,7.800044
GF01016661S,"Texas, USA",N/A,N/A,N/A,,GF01016661S,N/A,13,0,0,0,0,0,0,0,7,0,0,0,0,0,1,0,1,0,0,0,0,0,14,0,0,0,5,0,2,soil,43,7,16.27906977,16.27906977,,7,4.905529
GF01016664S,"Texas, USA",N/A,N/A,N/A,,GF01016664S,N/A,106,0,0,0,7,0,0,1,17,0,1,0,1,0,18,0,3,0,15,0,0,1,30,0,0,0,16,0,14,soil,230,13,7.391304348,7.391304348,,13,6.085533
GF01016685S,"Texas, USA",N/A,N/A,N/A,,GF01016685S,N/A,20,0,0,0,0,0,0,0,13,0,1,0,0,0,3,0,2,0,0,0,0,1,18,0,0,0,10,0,3,soil,71,9,18.30985915,18.30985915,,9,5.928251
GF01016687S,"Texas, USA",N/A,N/A,N/A,,GF01016687S,N/A,16,0,0,0,0,0,0,0,8,0,0,0,0,0,0,0,1,0,0,0,0,0,13,0,0,0,6,0,1,soil,45,6,17.77777778,17.77777778,,6,4.354841
GF01016688S,"Texas, USA",N/A,N/A,N/A,,GF01016688S,N/A,63,0,0,0,4,0,0,0,10,0,0,0,0,0,6,0,3,0,5,0,0,1,48,0,0,0,26,0,8,soil,174,10,5.747126437,5.747126437,,10,5.570099
GF01016697S,"Texas, USA",N/A,N/A,N/A,,GF01016697S,N/A,74,0,0,0,3,0,0,0,18,0,0,0,1,0,12,0,2,0,11,0,0,0,23,0,0,0,6,0,11,soil,161,10,11.18012422,11.18012422,,10,5.603185
GF01016701S,"Texas, USA",N/A,N/A,N/A,,GF01016701S,N/A,43,0,0,0,0,0,0,0,9,0,2,0,1,0,7,0,5,0,1,0,0,1,26,0,0,0,15,0,6,soil,116,11,7.75862069,7.75862069,,11,6.153432
GF01016717S,"Texas, USA",N/A,N/A,N/A,,GF01016717S,N/A,37,0,0,0,0,0,0,0,14,0,0,0,0,0,5,0,3,0,0,0,0,1,28,0,0,0,11,0,3,soil,102,8,13.7254902,13.7254902,,8,5.134944
GF01016720S,"Texas, USA",N/A,N/A,N/A,,GF01016720S,N/A,38,0,0,0,5,0,0,0,6,0,0,0,0,0,8,0,4,0,2,0,0,0,12,0,0,0,4,0,8,soil,87,9,6.896551724,6.896551724,,9,6.004023
GF01016722S,"Texas, USA",N/A,N/A,N/A,,GF01016722S,N/A,58,0,0,0,4,0,0,2,15,0,0,1,0,0,7,0,3,0,4,1,0,1,31,0,0,0,12,0,3,soil,142,13,10.56338028,10.56338028,,13,6.180506
GF01016723S,"Texas, USA",N/A,N/A,N/A,,GF01016723S,N/A,58,0,0,0,3,0,0,0,9,0,0,0,1,0,8,0,3,0,7,0,0,0,14,0,0,0,4,0,6,soil,113,10,7.96460177,7.96460177,,10,5.317482
GF01016724S,"Texas, USA",N/A,N/A,N/A,,GF01016724S,N/A,100,0,0,0,3,0,0,0,21,0,1,1,1,0,6,0,7,0,3,0,0,4,59,0,0,0,30,0,7,soil,243,13,8.641975309,8.641975309,,13,5.576747
GF01016725S,"Texas, USA",N/A,N/A,N/A,,GF01016725S,N/A,47,0,0,0,1,0,0,0,6,0,0,0,0,0,4,0,5,0,6,2,0,1,23,0,0,0,19,0,4,soil,118,11,5.084745763,5.084745763,,11,6.023975
GF01016727S,"Texas, USA",N/A,N/A,N/A,,GF01016727S,N/A,44,0,0,0,1,0,0,0,10,0,2,0,0,0,6,0,1,0,7,0,0,0,26,0,0,0,7,0,4,soil,108,10,9.259259259,9.259259259,,10,5.623169
GF01016728S,"Texas, USA",N/A,N/A,N/A,,GF01016728S,N/A,48,0,0,0,4,0,0,0,14,0,0,0,0,0,8,0,2,0,2,0,0,0,26,0,0,0,9,0,11,soil,124,9,11.29032258,11.29032258,,9,5.854532
GF01016729S,"Texas, USA",N/A,N/A,N/A,,GF01016729S,N/A,38,0,0,0,2,0,0,0,3,0,0,0,1,0,7,0,2,0,8,0,0,0,15,0,0,0,6,0,6,soil,88,10,3.409090909,3.409090909,,10,5.976546
GF01016730S,"Texas, USA",N/A,N/A,N/A,,GF01016730S,N/A,78,0,0,0,1,0,0,0,17,0,0,2,0,0,5,0,7,0,8,1,0,2,53,0,0,0,34,0,6,soil,214,12,7.943925234,7.943925234,,12,5.85447
GF01016731S,"Texas, USA",N/A,N/A,N/A,,GF01016731S,N/A,67,0,0,0,4,0,0,0,7,0,1,0,0,0,6,0,3,0,7,0,0,0,14,0,0,0,7,0,11,soil,127,10,5.511811024,5.511811024,,10,5.213873
GF01016732S,"Texas, USA",N/A,N/A,N/A,,GF01016732S,N/A,39,0,0,0,0,0,0,0,8,0,0,0,0,0,4,0,6,0,4,0,0,1,36,0,0,0,14,0,6,soil,118,9,6.779661017,6.779661017,,9,5.676206
GF01016733S,"Texas, USA",N/A,N/A,N/A,,GF01016733S,N/A,61,0,0,0,9,0,0,0,8,0,2,0,0,0,12,0,5,0,11,0,0,0,17,0,0,0,10,0,15,soil,150,10,5.333333333,5.333333333,,10,6.774778
GF01016734S,"Texas, USA",N/A,N/A,N/A,,GF01016734S,N/A,41,0,0,0,4,0,0,0,12,0,1,0,1,0,5,0,3,0,3,0,0,0,21,0,0,0,7,0,10,soil,108,11,11.11111111,11.11111111,,11,6.54069
GF01016735S,"Texas, USA",N/A,N/A,N/A,,GF01016735S,N/A,63,0,0,0,2,0,0,3,16,0,1,0,0,0,4,0,5,0,3,0,0,2,52,0,0,0,18,0,5,soil,174,12,9.195402299,9.195402299,,12,5.731549
GF01016742S,"Texas, USA",N/A,N/A,N/A,,GF01016742S,N/A,48,0,0,0,1,0,0,0,19,0,0,0,0,0,2,0,4,0,3,0,0,0,34,0,0,0,15,0,4,soil,130,9,14.61538462,14.61538462,,9,5.21612
GF01016743S,"Texas, USA",N/A,N/A,N/A,,GF01016743S,N/A,60,0,0,0,4,0,0,0,15,0,0,0,2,0,14,0,2,0,5,0,0,0,20,0,0,0,10,0,9,soil,141,10,10.63829787,10.63829787,,10,6.121571
GF01016746S,"Texas, USA",N/A,N/A,N/A,,GF01016746S,N/A,44,0,0,0,0,0,0,0,10,0,0,0,0,0,3,0,5,0,1,0,0,1,31,0,0,0,16,0,2,soil,113,9,8.849557522,8.849557522,,9,4.967091
GF01016754S,"Texas, USA",N/A,N/A,N/A,,GF01016754S,N/A,34,0,0,0,0,0,0,1,9,0,0,0,0,0,4,0,1,0,1,0,0,2,25,0,0,0,12,0,4,soil,93,10,9.677419355,9.677419355,,10,5.532711
GF01016781S,"Texas, USA",N/A,N/A,N/A,,GF01016781S,N/A,15,0,0,0,1,0,0,0,3,0,0,0,0,0,2,0,2,0,3,0,0,0,6,0,0,0,1,0,3,soil,36,9,8.333333333,8.333333333,,9,6.079173
GF01016784S,"Texas, USA",N/A,N/A,N/A,,GF01016784S,N/A,65,0,0,0,7,0,0,0,10,0,0,0,0,0,8,0,3,0,9,0,0,0,11,0,0,0,6,0,7,soil,126,9,7.936507937,7.936507937,,9,5.333881
GF01016790S,"Texas, USA",N/A,N/A,N/A,,GF01016790S,N/A,13,0,0,0,0,0,0,0,1,0,0,0,0,0,1,0,1,0,0,0,0,0,10,0,0,0,6,0,0,soil,32,6,3.125,3.125,,6,3.928322
GF01016797S,"Texas, USA",N/A,N/A,N/A,,GF01016797S,N/A,13,0,0,0,1,0,0,0,11,0,0,0,0,0,1,0,1,0,0,0,0,0,9,0,0,0,7,0,2,soil,45,8,24.44444444,24.44444444,,8,5.510065
GF01016840S,"Texas, USA",N/A,N/A,N/A,,GF01016840S,N/A,13,0,0,0,0,0,0,0,10,0,0,0,0,0,2,0,2,0,1,0,0,0,12,0,0,0,9,0,2,soil,51,8,19.60784314,19.60784314,,8,5.885852
GF01016860S,"Texas, USA",N/A,N/A,N/A,,GF01016860S,N/A,36,0,0,0,1,0,0,0,3,0,0,0,1,0,8,0,1,0,5,0,0,0,11,0,0,0,2,0,5,soil,73,10,4.109589041,4.109589041,,10,5.203983
GF01016866S,"Texas, USA",N/A,N/A,N/A,,GF01016866S,N/A,33,0,0,0,2,0,0,0,13,0,1,0,0,0,6,0,3,0,4,0,0,1,14,0,0,0,8,0,11,soil,96,11,13.54166667,13.54166667,,11,7.125353
GF01016887S,"Texas, USA",N/A,N/A,N/A,,GF01016887S,N/A,25,0,0,0,1,0,0,1,7,0,0,0,0,0,8,0,2,0,2,0,0,0,8,0,0,0,1,0,4,soil,59,10,11.86440678,11.86440678,,10,5.917067
GF01016898S,"Texas, USA",N/A,N/A,N/A,,GF01016898S,N/A,16,0,0,0,0,0,0,0,3,0,0,0,0,0,1,0,1,0,0,0,0,0,13,0,0,0,7,0,2,soil,43,7,6.976744186,6.976744186,,7,4.610916
GF01016908S,"Texas, USA",N/A,N/A,N/A,,GF01016908S,N/A,9,0,0,0,0,0,0,0,3,0,1,0,0,0,8,0,1,0,1,0,0,0,7,0,0,0,1,0,10,soil,41,9,7.317073171,7.317073171,,9,6.368022
GF01016910S,"Texas, USA",N/A,N/A,N/A,,GF01016910S,N/A,15,0,0,0,0,0,0,0,5,0,0,0,0,0,1,0,1,0,1,0,0,0,9,0,0,0,6,0,0,soil,38,7,13.15789474,13.15789474,,7,4.728207
GF01016913S,"Texas, USA",N/A,N/A,N/A,,GF01016913S,N/A,15,0,0,0,0,0,0,0,9,0,0,0,0,0,0,0,3,0,1,0,0,0,15,0,0,0,4,0,1,soil,48,7,18.75,18.75,,7,4.867119
GF01016928S,"Texas, USA",N/A,N/A,N/A,,GF01016928S,N/A,0,0,0,0,0,0,0,0,0,0,0,0,0,0,0,0,0,0,0,0,0,0,0,0,0,0,0,0,0,soil,0,0,#DIV/0!,0,,0,1
GF01016980S,Puerto Rico,Neotropical,Antillean,Puerto Rico province,Moist forest,GF01016980S,Puerto Rico province,122,0,0,0,2,9,0,1,0,0,2,0,0,0,10,0,0,0,14,0,0,0,27,0,0,0,2,0,8,soil,197,10,0,0,,10,3.8422
GF01016981S,Puerto Rico,Neotropical,Antillean,Puerto Rico province,Moist forest,GF01016981S,Puerto Rico province,181,0,0,0,2,13,0,2,2,0,4,5,0,0,25,0,0,0,34,0,0,0,20,0,0,0,11,0,24,soil,323,12,0.619195046,0.619195046,,12,4.868279
GF01016982S,Puerto Rico,Neotropical,Antillean,Puerto Rico province,Very dry forest|Dry forest,GF01016982S,Puerto Rico province,72,0,0,0,5,0,0,2,2,0,0,0,0,0,20,0,0,0,8,0,0,0,14,0,0,0,17,0,8,soil,148,9,1.351351351,1.351351351,,9,5.14927
GF01016983S,Puerto Rico,Neotropical,Antillean,Puerto Rico province,Moist forest,GF01016983S,Puerto Rico province,107,0,0,0,1,0,0,0,3,0,3,0,0,0,18,0,0,0,5,0,0,1,32,0,0,0,5,0,1,soil,176,10,1.704545455,1.704545455,,10,3.578624
GF01016984S,Puerto Rico,Neotropical,Antillean,Puerto Rico province,Dry forest|Moist forest,GF01016984S,Puerto Rico province,91,0,0,0,9,7,0,1,0,0,2,2,1,0,24,0,7,0,18,0,0,0,16,0,0,0,22,0,21,soil,221,13,0,0,,13,6.939133
GF01016985S,Puerto Rico,Neotropical,Antillean,Puerto Rico province,Dry forest|Moist forest,GF01016985S,Puerto Rico province,90,0,0,0,1,2,0,0,5,0,8,0,2,0,17,0,0,0,7,0,0,0,27,0,0,0,0,0,9,soil,168,10,2.976190476,2.976190476,,10,4.640197
GF01016986S,Puerto Rico,Neotropical,Antillean,Puerto Rico province,,GF01016986S,Puerto Rico province,32,0,0,0,0,0,0,0,2,0,1,0,0,0,4,0,0,0,2,0,0,0,22,0,0,0,0,0,1,soil,64,7,3.125,3.125,,7,3.433239
GF01016987S,Puerto Rico,Neotropical,Antillean,Puerto Rico province,Dry forest|Moist forest,GF01016987S,Puerto Rico province,64,0,0,0,6,12,0,3,5,0,4,0,1,0,10,0,1,0,9,0,0,3,23,0,0,0,16,0,11,soil,168,14,2.976190476,2.976190476,,14,7.947897
GF01016988S,Puerto Rico,Neotropical,Antillean,Puerto Rico province,Moist forest,GF01016988S,Puerto Rico province,70,0,0,0,0,1,0,0,3,0,3,0,0,0,8,0,0,0,2,0,0,1,32,0,0,0,1,0,1,soil,122,10,2.459016393,2.459016393,,10,3.509819
GF01016989S,Puerto Rico,Neotropical,Antillean,Puerto Rico province,Moist forest,GF01016989S,Puerto Rico province,123,0,0,0,0,2,0,0,2,0,5,0,0,0,12,0,0,0,5,0,0,0,33,0,0,0,1,0,5,soil,188,9,1.063829787,1.063829787,,9,3.230137
GF01016990S,Puerto Rico,Neotropical,Antillean,Puerto Rico province,Moist forest,GF01016990S,Puerto Rico province,90,0,0,0,0,1,0,0,4,0,6,0,0,0,9,0,0,0,8,0,0,1,37,1,0,0,3,0,14,soil,174,11,2.298850575,2.298850575,,11,4.61605
GF01016991S,Puerto Rico,Neotropical,Antillean,Puerto Rico province,Moist forest,GF01016991S,Puerto Rico province,110,0,0,0,2,2,0,1,1,0,1,0,0,0,17,0,0,1,16,1,0,1,34,0,0,0,5,0,14,soil,206,14,0.485436893,0.485436893,,14,4.734415
GF01016992S,Puerto Rico,Neotropical,Antillean,Puerto Rico province,Moist forest,GF01016992S,Puerto Rico province,107,0,0,0,1,2,0,0,1,0,1,1,1,0,8,0,0,0,5,0,0,0,14,0,0,0,3,0,15,soil,159,12,0.628930818,0.628930818,,12,3.49651
GF01016993S,Puerto Rico,Neotropical,Antillean,Puerto Rico province,Dry forest,GF01016993S,Puerto Rico province,111,0,0,0,2,3,0,0,9,0,1,0,0,0,10,0,0,0,8,0,0,0,7,0,0,0,18,0,11,soil,180,10,5,5,,10,4.142432
GF01016994S,Puerto Rico,Neotropical,Antillean,Puerto Rico province,Moist forest,GF01016994S,Puerto Rico province,80,0,0,0,1,0,0,0,0,0,0,0,0,0,2,0,0,0,3,0,0,0,18,0,0,0,6,0,6,soil,116,7,0,0,,7,2.878529
GF01016995S,Puerto Rico,Neotropical,Antillean,Puerto Rico province,Moist forest,GF01016995S,Puerto Rico province,80,0,0,0,2,1,0,0,2,0,2,0,0,0,7,0,0,0,8,0,0,1,26,0,0,0,2,0,2,soil,133,11,1.503759398,1.503759398,,11,3.811454
GF01016996S,Puerto Rico,Neotropical,Antillean,Puerto Rico province,Dry forest,GF01016996S,Puerto Rico province,87,0,0,0,3,1,0,0,1,0,0,4,1,1,25,0,1,0,35,0,0,0,9,2,0,0,12,0,27,soil,209,14,0.4784689,0.4784689,,14,5.994784
GF01016997S,Puerto Rico,Neotropical,Antillean,Puerto Rico province,Very dry forest|Dry forest,GF01016997S,Puerto Rico province,58,0,0,0,7,4,0,2,0,0,0,2,1,3,15,0,2,0,24,0,0,0,4,0,0,0,33,0,6,soil,161,13,0,0,,13,6.74867
GF01016998S,Puerto Rico,Neotropical,Antillean,Puerto Rico province,Dry forest,GF01016998S,Puerto Rico province,134,0,0,0,4,16,0,0,2,0,0,0,1,0,12,0,1,0,15,0,0,0,12,0,0,0,10,0,8,soil,215,11,0.930232558,0.930232558,,11,4.173141
GF01016999S,Puerto Rico,Neotropical,Antillean,Puerto Rico province,Very dry forest|Dry forest,GF01016999S,Puerto Rico province,35,0,0,0,1,0,0,0,0,1,0,0,1,0,10,0,0,1,6,0,0,0,6,1,0,0,13,0,9,soil,84,11,0,0,,11,5.971305
GF01017000S,Puerto Rico,Neotropical,Antillean,Puerto Rico province,Moist forest,GF01017000S,Puerto Rico province,101,0,0,0,0,1,0,0,1,0,3,1,0,0,7,0,0,0,5,1,0,0,16,0,0,0,2,0,3,soil,141,11,0.709219858,0.709219858,,11,3.058775
GF01018337S,"Vicinity of Parque Nacional Campo de Los Alisos, Tucumán, Yungas, Argentina",Neotropical,South Brazilian,Yungas province,Very dry forest|Dry forest,GF01018337S,Yungas province,526,1,0,1,57,5,0,21,50,1,4,4,2,2,124,0,34,4,81,3,0,5,212,2,0,0,92,0,119,soil,1350,22,3.703703704,3.703703704,,22,7.449562
GF01018338S,"Parque Nacional Calilegua, Jujuy, Yungas, Argentina",Neotropical,South Brazilian,Yungas province,Very dry forest|Dry forest,GF01018338S,Yungas province,660,0,0,0,53,21,4,8,7,1,0,12,2,21,228,0,22,3,147,2,0,0,183,5,1,0,42,0,162,soil,1584,20,0.441919192,0.441919192,,20,6.618466
GF01018339S,"Parque Nacional Calilegua, Jujuy, Yungas, Argentina",Neotropical,South Brazilian,Yungas province,Very dry forest|Dry forest,GF01018339S,Yungas province,206,0,0,0,19,4,0,4,4,0,0,5,0,3,88,0,8,0,94,0,0,0,70,2,0,0,9,0,78,soil,594,14,0.673400673,0.673400673,,14,6.54833
GF01018340S,"Parque Nacional Calilegua, Jujuy, Yungas, Argentina",Neotropical,South Brazilian,Yungas province,Very dry forest|Dry forest,GF01018340S,Yungas province,428,0,0,0,37,11,0,10,2,0,8,7,4,7,124,0,16,1,71,1,0,2,158,1,0,0,16,0,92,soil,996,19,0.200803213,0.200803213,,19,6.360089
GF01018341S,"Vicinity of Parque Nacional Campo de Los Alisos, Tucumán, Yungas, Argentina",Neotropical,South Brazilian,Yungas province,Very dry forest|Dry forest,GF01018341S,Yungas province,372,0,0,0,24,9,0,16,7,0,3,9,3,3,82,0,17,1,60,3,0,1,93,2,0,0,26,0,104,soil,835,19,0.838323353,0.838323353,,19,6.656063
GF01018342S,"Parque Nacional Calilegua, Jujuy, Yungas, Argentina",Neotropical,South Brazilian,Yungas province,Very dry forest|Dry forest,GF01018342S,Yungas province,405,0,0,0,34,28,2,10,8,0,0,9,0,4,163,0,23,1,109,2,0,0,115,3,0,2,31,0,98,soil,1047,18,0.76408787,0.76408787,,18,7.072098
GF01018343S,"Parque Nacional Calilegua, Jujuy, Yungas, Argentina",Neotropical,South Brazilian,Yungas province,Very dry forest|Dry forest,GF01018343S,Yungas province,242,0,0,0,31,3,0,4,4,2,0,3,1,2,94,0,10,2,87,1,0,0,90,1,0,0,21,0,79,soil,677,18,0.59084195,0.59084195,,18,6.854007
GF01018344S,"Parque Nacional Calilegua, Jujuy, Yungas, Argentina",Neotropical,South Brazilian,Yungas province,Very dry forest|Dry forest,GF01018344S,Yungas province,311,0,0,0,18,12,0,8,6,1,1,3,0,8,77,0,0,2,50,0,0,0,69,1,0,0,13,0,66,soil,646,16,0.92879257,0.92879257,,16,5.771754
GF01018345S,"Parque Nacional Calilegua, Jujuy, Yungas, Argentina",Neotropical,South Brazilian,Yungas province,Very dry forest|Dry forest,GF01018345S,Yungas province,237,0,0,0,18,0,0,20,25,0,2,5,0,1,107,0,5,2,66,0,0,0,64,0,0,0,21,0,81,soil,654,14,3.822629969,3.822629969,,14,6.973855
GF01018346S,"Vicinity of Los Toldos, Salta, Yungas, Argentina",Neotropical,South Brazilian,Yungas province,Very dry forest|Dry forest,GF01018346S,Yungas province,435,0,0,1,46,2,0,9,27,0,3,9,0,0,107,0,26,5,78,2,0,4,178,0,1,0,37,0,109,soil,1079,18,2.50231696,2.50231696,,18,6.851961
GF01018347S,"Parque Nacional Calilegua, Jujuy, Yungas, Argentina",Neotropical,South Brazilian,Yungas province,Very dry forest|Dry forest,GF01018347S,Yungas province,195,0,0,0,21,3,0,5,15,1,1,3,0,0,90,0,6,3,57,1,0,0,75,1,0,0,22,0,87,soil,586,17,2.559726962,2.559726962,,17,7.208516
GF01018348S,"Vicinity of Parque Nacional Baritú, Salta, Yungas, Argentina",Neotropical,South Brazilian,Yungas province,Very dry forest|Dry forest,GF01018348S,Yungas province,157,0,0,0,26,0,1,8,6,0,1,5,1,0,75,0,14,2,50,1,0,0,83,0,1,0,21,0,76,soil,528,17,1.136363636,1.136363636,,17,7.711147
GF01018349S,"Vicinity of Parque Nacional Baritú, Salta, Yungas, Argentina",Neotropical,South Brazilian,Yungas province,Very dry forest|Dry forest,GF01018349S,Yungas province,395,0,0,0,48,2,0,7,6,0,5,8,0,3,113,0,20,2,72,1,0,2,176,1,0,0,33,0,114,soil,1008,18,0.595238095,0.595238095,,18,6.583979
GF01018350S,"Parque Provincial Potrero de Yala, Jujuy, Yungas, Argentina",Neotropical,South Brazilian,Yungas province,Very dry forest|Dry forest,GF01018350S,Yungas province,853,0,0,0,99,17,0,34,13,1,7,21,3,31,277,0,42,0,252,6,0,1,240,3,2,0,60,0,292,soil,2254,20,0.57675244,0.57675244,,20,7.231091
GF01018351S,"Parque Percy Hill, Tucumán, Yungas, Argentina",Neotropical,Chacoan,Chaco province,Very dry forest|Dry forest,GF01018351S,Chaco province,426,0,0,0,35,19,0,13,2,1,0,7,0,3,119,0,9,5,86,1,0,0,117,2,0,1,36,0,111,soil,993,18,0.201409869,0.201409869,,18,6.451536
GF01018352S,"Reserva Provincial La Florida, Tucumán, Yungas, Argentina",Neotropical,Chacoan,Chaco province,Very dry forest|Dry forest,GF01018352S,Chaco province,281,1,0,0,29,0,2,10,1,0,0,9,0,0,77,0,12,3,77,0,0,1,77,0,0,0,32,0,96,soil,708,15,0.141242938,0.141242938,,15,6.584487
GF01018353S,"Parque Provincial Potrero de Yala, Jujuy, Yungas, Argentina",Neotropical,South Brazilian,Yungas province,Thorn steppe,GF01018353S,Yungas province,390,2,0,1,48,1,0,27,19,3,4,5,1,3,84,0,23,2,116,4,0,1,142,3,1,0,31,0,83,soil,994,23,1.911468813,1.911468813,,23,7.466142
GF01018354S,"Reserva Provincial La Florida, Tucumán, Yungas, Argentina",Neotropical,Chacoan,Chaco province,Very dry forest|Dry forest,GF01018354S,Chaco province,156,0,0,0,21,1,0,3,8,0,0,9,0,0,39,0,8,2,61,1,0,0,53,1,0,0,23,0,89,soil,475,15,1.684210526,1.684210526,,15,7.272708
GF01018355S,"Parque Nacional Calilegua, Jujuy, Yungas, Argentina",Neotropical,South Brazilian,Yungas province,Very dry forest|Dry forest,GF01018355S,Yungas province,312,1,0,0,25,8,0,9,11,0,5,9,2,10,86,0,4,0,58,1,0,0,88,4,0,1,24,0,86,soil,744,19,1.478494624,1.478494624,,19,7.01194
GF01018356S,"Vicinity of Los Toldos, Salta, Yungas, Argentina",Neotropical,South Brazilian,Yungas province,Very dry forest|Dry forest,GF01018356S,Yungas province,482,1,0,0,25,6,0,16,19,0,15,7,0,1,83,0,25,2,55,1,0,4,207,1,0,0,25,0,89,soil,1064,19,1.785714286,1.785714286,,19,6.156993
GF01018357S,"Reserva Nacional El Nogalar, Salta, Yungas, Argentina",Neotropical,South Brazilian,Yungas province,Very dry forest|Dry forest,GF01018357S,Yungas province,261,1,0,0,32,3,0,12,7,1,2,9,1,1,73,0,16,2,48,1,0,1,114,1,0,0,26,0,83,soil,695,21,1.007194245,1.007194245,,21,7.290925
GF01018358S,"Reserva Provincial Sierra de San Javier, Tucumán, Yungas, Argentina",Neotropical,South Brazilian,Yungas province,Very dry forest|Dry forest,GF01018358S,Yungas province,264,0,0,0,37,3,0,8,2,0,0,8,1,5,82,0,12,2,88,0,0,0,100,1,0,0,40,0,104,soil,757,16,0.264200793,0.264200793,,16,7.150174
GF01018359S,"Vicinity of Parque Nacional Campo de Los Alisos, Tucumán, Yungas, Argentina",Neotropical,South Brazilian,Yungas province,Very dry forest|Dry forest,GF01018359S,Yungas province,360,1,0,0,32,5,0,16,7,0,3,9,1,1,81,0,24,2,75,5,0,0,118,1,0,0,39,0,114,soil,894,19,0.782997763,0.782997763,,19,7.043201
GF01018360S,"Parque Nacional Calilegua, Jujuy, Yungas, Argentina",Neotropical,South Brazilian,Yungas province,Very dry forest|Dry forest,GF01018360S,Yungas province,209,0,0,0,16,0,0,3,23,0,5,3,0,0,55,0,14,0,33,1,0,4,98,0,0,0,5,0,39,soil,508,14,4.527559055,4.527559055,,14,6.348401
GF02000001S,"Quebrada Seca site, Copiapo",N/A,N/A,N/A,Desert,GF02000001S,N/A,21,0,0,0,1,1,0,4,0,0,0,0,1,1,5,0,1,0,9,0,0,0,28,0,0,0,30,0,8,soil,110,12,0,0,,12,6.611989
GF02000002S,"Quebrada Seca site, Copiapo",N/A,N/A,N/A,Desert,GF02000002S,N/A,21,0,0,0,1,1,0,4,0,0,0,0,1,1,5,0,1,0,9,0,0,0,28,0,0,0,30,0,8,soil,110,12,0,0,,12,6.611989
GF02000003S,"Quebrada Seca site, Copiapo",N/A,N/A,N/A,Desert,GF02000003S,N/A,20,0,0,0,3,0,0,4,0,0,0,0,0,1,5,0,1,0,13,0,0,0,26,0,0,0,17,0,5,soil,95,10,0,0,,10,6.760115
GF02000004S,"Quebrada Seca site, Copiapo",N/A,N/A,N/A,Desert,GF02000004S,N/A,20,0,0,0,3,0,0,4,0,0,0,0,0,1,5,0,1,0,13,0,0,0,26,0,0,0,17,0,5,soil,95,10,0,0,,10,6.760115
GF02000005S,"Quebrada Seca site, Copiapo",N/A,N/A,N/A,Desert,GF02000005S,N/A,45,0,0,0,1,0,0,1,0,0,0,0,3,16,19,0,0,0,16,0,0,0,5,0,0,0,16,0,2,soil,124,10,0,0,,10,6.121159
GF02000006S,"El Algarrobo site, Vallenar",N/A,N/A,N/A,Desert,GF02000006S,N/A,27,0,0,0,0,0,0,4,0,0,0,0,0,0,57,0,1,0,25,0,0,0,2,0,0,0,15,0,8,root + rhizosphere soil,139,8,0,0,,8,4.931369
GF02000007S,"Quebrada Seca site, Copiapo",N/A,N/A,N/A,Desert,GF02000007S,N/A,14,0,0,0,0,0,0,3,0,0,0,0,0,0,4,0,1,0,12,0,0,0,20,0,0,0,38,0,7,root + rhizosphere soil,99,8,0,0,,8,5.432409
GF02000008S,"Quebrada Seca site, Copiapo",N/A,N/A,N/A,Desert,GF02000008S,N/A,14,0,0,0,0,0,0,3,0,0,0,0,0,0,4,0,1,0,12,0,0,0,20,0,0,0,38,0,7,root + rhizosphere soil,99,8,0,0,,8,5.432409
GF02000009S,"Pajonales site, southern limit of Atacama region",N/A,N/A,N/A,Desert,GF02000009S,N/A,77,0,0,0,5,0,0,28,0,0,0,0,0,0,18,0,2,0,22,0,0,0,15,0,0,0,30,0,6,root + rhizosphere soil,203,9,0,0,,9,6.125689
GF02000010S,"Pajonales site, southern limit of Atacama region",N/A,N/A,N/A,Desert,GF02000010S,N/A,90,0,0,0,2,0,0,40,0,0,0,0,0,0,15,0,0,0,19,0,0,0,14,0,0,0,19,0,6,soil,205,8,0,0,,8,5.177496
GF02000011S,"Quebrada Seca site, Copiapo",N/A,N/A,N/A,Desert,GF02000011S,N/A,68,0,0,0,1,0,0,3,0,2,0,0,8,23,26,0,1,0,23,0,0,0,24,0,0,0,19,0,13,soil,211,12,0,0,,12,7.548072
GF02000012S,"Quebrada Seca site, Copiapo",N/A,N/A,N/A,Desert,GF02000012S,N/A,72,0,0,0,4,1,0,2,0,0,0,0,4,15,25,0,2,0,29,0,0,1,22,0,0,0,22,0,10,root + rhizosphere soil,209,13,0,0,,13,7.353399
GF02000013S,"Pajonales site, southern limit of Atacama region",N/A,N/A,N/A,Desert,GF02000013S,N/A,71,0,0,0,5,0,0,27,0,0,0,0,0,0,15,0,2,0,21,0,0,0,12,0,0,0,20,0,7,root + rhizosphere soil,180,9,0,0,,9,6.108759
GF02000014S,"El Algarrobo site, Vallenar",N/A,N/A,N/A,Desert,GF02000014S,N/A,71,0,0,0,2,0,0,11,0,1,0,0,0,1,26,0,0,1,29,0,0,0,14,0,0,0,23,0,11,soil,190,11,0,0,,11,6.267412
GF02000015S,"El Algarrobo site, Vallenar",N/A,N/A,N/A,Desert,GF02000015S,N/A,71,0,0,0,0,0,0,9,0,0,0,1,0,1,20,0,1,2,27,0,0,0,16,0,0,0,18,0,11,soil,177,11,0,0,,11,6.121841
GF02000016S,"Quebrada Seca site, Copiapo",N/A,N/A,N/A,Desert,GF02000016S,N/A,28,0,0,0,4,0,0,2,0,0,0,0,0,3,6,0,0,0,7,0,0,0,13,0,0,0,9,0,2,soil,74,9,0,0,,9,6.290942
GF02000017S,"Quebrada Seca site, Copiapo",N/A,N/A,N/A,Desert,GF02000017S,N/A,22,0,0,0,3,0,0,0,0,0,0,0,2,21,5,0,0,0,11,0,0,0,10,0,0,0,14,0,2,soil,90,9,0,0,,9,6.804294
GF02000018S,"Quebrada Seca site, Copiapo",N/A,N/A,N/A,Desert,GF02000018S,N/A,48,0,0,0,1,0,0,2,0,1,0,0,1,13,16,0,0,0,25,0,0,1,18,0,0,0,12,0,7,root + rhizosphere soil,145,12,0,0,,12,6.933737
GF02000019S,"Quebrada Seca site, Copiapo",N/A,N/A,N/A,Desert,GF02000019S,N/A,83,0,0,0,1,1,0,6,0,2,0,0,11,25,25,0,1,0,25,0,0,0,25,0,0,0,24,0,11,soil,240,13,0,0,,13,7.561546
GF02000020S,"Quebrada Seca site, Copiapo",N/A,N/A,N/A,Desert,GF02000020S,N/A,12,0,0,0,0,0,0,1,0,0,0,0,1,0,4,0,1,0,34,0,0,0,23,0,0,0,60,0,5,root + rhizosphere soil,141,9,0,0,,9,4.649747
GF02000021S,"Quebrada Seca site, Copiapo",N/A,N/A,N/A,Desert,GF02000021S,N/A,12,0,0,0,0,0,0,1,0,0,0,0,1,0,4,0,1,0,34,0,0,0,23,0,0,0,60,0,5,root + rhizosphere soil,141,9,0,0,,9,4.649747
GF02000022S,"Quebrada Seca site, Copiapo",N/A,N/A,N/A,Desert,GF02000022S,N/A,12,0,0,0,0,0,0,3,0,0,0,0,0,0,4,0,1,0,18,0,0,0,24,0,0,0,37,0,6,root + rhizosphere soil,105,8,0,0,,8,5.414396
GF02000023S,"Quebrada Seca site, Copiapo",N/A,N/A,N/A,Desert,GF02000023S,N/A,12,0,0,0,0,0,0,3,0,0,0,0,0,0,4,0,1,0,18,0,0,0,24,0,0,0,37,0,6,root + rhizosphere soil,105,8,0,0,,8,5.414396
GF02000024S,"Quebrada Seca site, Copiapo",N/A,N/A,N/A,Desert,GF02000024S,N/A,22,0,0,0,1,1,0,4,0,0,0,0,1,1,3,0,1,0,13,0,0,1,25,0,0,0,21,0,5,soil,99,13,0,0,,13,6.973846
GF02000025S,"Quebrada Seca site, Copiapo",N/A,N/A,N/A,Desert,GF02000025S,N/A,22,0,0,0,1,1,0,4,0,0,0,0,1,1,3,0,1,0,13,0,0,1,25,0,0,0,21,0,5,soil,99,13,0,0,,13,6.973846
GF02000026S,"Pajonales site, southern limit of Atacama region",N/A,N/A,N/A,Desert,GF02000026S,N/A,75,0,0,0,5,0,0,40,0,0,0,0,0,0,16,0,1,0,9,0,0,0,13,0,0,0,18,0,3,soil,180,9,0,0,,9,5.368983
GF02000027S,"Quebrada Seca site, Copiapo",N/A,N/A,N/A,Desert,GF02000027S,N/A,28,0,0,0,3,2,0,5,0,0,0,0,1,3,3,0,0,0,8,0,0,0,12,0,0,0,12,0,3,soil,80,11,0,0,,11,7.240053
GF02000028S,"Pajonales site, southern limit of Atacama region",N/A,N/A,N/A,Desert,GF02000028S,N/A,74,0,0,0,5,0,0,21,0,0,0,0,0,0,12,0,1,0,24,0,0,0,12,0,0,0,21,0,8,root + rhizosphere soil,178,9,0,0,,9,5.881845
GF02000029S,"Pajonales site, southern limit of Atacama region",N/A,N/A,N/A,Desert,GF02000029S,N/A,89,0,0,0,4,0,0,37,0,0,0,0,0,0,15,0,2,0,15,0,0,0,13,0,0,0,11,0,6,soil,192,9,0,0,,9,5.231494
GF02000030S,"El Algarrobo site, Vallenar",N/A,N/A,N/A,Desert,GF02000030S,N/A,28,0,0,0,0,0,0,4,0,0,0,0,0,0,40,0,1,0,27,0,0,0,5,0,0,0,12,0,8,root + rhizosphere soil,125,8,0,0,,8,5.524449
GF02000031S,"Quebrada Seca site, Copiapo",N/A,N/A,N/A,Desert,GF02000031S,N/A,68,0,0,0,0,3,0,2,0,1,0,0,2,17,19,0,1,0,25,0,0,0,30,0,0,0,22,0,9,root + rhizosphere soil,199,12,0,0,,12,6.955883
GF02000032S,"Quebrada Seca site, Copiapo",N/A,N/A,N/A,Desert,GF02000032S,N/A,23,0,0,0,1,0,0,0,0,0,0,0,3,15,10,0,2,1,14,0,0,0,3,0,0,0,14,0,2,soil,88,11,0,0,,11,7.304303
GF02000033S,"Quebrada Seca site, Copiapo",N/A,N/A,N/A,Desert,GF02000033S,N/A,36,0,0,0,3,0,0,5,0,1,0,0,2,7,5,0,0,0,17,0,0,0,19,0,0,0,5,0,3,soil,103,11,0,0,,11,6.871509
GF02000034S,"Quebrada Seca site, Copiapo",N/A,N/A,N/A,Desert,GF02000034S,N/A,78,0,0,0,1,2,0,3,0,0,0,0,2,24,28,0,3,0,30,0,0,0,28,0,0,0,24,0,9,soil,232,12,0,0,,12,7.061926
GF02000035S,"El Algarrobo site, Vallenar",N/A,N/A,N/A,Desert,GF02000035S,N/A,26,0,0,0,0,0,0,6,0,0,0,0,0,0,48,0,0,0,28,0,0,0,6,0,0,0,16,0,7,root + rhizosphere soil,137,7,0,0,,7,5.387675
GF02000036S,"El Algarrobo site, Vallenar",N/A,N/A,N/A,Desert,GF02000036S,N/A,78,0,0,0,1,0,0,14,0,1,0,1,0,1,21,0,0,1,26,0,0,0,17,0,0,0,21,0,11,soil,193,12,0,0,,12,6.189382
GF02000411S,,N/A,N/A,N/A,Desert scrub,GF02000411S,N/A,235,0,0,0,9,18,0,24,0,1,1,0,2,1,54,0,10,0,62,11,0,0,40,1,0,0,24,0,28,soil,521,16,0,0,,16,6.673862
GF02000419S,,Neotropical,South Brazilian,Rondonia province,Moist forest|Wet forest,GF02000419S,Rondonia province,148,0,0,0,5,8,0,3,2,0,0,2,0,0,32,0,3,1,24,10,0,2,52,2,0,0,6,0,17,soil,317,16,0.630914826,0.630914826,,16,6.126126
GF02000422S,,Neotropical,Parana,Parana Forest province,Dry forest|Moist forest,GF02000422S,Parana Forest province,139,0,0,0,9,5,0,2,1,1,0,2,2,0,28,0,10,1,39,2,0,0,46,1,0,0,13,0,23,soil,324,17,0.308641975,0.308641975,,17,6.630757
GF02000448S,,N/A,N/A,N/A,Desert,GF02000448S,N/A,51,0,0,0,2,1,0,11,0,0,0,0,1,1,16,0,3,0,19,1,0,2,30,0,0,0,8,0,9,soil,155,14,0,0,,14,7.389546
GF02000454S,,Neotropical,,Sierra Madre Occidental province,Very dry forest|Dry forest,GF02000454S,Sierra Madre Occidental province,297,0,0,0,6,32,0,9,0,0,1,0,0,3,37,0,5,0,54,1,0,6,65,1,0,0,24,0,34,soil,575,15,0,0,,15,5.523558
GF02000463S,,Neotropical,Pacific,Venezuelan province,Very dry forest|Dry forest,GF02000463S,Venezuelan province,333,0,0,0,23,13,0,10,5,0,1,11,0,7,72,0,6,0,76,2,0,0,71,2,0,0,21,0,78,soil,731,16,0.683994528,0.683994528,,16,6.36448
GF02000464S,,N/A,N/A,N/A,Thorn woodland,GF02000464S,N/A,187,0,0,0,6,22,0,16,0,0,0,3,2,24,37,3,2,0,47,1,0,0,47,2,0,0,20,0,16,soil,435,16,0,0,,16,7.132462
GF02000472S,,N/A,N/A,N/A,,GF02000472S,N/A,122,0,0,0,8,23,0,10,16,0,1,6,1,0,32,0,4,0,39,4,0,3,35,2,0,0,12,0,22,soil,340,17,4.705882353,4.705882353,,17,8.738916
GF02000484S,,N/A,N/A,N/A,Thorn steppe,GF02000484S,N/A,209,0,0,0,6,0,0,14,1,0,1,0,5,9,73,0,4,0,53,13,0,4,56,1,0,0,24,0,26,soil,499,16,0.200400802,0.200400802,,16,6.759396
GF02000496S,,N/A,N/A,N/A,Desert,GF02000496S,N/A,110,0,0,0,7,7,0,12,0,0,0,1,2,0,31,0,4,0,50,5,0,0,41,0,0,0,14,0,16,soil,300,13,0,0,,13,7.062087
GF02000516S,,Neotropical,,Sierra Madre Oriental province,Thorn woodland,GF02000516S,Sierra Madre Oriental province,132,0,0,0,4,5,0,18,0,0,0,1,0,14,35,2,0,0,38,3,0,1,35,0,0,0,10,0,12,soil,310,14,0,0,,14,6.634594
GF02000522S,,N/A,N/A,N/A,Thorn steppe,GF02000522S,N/A,159,0,0,0,14,0,0,13,0,2,2,1,4,1,65,0,4,0,44,2,0,3,68,2,0,0,38,0,24,soil,446,17,0,0,,17,7.278825
GF02000526S,,N/A,N/A,N/A,Desert,GF02000526S,N/A,125,0,0,0,24,0,0,15,0,0,0,1,3,6,34,0,9,0,32,5,0,1,73,2,0,0,24,0,32,soil,386,15,0,0,,15,8.029493
GF02000528S,,N/A,N/A,N/A,Thorn steppe,GF02000528S,N/A,112,0,0,0,6,0,0,14,1,2,0,0,2,0,35,0,2,0,30,2,0,2,53,2,1,0,27,0,13,soil,304,16,0.328947368,0.328947368,,16,7.0625
GF02000530S,,N/A,N/A,N/A,Thorn woodland,GF02000530S,N/A,197,0,0,0,4,22,0,10,0,1,0,1,0,0,58,1,5,0,56,3,0,0,48,0,0,0,7,0,16,soil,429,14,0,0,,14,5.703603
GF02000534S,,N/A,N/A,N/A,Very dry forest,GF02000534S,N/A,279,0,0,0,3,43,0,11,1,3,1,2,1,15,32,0,2,0,55,3,0,1,37,2,0,0,4,0,18,soil,513,19,0.194931774,0.194931774,,19,5.397605
GF03003890S,"Canal del Drago, Bocas del Toro",Neotropical,Pacific,Guatuso-Talamanca province,Moist forest,GF03003890S,Guatuso-Talamanca province,7,0,0,0,8,0,0,0,0,0,0,0,0,0,4,0,0,1,6,0,0,0,0,1,0,0,2,0,2,root,31,8,0,0,,8,6.314514
GF03003914S,"Shelter Island, San Diego, south of California",N/A,N/A,N/A,,GF03003914S,N/A,0,0,0,0,0,0,0,0,0,0,0,0,0,0,1,0,0,0,1,0,0,0,0,0,0,0,1,0,0,root,3,3,0,0,,3,3
GF03003924S,Bocas del Toro,Neotropical,Pacific,Guatuso-Talamanca province,,GF03003924S,Guatuso-Talamanca province,13,0,0,0,14,0,0,1,0,0,0,0,0,0,4,0,0,2,10,0,0,0,0,0,0,0,10,0,4,root,58,8,0,0,,8,6.29287
GF03003969S,"Canal del Drago, Bocas del Toro",Neotropical,Pacific,Guatuso-Talamanca province,Moist forest,GF03003969S,Guatuso-Talamanca province,3,0,0,0,11,0,0,0,0,0,0,0,0,0,3,0,0,0,3,0,0,0,0,0,0,0,3,0,0,root,23,5,0,0,,5,4.118486
GF03003971S,"Shelter Island, San Diego, south of California",N/A,N/A,N/A,,GF03003971S,N/A,4,0,0,0,0,0,0,0,0,0,0,0,0,0,7,0,0,1,2,0,0,0,0,1,0,0,2,0,0,root,17,6,0,0,,6,4.677089
GF03004057S,"Shelter Island, San Diego, south of California",N/A,N/A,N/A,,GF03004057S,N/A,1,0,0,0,0,0,0,0,0,0,0,0,0,0,4,0,0,0,1,0,0,0,2,0,0,0,0,0,0,root,8,4,0,0,,4,3.363586
GF03004068S,"Shelter Island, San Diego, south of California",N/A,N/A,N/A,,GF03004068S,N/A,1,0,0,0,1,0,0,0,0,0,0,0,0,0,5,0,0,0,0,0,0,0,1,0,0,0,2,0,1,root,11,6,0,0,,6,4.666017
GF03004130S,"Shelter Island, San Diego, south of California",N/A,N/A,N/A,,GF03004130S,N/A,1,0,0,0,0,0,0,0,0,0,0,0,0,0,1,0,0,0,1,0,0,0,0,0,0,0,0,0,2,root,5,4,0,0,,4,3.789291
GF03004136S,"Shelter Island, San Diego, south of California",N/A,N/A,N/A,,GF03004136S,N/A,0,0,0,0,0,0,0,0,0,0,0,1,0,0,1,0,0,0,1,0,0,0,0,0,0,0,0,0,0,root,3,3,0,0,,3,3
GF03004192S,"Shelter Island, San Diego, south of California",N/A,N/A,N/A,,GF03004192S,N/A,1,0,0,0,1,0,0,0,0,0,0,0,0,0,2,0,1,1,3,0,0,0,0,0,0,0,2,0,0,root,11,7,0,0,,7,6.335826
GF03004205S,"Shelter Island, San Diego, south of California",N/A,N/A,N/A,,GF03004205S,N/A,3,0,0,0,0,0,0,0,0,0,0,0,0,0,4,0,0,4,1,0,0,0,0,0,0,0,1,0,0,root,13,5,0,0,,5,4.298728
GF03004224S,"Shelter Island, San Diego, south of California",N/A,N/A,N/A,,GF03004224S,N/A,1,0,0,0,0,0,0,0,0,2,0,0,0,0,6,0,0,0,2,0,0,0,0,0,0,0,1,0,1,root,13,6,0,0,,6,4.593799
GF03004233S,"Shelter Island, San Diego, south of California",N/A,N/A,N/A,,GF03004233S,N/A,0,0,0,0,0,0,0,0,0,0,0,0,0,0,1,0,0,1,1,0,0,0,0,0,0,0,1,0,0,root,4,4,0,0,,4,4
GF03004306S,"Shelter Island, San Diego, south of California",N/A,N/A,N/A,,GF03004306S,N/A,0,0,0,0,0,0,0,0,0,1,0,0,0,0,1,0,0,0,0,0,0,0,0,1,0,0,0,0,0,root,3,3,0,0,,3,3
GF03004312S,"Shelter Island, San Diego, south of California",N/A,N/A,N/A,,GF03004312S,N/A,3,0,0,0,1,0,0,0,0,0,0,0,0,0,1,0,1,2,1,0,0,0,0,0,0,0,1,0,2,root,12,8,0,0,,8,7.236984
GF03005752S,"Llaviucu, El Cajas National Park, Cuenca, Province of Azuay",Neotropical,South American Transition Zone,Paramo province,Moist forest|Wet forest,GF03005752S,Paramo province,29,0,0,0,0,1,0,0,1,0,2,0,0,0,3,0,1,0,3,0,0,0,6,0,0,0,2,0,13,root,61,10,1.639344262,1.639344262,,10,5.122531
GF03005753S,"Llaviucu, El Cajas National Park, Cuenca, Province of Azuay",Neotropical,South American Transition Zone,Paramo province,Moist forest|Wet forest,GF03005753S,Paramo province,16,0,0,0,0,0,0,0,1,0,0,0,0,0,0,0,0,0,3,0,0,0,2,0,0,0,0,0,3,root,25,5,4,4,,5,3.081142
GF03005754S,"Llaviucu, El Cajas National Park, Cuenca, Province of Azuay",Neotropical,South American Transition Zone,Paramo province,Moist forest|Wet forest,GF03005754S,Paramo province,38,0,0,0,0,20,0,0,3,0,0,1,0,0,1,0,0,1,4,0,0,0,6,0,0,0,1,0,4,root,79,10,3.797468354,3.797468354,,10,4.67918
GF03005755S,"Mazán, El Cajas National Park, Cuenca, Province of Azuay",Neotropical,South American Transition Zone,Paramo province,Dry forest|Moist forest,GF03005755S,Paramo province,62,0,0,0,0,6,0,0,2,0,5,1,0,0,6,0,1,0,17,0,0,1,9,0,0,0,7,0,35,root,152,12,1.315789474,1.315789474,,12,5.939801
GF03005756S,"Llaviucu, El Cajas National Park, Cuenca, Province of Azuay",Neotropical,South American Transition Zone,Paramo province,Moist forest|Wet forest,GF03005756S,Paramo province,64,0,0,0,2,2,0,0,2,1,2,1,2,0,10,0,0,3,13,0,0,0,12,0,0,0,8,0,7,root,129,14,1.550387597,1.550387597,,14,6.138173
GF03005757S,"Mazán, El Cajas National Park, Cuenca, Province of Azuay",Neotropical,South American Transition Zone,Paramo province,Dry forest|Moist forest,GF03005757S,Paramo province,2,0,0,0,0,0,0,0,0,0,1,0,0,0,1,0,0,0,0,0,0,0,1,0,0,0,0,0,5,root,10,5,0,0,,5,3.89322
GF03005758S,"Llaviucu, El Cajas National Park, Cuenca, Province of Azuay",Neotropical,South American Transition Zone,Paramo province,Moist forest|Wet forest,GF03005758S,Paramo province,39,0,0,0,0,0,0,0,2,0,2,2,0,0,3,0,1,2,6,1,0,1,12,0,0,0,6,0,13,root,90,13,2.222222222,2.222222222,,13,6.50986
GF03005759S,"Llaviucu, El Cajas National Park, Cuenca, Province of Azuay",Neotropical,South American Transition Zone,Paramo province,Moist forest|Wet forest,GF03005759S,Paramo province,18,0,0,0,0,0,0,0,2,0,0,0,0,0,2,0,1,0,5,0,0,2,2,0,0,0,0,0,7,root,39,8,5.128205128,5.128205128,,8,5.112844
GF03005760S,"Mazán, El Cajas National Park, Cuenca, Province of Azuay",Neotropical,South American Transition Zone,Paramo province,Dry forest|Moist forest,GF03005760S,Paramo province,7,0,0,0,0,0,0,0,0,0,1,0,0,0,0,0,0,0,0,0,0,0,1,0,0,0,0,0,2,root,11,4,0,0,,4,2.811061
GF03005761S,"Mazán, El Cajas National Park, Cuenca, Province of Azuay",Neotropical,South American Transition Zone,Paramo province,Dry forest|Moist forest,GF03005761S,Paramo province,4,0,0,0,1,0,0,0,4,0,0,0,0,0,2,0,0,0,2,0,0,0,3,0,0,0,0,0,4,root,20,7,20,20,,7,6.42717
GF03005762S,"Llaviucu, El Cajas National Park, Cuenca, Province of Azuay",Neotropical,South American Transition Zone,Paramo province,Moist forest|Wet forest,GF03005762S,Paramo province,23,0,0,0,0,0,0,0,2,0,1,1,0,0,5,0,2,0,6,0,0,0,4,0,0,0,1,0,37,root,82,10,2.43902439,2.43902439,,10,4.793485
GF03005763S,"Mazán, El Cajas National Park, Cuenca, Province of Azuay",Neotropical,South American Transition Zone,Paramo province,Dry forest|Moist forest,GF03005763S,Paramo province,44,0,0,0,2,0,0,0,1,1,1,1,0,0,7,0,3,0,4,0,0,0,8,0,0,0,3,0,12,root,87,12,1.149425287,1.149425287,,12,5.507443
GF03005764S,"Llaviucu, El Cajas National Park, Cuenca, Province of Azuay",Neotropical,South American Transition Zone,Paramo province,Moist forest|Wet forest,GF03005764S,Paramo province,42,0,0,0,3,0,0,0,3,0,2,0,0,0,2,0,0,0,8,1,0,0,6,0,0,0,1,0,6,root,74,10,4.054054054,4.054054054,,10,4.668234
GF03005765S,"Llaviucu, El Cajas National Park, Cuenca, Province of Azuay",Neotropical,South American Transition Zone,Paramo province,Moist forest|Wet forest,GF03005765S,Paramo province,5,0,0,0,0,0,0,0,0,1,0,0,0,0,0,0,0,0,1,0,0,0,0,0,0,0,0,0,17,root,24,4,0,0,,4,2.306877
GF03005766S,"Mazán, El Cajas National Park, Cuenca, Province of Azuay",Neotropical,South American Transition Zone,Paramo province,Dry forest|Moist forest,GF03005766S,Paramo province,1,0,0,0,0,0,0,0,1,0,0,0,0,0,0,0,0,0,1,0,0,0,0,0,0,0,0,0,6,root,9,4,11.11111111,11.11111111,,4,2.725681
GF03005767S,"Llaviucu, El Cajas National Park, Cuenca, Province of Azuay",Neotropical,South American Transition Zone,Paramo province,Moist forest|Wet forest,GF03005767S,Paramo province,41,0,0,0,4,1,0,0,1,0,0,0,0,1,4,0,1,0,5,0,0,2,8,0,0,0,2,0,14,root,84,12,1.19047619,1.19047619,,12,5.581849
GF03005768S,"Mazán, El Cajas National Park, Cuenca, Province of Azuay",Neotropical,South American Transition Zone,Paramo province,Dry forest|Moist forest,GF03005768S,Paramo province,31,0,0,0,1,0,0,0,0,0,0,1,2,1,7,0,2,0,8,0,0,0,7,0,0,0,0,0,8,root,68,10,0,0,,10,5.603163
GF03005769S,"Mazán, El Cajas National Park, Cuenca, Province of Azuay",Neotropical,South American Transition Zone,Paramo province,Dry forest|Moist forest,GF03005769S,Paramo province,36,0,0,0,0,4,0,0,1,0,2,1,0,0,8,0,0,0,2,0,0,0,10,0,0,0,3,0,5,root,72,10,1.388888889,1.388888889,,10,5.264507
GF03005770S,"Llaviucu, El Cajas National Park, Cuenca, Province of Azuay",Neotropical,South American Transition Zone,Paramo province,Moist forest|Wet forest,GF03005770S,Paramo province,38,0,0,0,0,8,0,0,0,0,0,0,0,0,3,0,1,0,14,0,0,0,4,0,0,0,0,0,2,root,70,7,0,0,,7,3.904928
GF03005771S,"Mazán, El Cajas National Park, Cuenca, Province of Azuay",Neotropical,South American Transition Zone,Paramo province,Dry forest|Moist forest,GF03005771S,Paramo province,24,0,0,0,2,0,0,0,1,0,2,0,0,0,9,0,3,0,7,0,0,0,8,0,0,0,1,0,15,root,72,10,1.388888889,1.388888889,,10,6.514081
GF03005772S,"Llaviucu, El Cajas National Park, Cuenca, Province of Azuay",Neotropical,South American Transition Zone,Paramo province,Moist forest|Wet forest,GF03005772S,Paramo province,16,0,0,0,0,0,0,0,1,0,1,0,0,1,0,0,0,0,5,0,0,0,2,0,0,0,2,0,4,root,32,8,3.125,3.125,,8,4.79722
GF03005773S,"Mazán, El Cajas National Park, Cuenca, Province of Azuay",Neotropical,South American Transition Zone,Paramo province,Dry forest|Moist forest,GF03005773S,Paramo province,45,0,0,0,0,0,0,0,0,0,0,0,0,0,9,0,0,0,4,0,0,0,4,0,0,0,0,0,6,root,68,5,0,0,,5,2.969501
GF03005774S,"Llaviucu, El Cajas National Park, Cuenca, Province of Azuay",Neotropical,South American Transition Zone,Paramo province,Moist forest|Wet forest,GF03005774S,Paramo province,37,0,0,1,0,0,0,0,3,0,1,1,1,0,3,0,0,0,9,0,0,0,4,0,0,0,4,0,8,root,72,11,4.166666667,4.166666667,,11,5.310944
GF03005775S,"Mazán, El Cajas National Park, Cuenca, Province of Azuay",Neotropical,South American Transition Zone,Paramo province,Dry forest|Moist forest,GF03005775S,Paramo province,44,0,0,0,2,0,0,0,1,0,1,1,5,0,8,0,8,1,16,0,0,1,16,0,0,0,2,0,19,root,125,14,0.8,0.8,,14,7.287895
GF03005776S,"Mazán, El Cajas National Park, Cuenca, Province of Azuay",Neotropical,South American Transition Zone,Paramo province,Dry forest|Moist forest,GF03005776S,Paramo province,11,0,0,0,0,0,0,0,0,0,1,0,0,0,0,0,0,1,2,0,0,0,2,0,0,0,0,0,4,root,21,6,0,0,,6,4.024489
GF03005777S,"Mazán, El Cajas National Park, Cuenca, Province of Azuay",Neotropical,South American Transition Zone,Paramo province,Dry forest|Moist forest,GF03005777S,Paramo province,3,0,0,0,0,0,0,0,1,0,0,0,0,0,0,0,0,0,2,0,0,0,0,0,0,0,0,0,4,root,10,4,10,10,,4,3.596115
GF03005778S,"Mazán, El Cajas National Park, Cuenca, Province of Azuay",Neotropical,South American Transition Zone,Paramo province,Dry forest|Moist forest,GF03005778S,Paramo province,4,0,0,0,0,0,0,0,0,0,0,0,0,0,1,0,1,0,1,0,0,0,0,0,0,0,1,0,15,root,23,6,0,0,,6,3.090336
GF03005779S,"Mazán, El Cajas National Park, Cuenca, Province of Azuay",Neotropical,South American Transition Zone,Paramo province,Dry forest|Moist forest,GF03005779S,Paramo province,35,0,0,0,3,15,0,0,2,0,0,1,0,0,4,0,1,1,4,0,0,0,4,0,0,0,3,0,5,root,78,12,2.564102564,2.564102564,,12,6.183316
GF03005780S,"Llaviucu, El Cajas National Park, Cuenca, Province of Azuay",Neotropical,South American Transition Zone,Paramo province,Moist forest|Wet forest,GF03005780S,Paramo province,6,0,0,0,0,0,0,0,0,0,0,0,0,0,0,0,1,0,2,0,0,0,2,0,0,0,1,0,10,root,22,6,0,0,,6,4.177548
GF03005781S,"Mazán, El Cajas National Park, Cuenca, Province of Azuay",Neotropical,South American Transition Zone,Paramo province,Dry forest|Moist forest,GF03005781S,Paramo province,78,0,0,0,0,4,0,0,3,0,3,2,1,0,9,0,2,1,23,1,0,2,14,0,0,0,10,0,10,root,163,15,1.840490798,1.840490798,,15,6.27157
GF03005782S,"Mazán, El Cajas National Park, Cuenca, Province of Azuay",Neotropical,South American Transition Zone,Paramo province,Dry forest|Moist forest,GF03005782S,Paramo province,5,0,0,0,1,0,0,0,0,0,0,0,0,0,0,0,0,0,1,0,0,0,1,0,0,0,1,0,14,root,23,6,0,0,,6,3.251881
GF03005783S,"Mazán, El Cajas National Park, Cuenca, Province of Azuay",Neotropical,South American Transition Zone,Paramo province,Dry forest|Moist forest,GF03005783S,Paramo province,26,0,0,0,0,5,0,0,2,0,1,1,0,0,4,0,0,0,11,0,0,0,3,0,0,0,2,0,4,root,59,10,3.389830508,3.389830508,,10,5.856084
GF03005784S,"Mazán, El Cajas National Park, Cuenca, Province of Azuay",Neotropical,South American Transition Zone,Paramo province,Dry forest|Moist forest,GF03005784S,Paramo province,41,0,0,0,1,7,0,0,2,0,0,0,0,0,12,0,2,0,7,0,0,0,8,0,0,0,1,0,5,root,86,10,2.325581395,2.325581395,,10,5.480347
GF03005785S,"Llaviucu, El Cajas National Park, Cuenca, Province of Azuay",Neotropical,South American Transition Zone,Paramo province,Moist forest|Wet forest,GF03005785S,Paramo province,31,0,0,0,0,0,0,0,2,0,0,1,1,0,7,0,2,0,12,0,0,2,5,0,0,0,3,0,14,root,80,11,2.5,2.5,,11,6.377298
GF03005786S,"Mazán, El Cajas National Park, Cuenca, Province of Azuay",Neotropical,South American Transition Zone,Paramo province,Dry forest|Moist forest,GF03005786S,Paramo province,9,0,0,0,0,0,0,0,0,0,0,0,0,0,0,0,0,0,1,0,0,0,0,0,0,0,0,0,5,root,15,3,0,0,,3,2.347231
GF03005787S,"Llaviucu, El Cajas National Park, Cuenca, Province of Azuay",Neotropical,South American Transition Zone,Paramo province,Moist forest|Wet forest,GF03005787S,Paramo province,39,0,0,0,0,1,0,0,2,0,4,1,0,0,6,0,1,0,8,0,0,1,5,0,0,0,4,0,9,root,81,12,2.469135802,2.469135802,,12,6.018845
GF03005788S,"Llaviucu, El Cajas National Park, Cuenca, Province of Azuay",Neotropical,South American Transition Zone,Paramo province,Moist forest|Wet forest,GF03005788S,Paramo province,50,0,0,0,0,1,0,0,1,0,1,0,0,0,4,0,3,0,13,0,0,1,17,0,0,0,4,0,11,root,106,11,0.943396226,0.943396226,,11,5.283748
GF03005789S,"Mazán, El Cajas National Park, Cuenca, Province of Azuay",Neotropical,South American Transition Zone,Paramo province,Dry forest|Moist forest,GF03005789S,Paramo province,41,0,0,0,1,2,0,0,2,0,2,1,0,0,14,0,1,0,12,0,0,1,7,0,0,0,4,0,19,root,107,13,1.869158879,1.869158879,,13,6.58671
GF03005790S,"Llaviucu, El Cajas National Park, Cuenca, Province of Azuay",Neotropical,South American Transition Zone,Paramo province,Moist forest|Wet forest,GF03005790S,Paramo province,20,0,0,0,1,0,0,0,2,0,0,0,0,0,4,0,0,0,7,0,0,0,3,0,0,0,1,0,10,root,48,8,4.166666667,4.166666667,,8,5.188406
GF03005791S,"Llaviucu, El Cajas National Park, Cuenca, Province of Azuay",Neotropical,South American Transition Zone,Paramo province,Moist forest|Wet forest,GF03005791S,Paramo province,15,0,0,0,2,0,0,0,1,0,0,0,0,0,2,0,0,0,4,0,0,0,2,0,0,0,0,0,9,root,35,7,2.857142857,2.857142857,,7,4.723243
GF03005792S,"Llaviucu, El Cajas National Park, Cuenca, Province of Azuay",Neotropical,South American Transition Zone,Paramo province,Moist forest|Wet forest,GF03005792S,Paramo province,7,0,0,0,0,0,0,0,0,0,3,0,0,2,5,0,3,0,5,0,0,0,8,0,0,0,1,0,9,root,43,9,0,0,,9,7.674053
GF03005793S,"Llaviucu, El Cajas National Park, Cuenca, Province of Azuay",Neotropical,South American Transition Zone,Paramo province,Moist forest|Wet forest,GF03005793S,Paramo province,32,0,0,0,1,2,0,0,1,0,2,0,0,0,1,0,1,0,3,0,0,0,9,0,0,0,2,0,15,root,69,11,1.449275362,1.449275362,,11,5.17308
GF03005794S,"Llaviucu, El Cajas National Park, Cuenca, Province of Azuay",Neotropical,South American Transition Zone,Paramo province,Moist forest|Wet forest,GF03005794S,Paramo province,56,0,0,0,2,0,0,0,4,0,1,2,0,0,10,0,2,0,13,1,0,0,15,0,0,0,1,0,10,root,117,12,3.418803419,3.418803419,,12,5.622546
GF03005795S,"Mazán, El Cajas National Park, Cuenca, Province of Azuay",Neotropical,South American Transition Zone,Paramo province,Dry forest|Moist forest,GF03005795S,Paramo province,64,0,0,0,0,10,0,1,3,1,2,2,0,0,8,0,1,0,12,0,0,1,13,0,0,0,2,0,8,root,128,14,2.34375,2.34375,,14,5.936183
GF03005796S,"Llaviucu, El Cajas National Park, Cuenca, Province of Azuay",Neotropical,South American Transition Zone,Paramo province,Moist forest|Wet forest,GF03005796S,Paramo province,16,0,0,0,2,0,0,0,1,0,1,0,0,1,1,0,0,0,4,0,0,0,2,0,0,0,3,0,7,root,38,10,2.631578947,2.631578947,,10,6.086676
GF03005797S,"Mazán, El Cajas National Park, Cuenca, Province of Azuay",Neotropical,South American Transition Zone,Paramo province,Dry forest|Moist forest,GF03005797S,Paramo province,13,0,0,0,0,0,0,0,2,0,0,3,0,0,0,0,1,0,16,0,0,0,0,0,0,0,0,0,3,root,38,6,5.263157895,5.263157895,,6,3.985852
GF03005798S,"Mazán, El Cajas National Park, Cuenca, Province of Azuay",Neotropical,South American Transition Zone,Paramo province,Dry forest|Moist forest,GF03005798S,Paramo province,9,0,0,0,0,2,0,0,1,0,1,0,0,0,1,0,0,0,5,0,0,0,0,0,0,0,0,0,2,root,21,7,4.761904762,4.761904762,,7,4.892127
GF03005799S,"Mazán, El Cajas National Park, Cuenca, Province of Azuay",Neotropical,South American Transition Zone,Paramo province,Dry forest|Moist forest,GF03005799S,Paramo province,41,0,0,0,0,3,0,0,2,0,1,0,2,0,1,0,1,1,4,0,0,0,7,0,0,0,1,0,8,root,72,12,2.777777778,2.777777778,,12,4.857181
GF03005800S,"Mazán, El Cajas National Park, Cuenca, Province of Azuay",Neotropical,South American Transition Zone,Paramo province,Dry forest|Moist forest,GF03005800S,Paramo province,34,0,0,0,0,4,0,0,2,0,0,1,0,0,2,0,0,0,1,0,0,0,3,0,0,0,1,0,20,root,68,9,2.941176471,2.941176471,,9,4.073251
GF03005801S,"Mazán, El Cajas National Park, Cuenca, Province of Azuay",Neotropical,South American Transition Zone,Paramo province,Dry forest|Moist forest,GF03005801S,Paramo province,6,0,0,0,0,0,0,0,1,0,0,0,0,0,5,0,0,0,1,0,0,0,0,0,0,0,0,0,15,root,28,5,3.571428571,3.571428571,,5,3.353871
GF03005802S,"Mazán, El Cajas National Park, Cuenca, Province of Azuay",Neotropical,South American Transition Zone,Paramo province,Dry forest|Moist forest,GF03005802S,Paramo province,67,0,0,0,2,3,0,0,3,0,3,1,3,0,11,0,5,1,24,0,0,2,14,3,0,0,5,0,12,root,159,16,1.886792453,1.886792453,,16,7.458127
GF03005803S,"Mazán, El Cajas National Park, Cuenca, Province of Azuay",Neotropical,South American Transition Zone,Paramo province,Dry forest|Moist forest,GF03005803S,Paramo province,42,0,0,0,0,6,0,0,1,0,1,0,0,0,2,0,1,0,6,0,0,0,6,0,0,0,1,0,18,root,84,10,1.19047619,1.19047619,,10,4.674698
GF03005804S,"Llaviucu, El Cajas National Park, Cuenca, Province of Azuay",Neotropical,South American Transition Zone,Paramo province,Moist forest|Wet forest,GF03005804S,Paramo province,49,0,0,0,4,3,0,0,1,0,1,2,0,0,2,0,1,1,19,1,0,0,18,0,0,0,1,0,13,root,116,14,0.862068966,0.862068966,,14,5.997114
GF03005805S,"Mazán, El Cajas National Park, Cuenca, Province of Azuay",Neotropical,South American Transition Zone,Paramo province,Dry forest|Moist forest,GF03005805S,Paramo province,30,0,0,0,0,8,0,0,1,0,1,0,0,0,10,0,0,0,4,0,0,2,3,0,0,0,3,0,9,root,71,10,1.408450704,1.408450704,,10,6.037288
GF03005806S,"Llaviucu, El Cajas National Park, Cuenca, Province of Azuay",Neotropical,South American Transition Zone,Paramo province,Moist forest|Wet forest,GF03005806S,Paramo province,15,0,0,0,1,0,0,0,0,0,1,0,1,3,2,0,0,0,2,0,0,0,2,0,0,0,0,0,4,root,31,9,0,0,,9,5.497474
GF03005807S,"Llaviucu, El Cajas National Park, Cuenca, Province of Azuay",Neotropical,South American Transition Zone,Paramo province,Moist forest|Wet forest,GF03005807S,Paramo province,3,0,0,0,0,0,0,0,0,1,0,0,0,0,0,0,0,0,1,0,0,0,2,0,0,0,1,0,4,root,12,6,0,0,,6,5.11732
GF03005808S,"Llaviucu, El Cajas National Park, Cuenca, Province of Azuay",Neotropical,South American Transition Zone,Paramo province,Moist forest|Wet forest,GF03005808S,Paramo province,19,0,0,0,1,0,0,0,0,0,1,0,1,0,8,0,1,0,7,0,0,0,2,0,0,0,1,0,15,root,56,10,0,0,,10,5.674134
GF03005809S,"Llaviucu, El Cajas National Park, Cuenca, Province of Azuay",Neotropical,South American Transition Zone,Paramo province,Moist forest|Wet forest,GF03005809S,Paramo province,19,0,0,0,0,0,0,0,1,0,3,0,1,0,2,0,2,0,6,0,0,0,10,0,0,0,1,0,15,root,60,10,1.666666667,1.666666667,,10,6.177081
GF03005810S,"Mazán, El Cajas National Park, Cuenca, Province of Azuay",Neotropical,South American Transition Zone,Paramo province,Dry forest|Moist forest,GF03005810S,Paramo province,16,0,0,0,0,0,0,0,3,0,1,2,0,0,2,0,1,0,7,0,0,0,2,0,0,0,1,0,6,root,41,10,7.317073171,7.317073171,,10,6.393786
GF03005811S,"Llaviucu, El Cajas National Park, Cuenca, Province of Azuay",Neotropical,South American Transition Zone,Paramo province,Moist forest|Wet forest,GF03005811S,Paramo province,57,0,0,0,1,19,0,0,3,1,0,0,0,0,10,0,1,0,8,0,0,1,17,0,0,0,1,0,5,root,124,12,2.419354839,2.419354839,,12,5.533762
GF03005812S,"Llaviucu, El Cajas National Park, Cuenca, Province of Azuay",Neotropical,South American Transition Zone,Paramo province,Moist forest|Wet forest,GF03005812S,Paramo province,104,0,0,0,0,4,0,0,3,0,5,3,2,0,18,0,0,2,14,0,0,0,16,0,0,0,4,0,12,root,187,12,1.604278075,1.604278075,,12,5.069467
GF03005813S,"Mazán, El Cajas National Park, Cuenca, Province of Azuay",Neotropical,South American Transition Zone,Paramo province,Dry forest|Moist forest,GF03005813S,Paramo province,14,0,0,0,0,0,0,0,1,0,1,0,0,0,3,0,1,0,8,0,0,0,3,0,0,0,0,0,14,root,45,8,2.222222222,2.222222222,,8,5.198771
GF03005814S,"Llaviucu, El Cajas National Park, Cuenca, Province of Azuay",Neotropical,South American Transition Zone,Paramo province,Moist forest|Wet forest,GF03005814S,Paramo province,31,0,0,0,0,4,0,0,2,0,1,1,0,0,3,0,0,0,13,0,0,0,4,0,0,0,3,0,7,root,69,10,2.898550725,2.898550725,,10,5.66488
GF03005815S,"Mazán, El Cajas National Park, Cuenca, Province of Azuay",Neotropical,South American Transition Zone,Paramo province,Dry forest|Moist forest,GF03005815S,Paramo province,42,0,0,0,1,0,0,0,0,1,2,0,0,0,4,0,1,0,5,0,0,3,11,0,0,0,1,0,8,root,79,11,0,0,,11,4.985577
GF03005816S,"Mazán, El Cajas National Park, Cuenca, Province of Azuay",Neotropical,South American Transition Zone,Paramo province,Dry forest|Moist forest,GF03005816S,Paramo province,37,0,0,0,0,1,0,0,2,0,3,1,1,0,6,0,1,0,12,0,0,0,1,0,0,0,3,0,11,root,79,12,2.53164557,2.53164557,,12,5.639809
GF03005817S,"Mazán, El Cajas National Park, Cuenca, Province of Azuay",Neotropical,South American Transition Zone,Paramo province,Dry forest|Moist forest,GF03005817S,Paramo province,30,0,0,0,1,0,0,0,3,0,5,1,0,0,3,0,1,0,4,0,0,0,4,0,0,0,1,0,9,root,62,11,4.838709677,4.838709677,,11,5.739972
GF03005818S,"Mazán, El Cajas National Park, Cuenca, Province of Azuay",Neotropical,South American Transition Zone,Paramo province,Dry forest|Moist forest,GF03005818S,Paramo province,25,0,0,0,0,1,0,0,2,0,1,1,0,0,4,0,0,0,7,0,0,0,1,0,0,0,2,0,10,root,54,10,3.703703704,3.703703704,,10,5.291378
GF03005819S,"Llaviucu, El Cajas National Park, Cuenca, Province of Azuay",Neotropical,South American Transition Zone,Paramo province,Moist forest|Wet forest,GF03005819S,Paramo province,31,0,0,0,0,0,0,0,2,0,2,0,0,0,2,0,1,0,13,0,0,0,6,0,0,0,0,0,9,root,66,8,3.03030303,3.03030303,,8,4.692577
GF03005820S,"Llaviucu, El Cajas National Park, Cuenca, Province of Azuay",Neotropical,South American Transition Zone,Paramo province,Moist forest|Wet forest,GF03005820S,Paramo province,27,0,0,0,0,2,0,0,2,0,0,0,0,0,1,0,2,0,4,0,0,0,1,0,0,0,0,0,6,root,45,8,4.444444444,4.444444444,,8,3.953548
GF03005821S,"Llaviucu, El Cajas National Park, Cuenca, Province of Azuay",Neotropical,South American Transition Zone,Paramo province,Moist forest|Wet forest,GF03005821S,Paramo province,10,0,0,0,0,3,0,0,1,0,0,0,0,0,2,0,0,0,1,0,0,0,4,0,0,0,0,0,16,root,37,7,2.702702703,2.702702703,,7,4.54136
GF03005822S,"Llaviucu, El Cajas National Park, Cuenca, Province of Azuay",Neotropical,South American Transition Zone,Paramo province,Moist forest|Wet forest,GF03005822S,Paramo province,3,0,0,0,0,0,0,0,0,0,0,0,0,0,1,0,0,0,1,0,0,0,1,0,0,0,1,0,5,root,12,6,0,0,,6,4.662979
GF03005823S,"Llaviucu, El Cajas National Park, Cuenca, Province of Azuay",Neotropical,South American Transition Zone,Paramo province,Moist forest|Wet forest,GF03005823S,Paramo province,38,0,0,0,3,0,0,0,1,1,3,0,1,2,4,0,1,0,11,0,0,0,7,0,0,0,3,0,8,root,83,13,1.204819277,1.204819277,,13,6.478358
GF03005824S,"Mazán, El Cajas National Park, Cuenca, Province of Azuay",Neotropical,South American Transition Zone,Paramo province,Dry forest|Moist forest,GF03005824S,Paramo province,6,0,0,0,0,0,0,0,0,0,3,0,0,0,4,0,0,0,4,0,0,0,0,0,0,0,0,0,3,root,20,5,0,0,,5,4.82641
GF03005825S,"Mazán, El Cajas National Park, Cuenca, Province of Azuay",Neotropical,South American Transition Zone,Paramo province,Dry forest|Moist forest,GF03005825S,Paramo province,23,0,0,0,2,3,0,0,1,0,1,0,0,0,4,0,2,1,5,0,0,0,4,0,0,0,0,0,23,root,69,11,1.449275362,1.449275362,,11,5.920809
GF03005826S,"Llaviucu, El Cajas National Park, Cuenca, Province of Azuay",Neotropical,South American Transition Zone,Paramo province,Moist forest|Wet forest,GF03005826S,Paramo province,7,0,0,0,1,0,0,0,0,0,1,0,1,0,2,0,1,0,1,0,0,0,2,0,0,0,1,0,12,root,29,10,0,0,,10,5.892908
GF03005827S,"Mazán, El Cajas National Park, Cuenca, Province of Azuay",Neotropical,South American Transition Zone,Paramo province,Dry forest|Moist forest,GF03005827S,Paramo province,64,0,0,0,0,19,0,0,0,0,0,0,0,0,1,0,0,0,2,0,0,1,8,0,0,0,1,0,4,root,100,8,0,0,,8,3.153054
GF03005828S,"Mazán, El Cajas National Park, Cuenca, Province of Azuay",Neotropical,South American Transition Zone,Paramo province,Dry forest|Moist forest,GF03005828S,Paramo province,39,0,0,0,0,15,0,0,4,0,0,0,0,0,3,0,0,1,4,0,0,1,1,0,0,0,0,0,2,root,70,9,5.714285714,5.714285714,,9,4.062304
GF03005829S,"Mazán, El Cajas National Park, Cuenca, Province of Azuay",Neotropical,South American Transition Zone,Paramo province,Dry forest|Moist forest,GF03005829S,Paramo province,16,0,0,0,0,0,0,0,0,2,0,0,0,0,1,0,1,0,2,0,0,0,3,0,0,0,2,0,18,root,45,8,0,0,,8,4.477407
GF03005830S,"Llaviucu, El Cajas National Park, Cuenca, Province of Azuay",Neotropical,South American Transition Zone,Paramo province,Moist forest|Wet forest,GF03005830S,Paramo province,92,0,0,0,6,9,0,0,2,0,2,1,0,2,6,0,2,3,34,0,0,9,18,0,0,0,4,0,24,root,214,15,0.934579439,0.934579439,,15,6.751219
GF03005831S,"Llaviucu, El Cajas National Park, Cuenca, Province of Azuay",Neotropical,South American Transition Zone,Paramo province,Moist forest|Wet forest,GF03005831S,Paramo province,30,0,0,0,0,0,0,0,1,0,1,0,0,0,2,0,1,0,8,0,0,0,9,0,0,0,0,0,6,root,58,8,1.724137931,1.724137931,,8,4.323991
GF03005832S,"Llaviucu, El Cajas National Park, Cuenca, Province of Azuay",Neotropical,South American Transition Zone,Paramo province,Moist forest|Wet forest,GF03005832S,Paramo province,30,0,0,0,2,1,0,0,1,0,2,0,0,0,5,0,1,0,17,0,0,0,8,0,0,0,1,0,5,root,73,11,1.369863014,1.369863014,,11,5.734967
GF03005833S,"Llaviucu, El Cajas National Park, Cuenca, Province of Azuay",Neotropical,South American Transition Zone,Paramo province,Moist forest|Wet forest,GF03005833S,Paramo province,11,0,0,0,1,0,0,0,1,0,0,0,0,0,3,0,0,0,0,0,0,0,4,0,0,0,2,0,16,root,38,7,2.631578947,2.631578947,,7,4.512779
GF03005834S,"Mazán, El Cajas National Park, Cuenca, Province of Azuay",Neotropical,South American Transition Zone,Paramo province,Dry forest|Moist forest,GF03005834S,Paramo province,35,0,0,0,1,2,0,0,0,0,0,0,0,0,3,0,0,0,2,0,0,0,3,0,0,0,0,0,7,root,53,7,0,0,,7,3.282907
GF03006825S,Maquenque National Wildlife Refuge,Neotropical,Pacific,Guatuso-Talamanca province,Moist forest|Wet forest,GF03006825S,Guatuso-Talamanca province,263,0,0,0,10,0,0,2,0,0,5,0,0,0,36,0,13,2,43,1,0,1,21,0,0,0,13,0,42,soil,452,13,0,0,,13,4.558873
GF03006826S,Maquenque National Wildlife Refuge,Neotropical,Pacific,Guatuso-Talamanca province,Moist forest|Wet forest,GF03006826S,Guatuso-Talamanca province,204,0,0,0,4,7,0,1,0,0,1,1,0,0,23,0,7,7,33,1,0,0,19,0,0,0,1,0,20,soil,329,14,0,0,,14,4.201204
GF03006827S,Maquenque National Wildlife Refuge,Neotropical,Pacific,Guatuso-Talamanca province,Moist forest|Wet forest,GF03006827S,Guatuso-Talamanca province,216,0,0,0,3,9,0,0,0,0,1,2,0,0,21,0,5,27,17,1,0,0,18,0,0,0,3,0,27,soil,350,13,0,0,,13,4.309834
GF03006828S,Maquenque National Wildlife Refuge,Neotropical,Pacific,Guatuso-Talamanca province,Moist forest|Wet forest,GF03006828S,Guatuso-Talamanca province,154,0,0,0,4,4,0,1,1,0,4,2,0,0,5,0,7,50,18,1,0,1,23,0,0,0,2,0,14,soil,291,16,0.343642612,0.343642612,,16,5.159399
GF03006829S,Maquenque National Wildlife Refuge,Neotropical,Pacific,Guatuso-Talamanca province,Moist forest|Wet forest,GF03006829S,Guatuso-Talamanca province,99,0,0,0,2,0,0,1,1,0,2,2,0,0,14,0,6,3,14,1,0,1,13,0,0,0,1,0,12,soil,172,15,0.581395349,0.581395349,,15,4.952747
GF03006830S,Maquenque National Wildlife Refuge,Neotropical,Pacific,Guatuso-Talamanca province,Moist forest|Wet forest,GF03006830S,Guatuso-Talamanca province,155,0,0,0,10,0,0,2,0,0,4,1,0,0,24,0,15,2,29,1,0,2,19,0,0,0,7,0,41,soil,312,14,0,0,,14,5.662906
GF03006831S,Maquenque National Wildlife Refuge,Neotropical,Pacific,Guatuso-Talamanca province,Moist forest|Wet forest,GF03006831S,Guatuso-Talamanca province,149,0,0,0,3,2,0,0,0,0,2,1,0,0,17,0,11,7,26,0,0,0,26,0,0,0,2,0,19,soil,265,12,0,0,,12,4.734773
GF03006832S,Maquenque National Wildlife Refuge,Neotropical,Pacific,Guatuso-Talamanca province,Moist forest|Wet forest,GF03006832S,Guatuso-Talamanca province,214,0,0,0,2,3,0,1,0,0,2,2,0,1,30,0,7,2,18,1,0,1,15,1,0,0,8,0,31,soil,339,17,0,0,,17,4.199587
GF03006833S,Maquenque National Wildlife Refuge,Neotropical,Pacific,Guatuso-Talamanca province,Moist forest|Wet forest,GF03006833S,Guatuso-Talamanca province,206,0,0,0,3,2,0,1,0,0,1,1,0,0,18,0,8,7,19,1,0,2,22,0,0,0,0,0,24,soil,315,14,0,0,,14,3.865949
GF03006834S,Maquenque National Wildlife Refuge,Neotropical,Pacific,Guatuso-Talamanca province,Moist forest|Wet forest,GF03006834S,Guatuso-Talamanca province,187,0,0,0,4,6,0,0,0,0,3,0,0,0,13,0,5,9,15,1,0,0,18,0,0,0,2,0,21,soil,284,12,0,0,,12,3.911651
GF03006835S,Maquenque National Wildlife Refuge,Neotropical,Pacific,Guatuso-Talamanca province,Moist forest|Wet forest,GF03006835S,Guatuso-Talamanca province,232,0,0,0,6,4,0,0,0,1,5,4,0,0,31,0,7,4,24,1,0,0,21,0,0,0,12,0,37,soil,389,14,0,0,,14,4.640549
GF03006836S,Maquenque National Wildlife Refuge,Neotropical,Pacific,Guatuso-Talamanca province,Moist forest|Wet forest,GF03006836S,Guatuso-Talamanca province,73,0,0,0,6,0,0,1,0,0,1,0,0,0,12,0,11,4,36,1,0,0,21,0,0,0,4,0,25,soil,195,12,0,0,,12,6.452831
GF03006837S,Maquenque National Wildlife Refuge,Neotropical,Pacific,Guatuso-Talamanca province,Moist forest|Wet forest,GF03006837S,Guatuso-Talamanca province,142,0,0,0,2,3,0,1,0,0,1,1,0,0,16,0,7,4,16,1,0,2,27,0,0,0,2,0,12,soil,237,15,0,0,,15,4.530213
GF03006838S,Maquenque National Wildlife Refuge,Neotropical,Pacific,Guatuso-Talamanca province,Moist forest|Wet forest,GF03006838S,Guatuso-Talamanca province,111,0,0,0,2,2,0,0,0,0,1,1,0,0,12,0,5,6,12,1,0,0,16,0,0,0,1,0,13,soil,183,13,0,0,,13,4.412777
GF03006839S,Maquenque National Wildlife Refuge,Neotropical,Pacific,Guatuso-Talamanca province,Moist forest|Wet forest,GF03006839S,Guatuso-Talamanca province,188,0,0,0,4,7,0,0,0,0,0,4,0,0,14,0,10,5,24,2,0,0,20,0,0,0,2,0,14,soil,294,12,0,0,,12,4.142788
GF03006840S,Maquenque National Wildlife Refuge,Neotropical,Pacific,Guatuso-Talamanca province,Moist forest|Wet forest,GF03006840S,Guatuso-Talamanca province,144,0,0,0,3,3,0,0,0,0,1,0,0,0,14,0,7,3,15,1,0,1,23,0,0,0,0,0,19,soil,234,12,0,0,,12,4.127847
GF03006841S,Maquenque National Wildlife Refuge,Neotropical,Pacific,Guatuso-Talamanca province,Moist forest|Wet forest,GF03006841S,Guatuso-Talamanca province,152,0,0,0,8,0,0,0,0,0,2,2,0,0,25,0,6,8,27,1,0,0,29,0,0,0,10,0,40,soil,310,12,0,0,,12,5.531125
GF03006842S,Maquenque National Wildlife Refuge,Neotropical,Pacific,Guatuso-Talamanca province,Moist forest|Wet forest,GF03006842S,Guatuso-Talamanca province,184,0,0,0,5,4,0,2,0,0,2,1,0,0,11,0,9,8,20,1,0,0,15,0,0,0,1,0,23,soil,286,14,0,0,,14,4.139166
GF03007153S,"La Bellaca, Buenos Aires",Neotropical,Chacoan,Pampean province,Dry forest|Moist forest,GF03007153S,Pampean province,56,0,0,0,4,1,0,4,5,0,0,2,0,0,4,0,2,0,6,0,0,0,16,0,0,0,3,0,5,soil,108,12,4.62962963,4.62962963,,12,5.614609
GF03007154S,"Manantiales, Buenos Aires",Neotropical,Chacoan,Pampean province,Dry forest|Moist forest,GF03007154S,Pampean province,51,0,0,0,2,3,0,2,1,0,1,3,0,0,7,0,4,5,20,0,0,0,19,0,0,0,1,0,1,soil,120,14,0.833333333,0.833333333,,14,6.33543
GF03007155S,"Manantiales, Buenos Aires",Neotropical,Chacoan,Pampean province,Dry forest|Moist forest,GF03007155S,Pampean province,53,0,0,0,1,12,0,6,2,0,0,2,0,2,7,0,0,0,16,0,0,0,13,0,0,0,0,0,2,soil,116,11,1.724137931,1.724137931,,11,5.781915
GF03007156S,"La Bellaca, Buenos Aires",Neotropical,Chacoan,Pampean province,Dry forest|Moist forest,GF03007156S,Pampean province,61,0,0,0,3,2,0,4,4,0,1,1,0,0,9,0,2,1,6,0,0,0,15,0,0,0,2,0,3,soil,114,14,3.50877193,3.50877193,,14,5.589237
GF03007157S,"Manantiales, Buenos Aires",Neotropical,Chacoan,Pampean province,Dry forest|Moist forest,GF03007157S,Pampean province,51,0,0,0,0,7,0,4,1,0,0,2,0,1,10,0,5,1,19,0,0,0,16,0,0,0,0,0,8,soil,125,12,0.8,0.8,,12,6.524677
GF03007158S,"Manantiales, Buenos Aires",Neotropical,Chacoan,Pampean province,Dry forest|Moist forest,GF03007158S,Pampean province,39,0,0,0,2,11,0,4,0,0,0,2,0,2,16,0,2,0,27,0,0,0,19,1,0,0,0,0,9,soil,134,12,0,0,,12,7.328432
GF03007159S,"Manantiales, Buenos Aires",Neotropical,Chacoan,Pampean province,Dry forest|Moist forest,GF03007159S,Pampean province,37,0,0,0,1,5,0,3,1,0,0,2,0,0,6,0,1,4,17,0,0,0,8,0,0,0,0,0,0,soil,85,11,1.176470588,1.176470588,,11,5.853348
GF03007160S,"Manantiales, Buenos Aires",Neotropical,Chacoan,Pampean province,Dry forest|Moist forest,GF03007160S,Pampean province,42,0,0,0,1,10,0,3,0,0,1,2,0,1,3,0,0,0,9,0,0,0,6,0,0,0,1,0,4,soil,83,12,0,0,,12,5.580968
GF03007161S,"La Bellaca, Buenos Aires",Neotropical,Chacoan,Pampean province,Dry forest|Moist forest,GF03007161S,Pampean province,96,0,0,0,5,5,0,10,1,0,1,6,0,0,9,0,5,0,14,0,0,0,17,0,0,0,6,0,15,soil,190,13,0.526315789,0.526315789,,13,6.132401
GF03008831S,Guajira,Neotropical,Pacific,Guajira province,,GF03008831S,Guajira province,0,0,0,0,0,0,0,0,0,0,0,0,0,0,0,0,0,0,0,0,0,0,0,0,0,0,0,0,0,rhizosphere soil,0,0,#DIV/0!,0,,0,1
GF03008832S,Guajira,Neotropical,Pacific,Guajira province,,GF03008832S,Guajira province,0,0,0,0,0,0,0,0,0,0,0,0,0,0,0,0,0,0,0,0,0,0,0,0,0,0,0,0,0,rhizosphere soil,0,0,#DIV/0!,0,,0,1
GF03008833S,Guajira,Neotropical,Pacific,Guajira province,Very dry forest,GF03008833S,Guajira province,0,0,0,0,0,0,0,0,0,0,0,0,0,0,0,0,0,0,0,0,0,0,0,0,0,0,0,0,0,rhizosphere soil,0,0,#DIV/0!,0,,0,1
GF03008836S,Guajira,Neotropical,Pacific,Guajira province,Very dry forest,GF03008836S,Guajira province,0,0,0,0,0,0,0,0,0,0,0,0,0,0,0,0,0,0,0,0,0,0,0,0,0,0,0,0,0,rhizosphere soil,0,0,#DIV/0!,0,,0,1
GF03008839S,Guajira,Neotropical,Pacific,Guajira province,,GF03008839S,Guajira province,0,0,0,0,0,0,0,0,0,0,0,0,0,0,0,0,0,0,0,0,0,0,0,0,0,0,0,0,0,rhizosphere soil,0,0,#DIV/0!,0,,0,1
GF04001210S,"campus of the University of Sao Paulo, Ribeirao Preto, Sao Paulo",Neotropical,Chacoan,Cerrado province,Dry forest|Moist forest,GF04001210S,Cerrado province,51,0,0,0,3,0,0,2,0,0,0,4,0,0,18,0,3,0,17,0,0,2,15,0,0,0,14,0,11,soil,140,11,0,0,,11,6.991717
GF04001211S,"campus of the University of Sao Paulo, Ribeirao Preto, Sao Paulo",Neotropical,Chacoan,Cerrado province,Dry forest|Moist forest,GF04001211S,Cerrado province,82,0,0,0,5,0,0,2,0,0,1,4,0,0,25,0,4,0,20,0,0,2,20,0,0,1,13,0,14,soil,193,13,0,0,,13,6.519831
GF04001212S,"campus of the University of Sao Paulo, Ribeirao Preto, Sao Paulo",Neotropical,Chacoan,Cerrado province,Dry forest|Moist forest,GF04001212S,Cerrado province,93,0,0,0,5,0,0,5,0,0,0,5,0,0,23,0,7,0,26,1,0,2,23,0,0,1,21,0,15,soil,227,13,0,0,,13,6.864477
GF04001213S,"campus of the University of Sao Paulo, Ribeirao Preto, Sao Paulo",Neotropical,Chacoan,Cerrado province,Dry forest|Moist forest,GF04001213S,Cerrado province,73,0,0,0,4,0,0,3,0,0,0,3,0,0,22,0,7,0,24,1,0,1,22,0,0,0,17,0,13,soil,190,12,0,0,,12,6.798904
GF04001214S,"campus of the University of Sao Paulo, Ribeirao Preto, Sao Paulo",Neotropical,Chacoan,Cerrado province,Dry forest|Moist forest,GF04001214S,Cerrado province,85,0,0,0,4,1,0,1,0,0,1,4,0,0,22,0,5,0,23,0,0,1,17,0,0,1,21,0,16,soil,202,14,0,0,,14,6.526531
GF04001215S,"campus of the University of Sao Paulo, Ribeirao Preto, Sao Paulo",Neotropical,Chacoan,Cerrado province,Dry forest|Moist forest,GF04001215S,Cerrado province,90,0,0,0,6,1,0,3,0,0,0,5,0,0,25,0,6,0,26,1,0,2,20,0,0,1,21,0,17,soil,224,14,0,0,,14,6.997341
GF04001216S,"campus of the University of Sao Paulo, Ribeirao Preto, Sao Paulo",Neotropical,Chacoan,Cerrado province,Dry forest|Moist forest,GF04001216S,Cerrado province,82,0,0,0,7,0,0,2,0,0,0,5,0,0,23,0,6,1,30,1,0,1,25,0,0,1,20,0,14,soil,218,14,0,0,,14,7.096003
GF04001217S,"campus of the University of Sao Paulo, Ribeirao Preto, Sao Paulo",Neotropical,Chacoan,Cerrado province,Dry forest|Moist forest,GF04001217S,Cerrado province,101,1,0,0,8,0,0,3,0,0,0,4,0,0,29,0,7,0,38,0,0,3,31,0,0,1,23,0,16,soil,265,13,0,0,,13,6.885514
GF04001218S,"campus of the University of Sao Paulo, Ribeirao Preto, Sao Paulo",Neotropical,Chacoan,Cerrado province,Dry forest|Moist forest,GF04001218S,Cerrado province,51,0,0,0,3,0,0,1,0,0,0,5,0,0,22,0,7,0,19,0,0,2,11,1,0,1,11,0,9,soil,143,13,0,0,,13,7.40649
GF04001292S,Aguarongo forest,Neotropical,South American Transition Zone,Paramo province,Dry forest|Moist forest,GF04001292S,Paramo province,1037,0,0,1,65,19,0,22,33,0,55,6,3,13,201,0,42,6,202,2,1,8,410,3,1,0,94,0,150,soil,2374,22,1.390058972,1.390058972,,22,6.654598
GF04001293S,Aguarongo forest,Neotropical,South American Transition Zone,Paramo province,Dry forest|Moist forest,GF04001293S,Paramo province,911,1,0,2,53,23,0,22,26,3,33,8,7,9,175,0,51,10,189,4,1,10,341,1,1,0,62,0,122,soil,2065,24,1.259079903,1.259079903,,24,6.842176
GF04001294S,Aguarongo forest,Neotropical,South American Transition Zone,Paramo province,Dry forest|Moist forest,GF04001294S,Paramo province,1115,0,0,2,76,17,0,22,35,3,54,12,5,23,222,1,52,4,208,6,1,10,391,3,1,0,94,0,159,soil,2516,24,1.391096979,1.391096979,,24,6.883123
GF04007354S,"Cuieras, Amazonia",Neotropical,Boreal Brazilian,Roraima province,Moist forest,GF04007354S,Roraima province,42,0,0,0,0,0,0,0,0,0,1,1,0,2,10,0,0,0,3,0,0,0,5,1,0,0,3,0,9,litter,77,10,0,0,,10,4.669734
GF04007355S,"Benjamin Constant, Amazonia",Neotropical,South Brazilian,Rondonia province,Moist forest,GF04007355S,Rondonia province,27,0,0,0,3,0,0,0,1,0,0,1,0,0,2,0,7,0,17,0,0,0,8,0,0,0,6,0,3,litter,75,10,1.333333333,1.333333333,,10,6.269225
GF04007356S,"Caxiuana, Amazonia",Neotropical,South-eastern Amazonian,Xingu-Tapajos province,Moist forest,GF04007356S,Xingu-Tapajos province,15,0,0,0,0,0,0,0,0,0,0,0,0,0,0,0,0,0,0,0,0,0,1,0,0,0,0,0,0,soil,16,2,0,0,,2,1.263381
GF04007357S,"Caxiuana, Amazonia",Neotropical,South-eastern Amazonian,Xingu-Tapajos province,Moist forest,GF04007357S,Xingu-Tapajos province,10,0,0,0,1,0,0,0,0,0,0,0,0,0,1,0,14,1,5,0,0,0,7,0,0,0,10,0,2,litter,51,9,0,0,,9,6.37477
GF04007358S,"Caxiuana, Amazonia",Neotropical,South-eastern Amazonian,Xingu-Tapajos province,Moist forest,GF04007358S,Xingu-Tapajos province,6,0,0,0,0,0,0,0,0,0,0,0,0,0,0,0,5,0,0,0,0,0,5,0,0,0,6,0,1,soil,23,5,0,0,,5,4.485758
GF04007359S,"Cuieras, Amazonia",Neotropical,Boreal Brazilian,Roraima province,Moist forest,GF04007359S,Roraima province,23,0,0,0,1,0,0,0,1,0,1,0,0,0,9,0,1,0,8,0,0,1,0,1,0,0,10,0,1,litter,57,11,1.754385965,1.754385965,,11,5.66954
GF04007360S,"Benjamin Constant, Amazonia",Neotropical,South Brazilian,Rondonia province,Moist forest,GF04007360S,Rondonia province,16,0,0,0,3,0,0,0,0,0,0,1,0,0,3,0,5,0,3,0,0,0,3,0,0,0,5,0,11,litter,50,9,0,0,,9,6.7646
GF04007361S,"Benjamin Constant, Amazonia",Neotropical,South Brazilian,Rondonia province,Moist forest,GF04007361S,Rondonia province,56,0,0,0,3,3,0,0,3,0,0,1,0,0,10,0,2,0,8,1,0,0,16,0,0,0,0,0,22,soil,125,11,2.4,2.4,,11,5.576492
GF04007362S,"Jaú, Amazonia",Neotropical,Boreal Brazilian,Imeri province,Moist forest,GF04007362S,Imeri province,42,0,0,0,3,0,0,0,0,0,1,1,0,0,17,0,1,0,16,0,0,0,1,1,0,0,1,0,8,litter,92,11,0,0,,11,4.918964
GF04007363S,"Caxiuana, Amazonia",Neotropical,South-eastern Amazonian,Xingu-Tapajos province,Moist forest,GF04007363S,Xingu-Tapajos province,14,0,0,0,0,0,0,0,0,0,0,3,0,0,2,0,14,4,7,0,0,0,5,0,0,0,16,0,7,litter,72,9,0,0,,9,7.404229
GF04007364S,"Caxiuana, Amazonia",Neotropical,South-eastern Amazonian,Xingu-Tapajos province,Moist forest,GF04007364S,Xingu-Tapajos province,8,0,0,0,0,0,0,0,0,0,0,0,0,0,0,0,1,0,1,0,0,0,1,0,0,0,2,0,8,soil,21,6,0,0,,6,4.031635
GF04007365S,"Cuieras, Amazonia",Neotropical,Boreal Brazilian,Roraima province,Moist forest,GF04007365S,Roraima province,42,0,0,0,0,0,0,0,0,0,0,3,0,0,1,0,0,0,0,0,0,0,3,0,0,0,8,0,9,litter,66,6,0,0,,6,3.188622
GF04007366S,"Caxiuana, Amazonia",Neotropical,South-eastern Amazonian,Xingu-Tapajos province,Moist forest,GF04007366S,Xingu-Tapajos province,3,0,0,0,0,0,0,0,0,0,0,0,0,0,1,0,8,4,5,0,0,0,3,0,0,0,12,0,0,litter,36,7,0,0,,7,5.654495
GF04007367S,"Benjamin Constant, Amazonia",Neotropical,South Brazilian,Rondonia province,Moist forest,GF04007367S,Rondonia province,28,0,0,0,0,0,0,0,1,0,1,0,0,0,1,0,1,0,0,0,0,0,2,0,0,0,3,0,0,litter,37,7,2.702702703,2.702702703,,7,2.618772
GF04007368S,"Cuieras, Amazonia",Neotropical,Boreal Brazilian,Roraima province,Moist forest,GF04007368S,Roraima province,25,0,0,0,1,0,0,0,0,0,1,0,0,0,8,0,0,0,12,0,0,0,0,0,0,0,3,0,2,litter,52,7,0,0,,7,4.138412
GF04007369S,"Cuieras, Amazonia",Neotropical,Boreal Brazilian,Roraima province,Moist forest,GF04007369S,Roraima province,16,0,0,0,0,0,0,0,0,0,0,0,0,0,0,0,1,0,1,0,0,0,0,0,0,0,7,0,1,soil,26,5,0,0,,5,2.795439
GF04007370S,"Jaú, Amazonia",Neotropical,Boreal Brazilian,Imeri province,Moist forest,GF04007370S,Imeri province,6,0,0,0,0,0,0,0,0,0,0,0,0,0,0,0,0,0,0,0,0,0,3,0,0,0,10,0,0,soil,19,3,0,0,,3,2.700044
GF04007371S,"Jaú, Amazonia",Neotropical,Boreal Brazilian,Imeri province,Moist forest,GF04007371S,Imeri province,12,0,0,0,0,0,0,0,0,0,0,0,0,0,3,0,2,0,1,0,0,0,3,0,0,0,19,0,5,litter,45,7,0,0,,7,4.686559
GF04007372S,"Benjamin Constant, Amazonia",Neotropical,South Brazilian,Rondonia province,Moist forest,GF04007372S,Rondonia province,5,0,0,0,3,0,0,0,0,0,0,2,0,0,0,0,7,0,9,0,0,0,2,0,0,0,5,0,7,litter,40,8,0,0,,8,7.094822
GF04007373S,"Caxiuana, Amazonia",Neotropical,South-eastern Amazonian,Xingu-Tapajos province,Moist forest,GF04007373S,Xingu-Tapajos province,6,0,0,0,0,0,0,0,0,1,0,0,0,0,2,0,14,4,6,0,0,0,8,0,0,0,15,0,2,litter,58,9,0,0,,9,6.835525
GF04007374S,"Jaú, Amazonia",Neotropical,Boreal Brazilian,Roraima province,Moist forest,GF04007374S,Roraima province,9,0,0,0,0,0,0,0,0,0,0,0,0,0,0,0,1,0,0,0,0,0,1,0,0,0,3,0,0,soil,14,4,0,0,,4,2.694301
GF04007375S,"Benjamin Constant, Amazonia",Neotropical,South Brazilian,Rondonia province,Moist forest,GF04007375S,Rondonia province,8,0,0,0,1,0,0,0,0,0,0,0,0,0,0,0,1,0,1,0,0,0,0,0,0,0,5,0,3,soil,19,6,0,0,,6,4.357434
GF04007376S,"Benjamin Constant, Amazonia",Neotropical,South Brazilian,Rondonia province,Moist forest,GF04007376S,Rondonia province,14,0,0,0,1,0,0,0,0,0,0,0,0,0,2,0,3,0,0,0,0,0,2,0,0,0,5,0,13,litter,40,7,0,0,,7,4.848699
GF04007377S,"Benjamin Constant, Amazonia",Neotropical,South Brazilian,Rondonia province,Moist forest,GF04007377S,Rondonia province,20,0,0,0,0,0,0,0,2,0,0,0,0,0,0,0,0,0,1,0,0,0,1,0,0,0,7,0,2,soil,33,6,6.060606061,6.060606061,,6,3.267828
GF04007378S,"Jaú, Amazonia",Neotropical,Boreal Brazilian,Imeri province,Moist forest,GF04007378S,Imeri province,12,0,0,0,2,0,0,0,0,0,0,1,0,0,3,0,1,0,0,0,0,0,8,0,0,0,9,0,2,soil,38,8,0,0,,8,5.66899
GF04007379S,"Benjamin Constant, Amazonia",Neotropical,South Brazilian,Rondonia province,Moist forest,GF04007379S,Rondonia province,6,0,0,0,1,0,0,1,0,0,0,1,0,0,2,0,4,0,15,0,0,0,3,0,0,0,7,0,3,litter,43,10,0,0,,10,6.92578
GF04007380S,"Caxiuana, Amazonia",Neotropical,South-eastern Amazonian,Xingu-Tapajos province,Moist forest,GF04007380S,Xingu-Tapajos province,8,0,0,0,1,0,0,0,0,0,0,0,0,0,1,0,1,0,2,0,0,0,11,0,0,0,2,0,3,soil,29,8,0,0,,8,5.338017
GF04007381S,"Caxiuana, Amazonia",Neotropical,South-eastern Amazonian,Xingu-Tapajos province,Moist forest,GF04007381S,Xingu-Tapajos province,5,0,0,1,1,0,0,0,1,0,0,0,0,0,2,0,1,0,1,0,0,0,3,0,0,0,1,0,1,soil,17,10,5.882352941,5.882352941,,10,8.040006
GF04007382S,"Benjamin Constant, Amazonia",Neotropical,South Brazilian,Rondonia province,Moist forest,GF04007382S,Rondonia province,7,0,0,0,0,0,0,0,0,0,0,0,0,0,1,0,1,0,2,0,0,0,1,0,0,0,6,0,2,soil,20,7,0,0,,7,5.147476
GF04007383S,"Caxiuana, Amazonia",Neotropical,South-eastern Amazonian,Xingu-Tapajos province,Moist forest,GF04007383S,Xingu-Tapajos province,21,0,0,0,0,0,0,0,0,0,0,0,0,0,0,0,0,0,0,0,0,1,2,0,0,0,4,0,1,soil,29,5,0,0,,5,2.518404
GF04007384S,"Cuieras, Amazonia",Neotropical,Boreal Brazilian,Roraima province,Moist forest,GF04007384S,Roraima province,63,0,0,0,0,0,0,0,2,0,0,1,0,0,8,0,2,0,9,0,0,0,10,0,0,0,1,0,9,soil,105,9,1.904761905,1.904761905,,9,4.003942
GF04007385S,"Cuieras, Amazonia",Neotropical,Boreal Brazilian,Roraima province,Moist forest,GF04007385S,Roraima province,18,0,0,0,0,0,0,0,2,0,0,0,0,0,0,0,0,0,1,0,0,1,1,0,0,0,0,0,0,soil,23,5,8.695652174,8.695652174,,5,2.255091
GF04007386S,"Cuieras, Amazonia",Neotropical,Boreal Brazilian,Roraima province,Moist forest,GF04007386S,Roraima province,16,0,0,0,0,0,0,0,0,0,0,0,0,0,2,0,1,0,7,0,0,0,0,0,0,0,2,0,3,litter,31,6,0,0,,6,3.926777
GF04007387S,"Jaú, Amazonia",Neotropical,Boreal Brazilian,Imeri province,Moist forest,GF04007387S,Imeri province,32,0,0,0,2,0,0,0,0,0,0,1,0,0,8,0,0,0,16,0,0,0,0,1,0,0,1,0,9,litter,70,8,0,0,,8,4.439178
GF04007388S,"Caxiuana, Amazonia",Neotropical,South-eastern Amazonian,Xingu-Tapajos province,Moist forest,GF04007388S,Xingu-Tapajos province,5,0,0,0,0,0,0,0,0,0,0,1,0,0,0,0,7,0,3,0,0,0,0,0,0,0,17,0,7,litter,40,6,0,0,,6,4.572772
GF04007389S,"Cuieras, Amazonia",Neotropical,Boreal Brazilian,Roraima province,Moist forest,GF04007389S,Roraima province,4,0,0,0,0,0,0,0,0,0,0,0,0,0,1,0,0,0,2,0,0,0,3,0,0,0,0,0,0,soil,10,4,0,0,,4,3.596115
GF04007390S,"Benjamin Constant, Amazonia",Neotropical,South Brazilian,Rondonia province,Moist forest,GF04007390S,Rondonia province,7,0,0,0,0,0,0,0,0,0,0,0,0,0,1,0,0,0,1,0,0,0,0,0,0,0,8,0,3,soil,20,5,0,0,,5,3.736298
GF04007391S,"Jaú, Amazonia",Neotropical,Boreal Brazilian,Imeri province,Moist forest,GF04007391S,Imeri province,3,0,0,0,0,0,0,0,0,0,0,1,0,0,1,0,0,0,3,0,0,0,2,0,0,0,3,0,0,soil,13,6,0,0,,6,5.461555
GF04007392S,"Caxiuana, Amazonia",Neotropical,South-eastern Amazonian,Xingu-Tapajos province,Moist forest,GF04007392S,Xingu-Tapajos province,2,0,0,0,0,0,0,0,0,0,0,1,0,0,0,0,2,0,8,0,0,0,1,0,0,0,14,0,2,litter,30,7,0,0,,7,4.377554
GF04007393S,"Jaú, Amazonia",Neotropical,Boreal Brazilian,Imeri province,Moist forest,GF04007393S,Imeri province,17,0,0,0,0,0,0,0,0,0,0,0,0,0,0,0,2,0,1,0,0,0,3,0,0,0,7,0,2,litter,32,6,0,0,,6,3.839281
GF04007394S,"Cuieras, Amazonia",Neotropical,Boreal Brazilian,Roraima province,Moist forest,GF04007394S,Roraima province,29,0,0,1,0,0,0,0,0,0,1,0,1,0,4,0,0,0,5,0,0,0,1,0,0,0,3,0,5,litter,50,9,0,0,,9,4.307181
GF04007395S,"Cuieras, Amazonia",Neotropical,Boreal Brazilian,Roraima province,Moist forest,GF04007395S,Roraima province,30,0,0,0,0,0,0,0,0,0,0,0,0,0,4,0,3,0,0,0,0,0,1,0,0,0,4,0,6,litter,48,6,0,0,,6,3.39319
GF04007396S,"Caxiuana, Amazonia",Neotropical,South-eastern Amazonian,Xingu-Tapajos province,Moist forest,GF04007396S,Xingu-Tapajos province,7,0,0,0,0,0,0,0,0,0,0,0,0,0,0,0,1,0,1,0,0,0,4,0,0,0,1,0,2,soil,16,6,0,0,,6,4.42839
GF04007397S,"Jaú, Amazonia",Neotropical,Boreal Brazilian,Imeri province,Moist forest,GF04007397S,Imeri province,1,0,0,0,0,0,0,0,0,0,0,0,0,0,0,0,0,0,0,0,0,0,2,0,0,0,16,0,9,litter,28,4,0,0,,4,2.69691
GF04007398S,"Cuieras, Amazonia",Neotropical,Boreal Brazilian,Roraima province,Moist forest,GF04007398S,Roraima province,8,0,0,0,0,0,0,0,0,0,0,0,0,0,0,0,0,0,2,0,0,0,0,0,0,0,5,0,1,soil,16,4,0,0,,4,3.137026
GF04007399S,"Benjamin Constant, Amazonia",Neotropical,South Brazilian,Rondonia province,Moist forest,GF04007399S,Rondonia province,25,0,0,0,3,0,0,0,0,0,0,1,0,0,6,0,8,0,18,0,0,0,8,0,0,0,14,0,13,litter,96,9,0,0,,9,7.092692
GF04007400S,"Caxiuana, Amazonia",Neotropical,South-eastern Amazonian,Xingu-Tapajos province,Moist forest,GF04007400S,Xingu-Tapajos province,7,0,0,0,1,0,0,0,0,0,0,0,0,0,1,0,12,1,1,0,0,0,7,0,0,0,8,0,0,litter,38,8,0,0,,8,5.464034
GF04007401S,"Jaú, Amazonia",Neotropical,Boreal Brazilian,Imeri province,Moist forest,GF04007401S,Imeri province,1,0,0,0,0,0,0,0,0,0,0,0,0,0,1,0,5,0,0,0,0,0,3,0,0,0,18,0,0,litter,28,5,0,0,,5,2.912466
GF04007402S,"Cuieras, Amazonia",Neotropical,Boreal Brazilian,Roraima province,Moist forest,GF04007402S,Roraima province,21,0,0,0,0,0,0,0,0,0,0,0,0,0,0,0,0,0,0,0,0,0,1,0,0,0,2,0,3,soil,27,4,0,0,,4,2.126469
GF04007403S,"Jaú, Amazonia",Neotropical,Boreal Brazilian,Imeri province,Moist forest,GF04007403S,Imeri province,2,0,0,0,0,0,0,0,0,0,0,0,0,0,1,0,1,0,0,0,0,0,4,0,0,0,12,0,0,soil,20,5,0,0,,5,3.184243
GF04007404S,"Caxiuana, Amazonia",Neotropical,South-eastern Amazonian,Xingu-Tapajos province,Moist forest,GF04007404S,Xingu-Tapajos province,8,0,0,0,0,0,0,0,0,0,0,0,0,0,0,0,1,0,1,0,0,0,1,0,0,0,0,0,0,soil,11,4,0,0,,4,2.424376
GF04007405S,"Benjamin Constant, Amazonia",Neotropical,South Brazilian,Rondonia province,Moist forest,GF04007405S,Rondonia province,3,0,0,0,2,0,0,0,0,0,0,0,0,0,1,0,0,0,1,0,0,0,0,0,0,0,6,0,1,soil,14,6,0,0,,6,4.649327
GF04007406S,"Caxiuana, Amazonia",Neotropical,South-eastern Amazonian,Xingu-Tapajos province,Moist forest,GF04007406S,Xingu-Tapajos province,2,0,0,0,0,0,0,0,0,0,0,0,0,0,1,0,3,0,0,0,0,0,3,3,0,0,6,0,4,soil,22,7,0,0,,7,6.283214
GF04007407S,"Caxiuana, Amazonia",Neotropical,South-eastern Amazonian,Xingu-Tapajos province,Moist forest,GF04007407S,Xingu-Tapajos province,29,0,0,0,0,0,0,0,0,0,1,1,0,0,2,0,0,0,8,0,0,0,1,0,0,0,9,0,3,litter,54,8,0,0,,8,4.135655
GF04007408S,"Caxiuana, Amazonia",Neotropical,South-eastern Amazonian,Xingu-Tapajos province,Moist forest,GF04007408S,Xingu-Tapajos province,24,0,0,0,3,0,0,0,0,0,0,0,0,0,2,0,1,0,0,0,0,0,3,0,0,0,7,0,6,soil,46,7,0,0,,7,4.337368
GF04007409S,"Jaú, Amazonia",Neotropical,Boreal Brazilian,Imeri province,Moist forest,GF04007409S,Imeri province,14,0,0,0,0,0,0,0,0,0,0,0,0,0,0,0,0,0,1,0,0,0,0,0,0,0,2,0,1,soil,18,4,0,0,,4,2.139892
GF04007410S,"Jaú, Amazonia",Neotropical,Boreal Brazilian,Imeri province,Moist forest,GF04007410S,Imeri province,3,0,0,0,0,0,0,0,0,0,0,0,0,0,2,0,1,0,0,0,0,0,1,0,0,0,6,0,1,soil,14,6,0,0,,6,4.649327
GF04007411S,"Caxiuana, Amazonia",Neotropical,South-eastern Amazonian,Xingu-Tapajos province,Moist forest,GF04007411S,Xingu-Tapajos province,4,0,0,0,0,0,0,0,0,1,0,0,0,0,1,0,5,2,9,0,0,0,1,0,0,0,12,0,7,litter,42,9,0,0,,9,6.526751
GF04007412S,"Cuieras, Amazonia",Neotropical,Boreal Brazilian,Roraima province,Moist forest,GF04007412S,Roraima province,0,0,0,0,0,0,0,0,0,0,0,0,0,0,1,0,1,0,1,0,0,0,0,0,0,0,0,0,1,soil,4,4,0,0,,4,4
GF04007413S,"Jaú, Amazonia",Neotropical,Boreal Brazilian,Roraima province,Moist forest,GF04007413S,Roraima province,17,0,0,0,0,0,0,0,0,0,0,0,0,0,0,0,0,0,3,0,0,0,5,0,0,0,8,0,5,litter,38,5,0,0,,5,4.14561
GF04007414S,"Jaú, Amazonia",Neotropical,Boreal Brazilian,Imeri province,Moist forest,GF04007414S,Imeri province,6,0,0,0,0,0,0,0,0,0,0,0,0,0,1,0,1,0,0,0,0,1,10,0,0,0,5,0,0,litter,24,6,0,0,,6,4.201342
GF04007415S,"Cuieras, Amazonia",Neotropical,Boreal Brazilian,Roraima province,Moist forest,GF04007415S,Roraima province,21,0,0,0,1,0,0,0,0,1,1,0,0,0,1,0,3,0,3,0,0,0,5,0,0,0,20,0,7,litter,63,10,0,0,,10,5.633284
GF04007416S,"Benjamin Constant, Amazonia",Neotropical,South Brazilian,Rondonia province,Moist forest,GF04007416S,Rondonia province,12,0,0,0,0,0,0,0,0,0,0,1,0,0,2,0,6,1,9,0,0,0,6,0,0,0,4,0,6,litter,47,9,0,0,,9,7.10838
GF04007417S,"Caxiuana, Amazonia",Neotropical,South-eastern Amazonian,Xingu-Tapajos province,Moist forest,GF04007417S,Xingu-Tapajos province,18,0,0,0,0,0,0,0,0,0,1,0,0,0,1,0,0,0,0,0,0,0,3,0,0,0,0,0,0,soil,23,4,0,0,,4,2.075427
GF04007418S,"Jaú, Amazonia",Neotropical,Boreal Brazilian,Imeri province,Moist forest,GF04007418S,Imeri province,7,0,0,0,2,0,0,0,0,0,0,0,0,0,6,0,3,0,2,0,0,0,10,0,0,0,8,0,1,litter,39,8,0,0,,8,6.46292
GF04007419S,"Caxiuana, Amazonia",Neotropical,South-eastern Amazonian,Xingu-Tapajos province,Moist forest,GF04007419S,Xingu-Tapajos province,7,0,0,0,0,0,0,0,0,1,0,0,0,0,1,0,13,2,3,0,0,1,7,0,0,0,10,0,4,litter,49,10,0,0,,10,7.218977
GF04007420S,"Caxiuana, Amazonia",Neotropical,South-eastern Amazonian,Xingu-Tapajos province,Moist forest,GF04007420S,Xingu-Tapajos province,6,0,0,0,0,0,0,0,1,0,0,0,0,0,0,0,0,0,0,0,0,0,0,0,0,0,0,0,2,soil,9,3,11.11111111,11.11111111,,3,2.336574
GF04007421S,"Caxiuana, Amazonia",Neotropical,South-eastern Amazonian,Xingu-Tapajos province,Moist forest,GF04007421S,Xingu-Tapajos province,4,0,0,0,0,0,0,0,0,0,0,0,0,0,3,0,7,5,0,0,0,0,7,0,0,0,9,0,2,litter,37,7,0,0,,7,6.336092
GF04007422S,"Benjamin Constant, Amazonia",Neotropical,South Brazilian,Rondonia province,Moist forest,GF04007422S,Rondonia province,6,0,0,0,1,0,0,0,0,0,0,0,0,0,0,0,1,0,2,0,0,0,5,0,0,0,6,0,2,soil,23,7,0,0,,7,5.641997
GF04007423S,"Jaú, Amazonia",Neotropical,Boreal Brazilian,Imeri province,Moist forest,GF04007423S,Imeri province,6,0,0,0,0,0,0,0,0,0,0,0,0,0,0,0,1,0,0,0,0,0,0,0,0,0,3,0,2,soil,12,4,0,0,,4,3.316299
GF04007424S,"Benjamin Constant, Amazonia",Neotropical,South Brazilian,Rondonia province,Moist forest,GF04007424S,Rondonia province,5,0,0,0,1,0,0,0,0,0,0,0,0,0,0,0,1,0,0,0,0,0,4,0,0,0,19,0,2,soil,32,6,0,0,,6,3.488222
GF04007425S,"Benjamin Constant, Amazonia",Neotropical,South Brazilian,Rondonia province,Moist forest,GF04007425S,Rondonia province,22,0,0,0,3,0,0,0,1,0,0,0,0,0,0,0,6,0,3,0,0,1,5,0,0,0,2,0,6,litter,49,9,2.040816327,2.040816327,,9,5.686887
GF04007426S,"Caxiuana, Amazonia",Neotropical,South-eastern Amazonian,Xingu-Tapajos province,Moist forest,GF04007426S,Xingu-Tapajos province,0,0,0,0,0,0,0,0,0,0,0,0,0,0,0,0,4,1,1,0,0,0,2,0,0,0,0,0,0,litter,8,4,0,0,,4,3.363586
GF04007427S,"Jaú, Amazonia",Neotropical,Boreal Brazilian,Imeri province,Moist forest,GF04007427S,Imeri province,0,0,0,0,0,0,0,0,0,0,0,0,0,0,0,0,0,0,0,0,0,0,0,0,0,0,2,0,0,soil,2,1,0,0,,1,1
GF04007428S,"Benjamin Constant, Amazonia",Neotropical,South Brazilian,Rondonia province,Moist forest,GF04007428S,Rondonia province,5,0,0,0,0,0,0,0,0,0,1,0,0,0,0,0,0,0,1,0,0,0,1,0,0,0,2,0,0,soil,10,5,0,0,,5,3.89322
GF04007429S,"Cuieras, Amazonia",Neotropical,Boreal Brazilian,Roraima province,Moist forest,GF04007429S,Roraima province,12,0,0,0,0,0,0,0,0,0,0,0,0,0,0,0,0,0,0,0,0,0,0,0,0,0,1,0,0,soil,13,2,0,0,,2,1.311523
GF04007431S,Itatinga research station of the University of Sao Paulo,Neotropical,Chacoan,Cerrado province,Dry forest|Moist forest,GF04007431S,Cerrado province,17,0,0,0,0,0,0,0,5,0,1,0,0,0,3,0,0,0,1,0,0,2,0,0,0,0,2,0,7,root,38,8,13.15789474,13.15789474,,8,5.156073
GF04007432S,Itatinga research station of the University of Sao Paulo,Neotropical,Chacoan,Cerrado province,Dry forest|Moist forest,GF04007432S,Cerrado province,10,0,0,0,0,0,0,0,5,0,1,0,0,0,1,0,0,1,3,0,0,2,1,0,0,0,2,0,3,root,29,10,17.24137931,17.24137931,,10,7.191545
GF04007433S,Itatinga research station of the University of Sao Paulo,Neotropical,Chacoan,Cerrado province,Dry forest|Moist forest,GF04007433S,Cerrado province,7,0,0,0,0,0,0,0,7,1,2,0,0,0,4,0,0,1,3,0,0,1,1,0,0,0,2,0,11,root,40,11,17.5,17.5,,11,7.830682
GF04007434S,Itatinga research station of the University of Sao Paulo,Neotropical,Chacoan,Cerrado province,Dry forest|Moist forest,GF04007434S,Cerrado province,9,0,0,0,0,0,0,0,6,1,1,1,0,0,2,0,0,1,2,0,0,1,2,1,0,0,4,0,5,root,36,13,16.66666667,16.66666667,,13,9.416806
GF04007435S,Itatinga research station of the University of Sao Paulo,Neotropical,Chacoan,Cerrado province,Dry forest|Moist forest,GF04007435S,Cerrado province,10,0,0,0,0,0,0,0,6,1,2,0,0,0,2,0,0,0,3,0,0,0,2,0,0,0,1,0,7,root,34,9,17.64705882,17.64705882,,9,6.773729
GF04007436S,Itatinga research station of the University of Sao Paulo,Neotropical,Chacoan,Cerrado province,Dry forest|Moist forest,GF04007436S,Cerrado province,63,0,0,0,1,0,0,1,10,0,0,0,1,0,9,0,0,0,8,0,0,2,5,0,0,0,0,0,6,root,106,10,9.433962264,9.433962264,,10,4.262576
GF04007437S,Itatinga research station of the University of Sao Paulo,Neotropical,Chacoan,Cerrado province,Dry forest|Moist forest,GF04007437S,Cerrado province,63,0,0,0,0,0,0,0,8,0,1,0,0,0,8,0,1,0,8,0,0,2,4,0,0,0,0,0,8,root,103,9,7.766990291,7.766990291,,9,4.003795
GF04007438S,Itatinga research station of the University of Sao Paulo,Neotropical,Chacoan,Cerrado province,Dry forest|Moist forest,GF04007438S,Cerrado province,54,0,0,0,0,0,0,0,10,1,0,0,1,0,8,0,1,0,3,0,0,1,4,0,0,0,1,0,6,root,90,11,11.11111111,11.11111111,,11,4.254823
GF04007439S,Itatinga research station of the University of Sao Paulo,Neotropical,Chacoan,Cerrado province,Dry forest|Moist forest,GF04007439S,Cerrado province,23,0,0,0,0,0,0,0,9,0,0,0,0,0,5,0,0,0,1,0,0,1,0,0,0,0,2,0,9,root,50,7,18,18,,7,4.437207
GF04007440S,Itatinga research station of the University of Sao Paulo,Neotropical,Chacoan,Cerrado province,Dry forest|Moist forest,GF04007440S,Cerrado province,26,0,0,0,0,0,0,0,9,0,2,0,0,0,5,0,0,0,6,0,0,3,1,0,0,0,2,0,16,root,70,9,12.85714286,12.85714286,,9,5.85256
GF04007441S,Itatinga research station of the University of Sao Paulo,Neotropical,Chacoan,Cerrado province,Dry forest|Moist forest,GF04007441S,Cerrado province,18,0,0,0,0,0,0,0,7,0,2,0,0,0,1,0,0,0,1,0,0,2,0,0,0,0,2,0,11,root,44,8,15.90909091,15.90909091,,8,4.944097
GF04007442S,Itatinga research station of the University of Sao Paulo,Neotropical,Chacoan,Cerrado province,Dry forest|Moist forest,GF04007442S,Cerrado province,22,0,0,0,0,0,0,0,7,0,1,0,0,0,3,0,0,0,1,0,0,2,2,0,0,0,3,0,7,root,48,9,14.58333333,14.58333333,,9,5.429393
GF04007443S,Itatinga research station of the University of Sao Paulo,Neotropical,Chacoan,Cerrado province,Dry forest|Moist forest,GF04007443S,Cerrado province,20,0,0,0,0,0,0,0,6,1,2,0,0,0,4,0,0,0,2,0,0,2,0,0,0,0,2,0,4,root,43,9,13.95348837,13.95348837,,9,5.646018
GF04007444S,Itatinga research station of the University of Sao Paulo,Neotropical,Chacoan,Cerrado province,Dry forest|Moist forest,GF04007444S,Cerrado province,13,0,0,0,1,0,0,0,5,0,1,0,0,0,2,0,0,0,7,0,0,1,1,0,0,0,2,0,9,root,42,10,11.9047619,11.9047619,,10,6.62593
GF04007445S,Itatinga research station of the University of Sao Paulo,Neotropical,Chacoan,Cerrado province,Dry forest|Moist forest,GF04007445S,Cerrado province,10,0,0,0,0,0,0,0,8,0,1,0,0,0,2,0,0,0,1,0,0,1,2,0,0,0,0,0,3,root,28,8,28.57142857,28.57142857,,8,5.46846
GF04007446S,Itatinga research station of the University of Sao Paulo,Neotropical,Chacoan,Cerrado province,Dry forest|Moist forest,GF04007446S,Cerrado province,14,0,0,0,0,0,0,0,6,0,2,0,0,0,5,0,0,0,3,0,0,2,2,0,0,0,2,0,17,root,53,9,11.32075472,11.32075472,,9,6.315013
GF04007447S,Itatinga research station of the University of Sao Paulo,Neotropical,Chacoan,Cerrado province,Dry forest|Moist forest,GF04007447S,Cerrado province,15,0,0,0,0,0,0,0,7,0,2,0,0,0,3,0,0,0,3,0,0,3,0,0,0,0,2,0,14,root,49,8,14.28571429,14.28571429,,8,5.885269
GF04007448S,Itatinga research station of the University of Sao Paulo,Neotropical,Chacoan,Cerrado province,Dry forest|Moist forest,GF04007448S,Cerrado province,38,0,0,0,1,0,0,0,10,1,2,0,0,0,8,0,0,0,5,0,0,3,2,0,0,0,2,0,15,root,87,11,11.49425287,11.49425287,,11,5.906842
GF04007449S,Itatinga research station of the University of Sao Paulo,Neotropical,Chacoan,Cerrado province,Dry forest|Moist forest,GF04007449S,Cerrado province,16,0,0,0,1,0,0,1,6,1,0,0,0,0,3,0,0,1,7,0,0,3,1,0,0,0,1,0,5,root,46,12,13.04347826,13.04347826,,12,7.509749
GF04007450S,Itatinga research station of the University of Sao Paulo,Neotropical,Chacoan,Cerrado province,Dry forest|Moist forest,GF04007450S,Cerrado province,17,0,0,0,0,0,0,0,7,4,0,1,0,0,8,0,1,4,9,0,0,0,8,1,0,0,6,0,14,root,80,12,8.75,8.75,,12,9.131949
GF04007451S,Itatinga research station of the University of Sao Paulo,Neotropical,Chacoan,Cerrado province,Dry forest|Moist forest,GF04007451S,Cerrado province,54,0,0,0,0,0,0,0,8,0,0,0,1,0,12,0,0,0,7,0,0,2,2,0,0,0,1,0,4,root,91,9,8.791208791,8.791208791,,9,4.023663
GF04007452S,Itatinga research station of the University of Sao Paulo,Neotropical,Chacoan,Cerrado province,Dry forest|Moist forest,GF04007452S,Cerrado province,29,0,0,0,0,0,0,0,7,0,2,0,0,0,1,0,0,0,4,0,0,2,3,0,0,0,3,0,10,root,61,9,11.47540984,11.47540984,,9,5.284812
GF04007453S,Itatinga research station of the University of Sao Paulo,Neotropical,Chacoan,Cerrado province,Dry forest|Moist forest,GF04007453S,Cerrado province,10,0,0,0,0,0,0,0,6,0,1,0,0,0,4,0,0,0,1,0,0,1,0,0,0,0,1,0,11,root,35,8,17.14285714,17.14285714,,8,5.356174
GF04007454S,Itatinga research station of the University of Sao Paulo,Neotropical,Chacoan,Cerrado province,Dry forest|Moist forest,GF04007454S,Cerrado province,22,0,0,0,0,0,0,0,7,0,2,0,0,0,3,0,0,0,4,0,0,2,1,0,0,0,3,0,14,root,58,9,12.06896552,12.06896552,,9,5.806943
GF04007455S,Itatinga research station of the University of Sao Paulo,Neotropical,Chacoan,Cerrado province,Dry forest|Moist forest,GF04007455S,Cerrado province,14,0,0,0,0,0,0,0,6,0,2,0,0,0,3,0,0,0,3,0,0,2,0,0,0,0,1,0,12,root,43,8,13.95348837,13.95348837,,8,5.701466
GF04007456S,Itatinga research station of the University of Sao Paulo,Neotropical,Chacoan,Cerrado province,Dry forest|Moist forest,GF04007456S,Cerrado province,23,0,0,0,0,0,0,0,8,0,2,0,0,0,4,0,1,0,6,0,0,2,2,0,0,0,3,0,17,root,68,10,11.76470588,11.76470588,,10,6.402945
GF04007457S,Itatinga research station of the University of Sao Paulo,Neotropical,Chacoan,Cerrado province,Dry forest|Moist forest,GF04007457S,Cerrado province,19,0,0,0,0,0,0,0,6,0,2,0,0,0,1,0,0,0,2,0,0,2,0,0,0,0,3,0,11,root,46,8,13.04347826,13.04347826,,8,5.172124
GF04007458S,Itatinga research station of the University of Sao Paulo,Neotropical,Chacoan,Cerrado province,Dry forest|Moist forest,GF04007458S,Cerrado province,24,0,0,0,0,0,0,0,6,0,2,0,0,0,3,0,0,0,5,0,0,2,1,0,0,0,4,0,13,root,60,9,10,10,,9,5.815508
GF04007459S,Itatinga research station of the University of Sao Paulo,Neotropical,Chacoan,Cerrado province,Dry forest|Moist forest,GF04007459S,Cerrado province,25,0,0,0,0,0,0,0,8,0,2,0,0,0,5,0,3,0,4,0,0,3,1,0,0,0,2,0,13,root,66,10,12.12121212,12.12121212,,10,6.457776
GF04007460S,Itatinga research station of the University of Sao Paulo,Neotropical,Chacoan,Cerrado province,Dry forest|Moist forest,GF04007460S,Cerrado province,9,0,0,0,0,0,0,0,6,0,1,0,0,0,1,0,0,0,1,0,0,1,0,0,0,0,0,0,7,root,26,7,23.07692308,23.07692308,,7,4.759473
GF04007461S,Itatinga research station of the University of Sao Paulo,Neotropical,Chacoan,Cerrado province,Dry forest|Moist forest,GF04007461S,Cerrado province,22,0,0,0,0,0,0,0,9,0,2,0,0,0,7,0,1,0,5,0,0,2,3,0,0,0,1,0,25,root,77,10,11.68831169,11.68831169,,10,6.040712
GF04007462S,Itatinga research station of the University of Sao Paulo,Neotropical,Chacoan,Cerrado province,Dry forest|Moist forest,GF04007462S,Cerrado province,21,0,0,0,0,1,0,0,8,0,0,0,0,1,2,0,0,0,5,0,0,2,1,0,0,0,2,0,5,root,48,10,16.66666667,16.66666667,,10,5.874999
GF04007463S,Itatinga research station of the University of Sao Paulo,Neotropical,Chacoan,Cerrado province,Dry forest|Moist forest,GF04007463S,Cerrado province,6,0,0,0,0,0,0,0,8,0,1,0,0,0,1,0,1,0,1,0,0,1,0,0,0,0,0,0,2,root,21,8,38.0952381,38.0952381,,8,5.335641
GF04007464S,Itatinga research station of the University of Sao Paulo,Neotropical,Chacoan,Cerrado province,Dry forest|Moist forest,GF04007464S,Cerrado province,9,0,0,0,0,0,0,0,7,1,1,1,0,0,2,0,0,0,3,0,0,0,1,0,0,0,1,0,14,root,40,10,17.5,17.5,,10,6.130316
GF04007465S,Itatinga research station of the University of Sao Paulo,Neotropical,Chacoan,Cerrado province,Dry forest|Moist forest,GF04007465S,Cerrado province,31,0,0,0,0,0,0,0,7,0,2,0,0,0,2,0,0,1,2,0,0,2,0,0,0,0,3,0,9,root,59,9,11.86440678,11.86440678,,9,4.746231
GF04007466S,Itatinga research station of the University of Sao Paulo,Neotropical,Chacoan,Cerrado province,Dry forest|Moist forest,GF04007466S,Cerrado province,9,0,0,0,0,0,0,0,8,0,1,0,0,0,2,0,0,0,3,0,0,2,1,0,0,0,1,0,3,root,30,9,26.66666667,26.66666667,,9,6.523233
GF04007467S,Itatinga research station of the University of Sao Paulo,Neotropical,Chacoan,Cerrado province,Dry forest|Moist forest,GF04007467S,Cerrado province,10,0,0,0,0,0,0,0,6,1,2,0,0,0,2,0,0,0,1,0,0,2,3,0,0,0,2,0,5,root,34,10,17.64705882,17.64705882,,10,7.661631
GF04007468S,Itatinga research station of the University of Sao Paulo,Neotropical,Chacoan,Cerrado province,Dry forest|Moist forest,GF04007468S,Cerrado province,31,0,0,0,0,0,0,0,9,0,2,0,0,0,9,0,0,0,7,0,0,2,1,0,0,0,2,0,18,root,81,9,11.11111111,11.11111111,,9,5.641336
GF04007469S,Itatinga research station of the University of Sao Paulo,Neotropical,Chacoan,Cerrado province,Dry forest|Moist forest,GF04007469S,Cerrado province,56,0,0,0,1,0,0,0,11,0,0,0,1,0,6,0,0,0,6,0,0,2,1,0,0,0,0,0,9,root,93,9,11.82795699,11.82795699,,9,3.921107
GF04007470S,Itatinga research station of the University of Sao Paulo,Neotropical,Chacoan,Cerrado province,Dry forest|Moist forest,GF04007470S,Cerrado province,25,0,0,0,0,0,0,0,8,0,3,0,0,0,7,0,0,0,8,0,0,1,3,0,0,0,2,0,18,root,75,9,10.66666667,10.66666667,,9,6.167138
GF04007471S,Itatinga research station of the University of Sao Paulo,Neotropical,Chacoan,Cerrado province,Dry forest|Moist forest,GF04007471S,Cerrado province,9,0,0,0,0,0,0,0,7,1,2,0,0,0,3,0,0,0,4,0,0,1,0,0,0,0,1,0,10,root,38,9,18.42105263,18.42105263,,9,6.577473
GF04007472S,Itatinga research station of the University of Sao Paulo,Neotropical,Chacoan,Cerrado province,Dry forest|Moist forest,GF04007472S,Cerrado province,8,0,0,0,0,0,0,0,5,0,1,0,0,0,2,0,0,0,1,0,0,1,1,0,0,0,1,0,7,root,27,9,18.51851852,18.51851852,,9,6.207899
GF04007473S,Itatinga research station of the University of Sao Paulo,Neotropical,Chacoan,Cerrado province,Dry forest|Moist forest,GF04007473S,Cerrado province,32,0,0,0,0,0,0,0,10,1,2,0,0,0,6,0,1,0,5,0,0,2,1,0,0,0,2,0,21,root,83,11,12.04819277,12.04819277,,11,5.802835
GF04007474S,Itatinga research station of the University of Sao Paulo,Neotropical,Chacoan,Cerrado province,Dry forest|Moist forest,GF04007474S,Cerrado province,23,0,0,0,0,0,0,0,5,0,2,0,0,0,4,0,1,0,2,0,0,2,0,0,0,0,3,0,3,root,45,9,11.11111111,11.11111111,,9,5.27576
GF04007475S,Itatinga research station of the University of Sao Paulo,Neotropical,Chacoan,Cerrado province,Dry forest|Moist forest,GF04007475S,Cerrado province,6,0,0,0,0,0,0,0,5,0,1,0,0,0,0,0,0,0,0,0,0,2,0,0,0,0,1,0,2,root,17,6,29.41176471,29.41176471,,6,4.779663
GF04007476S,Itatinga research station of the University of Sao Paulo,Neotropical,Chacoan,Cerrado province,Dry forest|Moist forest,GF04007476S,Cerrado province,50,0,0,0,1,0,0,1,10,0,0,0,1,0,11,0,0,0,7,0,0,2,2,0,0,0,0,0,5,root,90,10,11.11111111,11.11111111,,10,4.508553
GF04007477S,Itatinga research station of the University of Sao Paulo,Neotropical,Chacoan,Cerrado province,Dry forest|Moist forest,GF04007477S,Cerrado province,9,0,0,0,0,0,0,0,7,0,0,0,0,0,2,0,0,0,1,0,0,2,0,0,0,0,0,0,4,root,25,6,28,28,,6,4.712929
GF04007478S,Itatinga research station of the University of Sao Paulo,Neotropical,Chacoan,Cerrado province,Dry forest|Moist forest,GF04007478S,Cerrado province,14,0,0,0,0,0,0,1,8,0,1,0,0,0,4,0,0,1,2,0,0,2,3,0,0,0,4,0,3,root,43,11,18.60465116,18.60465116,,11,7.686077
GF04007479S,Itatinga research station of the University of Sao Paulo,Neotropical,Chacoan,Cerrado province,Dry forest|Moist forest,GF04007479S,Cerrado province,20,0,0,0,0,0,0,0,7,0,2,0,0,0,4,0,0,0,2,0,0,2,3,0,0,0,2,0,15,root,57,9,12.28070175,12.28070175,,9,5.976957
GF04007480S,Itatinga research station of the University of Sao Paulo,Neotropical,Chacoan,Cerrado province,Dry forest|Moist forest,GF04007480S,Cerrado province,4,0,0,0,0,0,0,0,7,1,1,0,0,0,1,0,0,0,5,0,0,0,4,0,0,0,3,0,8,root,34,9,20.58823529,20.58823529,,9,7.218493
GF04007481S,Itatinga research station of the University of Sao Paulo,Neotropical,Chacoan,Cerrado province,Dry forest|Moist forest,GF04007481S,Cerrado province,10,0,0,0,0,0,0,0,6,0,1,0,0,0,1,0,0,0,1,0,0,1,0,0,0,0,1,0,7,root,28,8,21.42857143,21.42857143,,8,5.152215
GF04007482S,Itatinga research station of the University of Sao Paulo,Neotropical,Chacoan,Cerrado province,Dry forest|Moist forest,GF04007482S,Cerrado province,7,0,0,0,0,0,0,0,6,0,2,0,0,0,2,0,0,0,1,0,0,1,0,0,0,0,1,0,9,root,29,8,20.68965517,20.68965517,,8,5.75104
GF04007483S,Itatinga research station of the University of Sao Paulo,Neotropical,Chacoan,Cerrado province,Dry forest|Moist forest,GF04007483S,Cerrado province,19,0,0,0,0,0,0,0,7,0,2,0,0,0,3,0,0,0,2,0,0,3,0,0,0,0,2,0,4,root,42,8,16.66666667,16.66666667,,8,5.437664
GF04007484S,Itatinga research station of the University of Sao Paulo,Neotropical,Chacoan,Cerrado province,Dry forest|Moist forest,GF04007484S,Cerrado province,10,0,0,0,0,0,0,0,6,0,1,0,0,0,2,0,0,0,2,0,0,1,2,0,0,0,2,0,8,root,34,9,17.64705882,17.64705882,,9,6.557195
GF04007485S,Itatinga research station of the University of Sao Paulo,Neotropical,Chacoan,Cerrado province,Dry forest|Moist forest,GF04007485S,Cerrado province,8,0,0,0,1,0,0,0,6,0,2,0,0,0,1,0,0,0,0,0,0,1,2,1,0,0,1,0,9,root,32,10,18.75,18.75,,10,6.721476
GF04007486S,Itatinga research station of the University of Sao Paulo,Neotropical,Chacoan,Cerrado province,Dry forest|Moist forest,GF04007486S,Cerrado province,9,0,0,0,0,0,0,0,5,1,1,0,0,0,1,0,0,0,1,0,0,2,0,0,0,0,2,0,4,root,26,9,19.23076923,19.23076923,,9,6.475964
GF04007487S,Itatinga research station of the University of Sao Paulo,Neotropical,Chacoan,Cerrado province,Dry forest|Moist forest,GF04007487S,Cerrado province,6,0,0,0,1,0,0,0,6,1,1,0,0,0,1,0,1,1,4,0,0,0,4,0,0,0,6,0,5,root,37,12,16.21621622,16.21621622,,12,9.22595
GF04007488S,Itatinga research station of the University of Sao Paulo,Neotropical,Chacoan,Cerrado province,Dry forest|Moist forest,GF04007488S,Cerrado province,7,0,0,0,0,0,0,0,6,0,1,0,0,0,2,0,0,0,1,0,0,1,1,0,0,0,0,0,5,root,24,8,25,25,,8,5.867889
GF04007489S,Itatinga research station of the University of Sao Paulo,Neotropical,Chacoan,Cerrado province,Dry forest|Moist forest,GF04007489S,Cerrado province,21,0,0,0,0,0,0,0,6,0,2,0,0,0,1,0,0,0,2,0,0,3,0,0,0,0,2,0,6,root,43,8,13.95348837,13.95348837,,8,4.957734
GF04007490S,Itatinga research station of the University of Sao Paulo,Neotropical,Chacoan,Cerrado province,Dry forest|Moist forest,GF04007490S,Cerrado province,9,0,0,0,1,0,0,0,6,0,1,0,0,0,3,0,0,0,0,0,0,2,4,0,0,0,0,0,3,root,29,8,20.68965517,20.68965517,,8,6.349489
GF04007491S,Itatinga research station of the University of Sao Paulo,Neotropical,Chacoan,Cerrado province,Dry forest|Moist forest,GF04007491S,Cerrado province,16,0,0,0,0,0,0,0,6,0,2,0,0,0,1,0,1,0,3,0,0,2,0,0,0,0,2,0,10,root,43,9,13.95348837,13.95348837,,9,5.874822
GF04007492S,Itatinga research station of the University of Sao Paulo,Neotropical,Chacoan,Cerrado province,Dry forest|Moist forest,GF04007492S,Cerrado province,0,0,0,0,0,0,0,0,0,0,0,0,0,0,0,0,0,0,0,0,0,0,0,0,0,0,0,0,0,root,0,0,#DIV/0!,0,,0,1
GF04007493S,Itatinga research station of the University of Sao Paulo,Neotropical,Chacoan,Cerrado province,Dry forest|Moist forest,GF04007493S,Cerrado province,0,0,0,0,0,0,0,0,0,0,0,0,0,0,0,0,0,0,0,0,0,0,0,0,0,0,0,0,0,root,0,0,#DIV/0!,0,,0,1
GF04007494S,Itatinga research station of the University of Sao Paulo,Neotropical,Chacoan,Cerrado province,Dry forest|Moist forest,GF04007494S,Cerrado province,0,0,0,0,0,0,0,0,0,0,0,0,0,0,0,0,0,0,0,0,0,0,0,0,0,0,0,0,0,root,0,0,#DIV/0!,0,,0,1
GF04007495S,Itatinga research station of the University of Sao Paulo,Neotropical,Chacoan,Cerrado province,Dry forest|Moist forest,GF04007495S,Cerrado province,0,0,0,0,0,0,0,0,0,0,0,0,0,0,0,0,0,0,0,0,0,0,0,0,0,0,0,0,0,root,0,0,#DIV/0!,0,,0,1
GF04007496S,Itatinga research station of the University of Sao Paulo,Neotropical,Chacoan,Cerrado province,Dry forest|Moist forest,GF04007496S,Cerrado province,0,0,0,0,0,0,0,0,0,0,0,0,0,0,0,0,0,0,0,0,0,0,0,0,0,0,0,0,0,root,0,0,#DIV/0!,0,,0,1
GF04007497S,Itatinga research station of the University of Sao Paulo,Neotropical,Chacoan,Cerrado province,Dry forest|Moist forest,GF04007497S,Cerrado province,0,0,0,0,0,0,0,0,0,0,0,0,0,0,0,0,0,0,0,0,0,0,0,0,0,0,0,0,0,root,0,0,#DIV/0!,0,,0,1
GF04007498S,Itatinga research station of the University of Sao Paulo,Neotropical,Chacoan,Cerrado province,Dry forest|Moist forest,GF04007498S,Cerrado province,0,0,0,0,0,0,0,0,0,0,0,0,0,0,0,0,0,0,0,0,0,0,0,0,0,0,0,0,0,root,0,0,#DIV/0!,0,,0,1
GF04007499S,Itatinga research station of the University of Sao Paulo,Neotropical,Chacoan,Cerrado province,Dry forest|Moist forest,GF04007499S,Cerrado province,0,0,0,0,0,0,0,0,0,0,0,0,0,0,0,0,0,0,0,0,0,0,0,0,0,0,0,0,0,root,0,0,#DIV/0!,0,,0,1
GF04007500S,Itatinga research station of the University of Sao Paulo,Neotropical,Chacoan,Cerrado province,Dry forest|Moist forest,GF04007500S,Cerrado province,0,0,0,0,0,0,0,0,0,0,0,0,0,0,0,0,0,0,0,0,0,0,0,0,0,0,0,0,0,root,0,0,#DIV/0!,0,,0,1
GF04007501S,"Arequipa, Chili River",Neotropical,South American Transition Zone,Desert province,Desert,GF04007501S,Desert province,11,0,0,0,0,0,0,2,0,0,0,0,0,0,3,0,0,0,10,0,0,0,1,0,0,0,0,0,1,soil,28,6,0,0,,6,4.057648
GF04007502S,"Arequipa, Bajo Cural",Neotropical,South American Transition Zone,Desert province,Desert,GF04007502S,Desert province,10,0,0,0,0,0,0,5,0,0,0,0,0,0,4,0,0,0,9,0,0,0,1,0,0,0,2,0,1,soil,32,7,0,0,,7,5.259971
GF04007503S,"Arequipa, Chili River",Neotropical,South American Transition Zone,Desert province,Desert,GF04007503S,Desert province,5,0,0,0,0,0,0,0,0,0,0,0,0,0,3,0,0,0,8,0,0,0,2,0,0,0,1,0,1,soil,20,6,0,0,,6,4.606598
GF04007504S,"Arequipa, Zamacola",Neotropical,South American Transition Zone,Desert province,Desert,GF04007504S,Desert province,10,0,0,0,0,0,0,2,0,0,0,0,0,0,4,0,0,0,11,0,0,0,4,0,0,0,0,0,3,soil,34,6,0,0,,6,5.000027
GF04007505S,"Arequipa, Alto Cural",Neotropical,South American Transition Zone,Desert province,Desert,GF04007505S,Desert province,13,0,0,0,0,0,0,8,0,0,0,0,0,0,2,0,0,0,6,0,0,0,0,0,0,0,1,0,1,soil,31,6,0,0,,6,4.179626
GF04007506S,"Arequipa, Chili River",Neotropical,South American Transition Zone,Desert province,Desert,GF04007506S,Desert province,12,0,0,0,0,0,0,2,0,0,0,0,0,0,2,0,0,1,7,0,0,0,0,0,0,0,0,0,0,soil,24,5,0,0,,5,3.499146
GF04007507S,"Arequipa, Zamacola",Neotropical,South American Transition Zone,Desert province,Desert,GF04007507S,Desert province,11,0,0,0,0,0,0,7,0,0,0,0,0,0,7,0,1,0,10,0,0,0,1,0,0,0,1,0,0,soil,38,7,0,0,,7,5.056127
GF04007508S,"Arequipa, Chili River",Neotropical,South American Transition Zone,Desert province,Desert,GF04007508S,Desert province,13,0,0,0,0,0,0,2,0,0,0,0,0,0,3,0,0,0,12,0,0,0,0,0,0,0,1,0,2,soil,33,6,0,0,,6,4.049441
GF04007509S,"Arequipa, Chili River",Neotropical,South American Transition Zone,Desert province,Desert,GF04007509S,Desert province,10,0,0,0,0,0,0,0,0,0,0,0,0,0,1,0,0,0,7,0,0,0,2,0,0,0,1,0,1,soil,22,6,0,0,,6,3.904955
GF04007510S,"Arequipa, Chili River",Neotropical,South American Transition Zone,Desert province,Desert,GF04007510S,Desert province,14,0,0,0,0,0,0,4,0,0,0,0,0,0,3,0,0,1,8,0,0,0,0,0,0,0,1,0,1,soil,32,7,0,0,,7,4.54945
GF04007511S,"Arequipa, Cayma",Neotropical,South American Transition Zone,Desert province,Desert,GF04007511S,Desert province,7,0,0,0,0,0,0,1,0,0,0,0,0,0,1,0,0,0,7,0,0,0,0,0,0,0,2,0,1,soil,19,6,0,0,,6,4.210779
GF04007512S,"Arequipa, Cayma",Neotropical,South American Transition Zone,Desert province,Desert,GF04007512S,Desert province,3,0,0,0,0,0,0,0,0,0,0,0,0,0,1,0,0,0,8,0,0,0,0,0,0,0,1,0,3,soil,16,5,0,0,,5,3.746748
GF04007520S,"Big Bend National Park, Texas",N/A,N/A,N/A,Thorn woodland,GF04007520S,N/A,17,0,0,0,0,1,0,0,0,0,0,0,0,0,6,0,0,0,7,0,0,2,1,0,0,0,2,0,4,root,40,8,0,0,,8,5.299018
GF04007524S,"Davis Mountains / Mimms Ranch, Texas",N/A,N/A,N/A,,GF04007524S,N/A,18,0,0,0,0,1,0,1,0,0,0,0,0,0,3,0,0,0,9,0,0,2,1,1,0,0,0,0,8,root,44,9,0,0,,9,5.300707
GF04007525S,"Davis Mountains / Mimms Ranch, Texas",N/A,N/A,N/A,,GF04007525S,N/A,45,0,0,0,0,17,0,2,0,0,0,0,0,0,6,0,0,0,12,0,0,8,1,0,0,0,0,0,15,root,106,8,0,0,,8,5.243858
GF04007531S,"University of Houston Coastal Center, Texas",N/A,N/A,N/A,Dry forest|Moist forest,GF04007531S,N/A,51,0,0,0,2,0,0,0,0,1,2,0,0,1,13,0,8,0,41,0,0,4,11,0,0,2,12,0,14,root,162,13,0,0,,13,7.146134
GF04007535S,"University of Houston Coastal Center, Texas",N/A,N/A,N/A,Dry forest|Moist forest,GF04007535S,N/A,39,0,0,0,2,0,0,2,0,1,0,0,0,1,10,0,8,0,41,0,0,4,4,0,0,2,11,0,11,root,136,13,0,0,,13,7.034964
GF04007536S,"Gila National Forest, New Mexico",N/A,N/A,N/A,,GF04007536S,N/A,52,0,0,0,0,5,0,9,4,0,0,1,1,0,21,0,0,0,13,0,0,8,10,0,0,0,5,0,8,root,137,12,2.919708029,2.919708029,,12,7.366541
GF04007537S,"Guadalupe Mountains National Park, Texas",N/A,N/A,N/A,,GF04007537S,N/A,45,0,0,0,2,0,0,2,0,1,0,0,0,1,8,0,7,0,38,0,0,4,3,1,0,2,10,0,12,root,136,14,0,0,,14,6.89009
GF04007538S,"Davis Mountains / Mimms Ranch, Texas",N/A,N/A,N/A,,GF04007538S,N/A,42,0,0,0,1,0,0,5,2,1,1,2,0,0,6,0,0,1,26,0,0,1,24,0,0,0,0,0,14,root,126,13,1.587301587,1.587301587,,13,6.349151
GF04007541S,"Guadalupe Mountains National Park, Texas",N/A,N/A,N/A,,GF04007541S,N/A,51,0,0,0,2,1,0,1,0,1,0,0,0,1,12,0,7,0,42,0,0,5,5,1,0,2,16,0,19,root,166,15,0,0,,15,7.233663
GF04007544S,"University of Houston Coastal Center, Texas",N/A,N/A,N/A,Dry forest|Moist forest,GF04007544S,N/A,41,0,0,0,2,0,0,2,0,1,1,0,0,1,9,0,6,0,40,0,0,4,8,0,0,2,11,0,14,root,142,14,0,0,,14,7.374863
GF04007545S,"Ladybird Johnson Wildflower Center, Texas",N/A,N/A,N/A,,GF04007545S,N/A,43,0,0,0,2,0,0,1,0,0,2,2,1,1,24,0,6,0,37,0,0,3,18,0,0,0,8,0,14,root,162,14,0,0,,14,7.609737
GF04007547S,"Ladybird Johnson Wildflower Center, Texas",N/A,N/A,N/A,,GF04007547S,N/A,52,0,0,0,2,1,0,2,0,0,2,1,1,1,25,0,7,0,50,0,0,3,10,0,0,2,8,0,19,root,186,16,0,0,,16,7.404289
GF04007550S,"Guadalupe Mountains National Park, Texas",N/A,N/A,N/A,,GF04007550S,N/A,56,0,0,0,2,8,0,7,0,1,0,0,0,1,7,0,7,0,44,0,0,4,3,0,0,2,11,0,11,root,164,14,0,0,,14,7.149158
GF04007551S,"Ladybird Johnson Wildflower Center, Texas",N/A,N/A,N/A,,GF04007551S,N/A,40,0,0,0,2,2,0,0,0,0,3,0,0,1,5,0,6,0,29,0,0,3,3,0,0,3,9,0,12,root,118,13,0,0,,13,7.227197
GF04007552S,"Ladybird Johnson Wildflower Center, Texas",N/A,N/A,N/A,,GF04007552S,N/A,41,0,0,0,2,0,0,1,0,1,1,0,0,1,11,0,7,0,36,0,0,5,4,0,0,2,8,0,11,root,131,14,0,0,,14,7.167511
GF04007554S,"Guadalupe Mountains National Park, Texas",N/A,N/A,N/A,,GF04007554S,N/A,32,0,0,0,2,0,0,0,0,0,0,0,0,1,8,0,6,0,31,0,0,5,3,1,0,2,8,0,9,root,108,12,0,0,,12,7.015733
GF04007557S,"Davis Mountains / Mimms Ranch, Texas",N/A,N/A,N/A,,GF04007557S,N/A,29,0,0,0,1,3,0,1,7,1,0,0,1,0,5,0,1,0,6,0,0,0,13,0,0,0,3,0,9,root,80,13,8.75,8.75,,13,7.461489
GF04007572S,"Davis Mountains / Mimms Ranch, Texas",N/A,N/A,N/A,,GF04007572S,N/A,18,0,0,0,2,0,0,0,3,0,0,0,0,0,5,0,1,0,3,0,0,6,8,1,0,0,1,0,1,root,49,11,6.12244898,6.12244898,,11,6.987391
GF04007576S,"Davis Mountains / Mimms Ranch, Texas",N/A,N/A,N/A,,GF04007576S,N/A,15,0,0,0,0,1,0,1,0,0,0,0,0,0,4,0,0,0,27,0,0,4,0,0,0,0,0,0,6,root,58,7,0,0,,7,4.259914
GF04007578S,"Davis Mountains / Mimms Ranch, Texas",N/A,N/A,N/A,,GF04007578S,N/A,19,0,0,0,0,1,0,0,0,0,0,0,0,0,4,0,0,0,9,0,0,3,4,1,0,0,0,0,4,root,45,8,0,0,,8,5.371411
GF04007579S,"Gila National Forest, New Mexico",N/A,N/A,N/A,,GF04007579S,N/A,26,0,0,0,0,3,0,1,4,0,0,1,0,1,1,0,0,0,5,0,0,2,2,0,0,0,0,0,2,root,48,11,8.333333333,8.333333333,,11,5.301118
GF04007581S,"Stephen F. Austin Experimental Forest, Texas",N/A,N/A,N/A,,GF04007581S,N/A,50,0,0,0,2,0,0,2,0,1,1,1,0,0,7,0,2,0,20,0,0,4,5,0,0,1,4,0,3,root,103,14,0,0,,14,5.833222
GF04007584S,"Guadalupe Mountains National Park, Texas",N/A,N/A,N/A,,GF04007584S,N/A,39,0,0,0,1,5,0,0,0,0,0,0,0,1,6,0,6,1,37,0,0,3,4,0,0,2,9,0,17,root,131,13,0,0,,13,6.975383
GF04007585S,"Davis Mountains / Mimms Ranch, Texas",N/A,N/A,N/A,,GF04007585S,N/A,21,0,0,0,1,0,0,2,3,0,0,0,0,0,3,0,2,0,7,0,0,0,7,0,0,0,0,0,6,root,52,9,5.769230769,5.769230769,,9,6.116577
GF04007586S,"Davis Mountains / Mimms Ranch, Texas",N/A,N/A,N/A,,GF04007586S,N/A,78,0,0,0,7,2,0,1,1,1,2,0,1,0,16,0,2,0,17,0,0,1,30,2,0,0,4,0,18,root,183,16,0.546448087,0.546448087,,16,6.488378
GF04007596S,"Gila National Forest, New Mexico",N/A,N/A,N/A,,GF04007596S,N/A,25,0,0,0,0,0,0,0,1,0,0,1,0,0,5,0,0,0,10,0,0,2,6,0,0,0,0,0,5,root,55,8,1.818181818,1.818181818,,8,5.014135
GF04007598S,"Big Bend National Park, Texas",N/A,N/A,N/A,Thorn steppe,GF04007598S,N/A,21,0,0,0,1,0,0,1,11,0,0,0,0,0,3,0,0,0,1,0,0,2,9,0,0,0,2,0,1,root,52,10,21.15384615,21.15384615,,10,5.570521
GF04007599S,"Davis Mountains / Mimms Ranch, Texas",N/A,N/A,N/A,,GF04007599S,N/A,24,0,0,0,0,14,0,3,0,0,0,0,0,0,4,0,0,0,14,0,0,2,2,1,0,0,0,0,8,root,72,9,0,0,,9,6.041581
GF04007602S,"University of Houston Coastal Center, Texas",N/A,N/A,N/A,Dry forest|Moist forest,GF04007602S,N/A,40,0,0,0,2,0,0,0,0,0,1,0,0,0,8,0,5,0,27,0,0,3,7,0,0,2,9,0,13,root,117,11,0,0,,11,6.734051
GF04007603S,"Davis Mountains / Mimms Ranch, Texas",N/A,N/A,N/A,,GF04007603S,N/A,31,0,0,0,1,4,0,1,2,0,0,0,0,0,8,0,1,0,3,0,0,0,12,0,0,0,0,0,7,root,70,10,2.857142857,2.857142857,,10,5.603546
GF04007607S,"Big Bend National Park, Texas",N/A,N/A,N/A,Thorn steppe,GF04007607S,N/A,22,0,0,0,0,6,0,5,3,0,2,0,0,0,3,0,0,0,12,0,0,11,1,0,0,0,2,0,17,root,84,11,3.571428571,3.571428571,,11,7.718429
GF04007609S,"Florida Mountains, New Mexico",N/A,N/A,N/A,,GF04007609S,N/A,16,0,0,0,0,1,0,4,0,0,0,0,0,0,2,0,0,0,5,0,0,3,0,0,0,0,1,0,2,root,34,8,0,0,,8,5.17249
GF04007613S,"Florida Mountains, New Mexico",N/A,N/A,N/A,,GF04007613S,N/A,7,0,0,0,0,0,0,0,0,0,0,0,0,0,3,0,0,0,7,0,0,2,0,1,0,0,0,0,7,root,27,6,0,0,,6,4.997506
GF04007616S,"Big Bend National Park, Texas",N/A,N/A,N/A,Thorn steppe,GF04007616S,N/A,29,0,0,0,1,0,0,1,4,0,0,0,0,0,1,0,0,0,3,0,0,2,5,0,0,1,0,0,5,root,52,10,7.692307692,7.692307692,,10,4.792932
GF04007622S,"University of Houston Coastal Center, Texas",N/A,N/A,N/A,Dry forest|Moist forest,GF04007622S,N/A,52,0,0,0,2,0,0,0,0,1,2,0,0,1,10,0,8,0,52,0,0,4,6,0,0,2,12,0,15,root,167,13,0,0,,13,6.524529
GF04007623S,"Guadalupe Mountains National Park, Texas",N/A,N/A,N/A,,GF04007623S,N/A,35,0,0,0,2,3,0,0,0,0,0,0,0,1,5,0,6,0,26,0,0,3,1,0,0,2,6,0,10,root,100,12,0,0,,12,6.647954
GF04007631S,"Gila National Forest, New Mexico",N/A,N/A,N/A,,GF04007631S,N/A,27,0,0,0,0,1,0,1,1,0,0,0,0,0,0,0,0,0,1,0,0,5,4,0,0,0,0,0,1,root,41,8,2.43902439,2.43902439,,8,3.358928
GF04007634S,"Stephen F. Austin Experimental Forest, Texas",N/A,N/A,N/A,,GF04007634S,N/A,47,0,0,0,2,0,0,1,1,2,1,1,0,0,9,0,4,0,16,0,0,4,9,0,0,1,7,0,4,root,109,15,0.917431193,0.917431193,,15,7.08755
GF04007636S,"Stephen F. Austin Experimental Forest, Texas",N/A,N/A,N/A,,GF04007636S,N/A,73,0,0,0,4,5,0,3,0,1,3,1,0,0,18,0,4,1,27,0,0,4,15,0,0,4,8,0,16,root,187,16,0,0,,16,7.860341
GF04007638S,"Ladybird Johnson Wildflower Center, Texas",N/A,N/A,N/A,,GF04007638S,N/A,39,0,0,0,1,0,0,3,0,0,0,1,0,1,9,0,5,0,24,0,0,3,7,0,0,2,6,0,16,root,117,13,0,0,,13,7.356831
GF04007641S,"Guadalupe Mountains National Park, Texas",N/A,N/A,N/A,,GF04007641S,N/A,34,0,0,0,2,0,0,0,0,1,0,0,0,1,7,0,7,0,39,0,0,4,3,1,0,1,8,0,10,root,118,13,0,0,,13,6.620165
GF04007643S,"Davis Mountains / Mimms Ranch, Texas",N/A,N/A,N/A,,GF04007643S,N/A,21,0,0,0,0,10,0,0,0,0,0,0,0,0,4,0,0,0,7,0,0,2,1,3,0,0,0,0,13,root,61,8,0,0,,8,5.74136
GF04007646S,"Gila National Forest, New Mexico",N/A,N/A,N/A,,GF04007646S,N/A,69,0,0,0,0,9,0,9,5,0,0,1,0,1,10,0,0,0,11,0,0,16,12,0,0,1,5,0,17,root,166,13,3.012048193,3.012048193,,13,7.258667
GF04007647S,"Florida Mountains, New Mexico",N/A,N/A,N/A,,GF04007647S,N/A,19,0,0,0,0,8,0,0,0,0,0,0,0,0,0,0,0,0,7,0,0,2,2,0,0,0,0,0,4,root,42,6,0,0,,6,4.424764
GF04007649S,"University of Houston Coastal Center, Texas",N/A,N/A,N/A,Dry forest|Moist forest,GF04007649S,N/A,45,0,0,0,1,0,0,0,0,0,0,0,0,1,10,0,8,0,39,0,0,4,5,0,0,2,12,0,14,root,141,11,0,0,,11,6.42058
GF04007652S,"Davis Mountains / Mimms Ranch, Texas",N/A,N/A,N/A,,GF04007652S,N/A,16,0,0,0,0,4,0,7,2,0,0,0,0,0,2,0,0,0,1,0,0,8,9,0,0,0,1,0,9,root,59,10,3.389830508,3.389830508,,10,7.400158
GF04007658S,"Ladybird Johnson Wildflower Center, Texas",N/A,N/A,N/A,,GF04007658S,N/A,48,0,0,0,2,0,0,3,0,1,0,1,0,1,9,0,7,0,45,0,0,4,13,0,0,2,9,0,16,root,161,14,0,0,,14,7.230062
GF04007659S,"Davis Mountains / Mimms Ranch, Texas",N/A,N/A,N/A,,GF04007659S,N/A,12,0,0,0,0,0,0,0,2,0,0,0,0,0,6,0,1,0,6,0,0,0,7,1,0,0,1,0,1,root,37,9,5.405405405,5.405405405,,9,6.161243
GF04007664S,"Florida Mountains, New Mexico",N/A,N/A,N/A,,GF04007664S,N/A,9,0,0,0,0,0,0,9,0,0,0,0,0,0,3,0,0,0,4,1,0,2,2,0,0,0,0,0,2,root,32,8,0,0,,8,6.193809
GF04007665S,"Big Bend National Park, Texas",N/A,N/A,N/A,Thorn woodland,GF04007665S,N/A,24,0,0,0,0,15,0,0,0,0,0,0,0,0,1,0,0,0,6,0,0,2,2,2,0,0,2,0,4,root,58,9,0,0,,9,5.303999
GF04007674S,"Big Bend National Park, Texas",N/A,N/A,N/A,Thorn woodland,GF04007674S,N/A,33,0,0,0,0,17,0,2,0,0,0,0,0,0,2,0,0,0,18,0,0,4,0,0,0,0,0,0,0,root,76,6,0,0,,6,3.993875
GF04007676S,"Gila National Forest, New Mexico",N/A,N/A,N/A,,GF04007676S,N/A,39,0,0,0,0,4,0,2,3,0,0,1,0,0,5,0,1,0,17,0,0,5,8,0,0,0,4,0,2,root,91,12,3.296703297,3.296703297,,12,6.444665
GF04007678S,"Gila National Forest, New Mexico",N/A,N/A,N/A,,GF04007678S,N/A,25,0,0,0,0,4,0,0,4,0,0,0,0,0,1,0,0,0,15,0,0,2,6,0,0,0,0,0,5,root,62,8,6.451612903,6.451612903,,8,5.310051
GF04007682S,"Ladybird Johnson Wildflower Center, Texas",N/A,N/A,N/A,,GF04007682S,N/A,41,0,0,0,2,0,0,2,0,0,0,0,0,1,11,0,7,1,42,0,0,4,6,0,0,2,9,0,11,root,139,13,0,0,,13,6.978232
GF04007683S,"Florida Mountains, New Mexico",N/A,N/A,N/A,,GF04007683S,N/A,10,0,0,0,0,3,0,3,0,0,0,0,0,0,1,0,0,0,12,0,0,2,2,1,0,0,1,0,1,root,36,10,0,0,,10,6.39484
GF04007690S,"University of Houston Coastal Center, Texas",N/A,N/A,N/A,Dry forest|Moist forest,GF04007690S,N/A,57,0,0,0,4,2,0,0,0,1,2,0,0,1,11,0,7,0,45,0,0,4,7,0,0,2,12,0,12,root,167,14,0,0,,14,6.978139
GF04007693S,"Ladybird Johnson Wildflower Center, Texas",N/A,N/A,N/A,,GF04007693S,N/A,57,0,0,0,2,2,0,2,3,1,2,1,0,1,18,0,7,0,53,0,0,3,9,0,0,2,11,0,17,root,191,17,1.570680628,1.570680628,,17,7.657548
GF04007699S,"Florida Mountains, New Mexico",N/A,N/A,N/A,,GF04007699S,N/A,19,0,0,0,0,0,0,10,2,0,0,0,0,0,9,0,0,0,17,0,0,2,1,2,0,0,2,0,1,root,65,10,3.076923077,3.076923077,,10,6.227192
GF04007704S,"Ladybird Johnson Wildflower Center, Texas",N/A,N/A,N/A,,GF04007704S,N/A,47,0,0,0,2,1,0,1,0,1,0,1,1,1,16,0,7,0,46,0,0,3,14,0,0,2,8,0,19,root,170,16,0,0,,16,7.495585
GF04007711S,"Davis Mountains / Mimms Ranch, Texas",N/A,N/A,N/A,,GF04007711S,N/A,14,0,0,0,0,3,0,0,0,0,0,0,0,0,4,0,0,0,3,0,0,1,3,0,0,0,0,0,8,root,36,7,0,0,,7,5.293263
GF04007719S,"Davis Mountains / Mimms Ranch, Texas",N/A,N/A,N/A,,GF04007719S,N/A,23,0,0,0,0,6,0,1,0,0,0,0,0,0,5,0,0,0,4,0,0,2,0,0,0,0,0,0,10,root,51,7,0,0,,7,4.767383
GF04007720S,"Ladybird Johnson Wildflower Center, Texas",N/A,N/A,N/A,,GF04007720S,N/A,37,0,0,0,2,2,0,3,1,0,1,0,0,1,8,0,6,0,24,0,0,3,7,0,0,0,7,0,11,root,113,14,0.884955752,0.884955752,,14,7.927462
GF04007722S,"Davis Mountains / Mimms Ranch, Texas",N/A,N/A,N/A,,GF04007722S,N/A,77,0,0,0,6,7,0,4,6,1,0,0,0,0,18,0,4,0,26,0,0,4,27,1,0,0,2,0,13,root,196,14,3.06122449,3.06122449,,14,7.233289
GF04007725S,"Gila National Forest, New Mexico",N/A,N/A,N/A,,GF04007725S,N/A,16,0,0,0,0,1,0,3,3,0,0,0,0,0,7,0,0,0,7,0,0,7,2,0,0,0,0,0,3,root,49,9,6.12244898,6.12244898,,9,6.837663
GF04007726S,"Big Bend National Park, Texas",N/A,N/A,N/A,Thorn woodland,GF04007726S,N/A,14,0,0,0,0,8,0,0,0,0,0,0,0,0,1,0,0,0,1,0,0,2,0,0,0,0,0,0,0,root,26,5,0,0,,5,3.139045
GF04007731S,"Florida Mountains, New Mexico",N/A,N/A,N/A,,GF04007731S,N/A,23,0,0,0,0,2,0,1,0,0,0,0,0,0,0,0,0,0,6,0,0,2,4,0,0,0,1,0,5,root,44,8,0,0,,8,4.61319
GF04007735S,"University of Houston Coastal Center, Texas",N/A,N/A,N/A,Dry forest|Moist forest,GF04007735S,N/A,32,0,0,0,1,0,0,0,0,0,0,0,0,1,10,0,5,0,23,0,0,3,2,0,0,1,8,0,12,root,98,11,0,0,,11,6.54397
GF04007738S,"University of Houston Coastal Center, Texas",N/A,N/A,N/A,Dry forest|Moist forest,GF04007738S,N/A,38,0,0,0,2,1,0,0,0,1,2,0,0,1,10,0,7,1,35,0,0,4,3,0,0,3,7,0,15,root,130,15,0,0,,15,7.638446
GF04007741S,"Ladybird Johnson Wildflower Center, Texas",N/A,N/A,N/A,,GF04007741S,N/A,57,0,0,0,2,0,0,3,0,1,2,0,0,1,13,0,8,0,49,0,0,4,9,0,0,2,10,0,15,root,176,14,0,0,,14,6.998826
GF04007743S,"Davis Mountains / Mimms Ranch, Texas",N/A,N/A,N/A,,GF04007743S,N/A,21,0,0,0,0,13,0,2,0,0,0,0,0,0,2,0,0,0,5,0,0,2,3,0,0,1,0,0,2,root,51,9,0,0,,9,5.437106
GF04007748S,"Ladybird Johnson Wildflower Center, Texas",N/A,N/A,N/A,,GF04007748S,N/A,29,0,0,0,1,0,0,0,0,0,0,0,0,1,5,0,6,0,18,0,0,3,0,0,0,2,4,0,13,root,82,10,0,0,,10,6.176625
GF04007750S,"Guadalupe Mountains National Park, Texas",N/A,N/A,N/A,,GF04007750S,N/A,51,0,0,0,2,12,0,0,0,0,0,0,0,1,6,0,7,0,34,0,0,3,4,0,0,1,7,0,11,root,139,12,0,0,,12,6.541078
GF04007758S,"Gila National Forest, New Mexico",N/A,N/A,N/A,,GF04007758S,N/A,12,0,0,0,0,0,0,2,0,0,0,0,0,0,3,0,0,0,8,0,0,6,1,0,0,0,0,0,4,root,36,7,0,0,,7,5.531174
GF04007761S,"Florida Mountains, New Mexico",N/A,N/A,N/A,,GF04007761S,N/A,27,0,0,0,0,1,0,6,2,0,2,0,0,0,7,0,0,0,11,0,0,3,7,0,0,0,0,0,1,root,67,10,2.985074627,2.985074627,,10,6.204021
GF04007765S,"Gila National Forest, New Mexico",N/A,N/A,N/A,,GF04007765S,N/A,29,0,0,0,0,2,0,1,2,0,0,1,0,0,5,0,1,0,12,0,0,9,3,0,0,0,0,0,3,root,68,11,2.941176471,2.941176471,,11,6.038057
GF04007771S,"Guadalupe Mountains National Park, Texas",N/A,N/A,N/A,,GF04007771S,N/A,39,0,0,0,1,16,0,2,4,0,0,0,0,1,5,0,6,0,27,0,0,3,6,0,0,1,5,0,12,root,128,14,3.125,3.125,,14,8.064115
GF04007772S,"University of Houston Coastal Center, Texas",N/A,N/A,N/A,Dry forest|Moist forest,GF04007772S,N/A,48,0,0,0,2,0,0,2,0,1,0,0,0,1,11,0,9,1,57,0,0,5,4,0,0,3,13,0,16,root,173,14,0,0,,14,6.804004
GF04007773S,"Ladybird Johnson Wildflower Center, Texas",N/A,N/A,N/A,,GF04007773S,N/A,39,0,0,0,1,3,0,3,0,0,3,0,0,1,3,0,5,0,24,0,0,5,2,0,0,0,4,0,7,root,100,13,0,0,,13,6.789264
GF04007775S,"Stephen F. Austin Experimental Forest, Texas",N/A,N/A,N/A,,GF04007775S,N/A,64,1,0,0,2,0,0,4,2,1,0,1,0,0,22,0,2,1,39,0,0,4,12,0,0,1,4,0,7,root,167,16,1.19760479,1.19760479,,16,6.532346
GF04007778S,"Guadalupe Mountains National Park, Texas",N/A,N/A,N/A,,GF04007778S,N/A,44,0,0,0,2,0,0,0,0,1,0,0,0,1,14,0,8,0,39,0,0,4,4,0,0,2,11,0,10,root,140,12,0,0,,12,6.666758
GF04007779S,"Florida Mountains, New Mexico",N/A,N/A,N/A,,GF04007779S,N/A,30,0,0,0,1,3,0,7,0,0,0,0,0,0,14,0,0,0,18,0,0,3,3,0,0,0,1,0,1,root,81,10,0,0,,10,5.732061
GF04007780S,"University of Houston Coastal Center, Texas",N/A,N/A,N/A,Dry forest|Moist forest,GF04007780S,N/A,49,0,0,0,2,1,0,0,0,1,3,0,0,1,15,0,8,1,51,0,0,4,9,0,0,2,13,0,14,root,174,15,0,0,,15,7.368585
GF04007782S,"Ladybird Johnson Wildflower Center, Texas",N/A,N/A,N/A,,GF04007782S,N/A,42,0,0,0,3,1,0,11,0,0,0,0,0,1,6,0,7,0,33,0,0,3,2,0,0,2,8,0,13,root,132,13,0,0,,13,7.281809
GF04007784S,"Big Bend National Park, Texas",N/A,N/A,N/A,Thorn woodland,GF04007784S,N/A,18,0,0,0,0,12,0,5,0,0,0,0,0,0,1,0,0,0,12,0,0,2,1,0,0,0,0,0,1,root,52,8,0,0,,8,5.065421
GF04007789S,"Florida Mountains, New Mexico",N/A,N/A,N/A,,GF04007789S,N/A,22,0,0,0,0,1,0,3,0,0,0,0,0,0,7,0,0,0,13,0,0,2,3,0,0,0,2,0,3,root,56,9,0,0,,9,5.73316
GF04007790S,"Florida Mountains, New Mexico",N/A,N/A,N/A,,GF04007790S,N/A,27,0,0,0,0,3,0,5,1,0,1,0,0,0,13,0,0,0,23,0,0,4,9,2,0,0,2,0,2,root,92,12,1.086956522,1.086956522,,12,7.131357
GF04007792S,"Florida Mountains, New Mexico",N/A,N/A,N/A,,GF04007792S,N/A,18,0,0,0,0,0,0,4,0,0,0,0,0,0,11,0,0,0,12,0,0,5,6,6,0,0,4,0,7,root,73,9,0,0,,9,7.882716
GF04007793S,"Florida Mountains, New Mexico",N/A,N/A,N/A,,GF04007793S,N/A,11,0,0,0,0,3,0,3,0,0,0,0,0,0,3,0,0,0,8,0,0,3,1,0,0,0,0,0,1,root,33,8,0,0,,8,6.011094
GF04007795S,"Davis Mountains / Mimms Ranch, Texas",N/A,N/A,N/A,,GF04007795S,N/A,18,0,0,0,0,7,0,0,0,0,0,0,0,0,1,0,0,0,5,0,0,2,2,0,0,0,0,0,1,root,36,7,0,0,,7,4.303429
GF04007796S,"Big Bend National Park, Texas",N/A,N/A,N/A,Thorn woodland,GF04007796S,N/A,15,0,0,0,0,11,0,3,1,0,0,0,0,0,3,0,0,0,6,1,0,2,0,0,0,0,0,0,3,root,45,9,2.222222222,2.222222222,,9,6.2239
GF04007798S,"Florida Mountains, New Mexico",N/A,N/A,N/A,,GF04007798S,N/A,9,0,0,0,0,0,0,1,0,0,0,0,0,0,8,0,0,0,7,0,0,2,2,1,0,0,2,0,1,root,33,9,0,0,,9,6.387621
GF04007799S,"Ladybird Johnson Wildflower Center, Texas",N/A,N/A,N/A,,GF04007799S,N/A,57,0,0,0,2,2,0,1,0,1,1,1,0,1,18,0,7,0,47,0,0,4,9,0,0,2,11,0,14,root,178,16,0,0,,16,7.245015
GF04007805S,"Gila National Forest, New Mexico",N/A,N/A,N/A,,GF04007805S,N/A,31,0,0,0,0,4,0,4,5,0,0,1,0,1,9,0,0,0,7,0,0,8,5,0,0,2,3,0,9,root,89,13,5.617977528,5.617977528,,13,8.585941
GF04007807S,"Big Bend National Park, Texas",N/A,N/A,N/A,Thorn woodland,GF04007807S,N/A,44,0,0,0,0,9,0,0,0,0,0,0,0,0,10,0,0,0,8,0,0,2,1,1,0,0,6,0,7,root,88,9,0,0,,9,5.038565
GF04007810S,"Ladybird Johnson Wildflower Center, Texas",N/A,N/A,N/A,,GF04007810S,N/A,48,0,0,0,2,5,0,16,0,1,0,0,0,1,10,0,7,0,48,0,0,3,7,0,0,2,11,0,16,root,177,14,0,0,,14,7.865468
GF04007811S,"Florida Mountains, New Mexico",N/A,N/A,N/A,,GF04007811S,N/A,9,0,0,0,0,2,0,1,0,0,0,0,0,0,1,0,0,0,6,0,0,3,1,0,0,0,0,0,0,root,23,7,0,0,,7,4.976487
GF04007812S,"Big Bend National Park, Texas",N/A,N/A,N/A,Thorn steppe,GF04007812S,N/A,29,0,0,0,0,0,0,4,2,0,1,0,0,0,4,0,0,0,5,0,0,3,7,0,0,0,2,0,2,root,59,10,3.389830508,3.389830508,,10,5.702125
GF04007813S,"Ladybird Johnson Wildflower Center, Texas",N/A,N/A,N/A,,GF04007813S,N/A,47,0,0,0,2,0,0,1,0,1,1,0,0,1,16,0,7,0,48,0,0,4,7,0,0,2,12,0,17,root,166,14,0,0,,14,7.037583
GF04007814S,"Big Bend National Park, Texas",N/A,N/A,N/A,Thorn woodland,GF04007814S,N/A,21,0,0,0,0,11,0,1,0,0,0,0,0,0,1,0,0,0,5,1,0,1,1,0,0,0,0,0,0,root,42,8,0,0,,8,4.038157
GF04007815S,"Gila National Forest, New Mexico",N/A,N/A,N/A,,GF04007815S,N/A,11,0,0,0,0,0,0,0,0,0,0,0,0,2,6,0,0,0,5,0,0,1,4,0,0,3,3,0,0,root,35,8,0,0,,8,6.542176
GF04007816S,"Florida Mountains, New Mexico",N/A,N/A,N/A,,GF04007816S,N/A,13,0,0,0,0,0,0,1,0,0,0,0,0,0,5,0,0,0,6,0,0,5,1,0,0,0,0,0,1,root,32,7,0,0,,7,4.878418
GF04007817S,"Gila National Forest, New Mexico",N/A,N/A,N/A,,GF04007817S,N/A,36,0,0,0,0,1,0,1,0,0,0,0,0,0,3,0,1,0,7,0,0,2,2,0,0,0,4,0,4,root,61,10,0,0,,10,4.44339
GF04007820S,"Davis Mountains / Mimms Ranch, Texas",N/A,N/A,N/A,,GF04007820S,N/A,14,0,0,0,0,0,0,1,3,0,0,0,0,0,4,0,0,0,2,0,0,1,4,0,0,0,1,0,5,root,35,9,8.571428571,8.571428571,,9,6.166695
GF04007823S,"Gila National Forest, New Mexico",N/A,N/A,N/A,,GF04007823S,N/A,22,0,0,0,0,1,0,1,3,0,0,0,0,0,3,0,0,0,6,0,0,10,1,0,0,0,1,0,3,root,51,10,5.882352941,5.882352941,,10,5.710345
GF04007824S,"Ladybird Johnson Wildflower Center, Texas",N/A,N/A,N/A,,GF04007824S,N/A,42,0,0,0,1,0,0,4,1,1,0,0,0,1,10,0,5,0,31,0,0,3,4,0,0,2,7,0,10,root,122,14,0.819672131,0.819672131,,14,7.101777
GF04007827S,"Gila National Forest, New Mexico",N/A,N/A,N/A,,GF04007827S,N/A,36,0,0,0,0,9,0,8,4,0,0,0,0,0,6,0,0,0,17,0,0,8,3,0,0,0,2,0,7,root,100,10,4,4,,10,7.078088
GF04007830S,"Guadalupe Mountains National Park, Texas",N/A,N/A,N/A,,GF04007830S,N/A,35,0,0,0,2,1,0,1,0,1,0,0,0,1,9,0,8,0,55,0,0,4,6,0,0,2,10,0,19,root,154,14,0,0,,14,6.852973
GF04007832S,"Gila National Forest, New Mexico",N/A,N/A,N/A,,GF04007832S,N/A,24,0,0,0,0,5,0,1,0,0,0,0,0,0,7,0,0,0,3,0,0,1,4,0,0,1,1,0,1,root,48,10,0,0,,10,5.189088
GF04007833S,"Ladybird Johnson Wildflower Center, Texas",N/A,N/A,N/A,,GF04007833S,N/A,38,0,0,0,1,2,0,2,0,0,0,1,0,1,16,0,6,0,21,0,0,3,8,0,0,0,7,0,12,root,118,13,0,0,,13,7.612883
GF04007834S,"Florida Mountains, New Mexico",N/A,N/A,N/A,,GF04007834S,N/A,17,0,0,0,0,3,0,1,0,0,0,0,0,0,0,0,1,0,11,0,0,1,2,0,0,0,0,0,2,root,38,8,0,0,,8,4.555216
GF04007838S,"Guadalupe Mountains National Park, Texas",N/A,N/A,N/A,,GF04007838S,N/A,40,0,0,0,2,0,0,2,0,1,0,1,0,1,11,0,9,0,49,0,0,5,7,0,0,2,11,0,12,root,153,14,0,0,,14,7.25637
GF04007841S,"Davis Mountains / Mimms Ranch, Texas",N/A,N/A,N/A,,GF04007841S,N/A,23,0,0,0,0,5,0,0,0,0,0,0,0,0,5,0,0,0,10,0,0,1,2,3,0,0,0,0,1,root,50,8,0,0,,8,4.921673
GF04007843S,"Guadalupe Mountains National Park, Texas",N/A,N/A,N/A,,GF04007843S,N/A,41,0,0,0,1,3,0,0,0,1,0,0,0,1,8,0,7,0,30,0,0,4,7,1,0,1,6,0,10,root,121,14,0,0,,14,7.238111
GF04007848S,"Gila National Forest, New Mexico",N/A,N/A,N/A,,GF04007848S,N/A,12,0,0,0,0,0,0,0,0,0,0,0,0,0,7,0,0,0,4,0,0,1,2,1,0,0,1,0,1,root,29,8,0,0,,8,5.10561
GF04007855S,"University of Houston Coastal Center, Texas",N/A,N/A,N/A,Dry forest|Moist forest,GF04007855S,N/A,56,0,0,0,2,8,0,0,0,1,0,0,0,1,10,0,7,1,41,0,0,4,6,0,0,2,12,0,15,root,166,14,0,0,,14,7.218486
GF04007856S,"Big Bend National Park, Texas",N/A,N/A,N/A,Thorn woodland,GF04007856S,N/A,31,0,0,0,0,20,0,0,0,0,1,0,0,0,0,0,0,0,2,0,0,1,1,0,0,0,0,0,1,root,57,7,0,0,,7,3.004133
GF04007864S,"Gila National Forest, New Mexico",N/A,N/A,N/A,,GF04007864S,N/A,20,0,0,0,0,0,0,0,2,0,0,0,0,0,4,0,0,0,5,0,0,3,2,0,0,1,1,0,4,root,42,9,4.761904762,4.761904762,,9,5.534428
GF04007865S,"Ladybird Johnson Wildflower Center, Texas",N/A,N/A,N/A,,GF04007865S,N/A,56,0,0,0,2,0,0,1,0,1,0,0,0,1,15,0,8,1,51,0,0,4,6,0,0,2,13,0,11,root,172,14,0,0,,14,6.554284
GF04007866S,"Stephen F. Austin Experimental Forest, Texas",N/A,N/A,N/A,,GF04007866S,N/A,59,0,0,0,2,1,0,3,2,1,0,1,0,0,13,0,2,0,23,0,0,4,16,0,0,2,9,0,8,root,146,15,1.369863014,1.369863014,,15,7.111639
GF04007869S,"Big Bend National Park, Texas",N/A,N/A,N/A,Thorn steppe,GF04007869S,N/A,13,0,0,0,0,1,0,5,1,0,0,0,0,0,3,0,1,0,10,0,0,14,0,0,0,1,2,0,3,root,54,11,1.851851852,1.851851852,,11,7.128703
GF04007883S,"University of Houston Coastal Center, Texas",N/A,N/A,N/A,Dry forest|Moist forest,GF04007883S,N/A,61,0,0,0,3,0,0,3,0,1,0,0,0,1,11,0,8,0,47,0,0,4,8,0,0,3,18,0,12,root,180,13,0,0,,13,6.839393
GF04007888S,"Gila National Forest, New Mexico",N/A,N/A,N/A,,GF04007888S,N/A,24,0,0,0,1,0,0,1,0,0,0,0,0,0,9,0,0,0,5,0,0,1,4,1,0,0,1,0,5,root,52,10,0,0,,10,5.408736
GF04007893S,"Ladybird Johnson Wildflower Center, Texas",N/A,N/A,N/A,,GF04007893S,N/A,55,0,0,0,1,2,0,13,0,0,0,1,0,1,7,0,9,0,39,0,0,3,5,0,0,3,9,0,18,root,166,14,0,0,,14,7.333189
GF04007900S,"Ladybird Johnson Wildflower Center, Texas",N/A,N/A,N/A,,GF04007900S,N/A,46,0,0,0,2,0,0,2,0,0,1,0,0,1,7,0,6,0,34,0,0,4,9,0,0,2,6,0,11,root,131,13,0,0,,13,6.828183
GF04007904S,"Big Bend National Park, Texas",N/A,N/A,N/A,Thorn woodland,GF04007904S,N/A,8,0,0,0,0,4,0,0,1,0,0,0,0,0,0,0,0,0,3,0,0,2,0,0,0,0,0,0,7,root,25,6,4,4,,6,4.950593
GF04007907S,"University of Houston Coastal Center, Texas",N/A,N/A,N/A,Dry forest|Moist forest,GF04007907S,N/A,60,0,0,0,2,0,0,1,0,0,1,1,0,1,8,0,8,0,42,0,0,3,11,0,0,2,14,0,16,root,170,14,0,0,,14,6.702369
GF04007909S,"University of Houston Coastal Center, Texas",N/A,N/A,N/A,Dry forest|Moist forest,GF04007909S,N/A,44,0,0,0,2,0,0,0,0,1,1,0,0,1,10,0,8,0,43,0,0,4,11,0,0,1,14,0,13,root,153,13,0,0,,13,7.019974
GF04007911S,"Ladybird Johnson Wildflower Center, Texas",N/A,N/A,N/A,,GF04007911S,N/A,35,0,0,0,2,0,0,1,0,0,0,0,1,1,14,0,6,0,34,0,0,3,9,1,0,1,8,0,14,root,130,14,0,0,,14,7.544659
GF04007915S,"University of Houston Coastal Center, Texas",N/A,N/A,N/A,Dry forest|Moist forest,GF04007915S,N/A,35,0,0,0,1,0,0,0,0,0,0,0,0,1,8,0,5,0,25,0,0,3,4,0,0,2,11,0,11,root,106,11,0,0,,11,6.708117
GF04007925S,"Big Bend National Park, Texas",N/A,N/A,N/A,Thorn steppe,GF04007925S,N/A,17,0,0,0,0,6,0,3,5,0,0,0,0,0,5,0,0,0,9,0,0,2,3,0,0,0,0,0,4,root,54,9,9.259259259,9.259259259,,9,7.266577
GF04007928S,"Stephen F. Austin Experimental Forest, Texas",N/A,N/A,N/A,,GF04007928S,N/A,56,0,0,0,2,0,0,11,2,1,4,2,0,2,9,0,1,0,17,0,0,4,12,0,0,1,6,0,5,root,135,16,1.481481481,1.481481481,,16,7.795208
GF04007930S,"Florida Mountains, New Mexico",N/A,N/A,N/A,,GF04007930S,N/A,15,0,0,0,0,1,0,2,0,0,0,0,0,0,1,0,1,0,3,0,0,2,0,0,0,0,0,0,0,root,25,7,0,0,,7,3.862477
GF04007935S,"Guadalupe Mountains National Park, Texas",N/A,N/A,N/A,,GF04007935S,N/A,48,0,0,0,2,17,0,7,0,0,0,0,0,1,4,0,6,0,22,0,0,3,3,0,0,2,7,0,11,root,133,13,0,0,,13,7.566242
GF04007947S,"Davis Mountains / Mimms Ranch, Texas",N/A,N/A,N/A,,GF04007947S,N/A,13,0,0,0,0,0,0,0,2,0,0,0,0,0,1,0,0,0,0,0,0,1,4,0,0,0,1,0,0,root,22,6,9.090909091,9.090909091,,6,3.526563
GF04007952S,"Guadalupe Mountains National Park, Texas",N/A,N/A,N/A,,GF04007952S,N/A,40,0,0,0,2,0,0,2,0,1,0,0,0,1,8,0,7,0,37,0,0,4,4,0,0,2,10,0,11,root,129,13,0,0,,13,6.990533
GF04007953S,"Davis Mountains / Mimms Ranch, Texas",N/A,N/A,N/A,,GF04007953S,N/A,22,0,0,0,0,2,0,9,0,0,0,0,0,0,4,0,0,0,8,0,0,2,2,0,0,0,0,0,4,root,53,8,0,0,,8,5.542827
GF04007962S,"Ladybird Johnson Wildflower Center, Texas",N/A,N/A,N/A,,GF04007962S,N/A,38,0,0,0,2,0,0,12,0,0,0,1,0,1,7,0,6,0,19,0,0,3,4,0,0,3,5,0,9,root,110,13,0,0,,13,7.899221
GF04007963S,"University of Houston Coastal Center, Texas",N/A,N/A,N/A,Dry forest|Moist forest,GF04007963S,N/A,43,0,0,0,2,0,0,0,0,1,0,0,0,1,13,0,8,1,47,0,0,4,5,0,0,2,16,0,14,root,157,13,0,0,,13,6.910562
GF04007965S,"Ladybird Johnson Wildflower Center, Texas",N/A,N/A,N/A,,GF04007965S,N/A,36,0,0,0,1,0,0,3,0,0,0,0,0,0,7,0,5,0,13,0,0,2,7,0,0,0,4,0,11,root,89,10,0,0,,10,6.402374
GF04007966S,"Davis Mountains / Mimms Ranch, Texas",N/A,N/A,N/A,,GF04007966S,N/A,23,0,0,0,0,0,0,1,6,0,0,0,0,0,5,0,1,0,1,0,0,1,6,1,0,0,0,0,4,root,49,10,12.24489796,12.24489796,,10,5.495141
GF04007968S,"Stephen F. Austin Experimental Forest, Texas",N/A,N/A,N/A,,GF04007968S,N/A,49,0,0,0,2,0,0,2,0,1,0,1,0,0,13,0,1,0,22,0,0,4,7,0,0,1,4,0,4,root,111,13,0,0,,13,5.935302
GF04007974S,"Ladybird Johnson Wildflower Center, Texas",N/A,N/A,N/A,,GF04007974S,N/A,25,0,0,0,0,3,0,9,1,0,0,0,0,0,2,0,4,0,19,0,0,3,1,0,0,0,2,0,6,root,75,11,1.333333333,1.333333333,,11,6.63796
GF04007976S,"Gila National Forest, New Mexico",N/A,N/A,N/A,,GF04007976S,N/A,6,0,0,0,0,0,0,0,0,0,0,2,0,0,5,0,0,0,3,0,0,0,1,0,0,1,1,0,3,root,22,8,0,0,,8,6.51407
GF04007978S,"Davis Mountains / Mimms Ranch, Texas",N/A,N/A,N/A,,GF04007978S,N/A,29,0,0,0,0,13,0,2,0,0,0,0,0,0,4,0,0,0,6,0,0,3,4,0,0,0,0,0,11,root,72,8,0,0,,8,5.59883
GF04007986S,"Guadalupe Mountains National Park, Texas",N/A,N/A,N/A,,GF04007986S,N/A,51,0,0,0,2,11,0,1,0,1,0,0,0,1,9,0,7,0,46,0,0,4,3,0,0,2,10,0,11,root,159,14,0,0,,14,6.961623
GF04007987S,"University of Houston Coastal Center, Texas",N/A,N/A,N/A,Dry forest|Moist forest,GF04007987S,N/A,41,0,0,0,2,0,0,0,0,1,0,0,0,1,7,0,8,0,36,0,0,3,5,0,0,2,11,0,13,root,130,12,0,0,,12,6.707666
GF04007989S,"Davis Mountains / Mimms Ranch, Texas",N/A,N/A,N/A,,GF04007989S,N/A,11,0,0,0,0,0,0,1,0,0,0,0,0,0,3,0,0,0,6,0,0,2,0,0,0,0,0,0,3,root,26,6,0,0,,6,4.587221
GF04007991S,"Ladybird Johnson Wildflower Center, Texas",N/A,N/A,N/A,,GF04007991S,N/A,56,0,0,0,1,0,0,1,0,2,0,1,2,1,23,0,5,0,46,0,0,3,7,0,0,1,6,0,21,root,176,15,0,0,,15,6.66803
GF04007995S,"University of Houston Coastal Center, Texas",N/A,N/A,N/A,Dry forest|Moist forest,GF04007995S,N/A,47,0,0,0,1,0,0,0,0,1,0,1,0,1,11,0,8,1,41,0,0,5,9,0,0,2,15,0,18,root,161,14,0,0,,14,7.29894
GF04008003S,"Gila National Forest, New Mexico",N/A,N/A,N/A,,GF04008003S,N/A,16,0,0,0,0,3,0,3,0,0,2,0,0,0,6,0,0,0,4,0,0,2,2,0,0,2,0,0,3,root,43,10,0,0,,10,7.327753
GF04008007S,"Ladybird Johnson Wildflower Center, Texas",N/A,N/A,N/A,,GF04008007S,N/A,50,0,0,0,2,3,0,14,0,0,0,0,0,1,8,0,6,0,36,0,0,3,6,0,0,3,7,0,11,root,150,13,0,0,,13,7.420254
GF04008010S,"Guadalupe Mountains National Park, Texas",N/A,N/A,N/A,,GF04008010S,N/A,49,0,0,0,2,8,0,0,0,1,0,0,0,1,7,0,8,0,44,0,0,4,6,0,0,2,10,0,12,root,154,13,0,0,,13,7.000523
GF04008011S,"Guadalupe Mountains National Park, Texas",N/A,N/A,N/A,,GF04008011S,N/A,60,0,0,0,2,19,0,1,0,1,0,0,0,1,7,0,7,1,41,1,0,7,4,0,0,2,10,0,12,root,176,16,0,0,,16,7.478476
GF04008015S,"Gila National Forest, New Mexico",N/A,N/A,N/A,,GF04008015S,N/A,20,0,0,0,0,0,0,4,3,0,0,1,0,0,8,0,0,0,6,0,0,1,5,0,0,0,2,0,4,root,54,10,5.555555556,5.555555556,,10,6.897773
GF04008017S,"Davis Mountains / Mimms Ranch, Texas",N/A,N/A,N/A,,GF04008017S,N/A,40,0,0,0,0,6,0,3,0,0,0,0,0,0,7,0,0,0,7,0,0,1,2,3,0,0,6,0,4,root,79,10,0,0,,10,5.548185
GF04008020S,"Stephen F. Austin Experimental Forest, Texas",N/A,N/A,N/A,,GF04008020S,N/A,32,0,0,0,1,0,0,0,1,1,1,0,0,0,5,0,1,0,11,0,0,2,10,0,0,1,1,0,4,root,71,13,1.408450704,1.408450704,,13,6.012727
GF04008021S,"Ladybird Johnson Wildflower Center, Texas",N/A,N/A,N/A,,GF04008021S,N/A,39,0,0,0,2,0,0,1,0,0,0,0,0,1,9,0,5,0,28,0,0,3,9,0,0,2,6,0,10,root,115,12,0,0,,12,6.895174
GF04008025S,"Guadalupe Mountains National Park, Texas",N/A,N/A,N/A,,GF04008025S,N/A,44,0,0,0,2,3,0,0,0,1,0,1,0,1,9,0,8,1,54,0,0,4,5,0,0,2,11,0,12,root,158,15,0,0,,15,6.923319
GF04008027S,"University of Houston Coastal Center, Texas",N/A,N/A,N/A,Dry forest|Moist forest,GF04008027S,N/A,44,0,0,0,2,0,0,0,0,1,0,0,0,1,8,0,7,0,40,0,0,4,9,0,0,2,11,0,13,root,142,12,0,0,,12,6.771043
GF04008030S,"Gila National Forest, New Mexico",N/A,N/A,N/A,,GF04008030S,N/A,39,0,0,0,0,4,0,3,3,0,0,1,0,0,7,0,0,0,11,0,0,7,10,0,0,0,1,0,8,root,94,11,3.191489362,3.191489362,,11,6.698209
GF04008031S,"Gila National Forest, New Mexico",N/A,N/A,N/A,,GF04008031S,N/A,14,0,0,0,0,0,0,2,1,0,0,0,0,0,4,0,0,0,4,0,0,3,1,0,0,0,0,0,5,root,34,8,2.941176471,2.941176471,,8,5.692282
GF04008033S,"Ladybird Johnson Wildflower Center, Texas",N/A,N/A,N/A,,GF04008033S,N/A,47,0,0,0,3,0,0,2,0,1,0,2,0,1,6,0,5,0,24,0,0,3,7,0,0,1,6,0,13,root,121,14,0,0,,14,7.100627
GF04008041S,"Guadalupe Mountains National Park, Texas",N/A,N/A,N/A,,GF04008041S,N/A,36,0,0,0,2,2,0,1,0,1,0,0,0,1,8,0,6,0,32,0,0,3,1,0,0,2,8,0,12,root,115,14,0,0,,14,7.041641
GF04008042S,"Stephen F. Austin Experimental Forest, Texas",N/A,N/A,N/A,,GF04008042S,N/A,36,0,0,0,2,0,0,0,0,2,0,1,0,0,8,0,1,0,14,0,0,4,7,0,0,1,4,0,4,root,84,12,0,0,,12,6.44903
GF04008043S,"Gila National Forest, New Mexico",N/A,N/A,N/A,,GF04008043S,N/A,36,0,0,0,0,10,0,0,1,0,0,1,0,1,5,0,0,0,7,0,0,9,4,0,0,0,0,0,5,root,79,10,1.265822785,1.265822785,,10,5.744988
GF04008044S,"Guadalupe Mountains National Park, Texas",N/A,N/A,N/A,,GF04008044S,N/A,32,0,0,0,2,0,0,0,0,0,0,0,0,1,7,0,7,0,31,0,0,3,2,0,0,2,7,0,11,root,105,11,0,0,,11,6.504569
GF04008046S,"Gila National Forest, New Mexico",N/A,N/A,N/A,,GF04008046S,N/A,12,0,0,0,0,0,0,1,1,0,0,0,2,0,13,0,0,0,2,0,0,5,1,0,0,0,3,0,2,root,42,10,2.380952381,2.380952381,,10,6.453937
GF04008047S,"Gila National Forest, New Mexico",N/A,N/A,N/A,,GF04008047S,N/A,18,0,0,0,0,0,0,0,0,0,0,2,0,0,10,0,0,0,3,0,0,1,4,1,0,0,2,0,3,root,44,9,0,0,,9,5.69506
GF04008050S,"Guadalupe Mountains National Park, Texas",N/A,N/A,N/A,,GF04008050S,N/A,55,0,0,0,2,14,0,1,0,1,0,0,0,1,10,0,8,1,45,0,0,5,4,0,0,2,11,0,13,root,173,15,0,0,,15,7.437133
GF04008054S,"Big Bend National Park, Texas",N/A,N/A,N/A,Thorn steppe,GF04008054S,N/A,12,0,0,0,0,4,0,6,0,0,2,0,0,0,2,0,0,0,4,0,0,13,3,0,0,0,0,0,2,root,48,9,0,0,,9,6.993456
GF04008058S,"Big Bend National Park, Texas",N/A,N/A,N/A,Thorn steppe,GF04008058S,N/A,22,0,0,0,0,4,0,11,1,0,2,0,0,1,1,0,1,0,2,0,0,3,1,0,0,0,0,0,8,root,57,12,1.754385965,1.754385965,,12,6.630411
GF04008060S,"Florida Mountains, New Mexico",N/A,N/A,N/A,,GF04008060S,N/A,17,0,0,0,0,1,0,6,0,0,0,0,0,0,7,0,0,0,12,0,0,2,2,3,0,0,0,0,1,root,51,9,0,0,,9,6.085249
GF04008061S,"Florida Mountains, New Mexico",N/A,N/A,N/A,,GF04008061S,N/A,17,0,0,0,0,1,0,6,0,0,1,0,0,0,6,0,0,0,9,0,0,2,1,0,0,0,2,0,3,root,48,10,0,0,,10,6.562859
GF04008062S,"Stephen F. Austin Experimental Forest, Texas",N/A,N/A,N/A,,GF04008062S,N/A,60,0,0,0,4,7,0,5,2,1,1,1,0,0,15,0,2,0,31,0,0,4,12,0,0,1,3,0,3,root,152,16,1.315789474,1.315789474,,16,7.147727
GF04008067S,"Guadalupe Mountains National Park, Texas",N/A,N/A,N/A,,GF04008067S,N/A,28,0,0,0,2,1,0,0,0,0,0,0,0,1,9,0,6,0,31,0,0,3,0,0,0,2,7,0,10,root,100,11,0,0,,11,6.522154
GF04008071S,"Davis Mountains / Mimms Ranch, Texas",N/A,N/A,N/A,,GF04008071S,N/A,23,0,0,0,0,18,0,0,0,0,0,0,0,0,5,0,0,0,2,0,0,1,4,0,0,0,0,0,5,root,58,7,0,0,,7,4.586183
GF04008073S,"Big Bend National Park, Texas",N/A,N/A,N/A,Thorn steppe,GF04008073S,N/A,42,0,0,0,0,23,0,14,1,0,0,0,0,0,4,0,0,0,6,0,0,2,1,0,0,0,0,0,11,root,104,9,0.961538462,0.961538462,,9,5.273108
GF04008077S,"Ladybird Johnson Wildflower Center, Texas",N/A,N/A,N/A,,GF04008077S,N/A,46,0,0,0,3,0,0,7,0,0,0,2,0,1,8,0,8,0,34,0,0,4,5,0,0,4,10,0,17,root,149,13,0,0,,13,7.884591
GF04008078S,"Big Bend National Park, Texas",N/A,N/A,N/A,Thorn steppe,GF04008078S,N/A,14,0,0,0,0,7,0,1,3,0,0,0,0,0,1,0,0,0,4,0,0,2,0,0,0,0,1,0,4,root,37,9,8.108108108,8.108108108,,9,6.159078
GF04008080S,"Ladybird Johnson Wildflower Center, Texas",N/A,N/A,N/A,,GF04008080S,N/A,38,0,0,0,2,0,0,0,0,1,0,0,0,1,13,0,7,1,40,0,0,4,5,0,0,2,11,0,10,root,135,13,0,0,,13,7.051909
GF04008086S,"Florida Mountains, New Mexico",N/A,N/A,N/A,,GF04008086S,N/A,16,0,0,0,0,0,0,0,0,0,0,0,0,0,4,0,0,0,11,0,0,1,4,1,0,0,8,0,4,root,49,8,0,0,,8,5.866046
GF04008094S,"University of Houston Coastal Center, Texas",N/A,N/A,N/A,Dry forest|Moist forest,GF04008094S,N/A,39,0,0,0,2,0,0,0,0,0,1,0,0,1,11,0,6,0,32,0,0,4,9,0,0,2,7,0,11,root,125,12,0,0,,12,7.073156
GF04008098S,"University of Houston Coastal Center, Texas",N/A,N/A,N/A,Dry forest|Moist forest,GF04008098S,N/A,29,0,0,0,1,0,0,0,0,0,0,0,0,1,5,0,4,0,18,0,0,2,5,1,0,0,6,0,14,root,86,11,0,0,,11,6.629566
GF04008104S,"Ladybird Johnson Wildflower Center, Texas",N/A,N/A,N/A,,GF04008104S,N/A,24,0,0,0,1,0,0,0,0,0,0,0,0,1,5,0,4,0,18,0,0,3,1,0,0,0,4,0,9,root,70,10,0,0,,10,6.12673
GF04008105S,"Florida Mountains, New Mexico",N/A,N/A,N/A,,GF04008105S,N/A,32,0,0,0,0,2,0,1,0,0,0,0,0,0,1,0,0,0,4,0,0,4,2,0,0,0,2,0,5,root,53,9,0,0,,9,4.213177
GF04008107S,"Gila National Forest, New Mexico",N/A,N/A,N/A,,GF04008107S,N/A,43,0,0,0,0,6,0,1,2,0,0,1,2,0,15,0,0,0,13,0,0,4,7,0,0,0,3,0,5,root,102,12,1.960784314,1.960784314,,12,6.57009
GF04008108S,"Davis Mountains / Mimms Ranch, Texas",N/A,N/A,N/A,,GF04008108S,N/A,14,0,0,0,0,9,0,0,0,0,0,0,0,0,5,0,0,0,15,1,0,1,3,1,0,0,0,0,11,root,60,9,0,0,,9,6.317375
GF04008113S,"Gila National Forest, New Mexico",N/A,N/A,N/A,,GF04008113S,N/A,14,0,0,0,0,1,0,5,5,0,0,0,0,0,0,0,0,0,12,0,0,1,3,0,0,0,1,0,8,root,50,9,10,10,,9,6.399337
GF04008115S,"University of Houston Coastal Center, Texas",N/A,N/A,N/A,Dry forest|Moist forest,GF04008115S,N/A,19,0,0,0,0,0,0,1,0,0,0,0,0,0,2,0,4,0,12,0,0,3,0,0,0,0,3,0,8,root,52,8,0,0,,8,5.595577
GF04008121S,"Stephen F. Austin Experimental Forest, Texas",N/A,N/A,N/A,,GF04008121S,N/A,35,0,0,0,2,0,0,0,0,1,0,0,0,0,9,0,1,0,10,0,0,3,8,0,0,1,2,0,4,root,76,11,0,0,,11,5.80392
GF04008125S,"Guadalupe Mountains National Park, Texas",N/A,N/A,N/A,,GF04008125S,N/A,18,0,0,0,1,0,0,2,0,0,0,0,0,1,1,0,5,0,15,0,0,1,0,0,0,0,3,0,4,root,51,10,0,0,,10,5.794363
GF04008130S,"Gila National Forest, New Mexico",N/A,N/A,N/A,,GF04008130S,N/A,21,0,0,0,0,3,0,1,1,0,0,0,0,0,2,0,0,0,11,0,0,3,2,0,0,0,4,0,1,root,49,10,2.040816327,2.040816327,,10,5.72274
GF04008131S,"Ladybird Johnson Wildflower Center, Texas",N/A,N/A,N/A,,GF04008131S,N/A,33,0,0,0,1,0,0,3,0,1,1,0,0,1,13,0,6,0,28,0,0,4,10,0,0,1,6,0,14,root,122,14,0,0,,14,8.003483
GF04008132S,"University of Houston Coastal Center, Texas",N/A,N/A,N/A,Dry forest|Moist forest,GF04008132S,N/A,47,0,0,0,2,0,0,1,0,1,0,1,0,1,10,0,7,0,43,0,0,4,8,0,0,2,14,0,17,root,158,14,0,0,,14,7.135794
GF04008133S,"Gila National Forest, New Mexico",N/A,N/A,N/A,,GF04008133S,N/A,20,0,0,0,0,0,0,3,5,0,0,2,0,1,1,0,0,0,9,0,0,2,5,0,0,0,2,0,5,root,55,11,9.090909091,9.090909091,,11,7.271424
GF04008135S,"Ladybird Johnson Wildflower Center, Texas",N/A,N/A,N/A,,GF04008135S,N/A,33,0,0,0,2,0,0,1,1,1,0,0,0,1,11,0,7,0,35,0,0,4,8,0,0,2,11,0,10,root,127,14,0.787401575,0.787401575,,14,7.80995
GF04008136S,"Stephen F. Austin Experimental Forest, Texas",N/A,N/A,N/A,,GF04008136S,N/A,27,0,0,0,2,0,0,0,1,1,0,1,0,0,8,0,2,0,19,0,0,3,11,0,0,1,4,0,2,root,82,13,1.219512195,1.219512195,,13,7.07226
GF04008139S,"Gila National Forest, New Mexico",N/A,N/A,N/A,,GF04008139S,N/A,23,0,0,0,0,5,0,1,0,0,0,0,0,0,7,0,0,0,2,0,0,0,5,0,0,0,2,0,3,root,48,8,0,0,,8,5.069656
GF04008143S,"Davis Mountains / Mimms Ranch, Texas",N/A,N/A,N/A,,GF04008143S,N/A,21,0,0,0,0,10,0,3,0,0,0,0,0,0,3,0,1,0,13,0,0,2,4,0,0,0,1,0,14,root,72,10,0,0,,10,6.717994
GF04008144S,"Gila National Forest, New Mexico",N/A,N/A,N/A,,GF04008144S,N/A,17,0,0,0,0,2,0,3,0,0,0,0,0,0,11,0,0,0,3,0,0,1,4,1,0,0,0,0,2,root,44,9,0,0,,9,5.761595
GF04008149S,"Davis Mountains / Mimms Ranch, Texas",N/A,N/A,N/A,,GF04008149S,N/A,15,0,0,0,0,4,0,1,0,0,0,0,0,0,1,0,0,0,5,0,0,4,1,0,0,1,0,0,13,root,45,9,0,0,,9,5.68434
GF04008158S,"Davis Mountains / Mimms Ranch, Texas",N/A,N/A,N/A,,GF04008158S,N/A,14,0,0,0,0,3,0,0,0,0,0,0,0,0,0,0,0,0,3,0,0,2,1,0,0,0,0,0,6,root,29,6,0,0,,6,4.252287
GF04008159S,"Davis Mountains / Mimms Ranch, Texas",N/A,N/A,N/A,,GF04008159S,N/A,28,0,0,0,0,13,0,0,0,0,0,0,0,0,3,0,0,0,8,0,0,2,1,0,0,0,1,0,8,root,64,8,0,0,,8,4.889155
GF04008161S,"Big Bend National Park, Texas",N/A,N/A,N/A,Thorn steppe,GF04008161S,N/A,11,0,0,0,0,0,0,9,0,0,0,0,0,0,3,0,0,0,6,0,0,2,1,0,0,1,0,0,5,root,38,8,0,0,,8,6.081016
GF04008165S,"Gila National Forest, New Mexico",N/A,N/A,N/A,,GF04008165S,N/A,17,0,0,0,0,1,0,0,0,0,0,2,0,0,4,0,0,0,3,0,0,1,3,1,0,0,0,0,0,root,32,8,0,0,,8,4.655238
GF04008166S,"Florida Mountains, New Mexico",N/A,N/A,N/A,,GF04008166S,N/A,12,0,0,0,0,0,0,1,0,0,0,0,0,0,0,0,0,0,9,0,0,2,1,0,0,0,1,0,3,root,29,7,0,0,,7,4.462497
GF04008167S,"Gila National Forest, New Mexico",N/A,N/A,N/A,,GF04008167S,N/A,21,0,0,0,0,3,0,0,0,0,0,0,0,0,5,0,0,0,1,0,0,1,2,0,0,0,0,0,2,root,35,7,0,0,,7,3.763432
GF04008169S,"Davis Mountains / Mimms Ranch, Texas",N/A,N/A,N/A,,GF04008169S,N/A,16,0,0,0,0,1,0,0,0,0,0,0,0,0,3,0,0,0,16,0,0,2,1,0,0,0,0,0,3,root,42,7,0,0,,7,4.200777
GF04008171S,"Florida Mountains, New Mexico",N/A,N/A,N/A,,GF04008171S,N/A,15,0,0,0,0,0,0,9,1,0,2,0,0,0,4,0,0,0,6,0,0,5,2,0,0,0,0,0,1,root,45,9,2.222222222,2.222222222,,9,6.436386
GF04008179S,"Davis Mountains / Mimms Ranch, Texas",N/A,N/A,N/A,,GF04008179S,N/A,13,0,0,0,0,3,0,0,0,0,0,0,0,0,4,0,0,0,6,0,0,1,3,1,0,0,0,0,2,root,33,8,0,0,,8,5.757517
GF04008184S,"Big Bend National Park, Texas",N/A,N/A,N/A,Thorn woodland,GF04008184S,N/A,12,0,0,0,0,2,0,0,0,0,0,0,0,0,0,0,0,0,6,0,0,2,1,0,0,0,0,0,0,root,23,5,0,0,,5,3.494039
GF04008185S,"Big Bend National Park, Texas",N/A,N/A,N/A,Thorn steppe,GF04008185S,N/A,12,0,0,0,0,0,0,0,2,0,0,0,0,0,1,0,0,0,5,0,0,1,0,0,0,0,0,0,1,root,22,6,9.090909091,9.090909091,,6,3.694496
GF04008186S,"Davis Mountains / Mimms Ranch, Texas",N/A,N/A,N/A,,GF04008186S,N/A,19,0,0,0,0,2,0,7,0,0,0,0,0,0,1,0,0,0,5,1,0,2,0,0,0,0,0,0,0,root,37,7,0,0,,7,4.213683
GF04008187S,"Big Bend National Park, Texas",N/A,N/A,N/A,Thorn woodland,GF04008187S,N/A,5,0,0,0,0,9,0,2,0,0,0,0,0,0,0,0,0,0,1,0,0,1,1,0,0,0,0,0,2,root,21,7,0,0,,7,4.892127
GF04017636S,"Linderos Road, Sierras Grandes",Neotropical,South American Transition Zone,Comechingones province,Dry forest|Moist forest,GF04017636S,Comechingones province,112,1,0,0,1,0,0,21,3,0,1,0,0,0,40,1,3,0,21,3,0,0,45,0,0,0,15,0,16,soil,283,14,1.060070671,1.060070671,,14,6.451375
GF04017637S,"Linderos Road, Sierras Grandes",Neotropical,South American Transition Zone,Comechingones province,Dry forest|Moist forest,GF04017637S,Comechingones province,131,0,0,0,2,1,0,22,2,0,2,0,0,1,25,0,5,0,14,0,0,0,34,2,0,0,23,0,16,soil,280,14,0.714285714,0.714285714,,14,6.043217
GF04017638S,"Linderos Road, Sierras Grandes",Neotropical,Chacoan,Chaco province,Very dry forest|Dry forest,GF04017638S,Chaco province,200,0,0,0,5,0,0,12,4,0,2,1,1,0,33,0,5,0,26,1,0,1,105,1,0,0,12,0,20,soil,429,16,0.932400932,0.932400932,,16,5.225366
GF04017639S,"Linderos Road, Sierras Grandes",Neotropical,South American Transition Zone,Comechingones province,Dry forest|Moist forest,GF04017639S,Comechingones province,141,0,0,0,5,1,0,24,6,0,1,0,2,0,43,1,4,0,29,3,0,2,56,0,0,0,18,0,18,soil,354,16,1.694915254,1.694915254,,16,6.912808
GF04017640S,"Linderos Road, Sierras Grandes",Neotropical,South American Transition Zone,Comechingones province,Dry forest|Moist forest,GF04017640S,Comechingones province,212,0,0,0,4,3,0,21,2,0,3,1,1,0,33,0,5,0,38,7,0,1,69,1,0,0,21,0,23,soil,445,17,0.449438202,0.449438202,,17,5.996892
GF04017641S,"Linderos Road, Sierras Grandes",Neotropical,South American Transition Zone,Comechingones province,Very dry forest|Dry forest,GF04017641S,Comechingones province,99,0,0,0,6,4,0,23,0,0,5,2,0,1,35,0,7,0,34,5,0,0,50,1,0,0,17,0,20,soil,309,15,0,0,,15,8.17298
GF04017642S,"Linderos Road, Sierras Grandes",Neotropical,Chacoan,Chaco province,Very dry forest|Dry forest,GF04017642S,Chaco province,190,0,0,0,6,2,0,9,2,0,0,1,0,0,45,0,4,0,32,1,0,1,73,0,0,0,7,0,18,soil,391,14,0.511508951,0.511508951,,14,5.098679
GF04017643S,"Linderos Road, Sierras Grandes",Neotropical,South American Transition Zone,Comechingones province,Dry forest|Moist forest,GF04017643S,Comechingones province,128,0,0,0,4,0,0,22,3,0,2,1,0,0,27,0,3,0,30,1,0,1,44,2,0,0,17,0,17,soil,302,15,0.993377483,0.993377483,,15,6.530967
GF04017644S,"Linderos Road, Sierras Grandes",Neotropical,Chacoan,Chaco province,Very dry forest|Dry forest,GF04017644S,Chaco province,206,0,0,0,5,2,0,8,2,0,0,1,1,0,29,0,2,0,33,0,0,1,69,1,0,1,8,0,19,soil,388,16,0.515463918,0.515463918,,16,4.801156
GF04017645S,"Linderos Road, Sierras Grandes",Neotropical,South American Transition Zone,Comechingones province,Dry forest|Moist forest,GF04017645S,Comechingones province,155,0,0,0,3,1,0,20,4,0,1,0,1,1,48,0,2,0,30,7,0,0,45,0,0,0,13,0,18,soil,349,15,1.146131805,1.146131805,,15,6.140486
GF04017646S,"Linderos Road, Sierras Grandes",Neotropical,South American Transition Zone,Comechingones province,Very dry forest|Dry forest,GF04017646S,Comechingones province,77,0,0,0,3,0,0,19,2,0,0,1,0,0,29,0,5,0,31,2,0,1,33,2,0,0,13,0,14,soil,232,14,0.862068966,0.862068966,,14,7.515703
GF04017647S,"Linderos Road, Sierras Grandes",Neotropical,South American Transition Zone,Comechingones province,Very dry forest|Dry forest,GF04017647S,Comechingones province,112,0,0,0,2,1,0,14,1,0,0,2,0,0,28,0,8,0,26,1,0,0,54,2,0,0,15,0,18,soil,284,14,0.352112676,0.352112676,,14,6.510054
GF05000001S,San Vito,Neotropical,Pacific,Puntarenas-Chiriqui province,Moist forest|Wet forest,GF05000001S,Puntarenas-Chiriqui province,302,0,0,0,30,70,0,2,2,2,5,5,1,1,90,0,11,1,72,1,0,1,50,0,0,0,39,0,82,root,767,19,0.260756193,0.260756193,,19,7.174921
GF05000001V,"Colombia,Puerto Santander,Cascada",Neotropical,Boreal Brazilian,Imeri province,Moist forest,GF05000001V,Imeri province,57,0,0,0,0,0,0,0,1,0,0,1,0,0,4,0,4,0,9,0,0,2,9,0,0,0,2,0,3,soil,92,10,1.086956522,1.086956522,,10,4.057043
GF05000002S,San Vito,Neotropical,Pacific,Puntarenas-Chiriqui province,Moist forest,GF05000002S,Puntarenas-Chiriqui province,285,0,0,0,22,54,0,3,1,0,7,6,1,0,62,0,8,0,64,1,0,0,44,0,0,0,23,0,57,root,638,15,0.156739812,0.156739812,,15,6.463566
GF05000002V,"Colombia,Puerto Santander,Sitio El Infierno",Neotropical,Boreal Brazilian,Imeri province,Moist forest,GF05000002V,Imeri province,24,0,0,0,1,0,0,0,0,0,2,0,0,0,4,0,4,0,6,0,0,2,6,0,0,0,1,0,3,soil,53,10,0,0,,10,6.06019
GF05000003S,Monteverde,Neotropical,Pacific,Puntarenas-Chiriqui province,Moist forest|Wet forest,GF05000003S,Puntarenas-Chiriqui province,176,0,0,0,23,39,0,5,0,0,0,8,2,0,67,0,14,0,51,1,0,0,35,0,0,0,31,0,46,root,498,13,0,0,,13,7.685928
GF05000003V,"Colombia,Amazonas,Pena Roja",Neotropical,Boreal Brazilian,Imeri province,Moist forest,GF05000003V,Imeri province,48,0,0,0,3,0,0,0,1,0,0,0,0,0,0,0,4,0,4,0,0,0,5,0,0,0,1,0,1,soil,67,8,1.492537313,1.492537313,,8,2.993575
GF05000004S,Monteverde,Neotropical,Pacific,Puntarenas-Chiriqui province,Moist forest|Wet forest,GF05000004S,Puntarenas-Chiriqui province,131,0,0,0,12,25,0,2,0,0,0,6,3,0,36,0,9,1,37,0,0,0,29,0,0,0,17,0,40,root,348,13,0,0,,13,7.3983
GF05000004V,"Colombia,Amazonas,Villa Azul,Sabana",Neotropical,Boreal Brazilian,Imeri province,Moist forest,GF05000004V,Imeri province,55,0,0,0,0,0,0,0,2,0,3,0,0,0,5,0,4,0,6,0,0,0,5,0,0,0,0,0,2,soil,82,8,2.43902439,2.43902439,,8,3.48988
GF05000005S,Monteverde,Neotropical,Pacific,Puntarenas-Chiriqui province,Moist forest|Wet forest,GF05000005S,Puntarenas-Chiriqui province,184,0,0,0,14,39,0,2,0,0,2,2,4,2,49,0,11,2,42,0,0,0,32,0,0,0,28,0,56,root,469,15,0,0,,15,7.250144
GF05000005V,"Colombia,Amazonas,El Zafire",Neotropical,Boreal Brazilian,Imeri province,Moist forest,GF05000005V,Imeri province,47,0,0,0,1,0,0,0,5,0,2,0,0,0,4,0,4,0,7,0,0,0,5,0,0,0,1,0,1,soil,77,10,6.493506494,6.493506494,,10,4.245086
GF05000006S,Monteverde,Neotropical,Pacific,Puntarenas-Chiriqui province,Moist forest|Wet forest,GF05000006S,Puntarenas-Chiriqui province,206,0,0,0,16,73,0,3,0,0,2,5,1,0,53,0,16,1,40,0,0,0,48,0,0,1,33,0,53,root,551,15,0,0,,15,7.308489
GF05000006V,"Colombia,Amazonas,El Zafire",Neotropical,Boreal Brazilian,Imeri province,Moist forest,GF05000006V,Imeri province,57,0,0,0,3,0,0,0,8,0,4,0,0,0,10,0,6,0,10,0,0,2,8,0,0,0,5,0,5,soil,118,11,6.779661017,6.779661017,,11,6.241914
GF05000007S,Monteverde,Neotropical,Pacific,Puntarenas-Chiriqui province,Moist forest,GF05000007S,Puntarenas-Chiriqui province,287,0,0,0,36,17,0,10,1,0,3,8,1,0,64,0,11,0,81,0,0,0,63,0,0,0,25,0,55,root,662,14,0.151057402,0.151057402,,14,6.558629
GF05000007V,"Colombia,Amazonas,El Zafire",Neotropical,Boreal Brazilian,Imeri province,Moist forest,GF05000007V,Imeri province,49,0,0,0,3,0,0,0,9,0,3,0,0,0,8,0,5,0,10,0,0,1,6,0,0,0,5,0,3,soil,102,11,8.823529412,8.823529412,,11,6.125994
GF05000008S,Monteverde,Neotropical,Pacific,Puntarenas-Chiriqui province,Moist forest|Wet forest,GF05000008S,Puntarenas-Chiriqui province,192,0,0,0,22,49,0,5,2,0,2,7,1,0,48,0,10,1,44,0,0,0,41,0,0,0,28,0,61,root,513,15,0.389863548,0.389863548,,15,7.549351
GF05000008V,"Colombia,Puerto Santana,Quebrada",Neotropical,Boreal Brazilian,Imeri province,Moist forest,GF05000008V,Imeri province,88,0,0,0,1,0,0,0,9,0,2,0,0,0,6,0,3,0,9,0,0,2,10,0,0,0,3,0,3,soil,136,11,6.617647059,6.617647059,,11,3.988043
GF05000009S,Monteverde,Neotropical,Pacific,Puntarenas-Chiriqui province,Moist forest|Wet forest,GF05000009S,Puntarenas-Chiriqui province,378,1,0,0,31,61,1,5,5,2,9,13,0,0,71,0,15,0,91,0,0,2,69,0,1,0,56,0,88,root,899,18,0.556173526,0.556173526,,18,7.213816
GF05000009V,"Colombia,Puerto Santander,Loma",Neotropical,Boreal Brazilian,Imeri province,Moist forest,GF05000009V,Imeri province,19,0,0,0,1,0,0,0,9,0,0,0,0,0,2,0,4,0,2,0,0,0,3,0,0,0,3,0,3,soil,46,9,19.56521739,19.56521739,,9,5.970325
GF05000010S,San Vito,Neotropical,Pacific,Puntarenas-Chiriqui province,Moist forest|Wet forest,GF05000010S,Puntarenas-Chiriqui province,337,0,0,0,32,51,0,9,1,0,4,12,1,0,76,0,17,1,81,1,0,0,57,0,0,0,26,0,89,root,795,16,0.125786164,0.125786164,,16,6.881667
GF05000010V,"Colombia,Puerto Santander,Cascada",Neotropical,Boreal Brazilian,Imeri province,Moist forest,GF05000010V,Imeri province,51,0,0,0,2,0,0,0,9,0,6,0,0,0,7,0,5,0,5,0,0,2,7,0,0,0,3,0,7,soil,104,11,8.653846154,8.653846154,,11,6.151776
GF05000011S,San Vito,Neotropical,Pacific,Puntarenas-Chiriqui province,Moist forest|Wet forest,GF05000011S,Puntarenas-Chiriqui province,329,0,0,0,27,121,0,8,4,0,12,6,1,0,81,0,11,0,49,0,0,0,51,0,0,0,26,0,62,root,788,14,0.507614213,0.507614213,,14,6.730935
GF05000011V,"Colombia,Amazonas,Pena Roja",Neotropical,Boreal Brazilian,Imeri province,Moist forest,GF05000011V,Imeri province,13,0,0,0,1,0,0,0,10,0,0,0,0,0,0,0,3,0,1,0,0,0,3,0,0,0,1,0,0,soil,32,7,31.25,31.25,,7,4.473529
GF05000012S,San Vito,Neotropical,Pacific,Puntarenas-Chiriqui province,Moist forest|Wet forest,GF05000012S,Puntarenas-Chiriqui province,367,0,0,0,29,73,0,4,2,0,6,6,1,1,62,0,16,0,71,1,0,0,62,0,0,0,31,0,78,root,810,16,0.24691358,0.24691358,,16,6.474605
GF05000012V,"Colombia,Amazonas,Pena Roja",Neotropical,Boreal Brazilian,Imeri province,Moist forest,GF05000012V,Imeri province,77,0,0,0,4,0,0,0,10,0,4,0,0,0,15,0,5,0,13,0,0,2,10,0,0,0,9,0,2,soil,151,11,6.622516556,6.622516556,,11,5.64829
GF05000013S,San Vito,Neotropical,Pacific,Puntarenas-Chiriqui province,Moist forest|Wet forest,GF05000013S,Puntarenas-Chiriqui province,303,0,0,0,27,90,0,2,2,0,6,6,1,0,74,0,7,1,70,0,0,0,47,0,0,0,33,0,61,root,730,15,0.273972603,0.273972603,,15,6.684021
GF05000013V,"Colombia,Amazonas,Pena Roja",Neotropical,Boreal Brazilian,Imeri province,Moist forest,GF05000013V,Imeri province,53,0,0,0,3,0,0,0,8,0,3,0,0,0,10,0,4,0,13,0,0,2,10,0,0,0,8,0,4,soil,118,11,6.779661017,6.779661017,,11,6.494892
GF05000014S,San Vito,Neotropical,Pacific,Puntarenas-Chiriqui province,Moist forest|Wet forest,GF05000014S,Puntarenas-Chiriqui province,201,0,0,0,17,54,0,5,1,1,8,6,1,0,44,0,8,1,38,0,0,0,32,0,0,0,23,0,42,root,482,16,0.20746888,0.20746888,,16,7.198872
GF05000014V,"Colombia,Meta,Mezcia",Neotropical,Boreal Brazilian,Imeri province,Moist forest,GF05000014V,Imeri province,55,0,0,1,7,0,0,0,6,0,0,0,0,0,5,0,6,0,17,0,0,0,17,0,0,0,12,0,4,soil,130,10,4.615384615,4.615384615,,10,6.215364
GF05000015S,San Vito,Neotropical,Pacific,Puntarenas-Chiriqui province,Moist forest|Wet forest,GF05000015S,Puntarenas-Chiriqui province,270,0,0,0,25,72,0,2,1,0,7,4,1,0,73,0,14,1,43,1,0,0,48,0,0,0,28,0,67,root,657,16,0.152207002,0.152207002,,16,6.901728
GF05000015V,"Colombia,Amazonas,El Zafire",Neotropical,Boreal Brazilian,Imeri province,Moist forest,GF05000015V,Imeri province,25,0,0,1,3,0,0,0,1,0,0,0,0,0,4,0,3,0,1,0,0,0,12,0,0,0,7,0,1,soil,58,10,1.724137931,1.724137931,,10,5.555401
GF05000016S,San Vito,Neotropical,Pacific,Puntarenas-Chiriqui province,Moist forest,GF05000016S,Puntarenas-Chiriqui province,316,0,0,0,21,36,0,1,5,0,7,3,1,0,61,0,9,0,49,0,0,2,46,1,0,0,21,0,55,root,634,16,0.788643533,0.788643533,,16,5.951209
GF05000016V,"Colombia,Amazonas,El Zafire",Neotropical,Boreal Brazilian,Imeri province,Moist forest,GF05000016V,Imeri province,16,0,0,0,10,0,0,0,1,0,0,0,0,0,3,0,6,0,5,0,0,0,6,0,0,0,16,0,1,soil,64,9,1.5625,1.5625,,9,6.683355
GF05000017S,Monteverde,Neotropical,Pacific,Puntarenas-Chiriqui province,Moist forest|Wet forest,GF05000017S,Puntarenas-Chiriqui province,125,0,0,0,19,19,0,1,0,0,0,7,2,0,40,0,12,0,46,0,0,0,39,2,0,0,42,0,41,root,395,13,0,0,,13,8.057921
GF05000017V,"Colombia,Amazonas,El Zafire",Neotropical,Boreal Brazilian,Imeri province,Moist forest,GF05000017V,Imeri province,10,0,0,0,2,0,0,0,2,0,0,0,0,0,2,0,3,1,2,0,0,0,13,0,0,0,9,0,1,soil,45,10,4.444444444,4.444444444,,10,6.807872
GF05000018S,Monteverde,Neotropical,Pacific,Guatuso-Talamanca province,Moist forest|Wet forest,GF05000018S,Guatuso-Talamanca province,313,1,0,0,27,42,0,2,3,1,6,6,0,0,100,0,15,1,85,4,0,2,63,1,0,0,45,0,73,root,790,19,0.379746835,0.379746835,,19,7.286662
GF05000018V,"Colombia,Amazonas,El Zafire",Neotropical,Boreal Brazilian,Imeri province,Moist forest,GF05000018V,Imeri province,10,0,0,0,3,0,0,0,0,0,0,0,0,0,1,0,3,0,0,0,0,0,10,0,0,0,3,0,1,soil,31,7,0,0,,7,5.101305
GF05000019S,Monteverde,Neotropical,Pacific,Puntarenas-Chiriqui province,Moist forest|Wet forest,GF05000019S,Puntarenas-Chiriqui province,127,1,0,0,17,25,0,3,0,0,0,3,1,0,45,0,15,0,37,0,0,0,32,0,0,0,34,0,43,root,383,13,0,0,,13,7.858712
GF05000019V,"Colombia,Amazonas,El Zafire",Neotropical,Boreal Brazilian,Imeri province,Moist forest,GF05000019V,Imeri province,33,0,0,0,8,0,0,0,1,0,0,1,0,0,8,0,4,0,5,0,0,0,17,0,0,0,7,0,3,soil,87,10,1.149425287,1.149425287,,10,6.378414
GF05000020S,Monteverde,Neotropical,Pacific,Puntarenas-Chiriqui province,Moist forest|Wet forest,GF05000020S,Puntarenas-Chiriqui province,215,1,0,0,23,19,0,3,1,0,0,9,2,2,56,0,25,0,64,4,0,0,51,1,0,0,51,0,56,root,583,17,0.171526587,0.171526587,,17,7.832666
GF05000020V,"Colombia,Amazonas,El Zafire",Neotropical,Boreal Brazilian,Imeri province,Moist forest,GF05000020V,Imeri province,113,0,0,1,5,0,0,1,7,0,0,2,0,0,7,0,8,1,11,0,0,1,13,0,0,0,9,0,29,soil,208,14,3.365384615,3.365384615,,14,5.266232
GF05000021S,San Vito,Neotropical,Pacific,Puntarenas-Chiriqui province,Moist forest,GF05000021S,Puntarenas-Chiriqui province,261,0,0,0,17,54,0,0,1,0,9,3,1,1,72,0,11,1,63,1,0,3,62,1,0,0,30,0,70,root,661,18,0.15128593,0.15128593,,18,7.141422
GF05000021V,"Colombia,Amazonas,El Zafire",Neotropical,Boreal Brazilian,Imeri province,Moist forest,GF05000021V,Imeri province,12,0,0,0,5,0,0,0,0,0,0,0,0,0,1,0,4,0,2,0,0,0,2,0,0,0,61,0,2,soil,89,8,0,0,,8,3.116078
GF05000022S,Monteverde,Neotropical,Pacific,Puntarenas-Chiriqui province,Moist forest|Wet forest,GF05000022S,Puntarenas-Chiriqui province,143,0,0,0,10,17,0,3,0,0,1,5,0,0,45,0,14,1,38,2,0,0,24,1,0,0,20,0,38,root,362,15,0,0,,15,7.273169
GF05000022V,"Colombia,Amazonas,Km 18",Neotropical,Boreal Brazilian,Imeri province,Moist forest,GF05000022V,Imeri province,10,0,0,0,4,0,0,0,0,0,0,1,0,0,0,0,5,0,2,0,0,0,3,0,0,0,34,0,0,soil,59,7,0,0,,7,3.83969
GF05000023S,Monteverde,Neotropical,Pacific,Guatuso-Talamanca province,Moist forest|Wet forest,GF05000023S,Guatuso-Talamanca province,344,1,0,0,50,4,0,9,1,3,3,13,3,4,114,0,20,2,109,1,0,0,75,7,0,0,89,0,86,root,938,20,0.106609808,0.106609808,,20,7.645308
GF05000023V,"Colombia,Murillo",Neotropical,South American Transition Zone,Paramo province,Moist forest|Wet forest,GF05000023V,Paramo province,20,0,0,0,3,0,0,0,0,0,2,0,0,0,0,0,2,1,0,0,0,2,13,0,0,0,4,0,2,soil,49,9,0,0,,9,5.446537
GF05000024S,San Vito,Neotropical,Pacific,Puntarenas-Chiriqui province,Moist forest|Wet forest,GF05000024S,Puntarenas-Chiriqui province,361,0,0,0,26,53,0,1,2,0,15,4,0,1,91,0,16,1,81,1,0,2,57,0,0,0,32,0,92,root,836,17,0.23923445,0.23923445,,17,6.674803
GF05000024V,"Colombia,Murillo",Neotropical,Pacific,Magdalena province,Moist forest|Wet forest,GF05000024V,Magdalena province,20,0,0,0,3,0,0,2,2,0,2,0,0,0,4,0,8,2,2,0,0,3,25,0,0,0,11,0,3,soil,87,13,2.298850575,2.298850575,,13,8.17283
GF05000025S,San Vito,Neotropical,Pacific,Puntarenas-Chiriqui province,Moist forest|Wet forest,GF05000025S,Puntarenas-Chiriqui province,389,0,0,0,25,47,0,2,2,0,8,8,1,2,75,0,6,0,87,1,0,1,51,0,0,0,31,0,85,root,821,17,0.243605359,0.243605359,,17,6.087716
GF05000025V,"Colombia,Murillo",Neotropical,Pacific,Magdalena province,Moist forest|Wet forest,GF05000025V,Magdalena province,13,0,0,0,5,0,0,2,2,0,1,0,0,0,2,0,4,1,1,0,0,0,18,0,0,0,4,0,3,soil,56,12,3.571428571,3.571428571,,12,7.583745
GF05000026V,"Colombia,Santa Rosa de Osos",Neotropical,Pacific,Magdalena province,Moist forest|Wet forest,GF05000026V,Magdalena province,14,0,0,1,4,0,0,0,3,0,0,0,1,0,2,0,5,1,0,0,0,2,17,0,0,0,2,0,2,soil,54,12,5.555555556,5.555555556,,12,7.369969
GF05000027V,"Colombia,Santa Rosa de Osos",Neotropical,Pacific,Magdalena province,Moist forest|Wet forest,GF05000027V,Magdalena province,21,0,0,1,2,0,0,0,3,0,1,0,0,0,2,0,6,4,2,0,0,2,24,0,0,0,5,0,4,soil,77,13,3.896103896,3.896103896,,13,7.537898
GF05000028V,"Colombia,Santa Rosa de Osos",Neotropical,Pacific,Magdalena province,Moist forest|Wet forest,GF05000028V,Magdalena province,28,0,0,0,3,0,0,0,3,0,1,0,0,0,3,0,6,0,3,0,0,2,26,0,0,0,7,0,9,soil,91,11,3.296703297,3.296703297,,11,6.749334
GF05000029V,"Colombia,Amazonas,Pena Roja",Neotropical,Boreal Brazilian,Imeri province,Moist forest,GF05000029V,Imeri province,36,0,0,0,5,1,0,0,5,0,0,2,0,0,1,0,8,2,10,0,0,0,8,2,0,0,10,0,8,soil,98,13,5.102040816,5.102040816,,13,8.026435
GF05000030V,"Colombia,Amazonas,Villa Azul,Sabana",Neotropical,Boreal Brazilian,Imeri province,Moist forest,GF05000030V,Imeri province,6,0,0,0,0,0,0,0,0,0,0,0,0,0,2,0,4,0,3,0,0,0,2,0,0,0,9,0,1,soil,27,7,0,0,,7,5.669645
GF05000031V,"Colombia,Amazonas,Pena Roja",Neotropical,Boreal Brazilian,Imeri province,Moist forest,GF05000031V,Imeri province,9,0,0,0,1,0,0,0,0,0,0,0,0,0,0,0,6,0,6,0,0,0,5,0,0,0,1,0,2,soil,30,7,0,0,,7,5.533811
GF05000032V,"Colombia,Amazonas,Pena Roja",Neotropical,Boreal Brazilian,Imeri province,Moist forest,GF05000032V,Imeri province,22,0,0,0,2,0,0,0,4,0,0,0,0,0,2,0,7,0,5,0,0,0,12,0,0,0,7,0,12,soil,73,9,5.479452055,5.479452055,,9,6.990773
GF05000033V,"Colombia,Puerto Santander,Cascada",Neotropical,Boreal Brazilian,Imeri province,Moist forest,GF05000033V,Imeri province,30,0,0,0,0,0,0,0,6,0,0,1,0,0,5,0,4,0,14,0,0,0,8,0,0,0,2,0,6,soil,76,9,7.894736842,7.894736842,,9,6.068598
GF05000034V,"Colombia,Puerto Santander,Sitio El Infierno",Neotropical,Boreal Brazilian,Imeri province,Moist forest,GF05000034V,Imeri province,68,0,0,0,4,0,0,0,1,0,0,2,0,0,6,0,7,0,13,0,0,1,14,0,0,0,3,0,16,soil,135,11,0.740740741,0.740740741,,11,5.335189
GF05000035V,"Colombia,Caquetá,Solano,Canon del diablo",Neotropical,Boreal Brazilian,Imeri province,Moist forest,GF05000035V,Imeri province,51,0,0,0,0,0,0,0,2,0,0,0,0,0,4,0,1,0,4,0,0,0,17,0,0,0,0,0,2,soil,81,7,2.469135802,2.469135802,,7,3.167944
GF05000036V,"Colombia,Boyaca,Arcabuco,Madremonte",Neotropical,Pacific,Magdalena province,Dry forest|Moist forest,GF05000036V,Magdalena province,15,0,0,0,5,0,0,0,4,0,0,0,1,0,2,0,6,1,4,0,0,1,22,0,0,0,4,0,5,soil,70,12,5.714285714,5.714285714,,12,7.812887
GF05000037V,"Colombia,Tolima,Murillo,Sector el Infierno",Neotropical,Pacific,Magdalena province,Moist forest|Wet forest,GF05000037V,Magdalena province,1,0,0,0,0,0,0,0,0,0,0,0,0,0,0,0,0,0,0,0,0,0,3,0,0,0,0,0,0,soil,4,2,0,0,,2,1.754765
GF05000038V,"Colombia,Tolima,Murillo,La Albania",Neotropical,Pacific,Magdalena province,Moist forest|Wet forest,GF05000038V,Magdalena province,12,0,0,0,4,0,0,0,9,0,0,0,0,0,3,0,3,1,3,0,0,0,18,0,0,0,1,0,2,soil,56,10,16.07142857,16.07142857,,10,6.755515
GF05000039V,"Colombia,Tolima,Murillo,Sector cabanas",Neotropical,South American Transition Zone,Paramo province,Wet forest,GF05000039V,Paramo province,15,0,0,0,0,0,0,2,2,0,0,0,0,0,2,0,2,0,3,0,0,0,12,0,0,0,1,0,1,soil,40,9,5,5,,9,5.511646
GF05000040V,"Colombia,Antioquia,Rionegro,San Vicente Fundacion",Neotropical,Pacific,Magdalena province,Moist forest|Wet forest,GF05000040V,Magdalena province,18,0,0,0,0,0,0,0,7,0,0,0,0,0,1,0,4,0,3,0,0,0,12,0,0,0,7,0,5,soil,57,8,12.28070175,12.28070175,,8,6.252222
GF05000041V,"Colombia,Antioquia,Medellin,Santa Elena,Vereda Mazo",Neotropical,Pacific,Magdalena province,Moist forest|Wet forest,GF05000041V,Magdalena province,9,0,0,0,0,0,0,0,3,0,0,0,0,0,0,0,3,0,1,0,0,0,12,0,0,0,5,0,0,soil,33,6,9.090909091,9.090909091,,6,4.711754
GF05000042V,"Colombia,Tolima,Murillo,La Antena",Neotropical,Pacific,Magdalena province,Moist forest|Wet forest,GF05000042V,Magdalena province,13,0,0,0,1,0,0,1,3,0,0,0,0,0,3,0,0,0,4,0,0,1,16,0,0,0,1,0,3,soil,46,10,6.52173913,6.52173913,,10,6.073242
GF05000043V,"Colombia,Tolima,Murillo",Neotropical,Pacific,Magdalena province,Moist forest|Wet forest,GF05000043V,Magdalena province,23,0,0,0,1,0,0,1,2,0,0,0,0,0,4,0,2,0,3,0,0,0,12,0,0,0,3,0,1,soil,52,10,3.846153846,3.846153846,,10,5.497154
GF05000044V,"Colombia,Boyacá,Arcabuco,Rute Arcabuco-Villa de Leyva",Neotropical,South American Transition Zone,Paramo province,Dry forest|Moist forest,GF05000044V,Paramo province,32,0,0,0,0,0,0,2,14,0,1,1,0,0,12,0,3,0,3,0,0,1,19,0,0,0,2,0,13,soil,103,12,13.59223301,13.59223301,,12,7.042684
GF05000045V,"Colombia,Boyacá,Arcabuco,Rute Arcabuco-Villa de Leyva",Neotropical,Pacific,Magdalena province,Dry forest|Moist forest,GF05000045V,Magdalena province,25,0,0,0,0,0,0,0,14,1,0,0,0,0,9,0,0,0,4,0,0,0,13,0,0,0,0,0,1,soil,67,7,20.89552239,20.89552239,,7,4.838402
GF05000046V,"Colombia,Amazonas,El Zafire",Neotropical,Boreal Brazilian,Imeri province,Moist forest,GF05000046V,Imeri province,26,0,0,0,3,0,0,0,4,0,0,0,0,0,0,0,3,0,7,0,0,0,6,0,0,0,1,0,4,soil,54,8,7.407407407,7.407407407,,8,5.162877
GF05000047V,"Colombia,Amazonas,El Zafire",Neotropical,Boreal Brazilian,Imeri province,Moist forest,GF05000047V,Imeri province,32,0,0,0,4,0,0,0,4,0,0,0,0,0,1,0,9,1,6,0,0,0,5,0,0,0,2,0,6,soil,70,10,5.714285714,5.714285714,,10,5.937582
GF05000048V,"Colombia,Amazonas,El Zafire",Neotropical,Boreal Brazilian,Imeri province,Moist forest,GF05000048V,Imeri province,27,0,0,0,1,0,0,0,7,0,0,0,0,0,1,0,8,0,8,0,0,0,10,0,0,0,0,0,6,soil,68,8,10.29411765,10.29411765,,8,5.610052
GF05000049V,"Colombia,Amazonas,Km 18",Neotropical,Boreal Brazilian,Imeri province,Moist forest,GF05000049V,Imeri province,32,0,0,0,4,0,0,0,1,0,0,0,0,0,0,0,7,1,7,0,0,0,11,0,0,0,1,0,10,soil,74,9,1.351351351,1.351351351,,9,5.444928
GF05000050V,"Colombia,Amazonas,El Zafire",Neotropical,Boreal Brazilian,Imeri province,Moist forest,GF05000050V,Imeri province,42,0,0,0,3,0,0,0,1,0,0,0,0,0,4,0,7,1,5,0,0,0,12,0,0,0,4,0,6,soil,85,10,1.176470588,1.176470588,,10,5.443062
GF05000051V,"Colombia,Amazonas,El Zafire",Neotropical,Boreal Brazilian,Imeri province,Moist forest,GF05000051V,Imeri province,52,0,0,0,2,2,0,0,0,0,0,0,0,0,15,0,3,0,15,0,0,0,12,1,0,0,5,0,5,soil,112,10,0,0,,10,5.443924
GF05000052V,"Colombia,Magdalena,Santa Marta,Gaira",Neotropical,Pacific,Guajira province,Very dry forest,GF05000052V,Guajira province,11,0,0,0,1,0,0,0,0,0,0,0,0,0,3,0,4,0,6,0,0,0,8,0,0,0,3,0,2,soil,38,8,0,0,,8,6.468212
GF05000053V,"Colombia,Antioquia,San Luis,Reserva Natural Canon del Río Claro",Neotropical,Pacific,Magdalena province,Moist forest,GF05000053V,Magdalena province,8,0,0,0,2,0,0,0,1,0,0,0,0,0,2,0,4,1,1,0,0,0,11,0,0,0,4,0,1,soil,35,10,2.857142857,2.857142857,,10,6.891845
GF05000054V,"Colombia,Antioquia,Santa Rosa de Osos,Vereda Guanacas",Neotropical,Pacific,Magdalena province,Moist forest|Wet forest,GF05000054V,Magdalena province,14,0,0,0,1,0,0,0,2,0,0,0,0,0,3,0,6,0,4,0,0,0,16,0,0,0,2,0,2,soil,50,9,4,4,,9,6.11564
GF05000055V,"Colombia,Antioquia,Santa Rosa de Osos,El Chaquiro",Neotropical,Pacific,Magdalena province,Moist forest|Wet forest,GF05000055V,Magdalena province,12,0,0,0,0,0,0,0,0,0,1,0,0,1,2,0,3,0,2,0,0,1,13,0,0,0,5,0,2,soil,42,10,0,0,,10,6.453937
GF05000056V,"Brazil,Benjamin Constant",Neotropical,South Brazilian,Rondonia province,Moist forest,GF05000056V,Rondonia province,12,0,0,0,2,1,0,0,0,0,0,0,0,0,2,0,0,0,5,0,0,0,3,0,0,0,5,0,2,soil,32,8,0,0,,8,6.037479
GF05000057V,"Brazil,Benjamin Constant",Neotropical,South Brazilian,Rondonia province,Moist forest,GF05000057V,Rondonia province,46,0,0,0,1,0,0,0,3,0,1,0,0,0,1,0,1,0,2,0,0,0,3,0,0,0,14,0,2,soil,74,10,4.054054054,4.054054054,,10,3.662968
GF05000058V,"Brazil,Benjamin Constant",Neotropical,South Brazilian,Rondonia province,Moist forest,GF05000058V,Rondonia province,64,0,0,0,2,0,0,0,1,0,1,0,0,0,3,0,2,2,9,0,0,0,8,0,0,0,16,0,6,soil,114,11,0.877192982,0.877192982,,11,4.632818
GF05000059V,"Brazil,Benjamin Constant",Neotropical,South Brazilian,Rondonia province,Moist forest,GF05000059V,Rondonia province,5,0,0,0,1,0,0,0,0,0,0,0,0,0,0,0,1,0,0,0,0,0,4,0,0,0,44,0,1,soil,56,6,0,0,,6,2.246423
GF05000060V,"Brazil,Benjamin Constant",Neotropical,South Brazilian,Rondonia province,Moist forest,GF05000060V,Rondonia province,10,0,0,0,1,0,0,0,0,0,0,0,0,0,0,0,1,0,5,0,0,0,2,0,0,0,9,0,3,soil,31,7,0,0,,7,5.169059
GF05000061V,"Brazil,Benjamin Constant",Neotropical,South Brazilian,Rondonia province,Moist forest,GF05000061V,Rondonia province,12,0,0,0,2,0,0,0,0,0,0,0,0,0,0,0,1,0,2,0,0,0,7,0,0,0,6,0,1,soil,31,7,0,0,,7,4.935521
GF05000062V,"Brazil,Benjamin Constant",Neotropical,South Brazilian,Rondonia province,Moist forest,GF05000062V,Rondonia province,5,0,0,0,0,0,0,0,0,0,0,0,0,0,1,0,0,0,1,0,0,0,0,0,0,0,12,0,3,soil,22,5,0,0,,5,3.387346
GF05000063V,"Brazil,Benjamin Constant",Neotropical,South Brazilian,Rondonia province,Moist forest,GF05000063V,Rondonia province,10,0,0,0,2,0,0,0,0,0,0,0,0,0,1,0,1,0,4,0,0,0,4,0,0,0,29,0,3,soil,54,8,0,0,,8,4.315157
GF05000064V,"Brazil,Benjamin Constant",Neotropical,South Brazilian,Rondonia province,Moist forest,GF05000064V,Rondonia province,11,0,0,0,0,0,0,0,0,1,0,1,0,0,2,0,2,0,5,0,0,0,1,0,0,0,13,0,6,soil,42,9,0,0,,9,6.062711
GF05000065V,"Brazil,Caxiuana",Neotropical,South-eastern Amazonian,Xingu-Tapajos province,Moist forest,GF05000065V,Xingu-Tapajos province,2,0,0,0,0,0,0,0,0,0,0,0,0,0,3,0,2,0,0,0,0,0,5,1,0,0,12,0,2,soil,27,7,0,0,,7,5.039411
GF05000066V,"Brazil,Caxiuana",Neotropical,South-eastern Amazonian,Xingu-Tapajos province,Moist forest,GF05000066V,Xingu-Tapajos province,24,0,0,0,0,0,0,0,3,0,0,0,0,0,1,0,1,0,1,0,0,0,3,0,0,0,2,0,1,soil,36,8,8.333333333,8.333333333,,8,3.46671
GF05000067V,"Brazil,Caxiuana",Neotropical,South-eastern Amazonian,Xingu-Tapajos province,Moist forest,GF05000067V,Xingu-Tapajos province,12,0,0,0,0,0,0,0,0,0,0,2,0,0,0,0,1,0,0,0,0,0,1,0,0,0,0,0,1,soil,17,5,0,0,,5,2.711806
GF05000068V,"Brazil,Caxiuana",Neotropical,South-eastern Amazonian,Xingu-Tapajos province,Moist forest,GF05000068V,Xingu-Tapajos province,31,0,0,0,2,0,0,0,0,0,0,1,0,0,4,0,1,1,1,0,0,0,9,0,0,0,10,0,6,soil,66,10,0,0,,10,5.260961
GF05000069V,"Brazil,Caxiuana",Neotropical,South-eastern Amazonian,Xingu-Tapajos province,Moist forest,GF05000069V,Xingu-Tapajos province,47,0,0,0,2,0,0,0,0,0,0,0,0,1,3,0,3,1,6,0,0,0,16,0,0,0,8,0,10,soil,97,10,0,0,,10,5.206373
GF05000070V,"Brazil,Caxiuana",Neotropical,South-eastern Amazonian,Xingu-Tapajos province,Moist forest,GF05000070V,Xingu-Tapajos province,111,0,0,1,3,0,0,1,3,0,0,0,0,0,10,0,3,1,9,0,0,0,17,0,0,0,16,0,10,soil,185,12,1.621621622,1.621621622,,12,4.415984
GF05000071V,"Brazil,Caxiuana",Neotropical,South-eastern Amazonian,Xingu-Tapajos province,Moist forest,GF05000071V,Xingu-Tapajos province,10,0,0,0,0,0,0,0,0,0,0,0,0,0,0,0,1,3,1,0,0,0,1,0,0,0,8,0,12,soil,36,7,0,0,,7,4.768161
GF05000072V,"Brazil,Caxiuana",Neotropical,South-eastern Amazonian,Xingu-Tapajos province,Moist forest,GF05000072V,Xingu-Tapajos province,1,0,0,0,0,0,0,0,0,0,0,0,0,0,0,0,3,0,0,0,0,0,13,0,0,0,7,0,1,soil,25,5,0,0,,5,3.34817
GF05000073V,"Brazil,Caxiuana",Neotropical,South-eastern Amazonian,Xingu-Tapajos province,Moist forest,GF05000073V,Xingu-Tapajos province,16,0,0,0,0,0,0,0,0,0,0,0,0,0,0,0,0,0,0,0,0,0,1,0,0,0,0,0,1,soil,18,3,0,0,,3,1.530889
GF05000074V,"Brazil,Caxiuana",Neotropical,South-eastern Amazonian,Xingu-Tapajos province,Moist forest,GF05000074V,Xingu-Tapajos province,35,0,0,0,1,0,0,0,1,0,0,0,0,0,3,0,1,0,0,0,0,1,4,0,0,0,8,0,7,soil,61,9,1.639344262,1.639344262,,9,4.178576
GF05000075V,"Brazil,Caxiuana",Neotropical,South-eastern Amazonian,Xingu-Tapajos province,Moist forest,GF05000075V,Xingu-Tapajos province,44,0,0,0,0,0,0,0,0,0,0,0,0,0,4,0,1,0,1,0,0,3,3,0,0,0,11,0,4,soil,71,8,0,0,,8,3.658308
GF05000076V,"Brazil,Caxiuana",Neotropical,South-eastern Amazonian,Xingu-Tapajos province,Moist forest,GF05000076V,Xingu-Tapajos province,1,0,0,0,0,0,0,0,0,0,0,0,0,0,4,0,0,2,0,0,0,0,2,0,0,0,1,0,0,soil,10,5,0,0,,5,4.352753
GF05000077V,"Brazil,Jau",Neotropical,Boreal Brazilian,Imeri province,Moist forest,GF05000077V,Imeri province,119,0,0,0,0,0,0,0,3,0,1,0,0,0,0,0,1,0,1,0,0,0,8,0,0,0,10,0,4,soil,147,8,2.040816327,2.040816327,,8,2.207079
GF05000078V,"Brazil,Jau",Neotropical,Boreal Brazilian,Imeri province,Moist forest,GF05000078V,Imeri province,9,0,0,0,0,0,0,0,0,0,0,0,0,0,0,0,0,0,0,0,0,0,4,0,0,0,18,0,0,soil,31,3,0,0,,3,2.557234
GF05000079V,"Brazil,Jau",Neotropical,Boreal Brazilian,Imeri province,Moist forest,GF05000079V,Imeri province,32,0,0,0,0,0,0,0,0,0,0,0,0,0,1,0,0,0,1,0,0,0,0,0,0,0,11,0,0,soil,45,4,0,0,,4,2.129713
GF05000080V,"Brazil,Jau",Neotropical,Boreal Brazilian,Imeri province,Moist forest,GF05000080V,Imeri province,26,0,0,0,3,0,0,0,0,0,0,1,0,0,4,0,2,0,2,0,0,0,7,0,0,0,13,0,7,soil,65,9,0,0,,9,5.814582
GF05000081V,"Brazil,Jau",Neotropical,Boreal Brazilian,Imeri province,Moist forest,GF05000081V,Imeri province,52,0,0,0,3,0,0,0,0,0,0,1,0,0,6,0,8,0,7,0,0,1,4,1,0,0,20,0,11,soil,114,11,0,0,,11,5.695444
GF05000082V,"Brazil,Jau",Neotropical,Boreal Brazilian,Imeri province,Moist forest,GF05000082V,Imeri province,8,0,0,0,1,0,0,0,0,0,0,0,0,0,1,0,5,0,0,0,0,0,8,0,0,0,32,0,2,soil,57,7,0,0,,7,3.850382
GF05000083V,"Brazil,Jau",Neotropical,Boreal Brazilian,Imeri province,Moist forest,GF05000083V,Imeri province,21,0,0,0,0,0,0,0,0,0,0,1,0,0,4,0,4,0,5,0,0,0,7,0,0,0,13,0,4,soil,59,8,0,0,,8,5.926973
GF05000084V,"Brazil,Jau",Neotropical,Boreal Brazilian,Imeri province,Moist forest,GF05000084V,Imeri province,14,0,0,0,1,0,0,0,0,0,1,2,0,0,5,0,2,0,7,0,0,0,9,0,0,0,5,0,4,soil,50,10,0,0,,10,7.515114
GF05000085V,"Brazil,Jau",Neotropical,Boreal Brazilian,Imeri province,Moist forest,GF05000085V,Imeri province,19,0,0,0,1,0,0,0,0,0,0,2,0,0,5,0,0,0,10,0,0,0,8,0,0,0,4,0,5,soil,54,8,0,0,,8,6.002062
GF05000086V,"Brazil,Cuieras",Neotropical,Boreal Brazilian,Roraima province,Moist forest,GF05000086V,Roraima province,30,0,0,0,0,0,0,0,0,0,0,0,0,0,0,0,0,0,0,0,0,0,1,0,0,0,8,0,1,soil,40,4,0,0,,4,2.058738
GF05000087V,"Brazil,Cuieras",Neotropical,Boreal Brazilian,Roraima province,Moist forest,GF05000087V,Roraima province,27,0,0,0,0,0,0,0,0,0,0,2,0,0,0,0,1,0,0,0,0,0,0,0,0,0,27,0,1,soil,58,5,0,0,,5,2.632683
GF05000088V,"Brazil,Cuieras",Neotropical,Boreal Brazilian,Roraima province,Moist forest,GF05000088V,Roraima province,24,0,0,0,0,0,0,0,0,0,0,6,0,0,0,0,0,0,1,0,0,0,0,0,0,0,10,0,2,soil,43,5,0,0,,5,3.220915
GF05000089V,"Brazil,Cuieras",Neotropical,Boreal Brazilian,Roraima province,Moist forest,GF05000089V,Roraima province,30,0,0,0,1,0,0,0,0,0,0,0,0,0,1,0,7,0,6,0,0,0,11,0,0,0,11,0,5,soil,72,8,0,0,,8,5.347049
GF05000090V,"Brazil,Cuieras",Neotropical,Boreal Brazilian,Roraima province,Moist forest,GF05000090V,Roraima province,25,0,0,1,0,1,0,0,0,0,0,0,0,0,2,0,0,0,6,0,0,0,15,0,0,0,1,0,4,soil,55,8,0,0,,8,4.411246
GF05000091V,"Brazil,Cuieras",Neotropical,Boreal Brazilian,Roraima province,Moist forest,GF05000091V,Roraima province,36,0,0,0,0,2,0,0,0,0,0,1,0,0,4,0,0,1,5,0,0,0,7,0,0,0,1,0,2,soil,59,9,0,0,,9,3.985811
GF05000092V,"Chile,Santiago",N/A,N/A,N/A,Steppe|Moist forest,GF05000092V,N/A,79,0,0,0,3,0,0,5,0,0,1,0,5,0,30,0,3,0,21,1,0,0,23,0,0,0,14,0,11,soil,196,12,0,0,,12,6.445639
GF05000093V,"Chile,Magallanes",N/A,N/A,N/A,Moist forest|Wet forest,GF05000093V,N/A,9,0,0,0,1,0,0,0,14,0,0,0,0,0,3,0,0,2,1,0,0,1,16,0,0,0,7,0,2,soil,56,10,25,25,,10,6.479804
GF05000094V,"Chile,Cabo de Hornos",N/A,N/A,N/A,Moist forest|Wet forest,GF05000094V,N/A,16,0,0,0,0,0,0,0,15,0,1,0,0,0,4,0,0,1,0,0,0,0,15,0,0,0,0,0,10,soil,62,7,24.19354839,24.19354839,,7,5.15753
GF05000095V,"Brazil,Cuieras",Neotropical,Boreal Brazilian,Roraima province,Moist forest,GF05000095V,Roraima province,58,0,0,0,1,0,0,0,2,0,1,1,0,0,1,0,3,0,4,0,0,1,1,0,0,0,9,0,1,soil,83,12,2.409638554,2.409638554,,12,3.387014
GF05000096V,"Brazil,Cuieras",Neotropical,Boreal Brazilian,Roraima province,Moist forest,GF05000096V,Roraima province,54,0,0,0,3,1,0,1,0,0,0,0,0,0,1,0,0,1,10,0,0,1,7,0,0,0,30,0,3,soil,112,11,0,0,,11,4.47337
GF05000097V,"Brazil,Cuieras",Neotropical,Boreal Brazilian,Roraima province,Moist forest,GF05000097V,Roraima province,50,0,0,0,0,0,0,0,2,0,1,0,0,0,2,0,1,0,0,0,0,1,10,0,0,0,7,0,0,soil,74,8,2.702702703,2.702702703,,8,3.089799
GF05000206V,"Colombia,Playa Canavale",Neotropical,Pacific,Guajira province,,GF05000206V,Guajira province,51,0,0,0,3,0,0,0,14,0,4,0,0,0,2,0,2,0,5,0,0,0,5,0,0,0,8,0,4,soil,98,10,14.28571429,14.28571429,,10,5.22125
GF05000207V,"Colombia,Playa de Flamencos",Neotropical,Pacific,Guajira province,Very dry forest|Dry forest,GF05000207V,Guajira province,45,0,0,0,0,0,0,0,0,0,1,0,0,0,10,0,4,0,7,0,0,0,16,0,0,0,14,0,5,soil,102,8,0,0,,8,5.237679
GF05000208V,"Colombia,Baia de la Vela",Neotropical,Pacific,Guajira province,,GF05000208V,Guajira province,25,0,0,0,2,0,0,3,0,0,1,0,0,0,9,0,2,0,6,1,0,0,3,0,0,0,4,0,5,soil,61,11,0,0,,11,6.786294
GF05000209V,"Colombia,Marquetalia",Neotropical,Pacific,Guajira province,,GF05000209V,Guajira province,21,0,0,0,1,0,0,0,19,0,0,0,0,0,2,0,1,0,5,0,0,0,4,3,0,0,7,0,5,soil,68,10,27.94117647,27.94117647,,10,6.48297
GF05000210V,"Colombia,Perico Aquao",Neotropical,Pacific,Guajira province,Dry forest,GF05000210V,Guajira province,47,0,0,0,4,0,0,1,18,0,4,0,0,0,3,0,2,0,4,0,0,0,3,0,0,0,8,0,5,soil,99,11,18.18181818,18.18181818,,11,5.719082
GF05000211V,"Colombia,Boca don Diego",Neotropical,Pacific,Guajira province,,GF05000211V,Guajira province,45,0,0,0,2,0,0,0,0,0,2,1,0,0,3,0,2,1,5,1,0,0,2,1,0,0,6,0,4,soil,75,13,0,0,,13,4.908842
GF05000212V,"Colombia,Buritaca",Neotropical,Pacific,Guajira province,Very dry forest|Dry forest,GF05000212V,Guajira province,33,0,0,0,1,0,0,0,0,0,0,1,0,0,13,0,3,0,13,0,0,0,6,0,0,0,3,0,9,soil,82,9,0,0,,9,5.661349
GF05000213V,"Colombia,La Aquacateria",Neotropical,Pacific,Guajira province,Dry forest,GF05000213V,Guajira province,87,0,0,0,3,0,0,3,0,0,1,0,0,0,22,0,6,2,19,0,0,0,16,2,0,0,14,0,12,soil,187,12,0,0,,12,5.981902
GF05000264V,"USA,Arizona,Tuscon,Mt Lemmon",N/A,N/A,N/A,,GF05000264V,N/A,26,0,0,0,2,0,0,0,10,0,0,0,2,0,5,0,3,0,10,0,0,0,29,0,0,0,12,0,6,soil,105,10,9.523809524,9.523809524,,10,7.08359
GF05000265V,"USA,Arizona,Tuscon,Mt Lemmon",N/A,N/A,N/A,,GF05000265V,N/A,16,0,0,0,1,0,0,0,37,0,0,0,0,1,8,0,0,0,4,1,0,0,22,0,0,0,3,0,5,soil,98,10,37.75510204,37.75510204,,10,5.657645
GF05000266V,"USA,New Mexico,Silver City",N/A,N/A,N/A,,GF05000266V,N/A,19,0,0,0,0,0,0,0,35,0,0,0,1,0,9,0,2,0,7,0,0,0,23,0,0,0,8,0,7,soil,111,9,31.53153153,31.53153153,,9,6.352397
GF05000267V,"USA,New Mexico,Silver City",N/A,N/A,N/A,,GF05000267V,N/A,8,0,0,0,1,0,0,0,2,0,0,0,0,1,3,0,0,0,1,0,0,0,15,0,0,0,4,0,1,soil,36,9,5.555555556,5.555555556,,9,5.523295
GF05000268V,"USA,New Mexico,Silver City",N/A,N/A,N/A,,GF05000268V,N/A,34,0,0,0,2,0,0,1,11,0,0,2,0,0,10,0,1,0,12,0,0,0,13,1,0,0,7,0,1,soil,95,12,11.57894737,11.57894737,,12,6.919466
GF05000288V,"Cuba,Playa Bailen",Neotropical,Antillean,Cuban province,Dry forest,GF05000288V,Cuban province,2,0,0,0,0,0,0,0,0,0,0,0,0,0,1,0,1,0,0,0,0,0,2,0,0,0,0,0,0,soil,6,4,0,0,,4,3.779763
GF05000289V,"Cuba,Pinar del Rio",Neotropical,Antillean,Cuban province,Dry forest|Moist forest,GF05000289V,Cuban province,51,0,0,0,1,0,0,0,28,0,0,0,0,0,12,0,1,1,3,0,0,1,19,0,0,0,1,0,9,soil,127,11,22.04724409,22.04724409,,11,5.331563
GF05000290V,"Cuba,Vinales",Neotropical,Antillean,Cuban province,Dry forest|Moist forest,GF05000290V,Cuban province,28,0,0,0,0,0,0,2,4,0,0,1,0,0,10,0,1,0,8,0,0,0,3,0,0,0,2,0,4,soil,63,10,6.349206349,6.349206349,,10,5.813877
GF05000291V,"Cuba,La Palma",Neotropical,Antillean,Cuban province,Dry forest|Moist forest,GF05000291V,Cuban province,79,0,0,1,2,0,0,0,23,0,4,0,0,0,9,0,4,0,1,0,0,0,40,1,0,0,11,0,7,soil,182,12,12.63736264,12.63736264,,12,5.492669
GF05000292V,"Cuba,Torsiente",Neotropical,Antillean,Cuban province,Dry forest,GF05000292V,Cuban province,41,0,0,0,1,0,0,0,2,0,0,1,0,0,4,0,1,1,7,0,0,0,1,0,0,0,4,0,6,soil,69,11,2.898550725,2.898550725,,11,4.452447
GF05000293V,"Cuba,Australia",Neotropical,Antillean,Cuban province,Dry forest,GF05000293V,Cuban province,34,0,0,0,1,0,0,1,12,0,1,0,1,0,2,0,1,2,4,0,0,0,3,0,0,0,1,0,1,soil,64,13,18.75,18.75,,13,5.145495
GF05000294V,"Cuba,Playa Larga",Neotropical,Antillean,Cuban province,,GF05000294V,Cuban province,22,0,0,0,0,0,0,0,21,0,0,0,0,0,2,0,0,0,8,0,0,0,2,1,0,0,4,0,0,soil,60,7,35,35,,7,4.390711
GF05000295V,"Cuba,Babiney",Neotropical,Antillean,Cuban province,Dry forest,GF05000295V,Cuban province,96,0,0,0,2,10,0,4,0,0,4,1,0,0,9,0,0,0,9,0,0,0,3,0,0,0,0,0,7,soil,145,10,0,0,,10,3.745467
GF05000296V,"Cuba,Rancho Querete",Neotropical,Antillean,Cuban province,Dry forest,GF05000296V,Cuban province,20,0,0,0,1,0,0,0,0,0,0,1,0,0,3,0,1,0,10,0,0,0,1,0,0,0,7,0,2,soil,46,9,0,0,,9,5.092072
GF05000297V,"Cuba,Punta Alegre",Neotropical,Antillean,Cuban province,Dry forest,GF05000297V,Cuban province,13,0,0,0,2,0,0,1,10,0,0,0,0,0,11,0,1,0,6,0,0,0,2,1,0,0,6,0,2,soil,55,11,18.18181818,18.18181818,,11,7.662177
GF05000298V,"Cuba,Playa Santa Lucia",Neotropical,Antillean,Cuban province,Dry forest,GF05000298V,Cuban province,13,0,0,0,2,0,0,0,25,0,0,0,0,0,4,0,0,0,1,0,0,0,4,1,0,0,1,0,0,soil,51,8,49.01960784,49.01960784,,8,4.286603
GF05000299V,"Cuba,Los Horneros",Neotropical,Antillean,Cuban province,Dry forest,GF05000299V,Cuban province,66,0,0,0,1,0,0,0,1,0,0,0,0,0,9,0,0,0,5,0,0,0,18,0,0,0,3,0,1,soil,104,8,0.961538462,0.961538462,,8,3.274296
GF05000300V,"Cuba,Victorino",Neotropical,Antillean,Cuban province,Dry forest|Moist forest,GF05000300V,Cuban province,57,0,0,0,0,2,0,5,0,0,0,1,0,0,9,0,1,0,8,0,0,0,8,0,0,0,4,0,9,soil,104,10,0,0,,10,4.875678
GF05000301V,"Cuba,Cantillo",Neotropical,Antillean,Cuban province,Dry forest,GF05000301V,Cuban province,48,0,0,0,3,0,0,0,1,0,1,0,0,0,11,0,0,0,3,0,0,0,11,1,0,0,2,0,3,soil,84,10,1.19047619,1.19047619,,10,4.290785
GF05000302V,"Cuba,Holguin airport",Neotropical,Antillean,Cuban province,Very dry forest|Dry forest,GF05000302V,Cuban province,35,0,0,0,8,0,0,0,2,0,0,0,0,0,5,0,1,0,10,0,0,0,10,0,0,0,4,0,8,soil,83,9,2.409638554,2.409638554,,9,5.950264
GF05000303V,"Cuba,Las Haticos",Neotropical,Antillean,Cuban province,Dry forest,GF05000303V,Cuban province,47,0,0,0,0,2,0,0,12,0,0,0,0,0,11,0,0,0,3,0,0,0,1,2,0,0,5,0,1,soil,84,9,14.28571429,14.28571429,,9,4.218703
GF05000304V,"Cuba,Gran Piedra",Neotropical,Antillean,Cuban province,Dry forest|Moist forest,GF05000304V,Cuban province,33,0,0,0,1,0,0,0,25,0,4,0,0,0,6,0,1,2,2,0,0,0,3,0,0,0,2,0,3,soil,82,11,30.48780488,30.48780488,,11,5.410766
GF05000305V,"Cuba,Gran Piedra Botanical Garden",Neotropical,Antillean,Cuban province,Dry forest|Moist forest,GF05000305V,Cuban province,27,0,0,1,0,0,0,0,21,0,0,0,1,0,2,0,4,0,3,0,0,0,19,0,0,0,1,0,4,soil,83,10,25.30120482,25.30120482,,10,5.541925
GF05000306V,"Cuba,Antonio Maceo airport",Neotropical,Antillean,Cuban province,Dry forest,GF05000306V,Cuban province,17,0,0,0,1,0,0,0,1,0,0,0,0,0,7,0,0,0,1,0,0,0,3,0,0,0,2,0,1,soil,33,8,3.03030303,3.03030303,,8,4.403157
GF05000307V,"Cuba,Abel Santamaria",Neotropical,Antillean,Cuban province,Dry forest,GF05000307V,Cuban province,33,0,0,0,0,0,0,0,3,0,1,1,0,1,17,0,0,0,10,0,0,0,11,0,0,0,2,0,7,soil,86,10,3.488372093,3.488372093,,10,5.843494
GF05000395V,"USA,Texas,Double Bayou",N/A,N/A,N/A,Dry forest|Moist forest,GF05000395V,N/A,24,0,0,0,0,0,0,0,14,0,0,0,0,0,3,0,2,0,1,0,0,0,12,0,0,0,0,0,5,soil,61,7,22.95081967,22.95081967,,7,4.745967
GF05000396V,"USA,Texas,Mary Edna Park",N/A,N/A,N/A,Dry forest|Moist forest,GF05000396V,N/A,23,0,0,0,1,0,0,0,50,0,0,0,0,0,5,0,2,0,2,0,0,0,9,0,0,0,1,0,2,soil,95,9,52.63157895,52.63157895,,9,4.051773
GF05000397V,"USA,Louisiana,Deweyville",N/A,N/A,N/A,,GF05000397V,N/A,27,0,0,0,2,0,0,0,53,0,0,0,0,0,4,0,0,0,8,0,0,1,4,0,0,0,1,0,2,soil,102,9,51.96078431,51.96078431,,9,4.017042
GF05000398V,"USA,Louisiana,Stark",N/A,N/A,N/A,,GF05000398V,N/A,34,0,0,0,0,0,0,0,34,0,0,0,0,0,5,0,3,0,4,0,0,0,14,0,0,0,4,0,2,soil,100,8,34,34,,8,4.950954
GF05000399V,"USA,Texas,Evadale",N/A,N/A,N/A,,GF05000399V,N/A,27,0,0,0,1,0,0,0,60,0,0,0,0,0,6,0,2,0,4,0,0,1,9,0,0,0,0,0,1,soil,111,9,54.05405405,54.05405405,,9,3.885416
GF05000400V,"USA,Texas,Big Thicket",N/A,N/A,N/A,,GF05000400V,N/A,29,0,0,0,0,0,0,0,44,0,0,0,0,0,6,0,3,0,2,1,0,0,19,0,0,0,1,0,5,soil,110,9,40,40,,9,4.840532
GF05000401V,"USA,Texas,Saratoga",N/A,N/A,N/A,,GF05000401V,N/A,27,0,0,0,0,0,0,0,49,0,0,0,0,0,6,0,2,0,2,0,0,0,14,0,0,0,0,0,1,soil,101,7,48.51485149,48.51485149,,7,3.842956
GF05000402V,"Puerto Rico,Vacia Talega",Neotropical,Antillean,Puerto Rico province,,GF05000402V,Puerto Rico province,4,0,0,0,0,0,0,0,14,0,0,0,0,0,0,0,1,0,2,0,0,0,2,1,0,0,0,0,1,soil,25,7,56,56,,7,4.08897
GF05000403V,"Puerto Rico,Luquillo",Neotropical,Antillean,Puerto Rico province,Moist forest,GF05000403V,Puerto Rico province,40,0,0,0,1,1,0,1,0,0,1,2,0,0,9,0,2,0,8,1,0,0,10,2,0,0,2,0,5,soil,85,14,0,0,,14,6.344231
GF05000404V,"Puerto Rico,Los Pinos",Neotropical,Antillean,Puerto Rico province,Dry forest|Moist forest,GF05000404V,Puerto Rico province,183,0,0,0,6,2,0,0,4,0,6,3,0,0,27,0,7,1,23,0,0,0,46,1,0,0,4,0,39,soil,352,14,1.136363636,1.136363636,,14,5.190245
GF05000405V,"Puerto Rico,Toro Negro",Neotropical,Antillean,Puerto Rico province,Dry forest|Moist forest,GF05000405V,Puerto Rico province,12,0,0,0,0,0,0,0,4,0,0,0,0,0,1,0,0,0,2,0,0,0,7,0,0,0,1,0,1,soil,28,7,14.28571429,14.28571429,,7,4.633045
GF05000406V,"Puerto Rico,Playa Santa",Neotropical,Antillean,Puerto Rico province,Very dry forest|Dry forest,GF05000406V,Puerto Rico province,31,0,0,0,0,0,0,0,14,0,0,0,0,0,6,0,0,0,2,0,0,0,4,0,0,0,3,0,3,soil,63,7,22.22222222,22.22222222,,7,4.40016
GF05000407V,"Puerto Rico,Maricao",Neotropical,Antillean,Puerto Rico province,Moist forest,GF05000407V,Puerto Rico province,72,0,0,0,0,0,0,1,9,0,0,0,0,0,11,0,1,0,3,0,0,1,15,0,0,0,1,0,1,soil,115,10,7.826086957,7.826086957,,10,3.611645
GF05000408V,"British Virgin Islands,West End",Neotropical,Antillean,Puerto Rico province,,GF05000408V,Puerto Rico province,23,0,0,0,0,0,0,0,5,0,0,1,0,0,9,0,2,0,9,0,0,0,7,0,0,0,3,0,6,soil,65,9,7.692307692,7.692307692,,9,6.590664
GF05000409V,"British Virgin Islands,Mt. Sage",Neotropical,Antillean,Puerto Rico province,Dry forest,GF05000409V,Puerto Rico province,81,0,0,0,2,0,0,2,6,0,1,0,0,0,14,0,2,0,10,0,0,1,27,0,0,0,4,0,5,soil,155,12,3.870967742,3.870967742,,12,4.963219
GF05000410V,"British Virgin Islands,Beef Island",Neotropical,Antillean,Puerto Rico province,Dry forest,GF05000410V,Puerto Rico province,11,0,0,0,0,0,0,0,14,0,0,0,0,0,2,0,0,0,7,0,0,0,0,1,0,0,3,0,3,soil,41,7,34.14634146,34.14634146,,7,5.166935
GF05000411V,"Dominica,Cabrits NP",Neotropical,Antillean,Lesser Antilles province,,GF05000411V,Lesser Antilles province,47,0,0,0,0,0,0,0,6,0,0,0,0,0,2,0,1,0,5,0,0,0,9,2,0,0,1,0,1,soil,74,9,8.108108108,8.108108108,,9,3.669223
GF05000412V,"Dominica,Lake Boeri",Neotropical,Antillean,Lesser Antilles province,Dry forest|Moist forest,GF05000412V,Lesser Antilles province,15,0,0,0,1,0,0,1,0,0,0,1,0,0,0,0,1,0,5,0,0,0,9,0,0,0,1,0,0,soil,34,8,0,0,,8,4.54184
GF05000413V,"Dominica,Bellevue Chopin",Neotropical,Antillean,Lesser Antilles province,Dry forest|Moist forest,GF05000413V,Lesser Antilles province,50,0,0,0,1,0,0,0,4,0,0,0,0,0,3,0,1,0,1,0,0,0,12,0,0,0,1,0,2,soil,75,9,5.333333333,5.333333333,,9,3.239839
GF05000414V,"Dominica,Pont Casse",Neotropical,Antillean,Lesser Antilles province,Dry forest|Moist forest,GF05000414V,Lesser Antilles province,224,0,0,0,1,1,0,0,5,0,4,2,0,0,36,0,2,0,18,2,0,0,27,0,0,0,9,0,21,soil,352,13,1.420454545,1.420454545,,13,3.913802
GF05000415V,"Dominica,Kalinago Barana Aute",Neotropical,Antillean,Lesser Antilles province,Moist forest,GF05000415V,Lesser Antilles province,38,0,0,0,1,0,0,0,17,0,0,0,0,0,0,0,2,0,4,0,0,0,6,1,0,0,2,0,2,soil,73,9,23.28767123,23.28767123,,9,4.292768
GF05000416V,"Guadeloupe,Deshaies",Neotropical,Antillean,Lesser Antilles province,Dry forest,GF05000416V,Lesser Antilles province,19,0,0,0,1,0,0,1,10,0,0,0,0,0,6,0,0,0,7,0,0,0,4,1,0,0,0,0,4,soil,53,9,18.86792453,18.86792453,,9,6.117715
GF05000417V,"Guadeloupe,Morne Louis",Neotropical,Antillean,Lesser Antilles province,Dry forest|Moist forest,GF05000417V,Lesser Antilles province,71,0,0,0,1,0,0,0,4,0,0,1,0,0,9,0,2,3,16,0,0,1,14,0,0,0,1,0,4,soil,127,12,3.149606299,3.149606299,,12,4.669212
GF05000418V,"Guadeloupe,Chute du Carbet",Neotropical,Antillean,Lesser Antilles province,Dry forest|Moist forest,GF05000418V,Lesser Antilles province,10,0,0,0,2,0,0,0,0,0,2,0,0,0,1,0,2,0,2,0,0,0,7,0,0,0,0,0,0,soil,26,7,0,0,,7,5.131058
GF05000426V,"Brazil,Pacatuba",Neotropical,Chacoan,Caatinga province,Dry forest|Moist forest,GF05000426V,Caatinga province,35,0,0,0,3,0,0,1,0,0,0,1,0,0,14,0,1,0,12,0,0,0,5,0,0,0,23,0,12,soil,107,10,0,0,,10,6.216523
GF05000427V,"Brazil,Capistrano",Neotropical,Chacoan,Caatinga province,Dry forest,GF05000427V,Caatinga province,76,0,0,0,1,2,0,1,0,0,0,1,0,1,21,0,3,0,17,0,0,0,6,1,0,0,17,0,10,soil,157,13,0,0,,13,5.441691
GF05000428V,"Brazil,Capistrano",Neotropical,Chacoan,Caatinga province,Dry forest,GF05000428V,Caatinga province,50,0,0,0,1,0,0,0,0,0,0,1,0,0,14,0,2,0,15,0,0,0,9,1,0,0,8,0,4,soil,105,10,0,0,,10,5.152966
GF05000429V,"Brazil,Quixada",Neotropical,Chacoan,Caatinga province,Very dry forest|Dry forest,GF05000429V,Caatinga province,37,0,0,0,2,0,0,0,0,0,0,1,0,0,18,0,6,0,21,0,0,0,21,0,0,0,18,0,15,soil,139,9,0,0,,9,6.856726
GF05000430V,"Brazil,Solonopolis",Neotropical,Chacoan,Caatinga province,Very dry forest|Dry forest,GF05000430V,Caatinga province,94,0,0,0,0,4,0,2,0,0,2,0,0,0,18,0,4,0,30,0,0,1,23,0,0,0,10,0,4,soil,192,11,0,0,,11,5.12509
GF05000431V,"Brazil,Milagres",Neotropical,Chacoan,Caatinga province,Very dry forest|Dry forest,GF05000431V,Caatinga province,28,0,0,0,0,0,0,2,0,0,0,1,0,0,6,0,1,0,15,0,0,0,12,0,0,0,11,0,5,soil,81,9,0,0,,9,6.038316
GF05000432V,"Brazil,Salgueiro",Neotropical,Chacoan,Caatinga province,Very dry forest,GF05000432V,Caatinga province,27,0,0,0,1,3,0,1,0,0,0,0,0,0,9,0,1,0,12,0,0,0,19,0,0,0,7,0,3,soil,83,10,0,0,,10,6.244026
GF05000433V,"Brazil,Floresta",Neotropical,Chacoan,Caatinga province,Thorn woodland,GF05000433V,Caatinga province,52,0,0,0,1,1,0,3,0,0,0,1,0,0,9,0,1,0,26,0,0,0,25,1,0,0,8,0,9,soil,137,12,0,0,,12,5.931973
GF05000434V,"Brazil,Petrolandia",Neotropical,Chacoan,Caatinga province,Thorn woodland,GF05000434V,Caatinga province,88,0,0,0,0,0,0,5,0,0,0,0,0,0,15,0,2,0,15,0,0,0,24,0,0,0,10,0,10,soil,169,8,0,0,,8,4.655966
GF05000435V,"Brazil,Minuim",Neotropical,Chacoan,Caatinga province,Very dry forest,GF05000435V,Caatinga province,86,0,0,0,1,0,0,1,0,1,1,0,0,1,23,0,3,0,34,0,0,0,25,1,0,0,17,0,14,soil,208,13,0,0,,13,5.816974
GF05000436V,"Brazil,Sao Pedro",Neotropical,Chacoan,Caatinga province,Very dry forest|Dry forest,GF05000436V,Caatinga province,32,0,0,0,0,0,0,1,0,0,0,1,0,1,5,0,2,0,14,0,0,0,8,1,0,0,13,0,6,soil,84,11,0,0,,11,6.267696
GF05000437V,"Brazil,Areia Branca",Neotropical,Chacoan,Caatinga province,Dry forest|Moist forest,GF05000437V,Caatinga province,104,0,0,0,5,0,0,0,0,0,0,0,0,1,18,0,5,0,14,0,0,0,25,0,0,0,23,0,15,soil,210,9,0,0,,9,5.086867
GF05000438V,"Brazil,Sao Cristovao",Neotropical,Parana,Atlantic province,Dry forest|Moist forest,GF05000438V,Atlantic province,29,0,0,0,0,0,0,0,3,0,0,0,0,0,10,0,2,0,4,0,0,0,22,0,0,0,3,0,3,soil,76,8,3.947368421,3.947368421,,8,5.087541
GF05000439V,"Brazil,Aldeia",Neotropical,Parana,Atlantic province,Dry forest|Moist forest,GF05000439V,Atlantic province,76,0,0,0,0,0,0,0,1,0,0,0,0,0,5,0,1,0,1,0,0,0,31,0,0,0,9,0,4,soil,128,8,0.78125,0.78125,,8,3.281517
GF05000440V,"Brazil,Flecheira",Neotropical,Parana,Atlantic province,Dry forest,GF05000440V,Atlantic province,44,0,0,0,2,0,0,2,1,0,0,0,0,0,12,0,3,0,11,0,0,0,15,1,0,0,8,0,11,soil,110,11,0.909090909,0.909090909,,11,6.426728
GF05000441V,"Brazil,Lagoa Grande",Neotropical,Parana,Atlantic province,Dry forest,GF05000441V,Atlantic province,75,0,0,0,1,0,0,1,2,0,0,0,0,0,12,0,1,0,5,0,0,0,19,0,0,0,9,0,6,soil,131,10,1.526717557,1.526717557,,10,4.236091
GF05000442V,"Brazil,Lagoa Grande",Neotropical,Parana,Atlantic province,Dry forest,GF05000442V,Atlantic province,51,0,0,0,1,0,0,0,10,0,0,0,0,1,5,0,0,0,8,0,0,0,19,1,0,0,8,0,4,soil,108,10,9.259259259,9.259259259,,10,5.26094
GF05000443V,"Brazil,Aguilhada",Neotropical,Parana,Atlantic province,Dry forest,GF05000443V,Atlantic province,47,0,0,0,0,0,0,0,10,0,0,0,0,0,5,0,2,0,5,0,0,0,18,2,0,0,4,0,1,soil,94,9,10.63829787,10.63829787,,9,4.759231
GF05000444V,"Brazil,Sapucaia",Neotropical,Parana,Atlantic province,Dry forest,GF05000444V,Atlantic province,69,0,0,0,2,0,0,0,4,0,1,0,0,0,6,0,1,0,0,0,0,0,19,0,0,0,2,0,2,soil,106,9,3.773584906,3.773584906,,9,3.275697
GF05000445V,"Brazil,Pirao Capao",Neotropical,Parana,Atlantic province,Dry forest|Moist forest,GF05000445V,Atlantic province,44,0,0,0,0,0,0,0,8,0,0,1,0,0,3,0,2,0,7,0,0,0,14,0,0,0,5,0,4,soil,88,9,9.090909091,9.090909091,,9,5.022354
GF05000446V,"Brazil,Convento",Neotropical,Parana,Atlantic province,Dry forest|Moist forest,GF05000446V,Atlantic province,49,0,0,0,0,0,0,0,5,0,0,0,0,0,8,0,2,0,1,0,0,0,12,0,0,0,5,0,7,soil,89,8,5.617977528,5.617977528,,8,4.368973
GF05000447V,"Brazil,Praia Azul",Neotropical,Parana,Atlantic province,Dry forest|Moist forest,GF05000447V,Atlantic province,19,0,0,0,0,0,0,0,11,0,1,0,0,1,3,0,2,0,2,0,0,0,18,1,0,0,3,0,1,soil,62,11,17.74193548,17.74193548,,11,6.10554
GF05000448V,"Brazil,Altamira",Neotropical,Chacoan,Caatinga province,Dry forest|Moist forest,GF05000448V,Caatinga province,60,0,0,0,0,0,0,0,1,0,0,0,0,0,10,0,1,0,7,0,0,0,17,0,0,0,2,0,5,soil,103,8,0.970873786,0.970873786,,8,3.798745
GF05000449V,"Brazil,Conceicao do Almeida",Neotropical,Parana,Parana Forest province,Dry forest,GF05000449V,Parana Forest province,80,0,0,0,1,0,0,3,1,0,2,5,0,0,17,0,0,0,12,0,0,1,9,2,0,0,3,0,17,soil,153,13,0.653594771,0.653594771,,13,5.320864
GF05000450V,"Brazil,Minum",Neotropical,Parana,Atlantic province,Moist forest,GF05000450V,Atlantic province,19,0,0,0,2,0,0,0,1,0,0,1,0,0,4,0,2,0,3,0,0,0,1,0,0,0,16,0,2,soil,51,10,1.960784314,1.960784314,,10,5.529769
GF05000451V,"Brazil,Marau",Neotropical,Parana,Atlantic province,Moist forest,GF05000451V,Atlantic province,17,0,0,0,0,0,0,0,0,0,0,1,0,0,2,0,3,0,1,0,0,0,4,0,0,0,13,0,1,soil,42,8,0,0,,8,4.727859
GF05000452V,"Brazil,Serra Grande",Neotropical,Parana,Atlantic province,Moist forest,GF05000452V,Atlantic province,80,0,0,0,2,1,0,0,2,0,0,1,0,0,11,0,2,0,9,0,0,0,20,0,0,0,3,0,11,soil,142,11,1.408450704,1.408450704,,11,4.490131
GF05000453V,"Brazil,Lombardia",Neotropical,Parana,Atlantic province,Dry forest,GF05000453V,Atlantic province,4,0,0,0,1,0,0,0,0,0,0,0,0,0,4,0,1,0,5,0,0,0,5,0,0,0,21,0,1,soil,42,8,0,0,,8,4.797778
GF05000454V,"Brazil,Itamaraju",Neotropical,Parana,Atlantic province,Dry forest,GF05000454V,Atlantic province,13,0,0,0,3,0,0,0,0,0,0,0,0,0,0,0,2,0,0,0,0,0,4,0,0,0,28,0,2,soil,52,6,0,0,,6,3.64153
GF05000455V,"Brazil,Mucuri",Neotropical,Parana,Atlantic province,Dry forest,GF05000455V,Atlantic province,3,0,0,0,3,0,0,0,0,0,0,0,0,0,0,0,1,0,2,0,0,0,3,0,0,0,18,0,1,soil,31,7,0,0,,7,4.023031
GF05000456V,"Brazil,Barra Seca",Neotropical,Parana,Atlantic province,Dry forest,GF05000456V,Atlantic province,45,0,0,0,1,0,0,1,0,0,0,0,0,0,10,0,3,0,11,0,0,0,12,0,0,0,0,0,7,soil,90,8,0,0,,8,4.610193
GF05000457V,"Brazil,Regencia",Neotropical,Parana,Atlantic province,Dry forest,GF05000457V,Atlantic province,56,0,0,0,3,0,0,0,5,0,1,1,0,0,12,0,1,0,3,0,0,0,20,0,0,0,6,0,8,soil,116,11,4.310344828,4.310344828,,11,5.335956
GF05000458V,"Brazil,Iriritiba",Neotropical,Parana,Atlantic province,Dry forest,GF05000458V,Atlantic province,28,0,0,0,1,0,0,0,1,0,1,0,0,0,9,0,2,0,4,0,0,0,9,1,0,0,7,0,8,soil,71,11,1.408450704,1.408450704,,11,6.473703
GF05000459V,"Brazil,Santa Cruz",Neotropical,Parana,Parana Forest province,Dry forest,GF05000459V,Parana Forest province,36,0,0,0,2,0,0,0,0,0,0,2,0,0,7,0,2,0,6,0,0,0,14,0,0,0,18,0,6,soil,93,9,0,0,,9,5.849442
GF05000460V,"Brazil,Itaoca",Neotropical,Parana,Atlantic province,Dry forest,GF05000460V,Atlantic province,13,0,0,0,2,0,0,0,0,0,0,0,0,0,11,0,3,0,5,0,0,0,7,0,0,0,4,0,5,soil,50,8,0,0,,8,6.812356
GF05000461V,"Brazil,Quissama",Neotropical,Parana,Atlantic province,Dry forest,GF05000461V,Atlantic province,60,0,0,0,1,2,0,0,0,0,5,0,0,0,16,0,1,1,1,0,0,0,21,0,0,0,4,0,10,soil,122,11,0,0,,11,4.909741
GF05000462V,"Brazil,Ilha Luciano",Neotropical,Parana,Atlantic province,Dry forest,GF05000462V,Atlantic province,91,0,0,0,3,0,0,0,0,0,0,1,0,2,9,0,1,0,7,0,0,0,21,4,0,0,7,0,3,soil,149,11,0,0,,11,4.110659
GF05000463V,"Brazil,Quissama",Neotropical,Parana,Atlantic province,Dry forest,GF05000463V,Atlantic province,42,0,0,0,2,0,0,2,5,0,0,0,1,0,2,0,1,0,2,0,0,0,8,0,0,0,6,0,3,soil,74,11,6.756756757,6.756756757,,11,4.876286
GF05000464V,"Brazil,Vaginha",Neotropical,Parana,Atlantic province,Dry forest,GF05000464V,Atlantic province,44,0,0,0,1,1,0,2,0,0,0,0,0,0,10,0,2,0,15,0,0,0,11,0,0,0,0,0,10,soil,96,9,0,0,,9,5.070553
GF05000465V,"Brazil,Jacatuba",Neotropical,Parana,Atlantic province,Dry forest|Moist forest,GF05000465V,Atlantic province,23,0,0,0,3,0,0,0,0,0,0,0,0,0,8,0,4,0,5,0,0,0,6,0,0,0,2,0,3,soil,54,8,0,0,,8,5.736764
GF05000466V,"Brazil,Prateleias",Neotropical,Parana,Parana Forest province,Moist forest|Wet forest,GF05000466V,Parana Forest province,40,0,0,0,2,0,0,2,0,0,1,1,0,0,12,0,4,0,7,0,0,1,18,0,0,0,10,0,10,soil,108,12,0,0,,12,6.879221
GF05000467V,"Brazil,Brejo da Lapa",Neotropical,Parana,Parana Forest province,Moist forest|Wet forest,GF05000467V,Parana Forest province,19,0,0,0,6,0,0,0,0,0,0,1,0,0,5,0,6,0,4,0,0,1,24,0,0,0,1,0,1,soil,68,10,0,0,,10,5.806919
GF05000468V,"Brazil,Barraca da Leda",Neotropical,Parana,Parana Forest province,Moist forest|Wet forest,GF05000468V,Parana Forest province,33,0,0,0,4,0,0,0,7,1,0,0,0,0,4,0,7,0,9,0,0,0,14,0,0,0,15,0,4,soil,98,10,7.142857143,7.142857143,,10,7.14593
GF05000469V,"Brazil,Santa Cruz",Neotropical,Parana,Atlantic province,Dry forest|Moist forest,GF05000469V,Atlantic province,93,0,0,0,1,0,0,0,0,0,0,0,0,0,7,0,8,0,4,0,0,2,28,0,0,0,2,0,9,soil,154,9,0,0,,9,3.724691
GF05000470V,"Brazil,Bairro Laranjeirinha",Neotropical,Parana,Atlantic province,Dry forest|Moist forest,GF05000470V,Atlantic province,91,0,0,0,2,2,0,0,0,0,0,1,0,0,11,0,5,0,11,0,0,3,21,0,0,0,3,0,20,soil,170,11,0,0,,11,4.854463
GF05000471V,"Brazil,Serra de Graciosa",Neotropical,Parana,Araucaria Forest province,Dry forest|Moist forest,GF05000471V,Araucaria Forest province,8,0,0,0,9,0,0,0,0,0,0,2,0,0,2,0,9,0,14,0,0,0,10,0,0,0,44,0,5,soil,103,9,0,0,,9,5.961879
GF05000472V,"Brazil,Porto Fino",Neotropical,Parana,Atlantic province,,GF05000472V,Atlantic province,73,0,0,0,1,0,0,0,8,0,6,0,0,0,10,0,4,0,4,0,0,2,24,0,0,0,4,0,10,soil,146,11,5.479452055,5.479452055,,11,5.416887
GF05000473V,"Brazil,Serra Receto",Neotropical,Chacoan,Cerrado province,Dry forest|Moist forest,GF05000473V,Cerrado province,13,0,0,0,2,0,0,0,0,0,1,0,0,0,7,0,2,0,4,0,0,0,10,0,0,0,0,0,6,soil,45,8,0,0,,8,6.218657
GF05000474V,"Brazil,Angai",Neotropical,Parana,Araucaria Forest province,Dry forest|Moist forest,GF05000474V,Araucaria Forest province,40,0,0,0,2,0,0,0,1,0,1,0,0,0,6,0,4,0,5,0,0,0,15,0,0,0,1,0,11,soil,86,10,1.162790698,1.162790698,,10,5.26126
GF05000475V,"Brazil,Salto",Neotropical,Parana,Araucaria Forest province,Dry forest|Moist forest,GF05000475V,Araucaria Forest province,24,0,0,0,2,0,0,0,5,0,0,0,0,0,12,0,5,0,3,0,0,0,6,0,0,0,2,0,8,soil,67,9,7.462686567,7.462686567,,9,6.5646
GF05000476V,"Brazil,Ceu Azul",Neotropical,Parana,Araucaria Forest province,Dry forest|Moist forest,GF05000476V,Araucaria Forest province,21,0,0,0,0,0,0,0,1,0,0,0,0,0,7,0,2,0,3,0,0,0,7,0,0,0,0,0,2,soil,43,7,2.325581395,2.325581395,,7,4.480175
GF05000477V,"Brazil,Matelandia",Neotropical,Parana,Parana Forest province,Dry forest|Moist forest,GF05000477V,Parana Forest province,74,0,0,0,3,12,0,8,0,0,1,4,0,0,20,0,1,0,11,0,0,0,24,0,0,1,2,0,20,soil,181,13,0,0,,13,6.662516
GF05000478V,"Brazil,Cataratas do Iguacu",Neotropical,Parana,Parana Forest province,Dry forest|Moist forest,GF05000478V,Parana Forest province,18,0,0,0,4,0,1,0,4,0,0,0,0,0,13,0,1,0,6,0,0,0,4,0,0,0,0,0,1,soil,52,9,7.692307692,7.692307692,,9,5.946706
GF05000495V,"Mexico,Bella Flor",Neotropical,Mesoamerican,Yucatan Peninsula Province,Very dry forest|Dry forest,GF05000495V,Yucatan Peninsula Province,54,0,0,0,0,0,0,1,1,0,0,0,0,0,2,0,1,0,5,0,0,0,10,0,0,0,1,0,2,soil,77,9,1.298701299,1.298701299,,9,3.024611
GF05000496V,"Mexico,Campeche",Neotropical,Mesoamerican,Yucatan Peninsula Province,Dry forest,GF05000496V,Yucatan Peninsula Province,53,0,0,0,1,0,0,0,9,0,0,0,0,0,7,0,2,0,5,0,0,0,10,0,0,0,2,0,4,soil,93,9,9.677419355,9.677419355,,9,4.42514
GF05000497V,"Mexico,Noham",Neotropical,Mesoamerican,Veracruzan province,,GF05000497V,Veracruzan province,43,0,0,0,1,0,0,0,1,0,0,0,0,0,14,0,0,0,8,0,0,0,8,0,0,0,4,0,4,soil,83,8,1.204819277,1.204819277,,8,4.43998
GF05000498V,"Mexico,Chichen Itza",Neotropical,Mesoamerican,Yucatan Peninsula Province,Dry forest,GF05000498V,Yucatan Peninsula Province,34,0,0,0,0,0,0,1,2,0,0,1,0,0,5,0,0,0,4,0,0,0,2,0,0,0,1,0,2,soil,52,9,3.846153846,3.846153846,,9,3.684653
GF05000499V,"Mexico,Kax Ek",Neotropical,Mesoamerican,Yucatan Peninsula Province,Dry forest,GF05000499V,Yucatan Peninsula Province,31,0,0,0,0,0,0,1,19,0,0,0,0,0,11,0,1,0,3,0,0,0,2,0,0,0,2,0,1,soil,71,9,26.76056338,26.76056338,,9,4.564958
GF05000500V,"Mexico,Cozumel",Neotropical,Mesoamerican,Yucatan Peninsula Province,,GF05000500V,Yucatan Peninsula Province,16,0,0,0,2,0,0,0,15,0,0,0,0,0,0,0,0,0,2,0,0,0,2,0,0,0,2,0,1,soil,40,7,37.5,37.5,,7,4.160751
GF05000501V,"Guatemala,Santa Rosita",Neotropical,,Chiapas Highlands province,Dry forest|Moist forest,GF05000501V,Chiapas Highlands province,1,0,0,0,0,0,0,0,0,0,0,0,0,0,1,0,0,0,0,0,0,0,0,0,0,0,4,0,0,soil,6,3,0,0,,3,2.381102
GF05000502V,"Guatemala,Papaturro",Neotropical,Mesoamerican,Pacific Lowlands province,Dry forest|Moist forest,GF05000502V,Pacific Lowlands province,74,0,0,0,0,0,0,4,8,0,0,0,0,1,6,0,1,0,11,0,0,1,6,0,0,0,5,0,3,soil,120,11,6.666666667,6.666666667,,11,4.284358
GF05000503V,"Guatemala,Taxisco",Neotropical,Mesoamerican,Pacific Lowlands province,Dry forest|Moist forest,GF05000503V,Pacific Lowlands province,6,0,0,0,2,0,0,0,0,0,0,0,0,0,2,0,0,0,3,0,0,0,0,0,0,0,10,0,1,soil,24,6,0,0,,6,4.562417
GF05000504V,"Guatemala,El Jobo",Neotropical,Mesoamerican,Pacific Lowlands province,Dry forest|Moist forest,GF05000504V,Pacific Lowlands province,31,0,0,0,1,0,0,2,0,0,1,0,0,0,8,0,1,0,6,0,0,0,6,0,0,0,10,0,4,soil,70,10,0,0,,10,5.783208
GF05000505V,"Guatemala,Acatenango",Neotropical,,Chiapas Highlands province,Moist forest|Wet forest,GF05000505V,Chiapas Highlands province,34,0,0,0,2,0,0,0,2,0,1,0,1,1,14,0,3,1,24,0,0,0,17,1,0,0,7,0,9,soil,117,14,1.709401709,1.709401709,,14,7.544033
GF05000506V,"Guatemala,Tecpan",Neotropical,,Chiapas Highlands province,Moist forest|Wet forest,GF05000506V,Chiapas Highlands province,26,0,0,0,2,0,0,0,22,0,1,0,0,0,6,0,3,0,5,0,0,0,21,0,0,0,11,0,5,soil,102,10,21.56862745,21.56862745,,10,6.912168
GF05000676V,"Mexico,Michoacán,Mariposa Monarca",Neotropical,,Transmexican Volcanic Belt province,Dry forest|Moist forest,GF05000676V,Transmexican Volcanic Belt province,3,0,0,0,1,0,0,0,12,0,0,0,0,0,2,0,0,0,1,0,0,0,6,0,0,0,1,0,1,soil,27,8,44.44444444,44.44444444,,8,5.052347
GF05000677V,"Mexico,Veracruz,Naolinco",Neotropical,,Transmexican Volcanic Belt province,Dry forest|Moist forest,GF05000677V,Transmexican Volcanic Belt province,3,0,0,0,0,0,0,0,0,0,0,0,0,0,0,0,0,1,0,0,0,0,3,0,0,0,1,0,0,soil,8,4,0,0,,4,3.509531
GF05000678V,"Mexico,Veracruz,Tuxtlas",Neotropical,Mesoamerican,Veracruzan province,Moist forest,GF05000678V,Veracruzan province,0,0,0,0,0,0,0,0,0,0,0,0,0,0,1,0,0,1,2,0,0,0,1,0,0,0,0,0,0,soil,5,4,0,0,,4,3.789291
GF05000679V,"Mexico,Tabasco,Agua blanca",Neotropical,Mesoamerican,Veracruzan province,Moist forest,GF05000679V,Veracruzan province,0,0,0,0,0,0,0,0,0,0,0,0,0,0,0,0,0,3,0,0,0,0,0,0,0,0,0,0,0,soil,3,1,0,0,,1,1
GF05000680V,"Mexico,Chiapas,Ocote",Neotropical,Mesoamerican,Veracruzan province,Dry forest,GF05000680V,Veracruzan province,1,0,0,0,0,0,0,0,0,0,0,0,0,0,0,0,0,2,0,0,0,0,0,0,0,0,0,0,0,soil,3,2,0,0,,2,1.889882
GF05000681V,"Mexico,Oaxaca,Huatulco",Neotropical,Mesoamerican,Pacific Lowlands province,Dry forest,GF05000681V,Pacific Lowlands province,36,0,0,0,1,0,0,2,0,0,0,2,0,0,21,0,1,0,16,0,0,0,8,0,0,0,6,0,7,soil,100,10,0,0,,10,6.015497
GF05000682V,"Mexico,Oaxaca,Ixtlan",Neotropical,,Sierra Madre del Sur province,Dry forest|Moist forest,GF05000682V,Sierra Madre del Sur province,35,0,0,0,0,0,0,0,64,0,0,0,0,0,5,0,6,0,1,0,0,0,18,0,0,0,4,0,2,soil,135,8,47.40740741,47.40740741,,8,4.20355
GF05000683V,"Mexico,Puebla,Cuicatlan",Neotropical,Mesoamerican,Balsas Basin province,Thorn woodland,GF05000683V,Balsas Basin province,8,0,0,0,2,0,0,1,0,0,0,0,0,0,10,0,0,0,7,0,0,0,4,0,0,0,1,0,1,soil,34,8,0,0,,8,5.785495
GF05000684V,"Mexico,Hidalgo,El Zembo",Neotropical,,Transmexican Volcanic Belt province,Very dry forest|Dry forest,GF05000684V,Transmexican Volcanic Belt province,6,0,0,0,0,0,0,0,54,0,0,0,0,0,3,0,1,0,0,0,0,0,10,0,0,0,0,0,1,soil,75,6,72,72,,6,2.588615
GF05000685V,"Mexico,Hidalgo,Tizapan",Neotropical,,Sierra Madre Oriental province,Dry forest|Moist forest,GF05000685V,Sierra Madre Oriental province,40,0,0,0,1,0,0,0,34,0,0,0,0,0,2,0,7,0,1,0,0,0,14,0,0,0,0,0,1,soil,100,8,34,34,,8,4.100509
GF05000686V,"Mexico,Jalisco,Chamela",Neotropical,Mesoamerican,Pacific Lowlands province,Very dry forest|Dry forest,GF05000686V,Pacific Lowlands province,10,0,0,0,0,0,0,1,3,0,0,0,0,0,6,0,0,0,5,0,0,0,7,0,0,0,4,0,2,soil,38,8,7.894736842,7.894736842,,8,6.748825
GF05000687V,"Mexico,Hidalgo,Meztitlan",Neotropical,,Sierra Madre Oriental province,Very dry forest|Dry forest,GF05000687V,Sierra Madre Oriental province,22,0,0,0,1,2,0,3,0,0,0,0,0,0,11,0,2,2,12,0,0,0,15,0,0,0,1,0,3,soil,74,11,0,0,,11,6.899838
GF05000688V,"Mexico,Oaxaca,Ixtlan",Neotropical,,Sierra Madre del Sur province,Dry forest|Moist forest,GF05000688V,Sierra Madre del Sur province,57,0,0,0,0,0,0,0,17,0,2,0,1,0,3,0,4,0,2,1,0,3,42,0,0,0,16,0,5,soil,153,12,11.11111111,11.11111111,,12,5.716676
GF05000689V,"Mexico,Oaxaca,Ixtlan",Neotropical,,Sierra Madre del Sur province,Dry forest|Moist forest,GF05000689V,Sierra Madre del Sur province,15,0,0,0,0,0,0,0,1,0,0,0,0,0,0,0,1,0,0,2,0,0,16,0,0,0,1,0,1,soil,37,7,2.702702703,2.702702703,,7,3.584557
GF05000690V,"Mexico,Iztaccihuatl",Neotropical,,Transmexican Volcanic Belt province,Moist forest|Wet forest,GF05000690V,Transmexican Volcanic Belt province,59,0,0,0,2,0,0,3,55,0,2,0,0,0,12,0,4,0,10,0,0,0,40,0,0,0,14,0,9,soil,210,11,26.19047619,26.19047619,,11,6.503119
GF05000691V,"Mexico,Oaxaca,Puerto Escondido",Neotropical,Mesoamerican,Pacific Lowlands province,Very dry forest|Dry forest,GF05000691V,Pacific Lowlands province,90,0,0,0,2,3,1,4,10,0,1,2,0,0,18,0,3,0,20,1,0,0,19,0,0,0,11,0,5,soil,190,15,5.263157895,5.263157895,,15,6.366742
GF05000692V,"Mexico,Chiapas,Ocote",Neotropical,Mesoamerican,Veracruzan province,Dry forest,GF05000692V,Veracruzan province,25,0,0,0,1,0,0,1,0,0,1,0,1,0,0,0,1,0,2,1,0,0,7,0,0,0,0,0,3,soil,43,10,0,0,,10,4.323641
GF05000693V,"Mexico,Hidalgo,Tlanchinol",Neotropical,,Sierra Madre Oriental province,Dry forest|Moist forest,GF05000693V,Sierra Madre Oriental province,32,0,0,0,0,1,0,0,0,0,0,0,0,0,4,0,0,0,1,1,0,0,6,0,0,0,0,0,3,soil,48,7,0,0,,7,3.166265
GF05000694V,"Mexico,Oaxaca,La esperanza",Neotropical,,Sierra Madre del Sur province,Moist forest|Wet forest,GF05000694V,Sierra Madre del Sur province,5,0,0,0,0,0,0,0,0,0,0,0,0,0,0,0,0,1,2,1,0,0,0,0,0,0,0,0,1,soil,10,5,0,0,,5,3.89322
GF05000695V,"Mexico,Campeche,Calakmul",Neotropical,Mesoamerican,Yucatan Peninsula Province,Dry forest,GF05000695V,Yucatan Peninsula Province,79,0,0,0,1,2,0,0,12,0,1,1,0,0,12,0,2,0,7,1,0,0,17,0,0,0,1,0,1,soil,137,13,8.759124088,8.759124088,,13,4.454121
GF05000696V,"Mexico,Tabasco,Agua blanca",Neotropical,Mesoamerican,Veracruzan province,Moist forest,GF05000696V,Veracruzan province,43,0,0,0,2,1,0,1,2,0,0,0,0,0,11,0,3,0,16,1,0,0,18,0,0,0,4,0,6,soil,108,12,1.851851852,1.851851852,,12,6.301755
GF05000697V,"Mexico,Morelos,Zempoala",Neotropical,,Transmexican Volcanic Belt province,Dry forest|Moist forest,GF05000697V,Transmexican Volcanic Belt province,22,0,0,0,1,0,0,0,66,0,0,0,0,0,2,0,1,0,1,0,0,0,15,0,0,0,0,0,2,soil,110,8,60,60,,8,3.234887
GF05000698V,"Mexico,Puebla,Libres",Neotropical,,Transmexican Volcanic Belt province,Very dry forest|Dry forest,GF05000698V,Transmexican Volcanic Belt province,6,0,0,0,1,0,0,0,51,0,0,0,0,0,1,0,0,0,2,0,0,0,16,0,0,0,1,0,1,soil,79,8,64.55696203,64.55696203,,8,3.052658
GF05000699V,"Mexico,Chiapas,Bonampak",Neotropical,Mesoamerican,Veracruzan province,Moist forest,GF05000699V,Veracruzan province,64,0,0,0,1,0,0,1,0,0,2,0,0,0,9,0,2,0,10,0,0,0,16,0,0,0,2,0,2,soil,109,10,0,0,,10,4.050773
GF05000700V,"Mexico,Veracruz,Tuxtlas B",Neotropical,Mesoamerican,Veracruzan province,Moist forest,GF05000700V,Veracruzan province,43,0,0,0,4,0,0,0,1,0,0,0,0,0,15,0,2,0,11,0,0,0,20,0,0,0,3,0,7,soil,106,9,0.943396226,0.943396226,,9,5.558878
GF05000701V,"Mexico,Lagos de Monte Bello",Neotropical,,Chiapas Highlands province,Moist forest|Wet forest,GF05000701V,Chiapas Highlands province,24,0,0,0,0,0,0,4,2,0,0,0,0,0,2,0,5,1,10,0,0,1,26,0,0,0,6,0,3,soil,84,11,2.380952381,2.380952381,,11,6.541626
GF05000702V,"Mexico,Lagos de Monte Bello",Neotropical,,Chiapas Highlands province,Moist forest|Wet forest,GF05000702V,Chiapas Highlands province,24,0,0,0,0,0,0,0,4,0,0,0,0,0,4,0,20,1,12,0,0,0,18,0,0,0,13,0,6,soil,102,9,3.921568627,3.921568627,,9,7.003132
GF05000703V,"Mexico,Yucatán,Tziltzilche",Neotropical,Mesoamerican,Yucatan Peninsula Province,Dry forest,GF05000703V,Yucatan Peninsula Province,49,0,0,0,0,0,0,0,24,0,0,0,0,0,3,0,1,0,4,0,0,0,7,1,0,0,1,0,1,soil,91,9,26.37362637,26.37362637,,9,3.782013
GF05000704V,"Mexico,Veracruz,Mecacalco",Neotropical,,Transmexican Volcanic Belt province,Dry forest|Moist forest,GF05000704V,Transmexican Volcanic Belt province,19,0,0,0,0,0,0,1,8,0,0,0,0,0,3,0,4,0,9,1,0,0,22,0,0,0,1,0,1,soil,69,10,11.5942029,11.5942029,,10,5.941427
GF05000705V,"Mexico,Veracruz,Alseseca",Neotropical,Mesoamerican,Veracruzan province,Dry forest|Moist forest,GF05000705V,Veracruzan province,43,0,0,0,2,0,0,2,3,0,0,0,0,0,2,0,1,0,5,2,0,0,11,0,0,0,3,0,2,soil,76,11,3.947368421,3.947368421,,11,4.815317
GF05000706V,"Mexico,Tlaxcala,Malinche",Neotropical,,Transmexican Volcanic Belt province,Dry forest|Moist forest,GF05000706V,Transmexican Volcanic Belt province,15,0,0,0,2,0,0,0,32,0,0,0,0,0,3,0,2,0,2,0,0,0,16,0,0,0,1,0,3,soil,76,9,42.10526316,42.10526316,,9,5.012
GF05000707V,"Mexico,Estado de Mexico,El Zarco",Neotropical,,Transmexican Volcanic Belt province,Dry forest|Moist forest,GF05000707V,Transmexican Volcanic Belt province,12,0,0,0,2,0,0,0,33,0,0,0,0,0,1,0,1,0,1,0,0,0,8,0,0,0,0,0,2,soil,60,8,55,55,,8,3.860572
GF05000708V,"Mexico,Michoacán,Cuitzeo",Neotropical,,Transmexican Volcanic Belt province,Dry forest|Moist forest,GF05000708V,Transmexican Volcanic Belt province,4,0,0,0,2,0,0,0,38,0,0,0,0,0,3,0,0,0,0,0,0,0,7,0,0,0,0,0,0,soil,54,5,70.37037037,70.37037037,,5,2.684673
GF05000709V,"Mexico,Jalisco,Tequila1",Neotropical,,Transmexican Volcanic Belt province,Dry forest|Moist forest,GF05000709V,Transmexican Volcanic Belt province,10,0,0,0,2,0,0,0,63,0,0,0,0,0,2,0,1,0,0,0,0,0,17,0,0,0,2,0,0,soil,97,7,64.94845361,64.94845361,,7,3.025304
GF05000710V,"Mexico,Jalisco,Tequila2",Neotropical,,Transmexican Volcanic Belt province,Very dry forest|Dry forest,GF05000710V,Transmexican Volcanic Belt province,10,0,0,0,1,0,0,0,54,0,0,0,0,0,6,0,2,0,0,0,0,0,14,0,0,0,1,0,1,soil,89,8,60.6741573,60.6741573,,8,3.518852
GF05000746V,"Mexico,El Eden",Neotropical,Mesoamerican,Yucatan Peninsula Province,Dry forest,GF05000746V,Yucatan Peninsula Province,49,0,0,0,0,0,0,0,5,0,0,1,0,0,1,0,1,0,3,0,0,0,9,0,0,0,0,0,0,soil,69,7,7.246376812,7.246376812,,7,2.771431
GF05000755V,"Puerto Rico,El Yunque",Neotropical,Antillean,Puerto Rico province,Moist forest,GF05000755V,Puerto Rico province,34,0,0,0,2,0,0,0,0,0,1,0,0,0,4,0,2,0,3,0,0,0,11,0,0,0,1,0,4,soil,62,9,0,0,,9,4.44214
GF05000756V,"Puerto Rico,El Yunque",Neotropical,Antillean,Puerto Rico province,Moist forest,GF05000756V,Puerto Rico province,40,0,0,0,1,0,0,0,11,0,2,1,0,0,5,0,1,0,9,0,0,1,15,0,0,0,1,0,6,soil,93,12,11.82795699,11.82795699,,12,6.024973
GF05000757V,"Puerto Rico,El Yunque",Neotropical,Antillean,Puerto Rico province,Moist forest,GF05000757V,Puerto Rico province,25,0,0,0,1,0,0,1,3,0,2,0,0,0,11,0,1,0,1,0,0,0,9,1,0,0,1,0,5,soil,61,12,4.918032787,4.918032787,,12,6.211467
GF05000758V,"Puerto Rico,El Yunque",Neotropical,Antillean,Puerto Rico province,Moist forest,GF05000758V,Puerto Rico province,23,0,0,0,1,0,0,0,1,0,0,0,0,0,2,0,1,0,6,0,0,0,4,0,0,0,2,0,2,soil,42,9,2.380952381,2.380952381,,9,4.634826
GF05000759V,"Puerto Rico,El Yunque",Neotropical,Antillean,Puerto Rico province,Moist forest,GF05000759V,Puerto Rico province,4,0,0,0,0,0,0,0,4,0,0,0,0,0,0,0,1,0,1,0,0,1,4,0,0,0,0,0,0,soil,15,6,26.66666667,26.66666667,,6,4.948155
GF05000763V,"Guyana,Pegaima",Neotropical,Boreal Brazilian,Guianan province,Moist forest,GF05000763V,Guianan province,40,0,0,1,0,0,0,0,15,0,0,0,0,0,1,0,6,0,0,0,0,0,14,0,0,0,0,0,5,soil,82,7,18.29268293,18.29268293,,7,4.187397
GF05000764V,"Guyana,Pegaima",Neotropical,Boreal Brazilian,Guianan province,Moist forest,GF05000764V,Guianan province,34,0,0,0,0,0,0,0,11,0,0,0,0,0,2,0,2,0,0,0,0,0,12,0,0,0,1,0,5,soil,67,7,16.41791045,16.41791045,,7,4.116342
GF05000765V,"Guyana,Pegaima",Neotropical,Boreal Brazilian,Guianan province,Moist forest,GF05000765V,Guianan province,57,0,0,1,0,0,0,0,10,0,0,0,0,0,4,0,8,0,1,0,0,1,12,0,0,0,1,0,4,soil,99,10,10.1010101,10.1010101,,10,4.277881
GF05000766V,"Guyana,Potaro",Neotropical,Boreal Brazilian,Guianan province,Dry forest|Moist forest,GF05000766V,Guianan province,21,0,0,0,0,0,0,0,22,0,0,0,0,0,0,0,5,0,0,0,0,0,7,0,0,0,0,0,0,soil,55,4,40,40,,4,3.36857
GF05000767V,"Guyana,Potaro",Neotropical,Boreal Brazilian,Guianan province,Dry forest|Moist forest,GF05000767V,Guianan province,60,0,0,1,4,0,0,0,28,1,0,1,0,0,2,0,7,2,3,0,0,0,17,0,0,0,1,0,0,soil,127,12,22.04724409,22.04724409,,12,4.939392
GF05000768V,"Guyana,Potaro",Neotropical,Boreal Brazilian,Guianan province,Dry forest|Moist forest,GF05000768V,Guianan province,45,0,0,1,1,0,0,0,26,0,0,0,0,0,4,0,7,0,6,0,0,1,12,0,0,0,0,0,2,soil,105,10,24.76190476,24.76190476,,10,5.122537
GF05000769V,"Guyana,Potaro",Neotropical,Boreal Brazilian,Guianan province,Dry forest|Moist forest,GF05000769V,Guianan province,32,0,0,1,0,0,0,0,22,0,0,0,0,0,1,0,6,0,4,0,0,0,7,0,0,0,0,0,0,soil,73,7,30.1369863,30.1369863,,7,4.178124
GF05000779V,"USA,FL,Gainesville,Austin Cary",N/A,N/A,N/A,Dry forest|Moist forest,GF05000779V,N/A,36,0,0,0,2,1,0,0,27,0,0,0,0,0,5,0,3,0,4,0,0,0,24,0,0,0,3,0,5,soil,110,10,24.54545455,24.54545455,,10,5.789642
GF05000780V,"USA,FL,Gainesville,San Felasco",N/A,N/A,N/A,Dry forest|Moist forest,GF05000780V,N/A,23,0,0,0,2,0,0,1,37,0,0,0,0,0,6,0,1,0,2,0,0,0,14,0,0,0,2,0,0,soil,88,9,42.04545455,42.04545455,,9,4.713027
GF05000781V,"Chile,Patagonia Sur Nature Reserve,Melimoyu",N/A,N/A,N/A,Wet forest,GF05000781V,N/A,38,0,0,0,0,0,0,2,14,1,0,0,0,0,11,0,0,2,2,0,0,0,22,0,0,0,0,0,6,soil,98,9,14.28571429,14.28571429,,9,5.377753
GF05000782V,"Argentina,Mt. Otto",N/A,N/A,N/A,Moist forest|Wet forest,GF05000782V,N/A,9,0,0,0,3,0,0,1,13,0,0,0,0,0,8,0,2,0,5,0,0,0,27,0,0,0,4,0,1,soil,73,10,17.80821918,17.80821918,,10,6.459612
GF05000783V,"Argentina,Arroyo Los Notros",N/A,N/A,N/A,Moist forest|Wet forest,GF05000783V,N/A,34,1,0,0,2,0,0,0,37,0,1,0,1,0,10,0,1,0,4,0,0,0,36,0,0,0,4,0,1,soil,132,12,28.03030303,28.03030303,,12,5.562591
GF05000784V,"Argentina,Lag. Los Moscos",N/A,N/A,N/A,Moist forest|Wet forest,GF05000784V,N/A,16,0,0,0,1,0,0,0,15,0,0,0,0,0,7,0,2,0,3,0,0,0,20,0,0,0,4,0,3,soil,71,9,21.12676056,21.12676056,,9,6.293784
GF05000785V,"Argentina,Lag. Mascardi",N/A,N/A,N/A,Moist forest|Wet forest,GF05000785V,N/A,11,0,0,0,2,0,0,0,4,0,1,0,0,0,4,0,2,0,1,0,0,0,23,0,0,0,7,0,2,soil,57,10,7.01754386,7.01754386,,10,6.101888
GF05000786V,"Argentina,Hua Hum",N/A,N/A,N/A,Moist forest|Wet forest,GF05000786V,N/A,20,1,0,0,6,0,0,0,12,0,0,0,0,0,5,0,4,0,3,0,0,1,26,0,0,0,7,0,6,soil,91,11,13.18681319,13.18681319,,11,7.556031
GF05000787V,"Argentina,Hua Hum",N/A,N/A,N/A,Moist forest|Wet forest,GF05000787V,N/A,11,0,0,0,3,0,0,0,8,0,0,0,0,0,5,0,3,0,3,0,0,0,19,0,0,0,8,0,4,soil,64,9,12.5,12.5,,9,7.285463
GF05000788V,"Argentina,Camino a Queni",N/A,N/A,N/A,Moist forest|Wet forest,GF05000788V,N/A,4,0,0,0,2,0,0,0,4,0,0,0,0,0,1,0,0,0,0,0,0,0,11,0,0,0,7,0,1,soil,30,7,13.33333333,13.33333333,,7,5.217587
GF05000789V,"Argentina,Camino a Queni",N/A,N/A,N/A,Moist forest|Wet forest,GF05000789V,N/A,37,0,0,0,2,0,0,3,7,0,0,0,0,0,5,0,0,0,5,0,0,1,56,0,0,0,11,0,2,soil,129,10,5.426356589,5.426356589,,10,4.927417
GF05000790V,"Argentina,Trompul",N/A,N/A,N/A,Moist forest|Wet forest,GF05000790V,N/A,9,0,0,0,1,0,0,1,4,0,0,0,0,0,5,0,1,0,4,0,0,0,12,0,0,0,5,0,1,soil,43,10,9.302325581,9.302325581,,10,7.211309
GF05000791V,"Argentina,Trompul",N/A,N/A,N/A,Moist forest|Wet forest,GF05000791V,N/A,12,0,0,0,2,0,0,1,5,0,0,0,0,0,4,0,0,0,2,0,0,0,23,0,0,0,5,0,4,soil,58,9,8.620689655,8.620689655,,9,5.968127
GF05000792V,"Argentina,Yuco",N/A,N/A,N/A,Moist forest|Wet forest,GF05000792V,N/A,5,0,0,0,2,0,0,0,2,0,0,0,0,0,5,0,0,0,3,0,0,0,5,0,0,0,5,0,0,soil,27,7,7.407407407,7.407407407,,7,6.546327
GF05000793V,"Argentina,Tronador",N/A,N/A,N/A,Moist forest|Wet forest,GF05000793V,N/A,38,0,0,0,6,0,0,0,12,0,2,0,0,0,10,0,5,0,5,0,0,2,29,0,0,0,3,0,3,soil,115,11,10.43478261,10.43478261,,11,6.81701
GF05000794V,"Argentina,Tronador",N/A,N/A,N/A,Moist forest|Wet forest,GF05000794V,N/A,46,0,0,0,3,0,0,3,9,0,3,0,0,0,17,0,5,0,16,2,0,0,37,0,0,0,11,0,7,soil,159,12,5.660377358,5.660377358,,12,7.702906
GF05000795V,"Argentina,Chall Huaco",N/A,N/A,N/A,Moist forest|Wet forest,GF05000795V,N/A,14,0,0,0,2,0,0,1,10,0,0,0,1,0,8,0,2,0,6,0,0,1,24,0,0,0,3,0,2,soil,74,12,13.51351351,13.51351351,,12,7.33078
GF05000796V,"Argentina,Huemules,Esquel",N/A,N/A,N/A,Moist forest|Wet forest,GF05000796V,N/A,38,0,0,0,5,0,0,1,13,0,0,0,1,0,9,0,3,0,5,0,0,1,33,0,0,0,4,0,3,soil,116,12,11.20689655,11.20689655,,12,6.462219
GF05000797V,"Argentina,Huemules,Esquel",N/A,N/A,N/A,Moist forest|Wet forest,GF05000797V,N/A,37,0,0,0,6,0,0,0,25,0,0,0,0,0,5,0,4,0,4,0,0,2,36,0,0,0,4,0,5,soil,128,10,19.53125,19.53125,,10,6.179123
GF05000798V,"Argentina,Reserva Corazón de la Isla,Tolhuin",N/A,N/A,N/A,Steppe|Moist forest,GF05000798V,N/A,13,0,0,0,2,0,0,0,5,0,0,0,0,0,5,0,1,0,1,0,0,0,17,0,0,0,3,0,5,soil,52,9,9.615384615,9.615384615,,9,6.230531
GF05000799V,"Argentina,Reserva Corazón de la Isla,Tolhuin",N/A,N/A,N/A,Steppe|Moist forest,GF05000799V,N/A,10,0,0,0,2,0,0,0,4,0,0,0,0,0,4,0,2,0,2,0,0,0,18,0,0,0,1,0,4,soil,47,9,8.510638298,8.510638298,,9,6.115647
GF05000800V,"Argentina,Estancia Ushuaia,Tolhuin",N/A,N/A,N/A,Steppe|Moist forest,GF05000800V,N/A,28,0,0,0,3,0,0,0,15,0,1,0,0,0,5,0,1,0,1,0,0,2,25,0,0,0,1,0,6,soil,88,11,17.04545455,17.04545455,,11,5.895683
GF05000801V,"Argentina,Estancia Ushuaia,Tolhuin",N/A,N/A,N/A,Steppe|Moist forest,GF05000801V,N/A,21,0,0,0,3,0,0,0,14,0,0,0,0,0,4,0,2,0,4,0,0,1,25,0,0,0,1,0,6,soil,81,10,17.28395062,17.28395062,,10,6.221867
GF05000802V,"Argentina,Estancia Ushuaia,Tolhuin",N/A,N/A,N/A,Steppe|Moist forest,GF05000802V,N/A,29,0,0,1,4,0,0,0,11,0,1,0,0,0,5,0,4,0,1,0,0,3,29,0,0,0,1,0,6,soil,95,12,11.57894737,11.57894737,,12,6.495428
GF05000803V,"Argentina,Lago La Plata,Rio Senguer",N/A,N/A,N/A,Moist forest|Wet forest,GF05000803V,N/A,26,0,0,0,3,0,0,0,37,0,0,0,0,0,4,0,0,0,6,0,0,1,32,1,0,0,1,0,6,soil,117,10,31.62393162,31.62393162,,10,5.414119
GF05000804V,"Argentina,Lago La Plata,Río Senguer",N/A,N/A,N/A,Moist forest|Wet forest,GF05000804V,N/A,24,0,0,0,2,0,0,0,45,0,0,0,0,0,3,0,1,0,6,0,0,0,26,0,0,0,0,0,4,soil,111,8,40.54054054,40.54054054,,8,4.604317
GF05000825V,"Chile,Puyehue National Park",N/A,N/A,N/A,Wet forest,GF05000825V,N/A,31,0,0,0,0,0,0,0,17,0,8,0,0,0,4,0,2,0,2,0,0,1,28,0,0,0,1,0,3,soil,97,10,17.5257732,17.5257732,,10,5.627172
GF05000826V,"Chile,Puyehue National Park",N/A,N/A,N/A,Wet forest,GF05000826V,N/A,46,0,0,0,0,0,0,1,20,0,3,0,0,0,16,0,2,1,6,0,0,3,18,0,0,0,2,0,12,soil,130,12,15.38461538,15.38461538,,12,6.86441
GF05000827V,"Chile,Nahuelbuta National Park",N/A,N/A,N/A,Moist forest|Wet forest,GF05000827V,N/A,26,0,0,0,3,0,0,1,11,0,3,0,0,0,9,0,2,0,3,0,0,4,32,0,0,0,9,0,6,soil,109,12,10.09174312,10.09174312,,12,7.6826
GF05000828V,"Chile,Nahuelbuta National Park",N/A,N/A,N/A,Moist forest|Wet forest,GF05000828V,N/A,37,0,0,0,0,0,0,1,20,0,9,0,0,0,8,0,0,0,6,0,0,3,29,0,0,0,6,0,2,soil,121,10,16.52892562,16.52892562,,10,6.502074
GF05000829V,"Chile,Alerce Costero National Park",N/A,N/A,N/A,Wet forest,GF05000829V,N/A,21,0,0,0,0,0,0,2,10,0,0,0,0,0,3,0,1,0,1,0,0,1,20,0,0,0,5,0,5,soil,69,10,14.49275362,14.49275362,,10,6.076128
GF05000861V,"Chile,Nahuelbuta NP",N/A,N/A,N/A,Moist forest|Wet forest,GF05000861V,N/A,55,0,0,0,2,1,0,0,4,0,1,0,0,0,0,0,1,1,0,0,0,3,32,0,0,0,8,0,2,soil,110,11,3.636363636,3.636363636,,11,4.186183
GF05000862V,"Chile,Nahuelbuta NP",N/A,N/A,N/A,Moist forest|Wet forest,GF05000862V,N/A,31,0,0,0,0,0,0,3,4,0,4,0,1,0,12,0,0,0,3,0,0,0,22,0,0,0,2,0,5,soil,87,10,4.597701149,4.597701149,,10,6.087529
GF05000927V,"Peru,Iquitos",Neotropical,South Brazilian,Ucayali province,Moist forest,GF05000927V,Ucayali province,25,0,0,0,7,0,0,0,0,1,0,2,0,0,9,0,12,4,20,2,0,0,12,0,0,0,7,0,12,soil,113,12,0,0,,12,9.058309
GF05000965V,"Costa Rica,San Pedrillo",Neotropical,Pacific,Puntarenas-Chiriqui province,Moist forest|Wet forest,GF05000965V,Puntarenas-Chiriqui province,23,0,0,0,1,0,0,1,2,0,0,0,0,0,3,0,0,0,11,1,0,0,7,0,0,0,3,0,4,soil,56,10,3.571428571,3.571428571,,10,5.940663
GF05000967V,"Costa Rica,La Palma",Neotropical,Pacific,Guatuso-Talamanca province,Moist forest|Wet forest,GF05000967V,Guatuso-Talamanca province,79,0,0,0,3,1,0,1,2,0,0,0,0,0,9,0,5,2,14,0,0,0,13,1,0,0,7,0,9,soil,146,13,1.369863014,1.369863014,,13,5.349484
GF05001003V,"Barbados,Archer Bay",Neotropical,Antillean,Lesser Antilles province,Dry forest,GF05001003V,Lesser Antilles province,28,0,0,0,1,0,0,0,1,0,0,0,0,0,3,0,0,0,7,0,0,0,5,0,0,0,3,0,1,soil,49,8,2.040816327,2.040816327,,8,4.099906
GF05001004V,"Colombia,Ayapel,El Cedro",Neotropical,Pacific,Magdalena province,Moist forest,GF05001004V,Magdalena province,98,0,0,0,1,0,0,3,0,0,0,0,0,0,7,0,1,0,4,0,0,0,5,0,0,0,7,0,8,soil,134,9,0,0,,9,2.977766
GF05001005V,"Colombia,Ayapel,El Cedro",Neotropical,Pacific,Magdalena province,Moist forest,GF05001005V,Magdalena province,144,0,0,0,1,0,0,0,2,0,1,0,0,0,11,0,6,0,5,0,0,1,10,0,0,0,4,0,18,soil,203,11,0.985221675,0.985221675,,11,3.194479
GF05001006V,"Colombia,Ayapel,Las Delicias",Neotropical,Pacific,Magdalena province,Dry forest|Moist forest,GF05001006V,Magdalena province,58,0,0,0,0,0,0,0,11,0,0,0,1,0,4,0,4,0,5,0,0,0,6,0,0,0,8,0,11,soil,108,9,10.18518519,10.18518519,,9,4.866079
GF05001007V,"Colombia,Tolú",Neotropical,Pacific,Guajira province,Dry forest,GF05001007V,Guajira province,127,0,0,0,0,3,0,2,0,0,1,0,0,0,9,0,1,0,6,0,0,0,7,0,0,0,5,0,5,soil,166,10,0,0,,10,2.758778
GF05001008V,"Colombia,Tolú",Neotropical,Pacific,Guajira province,Dry forest,GF05001008V,Guajira province,87,0,0,0,2,6,0,0,11,0,1,0,0,0,11,0,1,0,10,0,0,1,6,0,0,0,3,0,12,soil,151,12,7.284768212,7.284768212,,12,4.81377
GF05001081V,"USA,FL,Homestead",N/A,N/A,N/A,Dry forest|Moist forest,GF05001081V,N/A,40,0,0,0,3,1,0,1,5,0,0,0,0,0,3,0,1,0,9,2,0,0,13,0,0,0,9,0,8,soil,95,12,5.263157895,5.263157895,,12,6.616447
GF05001179V,"Panama,Fortuna",Neotropical,Pacific,Guatuso-Talamanca province,Moist forest|Wet forest,GF05001179V,Guatuso-Talamanca province,15,0,0,0,0,0,0,1,5,0,0,0,0,0,0,0,2,0,2,0,0,1,13,0,0,0,1,0,1,soil,41,9,12.19512195,12.19512195,,9,5.18437
GF05001180V,"Panama,Majagua",Neotropical,Pacific,Puntarenas-Chiriqui province,Moist forest|Wet forest,GF05001180V,Puntarenas-Chiriqui province,137,0,0,0,4,0,0,0,3,0,1,1,0,0,11,0,2,1,8,0,0,0,22,0,0,0,23,0,7,soil,220,12,1.363636364,1.363636364,,12,4.010843
GF05001181V,"Panama,Hornito",Neotropical,Pacific,Guatuso-Talamanca province,Moist forest|Wet forest,GF05001181V,Guatuso-Talamanca province,17,0,0,0,9,0,0,0,1,0,0,0,0,0,2,0,5,0,2,0,0,0,10,0,0,0,2,0,2,soil,50,9,2,2,,9,6.177204
GF05001182V,"Panama,Alto Frio",Neotropical,Pacific,Puntarenas-Chiriqui province,Moist forest|Wet forest,GF05001182V,Puntarenas-Chiriqui province,11,0,0,0,1,0,0,2,14,0,0,0,0,0,4,0,1,0,3,0,0,0,6,0,0,0,3,0,1,soil,46,10,30.43478261,30.43478261,,10,6.850702
GF05001183V,"Panama,Honda",Neotropical,Pacific,Puntarenas-Chiriqui province,Moist forest|Wet forest,GF05001183V,Puntarenas-Chiriqui province,42,0,0,0,7,0,0,1,8,0,0,0,0,0,0,0,6,0,3,0,0,1,20,0,0,0,0,0,4,soil,92,9,8.695652174,8.695652174,,9,5.06515
GF05001184V,"Panama,Honda",Neotropical,Pacific,Guatuso-Talamanca province,Moist forest|Wet forest,GF05001184V,Guatuso-Talamanca province,24,0,0,1,4,0,0,0,0,0,0,0,0,0,4,0,4,0,2,0,0,1,4,0,0,0,15,0,2,soil,61,10,0,0,,10,5.962606
GF05001185V,"Panama,Zarceadero",Neotropical,Pacific,Puntarenas-Chiriqui province,Moist forest|Wet forest,GF05001185V,Puntarenas-Chiriqui province,9,0,0,0,1,0,0,0,3,0,0,0,0,0,3,0,2,0,4,0,0,0,20,0,0,0,6,0,1,soil,49,9,6.12244898,6.12244898,,9,5.871551
GF05001192V,"Mexico,Puebla,Tlachichuca",Neotropical,,Transmexican Volcanic Belt province,Moist forest|Wet forest,GF05001192V,Transmexican Volcanic Belt province,17,0,0,0,1,0,0,0,2,0,1,0,0,0,3,0,4,0,4,0,0,0,23,0,0,0,7,0,1,soil,63,10,3.174603175,3.174603175,,10,5.855278
GF05001193V,"Mexico,Oaxaca,Santa Catarina Ixtepeji",Neotropical,,Sierra Madre del Sur province,Dry forest|Moist forest,GF05001193V,Sierra Madre del Sur province,19,0,0,0,1,0,0,0,6,0,0,0,0,0,3,0,4,0,1,0,0,0,34,0,0,0,3,0,2,soil,73,9,8.219178082,8.219178082,,9,4.70755
GF05001194V,"Mexico,Aguascalientes,San José de Gracia",Neotropical,,Sierra Madre Occidental province,Very dry forest|Dry forest,GF05001194V,Sierra Madre Occidental province,10,0,0,0,1,0,0,0,49,0,0,0,0,0,0,0,2,0,0,0,0,0,29,0,0,0,4,0,2,soil,97,7,50.51546392,50.51546392,,7,3.592659
GF05001252V,"USA,FL,Fisheating Creek outpost",N/A,N/A,N/A,Dry forest,GF05001252V,N/A,63,0,0,0,3,0,0,0,17,0,0,0,0,0,4,0,3,1,4,0,0,0,16,0,0,0,1,0,1,soil,113,10,15.04424779,15.04424779,,10,4.230016
GF05001272V,"French Guiana,Roura",Neotropical,Boreal Brazilian,Guianan Lowlands province,Moist forest|Wet forest,GF05001272V,Guianan Lowlands province,46,0,0,0,0,0,0,0,0,0,1,1,0,0,12,0,2,0,6,0,0,0,8,0,0,0,5,0,5,soil,86,9,0,0,,9,4.655418
GF05001273V,"French Guiana,Roura",Neotropical,Boreal Brazilian,Guianan Lowlands province,Moist forest|Wet forest,GF05001273V,Guianan Lowlands province,58,0,0,0,1,0,0,0,5,0,0,1,0,0,7,0,4,0,8,0,0,2,17,1,0,0,4,0,10,soil,118,12,4.237288136,4.237288136,,12,5.704294
GF05001274V,"French Guiana,Roura",Neotropical,Boreal Brazilian,Guianan Lowlands province,Moist forest|Wet forest,GF05001274V,Guianan Lowlands province,48,0,0,0,1,0,0,0,0,0,0,0,0,0,11,0,1,0,9,0,0,1,14,0,0,0,8,0,7,soil,100,9,0,0,,9,5.02004
GF05001275V,"Argentina,Bariloche",N/A,N/A,N/A,Moist forest|Wet forest,GF05001275V,N/A,27,0,0,0,2,0,0,0,41,0,1,0,1,0,11,0,2,0,6,0,0,0,19,0,0,0,1,0,4,soil,115,11,35.65217391,35.65217391,,11,5.844551
GF05001276V,"Argentina,Bariloche",N/A,N/A,N/A,Moist forest|Wet forest,GF05001276V,N/A,33,0,0,0,3,0,0,0,29,0,2,0,0,0,12,0,0,0,8,0,0,1,29,0,0,0,3,0,5,soil,125,10,23.2,23.2,,10,6.315292
GF05001277V,"Argentina,Bariloche",N/A,N/A,N/A,Moist forest|Wet forest,GF05001277V,N/A,43,0,0,0,3,0,0,0,33,0,0,0,0,0,14,0,1,0,3,0,0,1,39,0,0,0,8,0,8,soil,153,10,21.56862745,21.56862745,,10,5.949741
GF05001278V,"Argentina,Chalten",N/A,N/A,N/A,Moist forest|Wet forest,GF05001278V,N/A,49,0,0,0,5,0,0,1,33,0,0,0,0,0,6,0,2,0,6,0,0,1,31,0,0,0,11,0,6,soil,151,11,21.85430464,21.85430464,,11,6.262011
GF05001279V,"Argentina,Chalten",N/A,N/A,N/A,Moist forest|Wet forest,GF05001279V,N/A,11,0,0,0,1,0,0,0,32,0,0,0,0,0,1,0,0,0,2,0,0,0,19,0,0,0,2,0,2,soil,70,8,45.71428571,45.71428571,,8,4.173392
GF05001280V,"Argentina,Calafate",N/A,N/A,N/A,Dry forest|Moist forest,GF05001280V,N/A,21,0,0,0,5,0,0,2,29,0,0,0,0,0,2,0,0,0,2,0,0,1,16,0,0,0,3,0,3,soil,84,10,34.52380952,34.52380952,,10,5.785024
GF05001281V,"Argentina,Chalten",N/A,N/A,N/A,Moist forest|Wet forest,GF05001281V,N/A,17,0,0,0,2,0,0,1,33,0,0,0,0,0,4,0,0,0,4,0,0,1,15,0,0,0,2,0,2,soil,81,10,40.74074074,40.74074074,,10,5.395515
GF05001282V,"Argentina,Chalten",N/A,N/A,N/A,Moist forest|Wet forest,GF05001282V,N/A,23,0,0,0,1,0,0,0,28,0,0,0,0,0,5,0,0,0,2,0,0,1,26,0,0,0,0,0,5,soil,91,8,30.76923077,30.76923077,,8,4.80712
GF05001283V,"Argentina,Bariloche",N/A,N/A,N/A,Moist forest|Wet forest,GF05001283V,N/A,35,0,0,0,5,0,0,2,14,0,0,0,0,0,16,0,0,0,7,0,0,2,30,0,0,0,6,0,7,soil,124,10,11.29032258,11.29032258,,10,6.990277
GF05001284V,"Argentina,Ushuaia",N/A,N/A,N/A,Dry forest|Moist forest,GF05001284V,N/A,24,0,0,0,0,0,0,0,35,0,0,0,0,0,6,0,1,2,1,0,0,2,13,0,0,0,0,0,7,soil,91,9,38.46153846,38.46153846,,9,5.157939
GF05001285V,"Argentina,Ushuaia",N/A,N/A,N/A,Dry forest|Moist forest,GF05001285V,N/A,21,0,0,0,1,0,0,0,27,0,1,0,0,0,7,0,0,1,2,0,0,3,18,0,0,0,0,0,7,soil,88,10,30.68181818,30.68181818,,10,5.963069
GF05001286V,"Argentina,Ushuaia",N/A,N/A,N/A,Moist forest|Wet forest,GF05001286V,N/A,16,0,0,0,0,0,0,0,27,0,2,0,0,0,9,0,1,1,1,0,0,0,8,0,0,0,0,0,6,soil,71,9,38.02816901,38.02816901,,9,5.478101
GF05001287V,"Argentina,Ushuaia",N/A,N/A,N/A,Moist forest|Wet forest,GF05001287V,N/A,9,0,0,0,0,0,0,0,14,0,0,0,0,0,4,0,1,1,0,0,0,2,2,0,0,0,1,0,3,soil,37,9,37.83783784,37.83783784,,9,5.835818
GF05001288V,"Argentina,Ushuaia",N/A,N/A,N/A,Moist forest|Wet forest,GF05001288V,N/A,6,0,0,0,0,0,0,0,25,0,0,0,0,0,1,0,0,0,1,0,0,0,8,0,0,0,0,0,2,soil,43,6,58.13953488,58.13953488,,6,3.389341
GF05001331V,"Colombia,Santa Rosa de Ojos",Neotropical,Pacific,Magdalena province,Moist forest|Wet forest,GF05001331V,Magdalena province,39,0,0,1,4,0,0,0,41,0,2,0,0,0,4,0,5,2,0,0,0,2,11,0,0,0,1,0,2,soil,114,12,35.96491228,35.96491228,,12,5.470669
GF05001332V,"Colombia,Jamundi",Neotropical,Pacific,Cauca province,Moist forest,GF05001332V,Cauca province,20,0,0,1,4,0,0,0,32,0,2,0,0,0,1,0,5,1,1,0,0,2,9,0,0,0,1,0,1,soil,80,13,40,40,,13,6.019773
GF05001333V,"Colombia,Juanchaco",Neotropical,Pacific,Choco-Darien province,,GF05001333V,Choco-Darien province,51,0,0,2,4,0,0,1,4,0,0,2,0,0,11,0,5,0,12,0,0,1,19,0,0,0,5,0,7,soil,124,13,3.225806452,3.225806452,,13,7.010179
GF05001334V,"Colombia,Panoe",Neotropical,Pacific,Cauca province,Dry forest|Moist forest,GF05001334V,Cauca province,57,0,0,0,1,0,0,0,3,0,0,1,0,0,7,0,2,0,6,0,0,1,13,0,0,0,1,0,5,soil,97,11,3.092783505,3.092783505,,11,4.360794
GF05001335V,"Chile,Puyehue National Park",N/A,N/A,N/A,Wet forest,GF05001335V,N/A,17,0,0,0,0,0,0,2,4,0,0,0,1,0,4,0,2,0,4,0,0,0,17,0,0,0,2,0,3,soil,56,10,7.142857143,7.142857143,,10,6.520841
GF05001356V,"USA,FL,Miami",N/A,N/A,N/A,,GF05001356V,N/A,23,0,0,0,0,0,0,2,14,0,2,0,0,0,5,0,3,0,7,0,0,0,1,0,0,0,4,0,3,soil,64,10,21.875,21.875,,10,6.574771
GF05001357V,"Costa Rica,Cahuita beach",Neotropical,Pacific,Guatuso-Talamanca province,,GF05001357V,Guatuso-Talamanca province,16,0,0,0,1,0,0,2,8,0,0,0,0,0,1,0,1,0,3,0,0,0,5,0,0,0,0,0,2,soil,39,9,20.51282051,20.51282051,,9,5.683677
GF05001358V,"French Guiana,Montabo beach",Neotropical,Boreal Brazilian,Guianan Lowlands province,Moist forest,GF05001358V,Guianan Lowlands province,23,0,0,0,2,0,0,1,4,0,0,0,0,0,19,0,2,0,15,2,0,0,11,0,0,0,1,0,8,soil,88,11,4.545454545,4.545454545,,11,7.10964
GF05001359V,"Costa Rica,Villa Mills",Neotropical,Pacific,Guatuso-Talamanca province,Wet forest,GF05001359V,Guatuso-Talamanca province,30,0,0,0,1,0,0,1,1,0,1,0,0,0,3,0,9,1,4,0,0,0,10,0,0,0,8,0,3,soil,72,12,1.388888889,1.388888889,,12,6.458697
GF05001360V,"Costa Rica,Alberto Manuel Brenes Biological reserve",Neotropical,Pacific,Guatuso-Talamanca province,Moist forest|Wet forest,GF05001360V,Guatuso-Talamanca province,32,0,0,0,2,0,0,0,2,0,1,0,0,0,7,0,2,0,7,0,0,1,12,0,0,0,3,0,0,soil,69,10,2.898550725,2.898550725,,10,5.429186
GF05001392V,"Argentina,Villa de Soto",Neotropical,Chacoan,Chaco province,Very dry forest|Dry forest,GF05001392V,Chaco province,18,0,0,0,0,0,0,3,0,0,0,1,0,0,11,0,1,0,11,0,0,0,12,0,0,0,0,0,1,soil,58,8,0,0,,8,5.38136
GF05001393V,"Argentina,Chamical",Neotropical,Chacoan,Chaco province,Thorn woodland,GF05001393V,Chaco province,6,0,0,0,0,0,0,0,0,0,0,0,0,0,3,0,0,0,2,0,0,0,3,0,0,0,0,0,1,soil,15,5,0,0,,5,4.303729
GF05001394V,"Argentina,Salinas Jumel",Neotropical,Chacoan,Chaco province,Thorn woodland,GF05001394V,Chaco province,26,0,0,0,0,0,0,1,0,0,1,1,0,0,10,0,0,0,10,1,0,0,13,0,0,0,0,0,9,soil,72,9,0,0,,9,5.599937
GF05001395V,"Argentina,Salinas ecotono",Neotropical,Chacoan,Chaco province,Thorn woodland,GF05001395V,Chaco province,5,0,0,0,0,0,0,1,0,0,0,1,0,0,4,0,0,0,4,0,0,0,4,0,0,0,0,0,1,soil,20,7,0,0,,7,5.821722
GF05001396V,"Argentina,Monte",Neotropical,Chacoan,Chaco province,Thorn woodland,GF05001396V,Chaco province,42,0,0,0,1,0,0,7,0,0,0,1,0,0,13,0,1,0,15,0,0,0,12,0,0,0,2,0,3,soil,97,10,0,0,,10,5.461398
GF05001397V,"Argentina,Monte",Neotropical,Chacoan,Chaco province,Thorn woodland,GF05001397V,Chaco province,10,0,0,0,1,1,0,3,0,0,0,0,0,0,2,0,0,0,4,0,0,0,9,0,0,0,0,0,2,soil,32,8,0,0,,8,5.843229
GF05001408V,"Argentina,Alpachiri",Neotropical,South Brazilian,Yungas province,Very dry forest|Dry forest,GF05001408V,Yungas province,8,0,0,0,1,0,0,0,0,0,0,0,1,0,1,0,2,0,0,0,0,0,6,0,0,0,6,0,7,soil,32,8,0,0,,8,6.079827
GF05001409V,"Argentina,Libertador Gral San Martín",Neotropical,South Brazilian,Yungas province,Very dry forest|Dry forest,GF05001409V,Yungas province,38,0,0,0,2,0,0,0,0,0,0,1,0,0,16,0,3,0,16,0,0,0,8,0,0,0,9,0,6,soil,99,9,0,0,,9,5.92402
GF05001410V,"Argentina,Yerba Buena",Neotropical,South Brazilian,Yungas province,Very dry forest|Dry forest,GF05001410V,Yungas province,2,0,0,0,2,0,0,0,0,0,0,0,0,0,2,0,2,0,2,0,0,0,3,0,0,0,15,0,4,soil,32,8,0,0,,8,5.49285
GF05001411V,"Argentina,Monteros",Neotropical,Chacoan,Chaco province,Very dry forest|Dry forest,GF05001411V,Chaco province,27,0,0,0,4,0,0,0,0,0,0,0,0,0,2,0,4,0,7,0,0,0,13,0,0,0,3,0,7,soil,67,8,0,0,,8,5.67928
GF05001425V,"Costa Rica,Villa Mills",Neotropical,Pacific,Guatuso-Talamanca province,Wet forest,GF05001425V,Guatuso-Talamanca province,36,0,0,0,1,0,0,0,18,0,0,0,0,0,2,0,3,0,6,0,0,0,6,0,0,0,12,0,5,soil,89,9,20.2247191,20.2247191,,9,5.668351
GF05001426V,"Costa Rica,Alberto Manuel Brenes Biological reserve",Neotropical,Pacific,Guatuso-Talamanca province,Moist forest|Wet forest,GF05001426V,Guatuso-Talamanca province,9,0,0,0,0,0,0,0,12,0,0,0,0,0,3,0,1,0,1,1,0,0,12,0,0,0,4,0,2,soil,45,9,26.66666667,26.66666667,,9,6.138992
GF05001427V,"Costa Rica,Cahuita beach",Neotropical,Pacific,Guatuso-Talamanca province,,GF05001427V,Guatuso-Talamanca province,32,0,0,0,2,0,0,4,6,0,1,1,0,0,4,0,1,0,12,0,0,0,1,0,0,0,3,0,5,soil,72,12,8.333333333,8.333333333,,12,6.309433
GF05001436S,"Boyacá, Soracá",Neotropical,South American Transition Zone,Paramo province,Dry forest|Moist forest,GF05001436S,Paramo province,0,0,0,0,0,0,0,0,0,0,0,0,0,0,0,0,0,0,0,0,0,0,0,0,0,0,0,0,0,soil,0,0,#DIV/0!,0,,0,1
GF05001437V,"Mexico,Xixim",Neotropical,Mesoamerican,Yucatan Peninsula Province,Very dry forest,GF05001437V,Yucatan Peninsula Province,24,0,0,0,0,0,0,0,7,0,0,0,0,0,2,0,0,0,6,0,0,0,4,0,0,0,1,0,2,soil,46,7,15.2173913,15.2173913,,7,4.305446
GF05001438V,"Mexico,Bella Flor",Neotropical,Mesoamerican,Yucatan Peninsula Province,Very dry forest|Dry forest,GF05001438V,Yucatan Peninsula Province,30,0,0,0,0,0,0,1,10,0,0,0,0,0,3,0,2,0,3,0,0,0,5,0,0,0,1,0,1,soil,56,9,17.85714286,17.85714286,,9,4.5084
GF05001439V,"Mexico,Becanchen",Neotropical,Mesoamerican,Yucatan Peninsula Province,Dry forest,GF05001439V,Yucatan Peninsula Province,39,0,0,0,0,0,0,0,12,0,0,0,0,0,0,0,3,0,3,0,0,0,11,0,0,0,1,0,1,soil,70,7,17.14285714,17.14285714,,7,3.707676
GF05001440V,"Mexico,Cancun,Tulum",Neotropical,Mesoamerican,Yucatan Peninsula Province,Dry forest,GF05001440V,Yucatan Peninsula Province,19,0,0,0,0,0,0,0,12,0,0,0,0,0,7,0,2,0,3,0,0,0,7,0,0,0,2,0,0,soil,52,7,23.07692308,23.07692308,,7,5.266424
GF05001504V,"Mexico,Iontananza",Neotropical,,Sierra Madre Oriental province,Very dry forest|Dry forest,GF05001504V,Sierra Madre Oriental province,16,0,0,0,2,0,0,0,41,0,0,0,0,0,1,0,0,0,2,0,0,0,25,0,0,0,4,0,1,soil,92,8,44.56521739,44.56521739,,8,4.135188
GF05001505V,"Mexico,Presa San Antonio",N/A,N/A,N/A,Thorn woodland,GF05001505V,N/A,71,2,0,0,6,0,0,10,4,1,0,3,0,0,18,0,4,0,15,5,0,1,28,0,0,0,3,0,11,soil,182,15,2.197802198,2.197802198,,15,7.689807
GF05001506V,"Mexico,Jahuey",Neotropical,,Sierra Madre Oriental province,Very dry forest|Dry forest,GF05001506V,Sierra Madre Oriental province,11,0,0,0,2,0,0,0,30,0,0,0,0,0,2,0,1,0,0,0,0,0,14,0,0,0,1,0,3,soil,64,8,46.875,46.875,,8,4.394354
GF05001507V,"Mexico,Chapultepec",Neotropical,,Sierra Madre Oriental province,Very dry forest|Dry forest,GF05001507V,Sierra Madre Oriental province,14,0,0,0,1,0,0,0,46,0,0,1,0,1,4,0,0,0,2,0,0,0,15,0,0,0,2,0,3,soil,89,10,51.68539326,51.68539326,,10,4.516568
GF05001508V,"Mexico,Jahuey",Neotropical,,Sierra Madre Oriental province,Very dry forest|Dry forest,GF05001508V,Sierra Madre Oriental province,8,0,0,0,0,0,0,0,50,0,0,1,0,0,5,0,1,0,4,0,0,0,11,0,0,0,3,0,1,soil,84,9,59.52380952,59.52380952,,9,4.011357
GF05001509V,"Mexico,Arroyo Colorado",Neotropical,,Sierra Madre Oriental province,Thorn steppe,GF05001509V,Sierra Madre Oriental province,12,0,0,0,0,0,0,0,19,0,0,0,0,0,1,0,0,0,2,0,0,0,12,0,0,0,3,0,1,soil,50,7,38,38,,7,4.51199
GF05001510V,"Mexico,Saltillo",N/A,N/A,N/A,Thorn woodland,GF05001510V,N/A,39,0,0,0,1,1,0,3,75,0,1,0,0,0,10,0,2,0,6,0,0,0,27,0,0,0,7,0,7,soil,179,12,41.89944134,41.89944134,,12,5.562194
GF05001511V,"Mexico,La Poza",Neotropical,,Sierra Madre Oriental province,Very dry forest|Dry forest,GF05001511V,Sierra Madre Oriental province,4,0,0,0,0,0,0,0,4,0,0,0,0,0,0,0,1,2,0,0,0,0,2,0,0,0,1,0,0,soil,14,6,28.57142857,28.57142857,,6,5.20098
GF05001512V,"Mexico,Pablillo",Neotropical,,Sierra Madre Oriental province,Very dry forest|Dry forest,GF05001512V,Sierra Madre Oriental province,11,0,0,0,4,0,0,0,72,0,0,0,0,0,1,0,1,0,2,0,0,1,22,0,0,0,4,0,1,soil,119,10,60.50420168,60.50420168,,10,3.645916
GF05001513V,"Mexico,La Ascension",Neotropical,,Sierra Madre Oriental province,Thorn woodland,GF05001513V,Sierra Madre Oriental province,7,0,0,0,0,0,0,0,58,0,0,0,0,0,6,0,0,0,1,0,0,0,17,0,0,0,1,0,1,soil,91,7,63.73626374,63.73626374,,7,3.08262
GF05001519V,"South Georgia and the South Sandwich Islands,Maivatn",N/A,N/A,N/A,Wet forest,GF05001519V,N/A,15,0,0,0,0,0,0,0,0,0,2,0,1,0,1,1,0,0,2,0,0,1,12,0,0,0,1,0,1,soil,37,10,0,0,,10,5.115163
GF05001520V,"Falkland Islands (Islas Malvinas),Port Howard",N/A,N/A,N/A,,GF05001520V,N/A,38,0,0,0,1,0,0,3,0,0,12,0,0,2,10,0,1,0,11,0,0,0,24,0,0,0,8,0,7,soil,117,11,0,0,,11,7.050478
GF05001529V,"Brazil,Goias,Pirenopolis",Neotropical,Chacoan,Cerrado province,Dry forest|Moist forest,GF05001529V,Cerrado province,128,0,0,0,0,9,0,3,0,0,0,0,0,0,2,0,0,0,8,0,0,3,11,0,0,0,6,0,5,soil,175,9,0,0,,9,3.016458
GF05001530V,"Brazil,Goias,Chapada dos Veadeiros",Neotropical,Chacoan,Cerrado province,Dry forest|Moist forest,GF05001530V,Cerrado province,55,0,0,0,1,0,0,0,0,0,0,0,0,0,2,0,0,0,2,0,0,2,8,0,0,0,4,0,1,soil,75,8,0,0,,8,2.794303
GF05001531V,"Brazil,Goias,Santa Barbara",Neotropical,Chacoan,Cerrado province,Dry forest|Moist forest,GF05001531V,Cerrado province,83,0,0,0,1,1,0,1,1,0,0,0,0,0,3,0,0,0,6,0,0,3,7,1,0,0,7,0,6,soil,120,12,0.833333333,0.833333333,,12,3.560844
GF05001532V,"Brazil,Federal District,Brasilia",Neotropical,Chacoan,Cerrado province,Dry forest|Moist forest,GF05001532V,Cerrado province,91,0,0,0,0,0,0,0,0,0,0,0,0,0,3,0,0,0,3,0,0,2,10,0,0,0,5,0,4,soil,118,7,0,0,,7,2.494372
GF05001548V,"Puerto Rico,El Verde",Neotropical,Antillean,Puerto Rico province,Moist forest,GF05001548V,Puerto Rico province,22,0,0,0,1,0,0,0,5,0,1,0,0,0,2,0,1,0,1,1,0,0,3,0,0,0,3,0,7,soil,47,11,10.63829787,10.63829787,,11,5.885546
GF05001703V,"Mexico,Tepoztlan, morelos",Neotropical,,Transmexican Volcanic Belt province,Dry forest,GF05001703V,Transmexican Volcanic Belt province,18,0,0,0,3,0,0,0,1,0,0,1,1,1,10,0,2,0,12,0,0,0,9,0,0,0,6,0,3,soil,67,12,1.492537313,1.492537313,,12,7.883466
GF05001704V,"Mexico,El Zarco,Edomex",Neotropical,,Transmexican Volcanic Belt province,Dry forest|Moist forest,GF05001704V,Transmexican Volcanic Belt province,29,0,0,0,3,0,0,1,3,0,2,0,0,3,8,0,1,0,1,1,0,0,15,0,0,0,8,0,2,soil,77,13,3.896103896,3.896103896,,13,7.039606
GF05001705V,"Mexico,El Zarco,Edomex",Neotropical,,Transmexican Volcanic Belt province,Dry forest|Moist forest,GF05001705V,Transmexican Volcanic Belt province,39,1,0,0,0,0,0,0,22,0,0,0,0,1,16,0,0,1,8,2,0,0,13,0,1,0,5,0,8,soil,117,12,18.8034188,18.8034188,,12,6.893763
GF05001706V,"Mexico,Mexico city",Neotropical,,Transmexican Volcanic Belt province,Very dry forest|Dry forest,GF05001706V,Transmexican Volcanic Belt province,8,0,0,0,1,0,0,0,9,0,0,0,0,0,2,0,0,0,0,0,0,0,4,0,0,0,2,0,0,soil,26,6,34.61538462,34.61538462,,6,4.65423
GF05001707V,"Mexico,Maravilla Tenejapa",Neotropical,Mesoamerican,Veracruzan province,Moist forest,GF05001707V,Veracruzan province,58,0,0,0,5,0,0,0,0,0,0,0,0,0,5,0,3,0,8,0,0,0,9,0,0,0,7,0,5,soil,100,8,0,0,,8,4.372872
GF05001708V,"Mexico,Lacantún",Neotropical,Mesoamerican,Veracruzan province,Moist forest,GF05001708V,Veracruzan province,22,0,0,0,1,0,0,1,0,0,0,0,0,0,0,0,0,0,3,0,0,0,8,0,0,0,0,0,2,soil,37,6,0,0,,6,3.309667
GF05001709V,"Mexico,Centro Ecoturistico Ara Macao Las Guacamayas",Neotropical,Mesoamerican,Veracruzan province,Moist forest,GF05001709V,Veracruzan province,52,0,0,0,0,0,0,0,0,0,0,0,0,0,6,0,1,0,7,0,0,0,16,0,0,0,1,0,6,soil,89,7,0,0,,7,3.621785
GF05001710V,"Mexico,Lagos de Monte Bello",Neotropical,,Chiapas Highlands province,Moist forest|Wet forest,GF05001710V,Chiapas Highlands province,16,0,0,0,1,0,0,0,3,0,0,0,0,0,1,0,3,0,1,0,0,0,28,0,0,0,21,0,0,soil,74,8,4.054054054,4.054054054,,8,4.440156
GF05001711V,"Mexico,Rancho Calimayor",Neotropical,Mesoamerican,Veracruzan province,Very dry forest|Dry forest,GF05001711V,Veracruzan province,51,0,0,0,1,2,0,0,0,0,0,0,0,0,8,0,3,0,13,0,0,0,15,1,0,0,8,0,4,soil,106,10,0,0,,10,5.278098
GF05001712V,"Mexico,Oaxaca,La Ventosa",Neotropical,Mesoamerican,Pacific Lowlands province,Very dry forest|Dry forest,GF05001712V,Pacific Lowlands province,62,0,0,0,1,1,0,0,1,0,0,1,0,5,8,0,3,0,11,0,0,0,18,0,0,0,8,0,8,soil,127,12,0.787401575,0.787401575,,12,5.639156
GF05001713V,"Mexico,Morro de Mazatán",Neotropical,Mesoamerican,Pacific Lowlands province,Very dry forest,GF05001713V,Pacific Lowlands province,49,0,0,0,0,0,0,1,1,1,0,0,0,0,14,0,2,0,12,0,0,0,7,1,0,0,6,0,7,soil,101,11,0.99009901,0.99009901,,11,5.344491
GF05001714V,"Mexico,El Limón",Neotropical,Mesoamerican,Pacific Lowlands province,Dry forest,GF05001714V,Pacific Lowlands province,55,0,0,0,0,2,0,0,1,0,1,0,0,0,11,0,3,0,16,1,0,0,19,0,0,0,5,0,9,soil,123,11,0.81300813,0.81300813,,11,5.618611
GF05001715V,"Mexico,Bahia de",Neotropical,Mesoamerican,Pacific Lowlands province,Very dry forest|Dry forest,GF05001715V,Pacific Lowlands province,18,0,0,0,0,0,0,0,0,0,0,0,0,0,9,0,1,0,5,0,0,0,5,0,0,0,5,0,1,soil,44,7,0,0,,7,4.971196
GF05001716V,"Mexico,Road to San Martin",Neotropical,Mesoamerican,Pacific Lowlands province,Dry forest,GF05001716V,Pacific Lowlands province,34,0,0,0,0,0,0,0,0,0,0,2,0,0,15,0,1,0,11,0,0,0,6,1,0,0,10,0,9,soil,89,9,0,0,,9,5.87924
GF05001730V,"Bolivia,Villa Tunari",Neotropical,South Brazilian,Yungas province,Moist forest|Wet forest,GF05001730V,Yungas province,63,0,0,0,0,0,0,2,0,0,1,1,0,0,6,0,1,0,11,0,0,1,15,0,0,0,8,0,5,soil,114,11,0,0,,11,4.645479
GF05001731V,"Bolivia,Crystal Maya",Neotropical,South Brazilian,Yungas province,Moist forest|Wet forest,GF05001731V,Yungas province,21,0,0,0,4,0,0,2,3,0,0,0,0,0,12,0,5,0,3,2,0,1,15,0,0,0,13,0,1,soil,82,12,3.658536585,3.658536585,,12,8.015742
GF05001732V,"Bolivia,Parotani",Neotropical,South Brazilian,Yungas province,Very dry forest|Dry forest,GF05001732V,Yungas province,19,1,0,0,3,0,0,2,3,0,0,0,0,0,13,0,2,0,4,0,0,0,15,0,0,0,11,0,3,soil,76,11,3.947368421,3.947368421,,11,7.650659
GF05001733V,"Bolivia,Confital",Neotropical,South American Transition Zone,Puna province,Dry forest|Moist forest,GF05001733V,Puna province,29,0,0,0,1,0,0,7,0,0,0,0,0,3,15,0,1,0,19,0,0,0,8,1,0,0,0,0,6,soil,90,10,0,0,,10,6.357198
GF05001734V,"Bolivia,Bombeo",Neotropical,South Brazilian,Yungas province,Very dry forest|Dry forest,GF05001734V,Yungas province,31,0,0,0,3,0,0,0,0,0,0,1,0,0,7,0,2,0,15,0,0,0,5,1,0,0,18,0,8,soil,91,10,0,0,,10,6.363381
GF05001735V,"Bolivia,Cuevas",Neotropical,Chacoan,Chaco province,Very dry forest|Dry forest,GF05001735V,Chaco province,14,0,0,0,4,0,0,0,0,0,0,0,0,0,15,0,0,0,5,0,0,0,9,0,0,0,6,0,3,soil,56,7,0,0,,7,6.010705
GF05001736V,"Bolivia,Bulo Bulo",Neotropical,South Brazilian,Yungas province,Moist forest,GF05001736V,Yungas province,9,0,0,0,0,0,0,3,18,0,0,0,0,0,6,0,6,0,1,0,0,0,23,0,0,0,2,0,4,soil,72,9,25,25,,9,6.278502
GF05001737V,"Bolivia,La Angostura",Neotropical,Chacoan,Chaco province,Dry forest,GF05001737V,Chaco province,11,0,0,0,0,0,0,1,0,0,0,0,0,1,4,0,0,0,22,0,0,0,4,0,0,0,6,0,4,soil,53,8,0,0,,8,5.327183
GF05003570S,"Botucatu, Sao Paulo",Neotropical,Chacoan,Cerrado province,Dry forest|Moist forest,GF05003570S,Cerrado province,32,0,0,0,5,0,0,1,0,0,0,1,0,0,4,0,1,2,5,0,0,2,22,0,0,0,12,0,5,soil,92,12,0,0,,12,6.687337
GF05003571S,"Botucatu, Sao Paulo",Neotropical,Chacoan,Cerrado province,Dry forest|Moist forest,GF05003571S,Cerrado province,124,0,0,0,23,0,0,1,0,1,0,4,0,3,22,0,10,9,23,0,0,0,72,0,0,0,80,0,13,soil,385,13,0,0,,13,6.809979
GF05003572S,"Botucatu, Sao Paulo",Neotropical,Chacoan,Cerrado province,Dry forest|Moist forest,GF05003572S,Cerrado province,133,0,0,0,21,0,0,1,0,1,0,3,0,0,28,0,10,3,32,0,0,0,70,0,0,0,73,0,16,soil,391,12,0,0,,12,6.479355
GF05003573S,"Botucatu, Sao Paulo",Neotropical,Chacoan,Cerrado province,Dry forest|Moist forest,GF05003573S,Cerrado province,243,0,0,0,27,0,1,7,2,1,0,6,0,2,53,0,18,1,50,1,0,0,77,0,0,0,85,0,73,soil,647,16,0.309119011,0.309119011,,16,6.938633
GF05003574S,"Botucatu, Sao Paulo",Neotropical,Chacoan,Cerrado province,Dry forest|Moist forest,GF05003574S,Cerrado province,311,0,0,0,42,12,0,4,3,0,1,11,1,0,65,0,11,15,51,3,0,2,109,2,0,0,55,0,78,soil,776,18,0.386597938,0.386597938,,18,7.275859
GF05003575S,"Botucatu, Sao Paulo",Neotropical,Chacoan,Cerrado province,Dry forest|Moist forest,GF05003575S,Cerrado province,327,1,0,0,48,5,0,12,1,0,2,7,2,0,74,0,28,8,54,3,0,3,107,3,0,0,59,0,83,soil,827,19,0.120918984,0.120918984,,19,7.453378
GF05003576S,"Botucatu, Sao Paulo",Neotropical,Chacoan,Cerrado province,Dry forest|Moist forest,GF05003576S,Cerrado province,436,0,0,0,58,0,1,13,5,0,0,11,3,0,82,0,25,10,70,4,0,1,133,3,0,1,54,0,92,soil,1002,18,0.499001996,0.499001996,,18,6.755922
GF05003577S,"Botucatu, Sao Paulo",Neotropical,Chacoan,Cerrado province,Dry forest|Moist forest,GF05003577S,Cerrado province,534,0,0,0,64,10,1,9,4,0,0,11,2,2,137,0,24,8,74,1,0,2,171,2,0,0,110,0,179,soil,1345,19,0.29739777,0.29739777,,19,6.804478
GF05003578S,"Botucatu, Sao Paulo",Neotropical,Chacoan,Cerrado province,Dry forest|Moist forest,GF05003578S,Cerrado province,427,0,0,0,44,6,1,9,2,0,0,12,0,3,122,0,21,5,54,1,0,1,143,2,0,0,75,0,182,soil,1110,18,0.18018018,0.18018018,,18,6.692997
GF05003579S,"Botucatu, Sao Paulo",Neotropical,Chacoan,Cerrado province,Dry forest|Moist forest,GF05003579S,Cerrado province,394,0,0,1,58,2,0,10,4,0,1,16,2,2,81,0,22,13,66,2,0,4,127,3,0,0,75,0,75,soil,958,20,0.417536534,0.417536534,,20,7.284655
GF05003580S,"Botucatu, Sao Paulo",Neotropical,Chacoan,Cerrado province,Dry forest|Moist forest,GF05003580S,Cerrado province,306,0,0,0,37,1,0,4,4,0,1,8,0,0,69,0,20,4,44,5,0,0,78,2,0,0,40,0,80,soil,703,16,0.568990043,0.568990043,,16,6.577202
GF05003581S,"Botucatu, Sao Paulo",Neotropical,Chacoan,Cerrado province,Dry forest|Moist forest,GF05003581S,Cerrado province,149,0,0,0,23,5,0,0,1,0,0,4,0,0,36,0,10,5,33,2,0,0,67,1,0,0,31,0,35,soil,402,14,0.248756219,0.248756219,,14,7.132979
GF05003582S,"Botucatu, Sao Paulo",Neotropical,Chacoan,Cerrado province,Dry forest|Moist forest,GF05003582S,Cerrado province,285,1,0,0,44,0,0,2,0,1,0,9,1,2,77,0,22,5,75,2,0,1,113,3,0,1,52,0,112,soil,808,19,0,0,,19,7.262549
GF05003583S,"Botucatu, Sao Paulo",Neotropical,Chacoan,Cerrado province,Dry forest|Moist forest,GF05003583S,Cerrado province,595,0,0,0,61,1,2,17,3,1,1,15,0,5,145,0,25,5,110,3,0,1,152,3,0,0,59,0,199,soil,1403,20,0.213827512,0.213827512,,20,6.480024
GF05003584S,"Botucatu, Sao Paulo",Neotropical,Chacoan,Cerrado province,Dry forest|Moist forest,GF05003584S,Cerrado province,380,0,0,0,19,36,0,7,4,4,4,5,1,0,40,0,27,4,42,2,0,4,76,6,0,0,52,0,58,soil,771,19,0.518806744,0.518806744,,19,6.626235
GF05003585S,"Botucatu, Sao Paulo",Neotropical,Chacoan,Cerrado province,Dry forest|Moist forest,GF05003585S,Cerrado province,487,1,0,0,29,35,0,12,5,2,5,5,1,1,53,0,27,7,38,4,0,3,72,2,0,0,79,0,66,soil,934,21,0.535331906,0.535331906,,21,6.21135
GF05003586S,"Botucatu, Sao Paulo",Neotropical,Chacoan,Cerrado province,Dry forest|Moist forest,GF05003586S,Cerrado province,185,0,0,0,10,12,0,2,0,0,0,3,1,0,29,0,12,2,16,0,0,4,36,0,0,0,31,0,22,soil,365,14,0,0,,14,5.901385
GF05003587S,"Botucatu, Sao Paulo",Neotropical,Chacoan,Cerrado province,Dry forest|Moist forest,GF05003587S,Cerrado province,194,0,0,0,12,17,0,6,1,4,5,2,0,0,19,0,14,6,25,3,0,1,60,1,0,0,38,0,22,soil,430,18,0.23255814,0.23255814,,18,7.093536
GF05003588S,"Botucatu, Sao Paulo",Neotropical,Chacoan,Cerrado province,Dry forest|Moist forest,GF05003588S,Cerrado province,272,0,0,0,30,0,0,17,0,0,0,9,1,3,81,0,19,2,47,2,0,0,87,5,0,0,51,0,45,soil,671,15,0,0,,15,6.995833
GF05003589S,"Botucatu, Sao Paulo",Neotropical,Chacoan,Cerrado province,Dry forest|Moist forest,GF05003589S,Cerrado province,399,0,0,0,36,3,1,20,6,1,0,14,6,8,107,0,19,5,78,2,0,0,121,4,0,0,71,0,86,soil,987,19,0.607902736,0.607902736,,19,7.369538
GF05003590S,"Botucatu, Sao Paulo",Neotropical,Chacoan,Cerrado province,Dry forest|Moist forest,GF05003590S,Cerrado province,380,1,0,0,36,3,1,20,0,0,2,15,1,2,76,0,22,7,58,4,0,3,131,4,0,0,74,0,59,soil,899,20,0,0,,20,7.107699
GF05003591S,"Botucatu, Sao Paulo",Neotropical,Chacoan,Cerrado province,Dry forest|Moist forest,GF05003591S,Cerrado province,346,0,0,0,33,0,0,17,3,0,1,12,2,6,81,0,23,7,59,2,0,3,113,4,0,0,77,0,64,soil,853,18,0.351699883,0.351699883,,18,7.317478
GF05003592S,"Botucatu, Sao Paulo",Neotropical,Chacoan,Cerrado province,Dry forest|Moist forest,GF05003592S,Cerrado province,145,0,0,0,18,1,0,12,0,14,1,8,0,0,36,0,14,5,74,0,0,0,59,2,0,0,50,0,28,soil,467,15,0,0,,15,8.328927
GF05003593S,"Botucatu, Sao Paulo",Neotropical,Chacoan,Cerrado province,Dry forest|Moist forest,GF05003593S,Cerrado province,180,0,0,0,29,26,0,13,0,1,0,4,1,3,37,0,9,7,38,5,0,0,90,2,0,0,53,0,40,soil,538,17,0,0,,17,8.41522
GF05003594S,"Botucatu, Sao Paulo",Neotropical,Chacoan,Cerrado province,Dry forest|Moist forest,GF05003594S,Cerrado province,161,0,0,0,29,3,0,29,0,2,1,6,0,4,41,0,14,5,47,0,0,0,71,1,0,0,58,0,36,soil,508,16,0,0,,16,8.469498
GF05003595S,"Botucatu, Sao Paulo",Neotropical,Chacoan,Cerrado province,Dry forest|Moist forest,GF05003595S,Cerrado province,254,0,0,0,26,24,1,21,2,1,1,11,0,2,48,0,11,4,33,8,0,2,87,0,0,1,54,0,45,soil,636,20,0.314465409,0.314465409,,20,7.950408
GF05003596S,"Botucatu, Sao Paulo",Neotropical,Chacoan,Cerrado province,Dry forest|Moist forest,GF05003596S,Cerrado province,288,0,0,0,33,10,0,19,4,10,3,7,0,0,58,0,19,5,76,0,0,0,81,3,0,1,75,0,59,soil,751,17,0.532623169,0.532623169,,17,7.872911
GF05003597S,"Botucatu, Sao Paulo",Neotropical,Chacoan,Cerrado province,Dry forest|Moist forest,GF05003597S,Cerrado province,144,0,0,0,22,8,0,31,1,3,0,5,0,2,35,0,10,18,25,5,0,1,69,2,0,0,64,0,32,soil,477,18,0.209643606,0.209643606,,18,9.301823
GF05003598S,"Botucatu, Sao Paulo",Neotropical,Chacoan,Cerrado province,Dry forest|Moist forest,GF05003598S,Cerrado province,36,0,0,0,12,0,0,3,0,0,0,1,0,0,12,0,4,1,15,0,0,0,42,0,0,0,25,0,6,soil,157,11,0,0,,11,7.09028
GF05003599S,"Botucatu, Sao Paulo",Neotropical,Chacoan,Cerrado province,Dry forest|Moist forest,GF05003599S,Cerrado province,134,0,0,0,26,0,0,10,0,0,0,9,0,1,30,0,14,5,38,3,0,1,49,1,0,0,33,0,27,soil,381,15,0,0,,15,8.094875
GF05003600S,"Botucatu, Sao Paulo",Neotropical,Chacoan,Cerrado province,Dry forest|Moist forest,GF05003600S,Cerrado province,176,0,0,0,18,2,0,14,1,3,0,5,0,1,40,0,12,3,51,1,0,0,55,1,0,1,39,0,40,soil,463,18,0.215982721,0.215982721,,18,7.583547
GF05003601S,"Botucatu, Sao Paulo",Neotropical,Chacoan,Cerrado province,Dry forest|Moist forest,GF05003601S,Cerrado province,85,0,0,0,21,3,0,11,1,7,2,5,0,1,21,0,12,6,28,0,0,0,52,1,0,0,38,0,20,soil,314,17,0.318471338,0.318471338,,17,9.582107
GF05003602S,"Botucatu, Sao Paulo",Neotropical,Chacoan,Cerrado province,Dry forest|Moist forest,GF05003602S,Cerrado province,337,0,1,0,23,35,0,14,0,0,4,4,1,0,54,0,12,5,27,4,0,2,89,0,0,1,45,0,49,soil,707,18,0,0,,18,6.487582
GF05003603S,"Botucatu, Sao Paulo",Neotropical,Chacoan,Cerrado province,Dry forest|Moist forest,GF05003603S,Cerrado province,415,0,0,0,31,54,0,31,1,0,6,12,0,1,59,0,20,4,39,5,0,3,64,2,0,1,55,0,60,soil,863,19,0.115874855,0.115874855,,19,6.922762
GF05003604S,"Botucatu, Sao Paulo",Neotropical,Chacoan,Cerrado province,Dry forest|Moist forest,GF05003604S,Cerrado province,333,0,0,0,26,15,1,34,0,0,2,9,0,0,65,0,19,5,34,6,0,0,71,1,0,1,49,0,48,soil,719,17,0,0,,17,6.852922
GF05003605S,"Botucatu, Sao Paulo",Neotropical,Chacoan,Cerrado province,Dry forest|Moist forest,GF05003605S,Cerrado province,221,0,0,0,10,10,0,18,1,0,5,3,1,0,30,0,8,1,16,4,0,0,46,0,0,0,29,0,24,soil,427,16,0.234192037,0.234192037,,16,6.001822
GF05003606S,"Botucatu, Sao Paulo",Neotropical,Chacoan,Cerrado province,Dry forest|Moist forest,GF05003606S,Cerrado province,254,0,0,0,31,3,0,10,0,0,1,5,1,1,56,0,23,16,37,5,0,4,105,3,0,0,65,0,79,soil,699,18,0,0,,18,7.772052
GF05003607S,"Botucatu, Sao Paulo",Neotropical,Chacoan,Cerrado province,Dry forest|Moist forest,GF05003607S,Cerrado province,417,0,0,0,52,15,1,11,0,0,0,4,1,1,96,0,33,11,82,3,0,3,163,2,0,0,81,0,117,soil,1093,18,0,0,,18,7.221268
GF05003608S,"Botucatu, Sao Paulo",Neotropical,Chacoan,Cerrado province,Dry forest|Moist forest,GF05003608S,Cerrado province,184,0,0,0,28,0,0,7,0,0,0,5,0,3,50,0,10,5,40,3,0,0,74,0,0,0,39,0,44,soil,492,13,0,0,,13,7.129809
GF05003609S,"Botucatu, Sao Paulo",Neotropical,Chacoan,Cerrado province,Dry forest|Moist forest,GF05003609S,Cerrado province,634,0,0,0,68,6,2,22,6,2,3,15,2,1,133,0,44,6,102,6,0,3,160,4,0,1,93,0,221,soil,1534,22,0.391134289,0.391134289,,22,7.032784
GF05003610S,"Botucatu, Sao Paulo",Neotropical,Chacoan,Cerrado province,Dry forest|Moist forest,GF05003610S,Cerrado province,294,0,0,0,31,1,0,25,4,0,0,10,3,0,58,0,28,12,55,2,0,0,93,5,0,0,98,0,71,soil,790,16,0.506329114,0.506329114,,16,7.76465
GF05003611S,"Botucatu, Sao Paulo",Neotropical,Chacoan,Cerrado province,Dry forest|Moist forest,GF05003611S,Cerrado province,289,0,0,0,21,4,0,18,3,1,1,6,1,0,60,0,20,13,65,7,0,0,82,4,0,1,96,0,81,soil,773,19,0.388098318,0.388098318,,19,7.747478
GF05003612S,"Botucatu, Sao Paulo",Neotropical,Chacoan,Cerrado province,Dry forest|Moist forest,GF05003612S,Cerrado province,317,0,0,0,36,0,0,22,3,1,1,10,3,0,70,0,33,8,49,3,0,0,86,7,0,0,76,0,77,soil,802,17,0.374064838,0.374064838,,17,7.605434
GF05003613S,"Botucatu, Sao Paulo",Neotropical,Chacoan,Cerrado province,Dry forest|Moist forest,GF05003613S,Cerrado province,214,0,0,0,23,15,0,15,1,1,0,9,0,0,44,0,25,16,48,4,0,0,64,5,0,0,83,0,42,soil,609,16,0.164203612,0.164203612,,16,8.491395
GF05011071S,"Luquillo Long Term Ecological Research, Puerto Rico",Neotropical,Antillean,Puerto Rico province,Moist forest,GF05011071S,Puerto Rico province,141,0,0,0,3,4,0,0,1,0,6,2,0,0,25,0,4,1,25,0,0,0,21,0,0,0,4,0,11,soil,248,13,0.403225806,0.403225806,,13,4.746391
GF05011072S,"Luquillo Long Term Ecological Research, Puerto Rico",Neotropical,Antillean,Puerto Rico province,Moist forest,GF05011072S,Puerto Rico province,176,0,0,0,3,2,0,0,0,0,5,2,0,0,15,0,4,1,13,1,0,2,22,0,0,0,5,0,19,soil,270,14,0,0,,14,4.003893
GF05011073S,"Luquillo Long Term Ecological Research, Puerto Rico",Neotropical,Antillean,Puerto Rico province,Moist forest,GF05011073S,Puerto Rico province,141,0,0,0,3,3,0,1,1,0,4,0,0,0,10,0,3,0,9,0,0,0,27,0,0,0,5,0,7,soil,214,12,0.46728972,0.46728972,,12,3.729
GF05011074S,"Luquillo Long Term Ecological Research, Puerto Rico",Neotropical,Antillean,Puerto Rico province,Moist forest,GF05011074S,Puerto Rico province,272,0,0,0,7,18,0,0,0,0,13,2,0,1,30,0,6,2,30,0,0,0,55,0,0,0,8,0,21,soil,465,13,0,0,,13,4.640657
GF05011075S,"Luquillo Long Term Ecological Research, Puerto Rico",Neotropical,Antillean,Puerto Rico province,Moist forest,GF05011075S,Puerto Rico province,44,0,0,0,12,0,0,0,0,0,0,1,0,0,10,0,8,2,16,0,0,0,18,0,0,0,10,0,23,soil,144,10,0,0,,10,7.325288
GF05011076S,"Luquillo Long Term Ecological Research, Puerto Rico",Neotropical,Antillean,Puerto Rico province,Moist forest,GF05011076S,Puerto Rico province,158,0,0,0,6,1,0,0,1,0,4,1,0,0,22,0,4,0,13,0,0,1,33,0,0,0,4,0,18,soil,266,13,0.37593985,0.37593985,,13,4.319176
GF05011077S,"Luquillo Long Term Ecological Research, Puerto Rico",Neotropical,Antillean,Puerto Rico province,Moist forest,GF05011077S,Puerto Rico province,137,0,0,0,1,2,0,0,1,0,4,1,0,0,13,0,1,0,12,0,0,1,23,0,0,0,1,0,9,soil,206,13,0.485436893,0.485436893,,13,3.559108
GF05011078S,"Luquillo Long Term Ecological Research, Puerto Rico",Neotropical,Antillean,Puerto Rico province,Moist forest,GF05011078S,Puerto Rico province,53,0,0,0,13,0,0,1,1,0,2,1,0,0,10,0,5,0,15,0,0,0,13,0,0,0,8,0,21,soil,143,12,0.699300699,0.699300699,,12,7.032229
GF05011079S,"Luquillo Long Term Ecological Research, Puerto Rico",Neotropical,Antillean,Puerto Rico province,Moist forest,GF05011079S,Puerto Rico province,43,0,0,0,11,0,0,2,0,0,1,1,0,0,9,0,8,0,15,0,0,0,15,0,0,0,4,0,21,soil,130,11,0,0,,11,7.173574
GF05011080S,"Luquillo Long Term Ecological Research, Puerto Rico",Neotropical,Antillean,Puerto Rico province,Moist forest,GF05011080S,Puerto Rico province,164,0,0,0,7,7,0,0,3,0,5,2,1,0,20,0,4,0,17,0,0,0,29,0,0,0,3,0,14,soil,276,13,1.086956522,1.086956522,,13,4.636314
GF05011081S,"Luquillo Long Term Ecological Research, Puerto Rico",Neotropical,Antillean,Puerto Rico province,Moist forest,GF05011081S,Puerto Rico province,93,1,0,0,1,4,0,1,22,0,4,1,0,0,14,0,6,3,13,0,0,0,17,0,0,0,3,0,15,soil,198,15,11.11111111,11.11111111,,15,6.480865
GF05011082S,"Luquillo Long Term Ecological Research, Puerto Rico",Neotropical,Antillean,Puerto Rico province,Moist forest,GF05011082S,Puerto Rico province,193,0,0,0,9,3,0,0,1,0,6,1,0,0,28,0,7,5,34,1,0,0,26,0,0,0,6,0,18,soil,338,14,0.295857988,0.295857988,,14,4.887738
GF05011083S,"Luquillo Long Term Ecological Research, Puerto Rico",Neotropical,Antillean,Puerto Rico province,Moist forest,GF05011083S,Puerto Rico province,66,0,0,0,2,1,0,0,0,0,3,1,0,0,4,0,3,1,5,1,0,0,10,0,0,0,1,0,4,soil,102,13,0,0,,13,4.147218
GF05011084S,"Luquillo Long Term Ecological Research, Puerto Rico",Neotropical,Antillean,Puerto Rico province,Moist forest,GF05011084S,Puerto Rico province,45,0,0,0,3,0,0,0,0,0,5,1,0,0,15,0,7,1,8,0,0,0,12,0,0,0,6,0,16,soil,119,11,0,0,,11,6.924006
GF05011085S,"Luquillo Long Term Ecological Research, Puerto Rico",Neotropical,Antillean,Puerto Rico province,Moist forest,GF05011085S,Puerto Rico province,193,0,0,0,11,6,0,3,1,0,14,1,0,0,21,0,3,1,26,0,0,1,41,0,0,0,11,0,23,soil,356,15,0.280898876,0.280898876,,15,5.330031
GF05011086S,"Luquillo Long Term Ecological Research, Puerto Rico",Neotropical,Antillean,Puerto Rico province,Moist forest,GF05011086S,Puerto Rico province,137,0,0,0,9,3,0,0,0,0,6,3,0,0,15,0,5,0,20,0,0,0,45,0,0,0,8,0,13,soil,264,11,0,0,,11,5.11769
GF05011087S,"Luquillo Long Term Ecological Research, Puerto Rico",Neotropical,Antillean,Puerto Rico province,Moist forest,GF05011087S,Puerto Rico province,97,0,0,0,0,2,0,1,5,0,10,1,0,0,9,0,1,1,10,0,0,0,26,0,0,0,2,0,7,soil,172,13,2.906976744,2.906976744,,13,4.712667
GF05011088S,"Luquillo Long Term Ecological Research, Puerto Rico",Neotropical,Antillean,Puerto Rico province,Moist forest,GF05011088S,Puerto Rico province,243,0,0,1,10,8,0,0,0,0,1,3,0,1,19,0,12,2,13,2,0,0,41,0,0,0,10,0,42,soil,408,15,0,0,,15,4.578071
GF05011089S,"Luquillo Long Term Ecological Research, Puerto Rico",Neotropical,Antillean,Puerto Rico province,Moist forest,GF05011089S,Puerto Rico province,76,0,0,0,4,2,0,0,4,0,0,0,0,0,5,0,1,1,6,0,0,0,15,0,0,0,2,0,11,soil,127,11,3.149606299,3.149606299,,11,4.339921
GF05011090S,"Luquillo Long Term Ecological Research, Puerto Rico",Neotropical,Antillean,Puerto Rico province,Moist forest,GF05011090S,Puerto Rico province,68,0,0,0,1,0,0,0,0,0,3,1,0,0,3,0,2,0,9,1,0,1,18,0,0,0,3,0,11,soil,121,12,0,0,,12,4.571914
GF05011091S,"Luquillo Long Term Ecological Research, Puerto Rico",Neotropical,Antillean,Puerto Rico province,Moist forest,GF05011091S,Puerto Rico province,128,0,0,0,5,6,0,1,0,0,0,0,0,0,11,0,7,0,16,0,0,0,22,0,0,0,5,0,18,soil,219,10,0,0,,10,4.469685
GF05011134S,"Barro Colorado Island, Panama",Neotropical,Pacific,Guatuso-Talamanca province,Moist forest,GF05011134S,Guatuso-Talamanca province,186,0,0,0,7,2,0,0,10,0,1,1,0,0,24,0,5,2,26,0,0,1,21,2,0,0,21,0,35,soil,344,15,2.906976744,2.906976744,,15,5.320941
GF05011135S,"Barro Colorado Island, Panama",Neotropical,Pacific,Guatuso-Talamanca province,Moist forest,GF05011135S,Guatuso-Talamanca province,301,0,0,0,14,1,0,0,15,0,12,7,0,1,51,0,7,1,38,1,0,2,44,0,0,0,13,0,41,soil,549,16,2.732240437,2.732240437,,16,5.32771
GF05011136S,"Barro Colorado Island, Panama",Neotropical,Pacific,Guatuso-Talamanca province,Moist forest,GF05011136S,Guatuso-Talamanca province,124,0,0,0,4,0,0,0,1,0,0,4,0,0,21,0,1,0,20,0,0,0,12,0,0,0,11,0,7,soil,205,10,0.487804878,0.487804878,,10,4.089867
GF05011137S,"Barro Colorado Island, Panama",Neotropical,Pacific,Guatuso-Talamanca province,Moist forest,GF05011137S,Guatuso-Talamanca province,171,0,0,0,8,1,0,1,1,0,0,3,0,0,24,0,2,0,18,1,0,0,25,0,0,0,13,0,18,soil,286,13,0.34965035,0.34965035,,13,4.387552
GF05011138S,"Barro Colorado Island, Panama",Neotropical,Pacific,Guatuso-Talamanca province,Moist forest,GF05011138S,Guatuso-Talamanca province,279,0,0,0,10,1,0,2,3,0,3,4,0,1,39,0,4,0,25,1,0,0,41,2,0,0,10,0,20,soil,445,16,0.674157303,0.674157303,,16,4.217915
GF05011139S,"Barro Colorado Island, Panama",Neotropical,Pacific,Guatuso-Talamanca province,Moist forest,GF05011139S,Guatuso-Talamanca province,126,0,0,0,9,2,0,1,0,0,4,4,0,0,27,0,3,0,16,0,0,0,26,1,0,0,13,0,11,soil,243,13,0,0,,13,5.451785
GF05011140S,"Barro Colorado Island, Panama",Neotropical,Pacific,Guatuso-Talamanca province,Moist forest,GF05011140S,Guatuso-Talamanca province,201,0,0,0,8,1,0,1,8,0,2,3,0,0,32,0,7,0,22,0,0,0,35,0,0,0,13,0,26,soil,359,13,2.228412256,2.228412256,,13,4.936165
GF05011141S,"Barro Colorado Island, Panama",Neotropical,Pacific,Guatuso-Talamanca province,Moist forest,GF05011141S,Guatuso-Talamanca province,111,0,0,0,6,2,0,0,0,0,2,0,0,0,20,0,2,1,20,0,0,0,16,0,0,0,12,0,10,soil,202,11,0,0,,11,4.816828
GF05011142S,"Barro Colorado Island, Panama",Neotropical,Pacific,Guatuso-Talamanca province,Moist forest,GF05011142S,Guatuso-Talamanca province,182,0,0,0,10,2,0,3,1,0,3,1,1,1,31,0,6,1,21,0,0,0,33,2,0,0,15,0,23,soil,336,17,0.297619048,0.297619048,,17,5.38618
GF05011143S,"Barro Colorado Island, Panama",Neotropical,Pacific,Guatuso-Talamanca province,Moist forest,GF05011143S,Guatuso-Talamanca province,146,0,0,0,9,0,0,0,3,0,1,1,0,0,21,0,5,2,26,0,0,1,20,1,0,0,19,0,19,soil,274,14,1.094890511,1.094890511,,14,5.309404
GF05011144S,"Barro Colorado Island, Panama",Neotropical,Pacific,Guatuso-Talamanca province,Moist forest,GF05011144S,Guatuso-Talamanca province,193,0,0,0,6,0,0,1,7,0,4,2,0,0,33,0,7,3,31,0,0,0,33,1,0,0,21,0,31,soil,373,14,1.876675603,1.876675603,,14,5.519886
GF05011145S,"Barro Colorado Island, Panama",Neotropical,Pacific,Guatuso-Talamanca province,Moist forest,GF05011145S,Guatuso-Talamanca province,139,0,0,0,5,0,0,2,0,0,2,2,0,0,20,0,3,2,18,0,0,0,19,0,0,0,15,0,14,soil,241,12,0,0,,12,4.712501
GF05011146S,"Barro Colorado Island, Panama",Neotropical,Pacific,Guatuso-Talamanca province,Moist forest,GF05011146S,Guatuso-Talamanca province,70,0,0,0,0,0,0,0,3,0,0,0,0,0,8,0,2,1,12,0,0,0,5,0,0,0,4,0,8,soil,113,9,2.654867257,2.654867257,,9,3.957202
GF05011147S,"Barro Colorado Island, Panama",Neotropical,Pacific,Guatuso-Talamanca province,Moist forest,GF05011147S,Guatuso-Talamanca province,71,0,0,0,1,0,0,2,1,0,1,1,0,0,13,0,2,1,8,0,0,0,11,0,0,0,2,0,9,soil,123,13,0.81300813,0.81300813,,13,4.647094
GF05011148S,"Barro Colorado Island, Panama",Neotropical,Pacific,Guatuso-Talamanca province,Moist forest,GF05011148S,Guatuso-Talamanca province,80,0,0,0,2,0,0,0,3,0,2,0,0,0,25,0,2,0,8,0,0,0,19,0,0,0,4,0,9,soil,154,10,1.948051948,1.948051948,,10,4.72992
GF05011149S,"Barro Colorado Island, Panama",Neotropical,Pacific,Guatuso-Talamanca province,Moist forest,GF05011149S,Guatuso-Talamanca province,153,0,0,0,8,0,0,0,0,0,5,2,0,0,31,0,2,1,27,0,0,0,37,0,0,0,13,0,26,soil,305,11,0,0,,11,5.159951
GF05011150S,"Barro Colorado Island, Panama",Neotropical,Pacific,Guatuso-Talamanca province,Moist forest,GF05011150S,Guatuso-Talamanca province,169,0,0,0,3,0,0,1,16,0,2,3,0,1,38,0,3,1,26,0,0,0,31,1,0,0,8,0,18,soil,321,15,4.984423676,4.984423676,,15,5.245074
GF05011151S,"Barro Colorado Island, Panama",Neotropical,Pacific,Guatuso-Talamanca province,Moist forest,GF05011151S,Guatuso-Talamanca province,76,0,0,0,3,0,0,1,5,0,2,1,0,0,9,0,1,0,6,1,0,0,20,0,0,0,3,0,10,soil,138,13,3.623188406,3.623188406,,13,4.972237
GF05011152S,"Barro Colorado Island, Panama",Neotropical,Pacific,Guatuso-Talamanca province,Moist forest,GF05011152S,Guatuso-Talamanca province,121,0,0,0,4,1,0,0,2,0,0,1,0,0,12,0,1,0,14,0,0,0,15,0,0,0,4,0,10,soil,185,11,1.081081081,1.081081081,,11,3.710909
GF05011153S,"Barro Colorado Island, Panama",Neotropical,Pacific,Guatuso-Talamanca province,Moist forest,GF05011153S,Guatuso-Talamanca province,171,0,0,0,4,0,0,1,3,0,2,2,1,0,28,0,4,1,15,1,0,0,36,0,0,0,7,0,16,soil,292,15,1.02739726,1.02739726,,15,4.517391
GF05011154S,"Barro Colorado Island, Panama",Neotropical,Pacific,Guatuso-Talamanca province,Moist forest,GF05011154S,Guatuso-Talamanca province,193,0,0,0,6,0,0,1,0,0,7,1,0,0,31,0,1,0,15,1,0,0,29,0,0,0,4,0,24,soil,313,12,0,0,,12,3.974979
GF05011321S,"Parque Estadual Serra do Brigadeiro, Araponga, Minas Gerais",Neotropical,Parana,Parana Forest province,Dry forest|Moist forest,GF05011321S,Parana Forest province,241,0,0,1,15,0,1,2,7,4,0,8,1,50,53,0,21,3,73,1,0,1,37,5,0,0,16,0,77,root,617,20,1.13452188,1.13452188,,20,7.676568
GF05011322S,"Parque Estadual Serra do Brigadeiro, Araponga, Minas Gerais",Neotropical,Parana,Parana Forest province,Dry forest|Moist forest,GF05011322S,Parana Forest province,616,0,0,0,67,0,1,6,6,2,0,10,9,103,106,0,27,5,136,1,0,1,57,7,1,0,25,0,195,root,1381,20,0.434467777,0.434467777,,20,6.531548
GF05011325S,"Parque Estadual Serra do Brigadeiro, Araponga, Minas Gerais",Neotropical,Parana,Parana Forest province,Dry forest|Moist forest,GF05011325S,Parana Forest province,371,0,0,0,63,0,1,0,2,4,1,4,5,52,64,0,21,2,82,0,0,1,52,7,0,0,22,0,125,root,879,18,0.227531286,0.227531286,,18,6.863662
GF05012921S,Argentina: Tolhuin,N/A,N/A,N/A,Steppe|Moist forest,GF05012921S,N/A,28,0,0,0,4,0,0,0,15,0,1,0,0,0,5,0,4,0,1,0,0,3,27,0,0,0,1,0,5,soil,94,11,15.95744681,15.95744681,,11,6.344889
GF05012922S,Argentina: Arroyo Los Notros,N/A,N/A,N/A,Moist forest|Wet forest,GF05012922S,N/A,28,1,0,0,1,0,0,0,33,0,1,0,1,0,11,0,1,0,3,0,0,0,33,0,0,0,2,0,1,soil,116,12,28.44827586,28.44827586,,12,5.430998
GF05012923S,Chile: Melimoyu,N/A,N/A,N/A,Wet forest,GF05012923S,N/A,34,0,0,0,0,0,0,2,12,0,0,0,0,0,10,0,0,3,2,0,0,0,20,0,0,0,0,0,5,soil,88,8,13.63636364,13.63636364,,8,5.328757
GF05012924S,USA: Gainesville,N/A,N/A,N/A,Dry forest|Moist forest,GF05012924S,N/A,19,0,0,0,2,0,0,1,38,0,0,0,0,0,5,0,1,0,2,0,0,0,12,0,0,0,2,0,0,soil,82,9,46.34146341,46.34146341,,9,4.600942
GF05012928S,Guyana: Pegaima,Neotropical,Boreal Brazilian,Guianan province,Moist forest,GF05012928S,Guianan province,33,0,0,0,0,0,0,0,10,0,0,0,0,0,2,0,2,0,0,0,0,0,12,0,0,0,1,0,5,soil,65,7,15.38461538,15.38461538,,7,4.136224
GF05012931S,Puerto Rico: El Yunque,Neotropical,Antillean,Puerto Rico province,Moist forest,GF05012931S,Puerto Rico province,29,0,0,0,2,0,0,0,0,0,1,0,0,0,3,0,2,0,3,0,0,0,11,0,0,0,0,0,5,soil,56,8,0,0,,8,4.480074
GF05012936S,Mexico: El Eden,Neotropical,Mesoamerican,Yucatan Peninsula Province,Dry forest,GF05012936S,Yucatan Peninsula Province,46,0,0,0,0,0,0,0,5,0,0,1,0,0,1,0,1,0,3,0,0,0,9,0,0,0,0,0,0,soil,66,7,7.575757576,7.575757576,,7,2.856857
GF05012937S,USA: Big Thicket,N/A,N/A,N/A,,GF05012937S,N/A,28,0,0,0,0,0,0,0,49,0,0,0,0,0,6,0,3,0,2,1,0,0,18,0,0,0,1,0,6,soil,114,9,42.98245614,42.98245614,,9,4.753638
GF05012954S,Brazil: Serra do Mar State Park - NSV Vargem Grande,Neotropical,Parana,Atlantic province,Dry forest|Moist forest,GF05012954S,Atlantic province,12,0,0,0,2,0,0,3,2,0,0,0,0,0,2,0,3,1,1,0,0,0,3,0,0,0,11,0,2,soil,42,11,4.761904762,4.761904762,,11,7.631093
GF05012955S,Brazil: Vagafogo,Neotropical,Chacoan,Cerrado province,Dry forest|Moist forest,GF05012955S,Cerrado province,59,0,0,0,0,1,0,0,0,0,0,0,0,0,1,0,1,0,0,0,0,1,9,0,0,0,0,0,2,soil,74,7,0,0,,7,2.153494
GF05012962S,Colombia: Turpial Natural Reserve,Neotropical,Pacific,Magdalena province,Dry forest|Moist forest,GF05012962S,Magdalena province,58,0,0,0,2,1,0,0,6,0,0,2,0,0,15,0,1,0,16,2,0,0,35,0,0,0,1,0,16,soil,155,12,3.870967742,3.870967742,,12,5.992737
GF05012963S,Colombia: Leticia,Neotropical,Boreal Brazilian,Imeri province,Moist forest,GF05012963S,Imeri province,152,0,0,0,1,0,0,0,2,0,7,0,0,0,17,0,4,0,9,1,0,0,19,0,0,0,0,0,15,soil,227,10,0.881057269,0.881057269,,10,3.475402
GF05012966S,Brazil: Santa Barbara,Neotropical,Chacoan,Cerrado province,Dry forest|Moist forest,GF05012966S,Cerrado province,89,0,0,0,0,2,0,4,0,0,1,0,0,0,2,0,0,0,4,0,0,1,6,0,0,0,2,0,3,soil,114,10,0,0,,10,2.650989
GF05012978S,Brazil: Cabrobo,Neotropical,Chacoan,Caatinga province,Thorn woodland,GF05012978S,Caatinga province,122,0,0,0,1,5,0,4,3,0,0,0,0,0,25,0,1,0,29,0,0,0,43,0,0,0,8,0,14,soil,255,11,1.176470588,1.176470588,,11,5.123046
GF05012983S,Colombia: Puerto Narino,Neotropical,Boreal Brazilian,Imeri province,Moist forest,GF05012983S,Imeri province,63,0,0,0,3,0,0,1,5,0,0,1,0,1,23,0,2,0,14,0,0,0,17,0,0,0,0,0,9,soil,139,11,3.597122302,3.597122302,,11,5.428544
GF05012993S,Colombia: Buritaca,Neotropical,Pacific,Guajira province,Very dry forest|Dry forest,GF05012993S,Guajira province,23,0,0,0,1,0,0,0,0,0,0,1,0,0,8,0,1,0,9,0,0,0,5,0,0,0,0,0,9,soil,57,8,0,0,,8,5.211987
GF05013035S,Costa Rica: Alberto Manuel Brenes Biological reserve,Neotropical,Pacific,Guatuso-Talamanca province,Moist forest|Wet forest,GF05013035S,Guatuso-Talamanca province,28,0,0,0,1,0,0,0,2,0,1,0,0,0,6,0,3,0,6,0,0,0,12,0,0,0,3,0,0,soil,62,9,3.225806452,3.225806452,,9,5.290163
GF05013040S,Argentina: Los Colorados,Neotropical,Chacoan,Chaco province,Thorn woodland,GF05013040S,Chaco province,53,0,0,0,0,0,0,3,0,0,1,3,1,1,8,0,0,0,20,0,0,1,12,0,0,0,3,0,7,soil,113,12,0,0,,12,5.561419
GF05013041S,Chile: Puyehue NP,N/A,N/A,N/A,Wet forest,GF05013041S,N/A,15,0,0,0,0,0,0,2,4,0,0,0,0,0,3,0,2,0,3,0,0,0,13,0,0,0,2,0,4,soil,48,9,8.333333333,8.333333333,,9,6.522401
GF05013054S,Argentina: Chumbicha,Neotropical,Chacoan,Chaco province,Thorn woodland,GF05013054S,Chaco province,57,0,0,0,1,0,0,4,0,0,0,2,0,2,12,1,0,0,18,0,0,0,17,0,0,0,1,0,8,soil,123,11,0,0,,11,5.358636
GF05013059S,Mexico: Tulum,Neotropical,Mesoamerican,Yucatan Peninsula Province,Dry forest,GF05013059S,Yucatan Peninsula Province,16,0,0,0,0,0,0,0,8,0,0,0,0,0,6,0,2,0,2,0,0,0,5,0,0,0,1,0,0,soil,40,7,20,20,,7,5.076882
GF05013060S,Mexico: Becanchen,Neotropical,Mesoamerican,Yucatan Peninsula Province,Dry forest,GF05013060S,Yucatan Peninsula Province,38,0,0,0,0,0,0,0,13,0,0,0,0,0,0,0,2,0,2,0,0,0,8,0,0,0,2,0,1,soil,66,7,19.6969697,19.6969697,,7,3.578711
GF05013063S,France: Guadeloupe,Neotropical,Antillean,Lesser Antilles province,Dry forest|Moist forest,GF05013063S,Lesser Antilles province,110,0,0,0,1,1,0,0,10,0,2,0,0,0,11,0,1,0,5,0,0,0,17,0,0,0,2,0,7,soil,167,11,5.988023952,5.988023952,,11,3.637437
GF05013068S,Argentina: Libertador Gral San Martin,Neotropical,South Brazilian,Yungas province,Very dry forest|Dry forest,GF05013068S,Yungas province,37,0,0,0,3,0,0,0,0,0,0,1,0,0,14,0,2,0,15,0,0,0,7,0,0,0,14,0,7,soil,100,9,0,0,,9,6.07838
GF05013074S,Brazil: Brasilia,Neotropical,Chacoan,Cerrado province,Dry forest|Moist forest,GF05013074S,Cerrado province,104,0,0,0,0,6,0,2,0,0,0,0,0,0,2,0,0,0,5,0,0,0,9,0,0,0,1,0,1,soil,130,8,0,0,,8,2.302466
GF05013081S,Colombia: Santa Rosa de Osos,Neotropical,Pacific,Magdalena province,Moist forest|Wet forest,GF05013081S,Magdalena province,22,0,0,1,3,0,0,0,4,0,1,0,0,0,3,0,4,3,1,0,0,2,26,0,0,0,5,0,3,soil,78,13,5.128205128,5.128205128,,13,7.147058
GF05013082S,Brazil: Itatiaia National Park,Neotropical,Parana,Parana Forest province,Moist forest|Wet forest,GF05013082S,Parana Forest province,85,0,0,0,3,2,0,0,1,0,8,0,0,0,14,0,3,0,8,0,0,0,38,0,0,0,3,0,7,soil,172,11,0.581395349,0.581395349,,11,4.930117
GF05013083S,Brazil: Serra do Mar State Park - NSV Itamambuca,Neotropical,Parana,Atlantic province,Dry forest|Moist forest,GF05013083S,Atlantic province,29,0,0,0,3,0,0,3,0,0,0,0,0,0,4,0,2,0,1,0,0,0,10,0,0,0,5,0,7,soil,64,9,0,0,,9,5.603704
GF05013090S,Brazil: Ilha do Cardoso State Park,Neotropical,Parana,Atlantic province,Moist forest,GF05013090S,Atlantic province,12,0,0,0,0,0,0,0,0,0,0,0,0,0,3,0,2,0,2,0,0,0,7,0,0,0,0,0,5,soil,31,6,0,0,,6,4.84209
GF05013092S,Colombia: Murillo,Neotropical,South American Transition Zone,Paramo province,Moist forest|Wet forest,GF05013092S,Paramo province,22,0,0,0,3,0,0,0,0,0,2,0,0,0,0,0,2,1,1,0,0,2,12,0,0,0,4,0,2,soil,51,10,0,0,,10,5.650074
GF05013102S,Mexico: Chamela,Neotropical,Mesoamerican,Pacific Lowlands province,Very dry forest|Dry forest,GF05013102S,Pacific Lowlands province,23,0,0,0,1,0,0,1,5,0,0,1,0,0,9,0,3,0,8,0,0,0,12,0,0,0,6,0,3,soil,72,11,6.944444444,6.944444444,,11,7.40804
GF05013113S,Argentina: Las Perdices,Neotropical,Chacoan,Pampean province,Very dry forest|Dry forest,GF05013113S,Pampean province,53,0,0,0,4,0,0,3,0,0,0,0,0,0,23,0,1,0,15,1,0,0,27,0,0,0,3,0,15,soil,145,10,0,0,,10,5.873632
GF05013120S,Brazil: Cataratas do Iguacu,Neotropical,Parana,Parana Forest province,Dry forest|Moist forest,GF05013120S,Parana Forest province,21,0,0,0,5,0,1,0,4,0,0,0,0,0,12,0,1,0,4,0,0,0,4,0,0,0,0,0,2,soil,54,9,7.407407407,7.407407407,,9,5.8711
GF05013121S,Brazil: Prateleias,Neotropical,Parana,Parana Forest province,Moist forest|Wet forest,GF05013121S,Parana Forest province,22,0,0,0,1,0,0,1,0,0,1,0,0,0,8,0,2,0,2,0,0,1,13,0,0,0,7,0,4,soil,62,11,0,0,,11,6.49043
GF05013122S,Brazil: Praia Azul,Neotropical,Parana,Atlantic province,Dry forest|Moist forest,GF05013122S,Atlantic province,17,0,0,0,0,0,0,0,12,0,1,0,0,1,3,0,1,0,1,0,0,0,15,1,0,0,2,0,1,soil,55,11,21.81818182,21.81818182,,11,5.846028
GF05013123S,Colombia: El Zafire,Neotropical,Boreal Brazilian,Imeri province,Moist forest,GF05013123S,Imeri province,9,0,0,0,2,0,0,0,2,0,0,0,0,0,0,0,2,0,2,0,0,0,12,0,0,0,11,0,1,soil,41,8,4.87804878,4.87804878,,8,5.614647
GF05013124S,Brazil: Salgueiro,Neotropical,Chacoan,Caatinga province,Thorn woodland,GF05013124S,Caatinga province,30,0,0,0,1,3,0,0,0,0,0,0,0,0,7,0,1,0,10,0,0,0,20,0,0,0,8,0,3,soil,83,9,0,0,,9,5.733065
GF05013125S,Brazil: Mucuri,Neotropical,Parana,Atlantic province,Dry forest,GF05013125S,Atlantic province,1,0,0,0,4,0,0,0,0,0,0,0,0,0,0,0,1,0,1,0,0,0,2,0,0,0,20,0,0,soil,29,6,0,0,,6,2.892894
GF05013126S,Brazil: Capistrano,Neotropical,Chacoan,Caatinga province,Dry forest,GF05013126S,Caatinga province,19,0,0,0,0,0,0,0,0,0,0,0,0,0,10,0,0,0,5,0,0,0,1,0,0,0,0,0,2,soil,37,5,0,0,,5,3.392711
GF05013130S,Guadeloupe: Morne Louis,Neotropical,Antillean,Lesser Antilles province,Dry forest|Moist forest,GF05013130S,Lesser Antilles province,67,0,0,0,1,0,0,0,4,0,0,1,0,0,8,0,2,4,16,0,0,1,11,0,0,0,1,0,3,soil,119,12,3.361344538,3.361344538,,12,4.687972
GF05013131S,Dominica: Pont Casse,Neotropical,Antillean,Lesser Antilles province,Dry forest|Moist forest,GF05013131S,Lesser Antilles province,51,0,0,0,0,0,0,0,4,0,2,1,0,0,6,0,1,0,7,0,0,0,11,0,0,0,1,0,5,soil,89,10,4.494382022,4.494382022,,10,4.46852
GF05013132S,British Virgin Islands: Mt. Sage,Neotropical,Antillean,Puerto Rico province,Dry forest,GF05013132S,Puerto Rico province,70,0,0,0,1,0,0,2,6,0,1,0,0,0,12,0,1,0,10,0,0,1,25,0,0,0,3,0,6,soil,138,12,4.347826087,4.347826087,,12,5.035051
GF05013134S,Puerto Rico: Maricao,Neotropical,Antillean,Puerto Rico province,Moist forest,GF05013134S,Puerto Rico province,66,0,0,0,0,0,0,1,9,0,0,0,0,0,9,0,1,0,2,0,0,1,15,0,0,0,1,0,0,soil,105,9,8.571428571,8.571428571,,9,3.468523
GF05013135S,Colombia: Sabana,Neotropical,Boreal Brazilian,Imeri province,Moist forest,GF05013135S,Imeri province,56,0,0,0,1,0,0,0,2,0,3,0,0,0,3,0,2,0,5,0,0,0,5,0,0,0,0,0,1,soil,78,9,2.564102564,2.564102564,,9,3.127769
GF05013148S,Cuba: Gran Piedra,Neotropical,Antillean,Cuban province,Dry forest|Moist forest,GF05013148S,Cuban province,30,0,0,0,1,0,0,0,21,0,3,0,0,0,6,0,1,1,2,0,0,0,3,0,0,0,2,0,5,soil,75,11,28,28,,11,5.635295
GF05013149S,Argentina: Cordoba mountain range,Neotropical,South American Transition Zone,Comechingones province,Very dry forest|Dry forest,GF05013149S,Comechingones province,68,0,0,0,0,2,0,8,1,0,5,0,1,5,18,0,1,0,15,0,0,1,22,1,0,0,3,0,7,soil,158,15,0.632911392,0.632911392,,15,6.731739
GF05013150S,Cuba: Pinar del Rio,Neotropical,Antillean,Cuban province,Dry forest|Moist forest,GF05013150S,Cuban province,51,0,0,0,1,0,0,0,30,0,0,0,0,0,11,0,1,1,3,0,0,1,18,0,0,0,1,0,7,soil,125,11,24,24,,11,5.182438
GF05013155S,USA: Mt Lemmon2,N/A,N/A,N/A,,GF05013155S,N/A,13,0,0,0,2,0,0,0,42,0,0,0,0,1,9,0,0,0,5,1,0,0,20,0,0,0,4,0,6,soil,103,10,40.77669903,40.77669903,,10,5.83232
GF05013158S,"Costa Rica: Santa Rosa National Park, Guanacaste",Neotropical,Mesoamerican,Pacific Lowlands province,Dry forest|Moist forest,GF05013158S,Pacific Lowlands province,105,0,0,0,1,4,0,2,1,0,1,3,0,2,16,0,2,0,21,0,0,0,19,1,0,0,5,0,16,soil,199,15,0.502512563,0.502512563,,15,5.385345
GF05013165S,Bolivia: Parotani,Neotropical,South Brazilian,Yungas province,Very dry forest|Dry forest,GF05013165S,Yungas province,32,0,0,0,3,0,0,0,0,0,0,1,0,0,6,0,2,0,14,0,0,0,3,1,0,0,17,0,8,soil,87,10,0,0,,10,6.088361
GF05013167S,Bolivia: La Angostura,Neotropical,Chacoan,Chaco province,Dry forest,GF05013167S,Chaco province,4,0,0,0,0,0,0,0,11,0,0,0,0,0,1,0,2,0,1,0,0,0,7,0,0,0,0,0,1,soil,27,7,40.74074074,40.74074074,,7,4.747889
GF05013169S,Mexico: Oaxaca,Neotropical,Mesoamerican,Pacific Lowlands province,Dry forest,GF05013169S,Pacific Lowlands province,37,0,0,0,0,0,0,0,0,0,0,1,0,0,15,0,1,0,11,0,0,0,5,1,0,0,8,0,10,soil,89,9,0,0,,9,5.46648
GF05013170S,Mexico: Maravilla Tenejapa,Neotropical,Mesoamerican,Veracruzan province,Moist forest,GF05013170S,Veracruzan province,58,0,0,0,5,0,0,0,0,0,0,0,0,0,4,0,3,0,10,0,0,0,8,0,0,0,6,0,5,soil,99,8,0,0,,8,4.285299
GF05013171S,"Mexico: El Zarco, Edomex",Neotropical,,Transmexican Volcanic Belt province,Dry forest|Moist forest,GF05013171S,Transmexican Volcanic Belt province,35,0,0,0,0,0,0,0,24,0,0,0,0,1,13,0,0,1,7,2,0,0,16,0,1,0,5,0,8,soil,113,11,21.23893805,21.23893805,,11,6.768537
GF05013176S,Brazil: Carlos Botelho State Park,Neotropical,Chacoan,Cerrado province,Dry forest|Moist forest,GF05013176S,Cerrado province,4,0,0,0,2,0,0,0,1,0,0,0,0,0,1,0,1,3,2,0,0,0,3,0,0,0,13,0,2,soil,32,10,3.125,3.125,,10,6.783434
GF05013187S,French Guiana: Kaw rainforest,Neotropical,Boreal Brazilian,Guianan Lowlands province,Moist forest|Wet forest,GF05013187S,Guianan Lowlands province,36,0,0,0,1,3,0,0,6,0,0,1,0,1,2,0,0,0,5,0,0,0,9,0,0,0,1,0,5,soil,70,11,8.571428571,8.571428571,,11,5.326294
GF05013195S,Chile: Punta Arenas,N/A,N/A,N/A,Dry forest|Moist forest,GF05013195S,N/A,16,0,0,0,1,0,0,1,0,0,0,0,0,0,4,0,0,0,4,0,0,0,0,0,0,0,1,0,3,soil,30,7,0,0,,7,4.233138
GF05013199S,Costa Rica: Jaco,Neotropical,Pacific,Puntarenas-Chiriqui province,Moist forest,GF05013199S,Puntarenas-Chiriqui province,168,0,0,0,4,3,0,0,4,0,2,0,0,0,11,0,2,0,14,0,0,0,31,0,0,0,2,0,5,soil,246,11,1.62601626,1.62601626,,11,3.346078
GF05013204S,Brazil: Santa Barbara,Neotropical,Chacoan,Cerrado province,Dry forest|Moist forest,GF05013204S,Cerrado province,82,0,0,0,1,0,0,1,1,0,0,0,0,0,4,0,0,0,4,0,0,3,5,1,0,0,6,0,5,soil,113,11,0.884955752,0.884955752,,11,3.205007
GF05013205S,Brazil: Pirenopolis,Neotropical,Chacoan,Cerrado province,Dry forest|Moist forest,GF05013205S,Cerrado province,124,0,0,0,1,7,0,3,0,0,0,0,0,0,4,0,0,0,8,0,0,2,12,0,0,0,7,0,5,soil,173,10,0,0,,10,3.211262
GF05013214S,Mexico: Jahuey,Neotropical,,Sierra Madre Oriental province,Very dry forest|Dry forest,GF05013214S,Sierra Madre Oriental province,10,0,0,0,1,0,0,0,32,0,0,0,0,0,2,0,1,0,0,0,0,0,17,0,0,0,1,0,3,soil,67,8,47.76119403,47.76119403,,8,4.124681
GF05013224S,French Guiana: Roura,Neotropical,Boreal Brazilian,Guianan Lowlands province,Moist forest|Wet forest,GF05013224S,Guianan Lowlands province,51,0,0,0,1,0,0,0,6,0,0,1,0,0,6,0,2,0,8,0,0,1,13,1,0,0,3,0,10,soil,103,12,5.825242718,5.825242718,,12,5.611977
GF05013227S,Argentina: Chalten,N/A,N/A,N/A,Moist forest|Wet forest,GF05013227S,N/A,25,0,0,0,1,0,0,0,29,0,0,0,0,0,6,0,0,0,2,0,0,1,27,1,0,0,0,0,5,soil,97,9,29.89690722,29.89690722,,9,5.017369
GF05013235S,Argentina: El Rodeo,Neotropical,South Brazilian,Yungas province,Very dry forest,GF05013235S,Yungas province,78,0,0,0,1,29,0,1,1,0,0,3,0,0,14,0,1,0,15,3,0,0,25,0,0,0,2,0,10,soil,183,13,0.546448087,0.546448087,,13,5.964885
GF05013241S,Mexico: San Jose de Gracia,Neotropical,,Sierra Madre Occidental province,Very dry forest|Dry forest,GF05013241S,Sierra Madre Occidental province,10,0,0,0,1,0,0,0,49,0,0,0,0,0,0,0,2,0,0,0,0,0,26,0,0,0,4,0,2,soil,94,7,52.12765957,52.12765957,,7,3.596502
GF05013247S,Panama: Fortuna,Neotropical,Pacific,Guatuso-Talamanca province,Moist forest|Wet forest,GF05013247S,Guatuso-Talamanca province,15,0,0,0,0,0,0,2,5,0,0,0,0,0,0,0,2,0,1,0,0,1,13,0,0,0,1,0,1,soil,41,9,12.19512195,12.19512195,,9,5.18437
GF05014639S,"Ullum Valley, San Juan Province",Neotropical,South American Transition Zone,Monte province,Desert scrub,GF05014639S,Monte province,0,0,0,0,0,0,0,0,0,0,0,0,0,0,0,0,0,0,0,0,0,0,0,0,0,0,0,0,0,rhizosphere soil,0,0,#DIV/0!,0,,0,1
GF05014641S,"Ullum Valley, San Juan Province",Neotropical,South American Transition Zone,Monte province,Desert scrub,GF05014641S,Monte province,0,0,0,0,0,0,0,0,0,0,0,0,0,0,0,0,0,0,0,0,0,0,0,0,0,0,0,0,0,rhizosphere soil,0,0,#DIV/0!,0,,0,1
GF05014650S,"Ullum Valley, San Juan Province",Neotropical,South American Transition Zone,Monte province,Desert scrub,GF05014650S,Monte province,0,0,0,0,0,0,0,0,0,0,0,0,0,0,0,0,0,0,0,0,0,0,0,0,0,0,0,0,0,rhizosphere soil,0,0,#DIV/0!,0,,0,1
GF05014656S,"Ullum Valley, San Juan Province",Neotropical,South American Transition Zone,Monte province,Desert scrub,GF05014656S,Monte province,0,0,0,0,0,0,0,0,0,0,0,0,0,0,0,0,0,0,0,0,0,0,0,0,0,0,0,0,0,rhizosphere soil,0,0,#DIV/0!,0,,0,1
GF05014657S,"Ullum Valley, San Juan Province",Neotropical,South American Transition Zone,Monte province,Desert scrub,GF05014657S,Monte province,0,0,0,0,0,0,0,0,0,0,0,0,0,0,0,0,0,0,0,0,0,0,0,0,0,0,0,0,0,rhizosphere soil,0,0,#DIV/0!,0,,0,1
GF05014985S,Torreya State Park,N/A,N/A,N/A,,GF05014985S,N/A,0,0,0,0,0,0,0,0,1,0,0,0,0,0,0,0,0,0,0,0,0,0,0,0,0,0,0,0,0,root,1,1,100,100,,1,1
GF05014986S,Torreya State Park,N/A,N/A,N/A,,GF05014986S,N/A,2,0,0,0,0,0,0,0,0,0,0,0,0,0,0,0,0,0,0,0,0,0,0,0,0,0,0,0,0,root,2,1,0,0,,1,1
GF05014987S,Torreya State Park,N/A,N/A,N/A,,GF05014987S,N/A,35,0,0,1,1,0,0,1,33,0,0,0,0,0,7,0,7,1,2,0,0,0,19,0,0,0,6,0,5,soil,118,12,27.96610169,27.96610169,,12,6.438328
GF05014988S,Torreya State Park,N/A,N/A,N/A,,GF05014988S,N/A,18,0,0,0,2,0,0,0,11,0,0,1,0,0,3,0,2,0,2,0,0,0,5,0,0,0,1,0,0,root,45,9,24.44444444,24.44444444,,9,5.583829
GF05014989S,Torreya State Park,N/A,N/A,N/A,,GF05014989S,N/A,4,0,0,0,0,0,0,0,10,0,0,0,0,0,2,0,0,0,2,0,0,0,1,0,0,0,1,0,2,root,22,7,45.45454545,45.45454545,,7,4.9695
GF05014990S,Torreya State Park,N/A,N/A,N/A,,GF05014990S,N/A,130,0,0,0,6,3,0,3,48,0,0,1,0,0,20,0,10,2,11,0,0,0,29,0,0,0,15,0,16,soil,294,13,16.32653061,16.32653061,,13,6.312314
GF05014991S,Torreya State Park,N/A,N/A,N/A,,GF05014991S,N/A,1,0,0,0,0,0,0,0,0,0,0,0,0,0,0,0,0,0,0,0,0,0,0,0,0,0,0,0,0,root,1,1,0,0,,1,1
GF05014992S,Torreya State Park,N/A,N/A,N/A,,GF05014992S,N/A,0,0,0,0,0,0,0,0,0,0,0,0,0,0,0,0,0,0,0,0,0,0,0,0,0,0,0,0,0,soil,0,0,#DIV/0!,0,,0,1
GF05014993S,Torreya State Park,N/A,N/A,N/A,,GF05014993S,N/A,0,0,0,0,0,0,0,0,0,0,0,0,0,0,0,0,0,0,0,0,0,0,0,0,0,0,0,0,0,soil,0,0,#DIV/0!,0,,0,1
GF05014994S,Torreya State Park,N/A,N/A,N/A,,GF05014994S,N/A,2,0,0,0,0,0,0,0,0,0,0,0,0,0,0,0,0,0,0,0,0,0,0,0,0,0,0,0,0,soil,2,1,0,0,,1,1
GF05014995S,Torreya State Park,N/A,N/A,N/A,,GF05014995S,N/A,1,0,0,0,0,0,0,0,0,0,0,0,0,0,0,0,0,0,0,0,0,0,0,0,0,0,0,0,0,soil,1,1,0,0,,1,1
GF05014996S,Torreya State Park,N/A,N/A,N/A,,GF05014996S,N/A,13,0,0,0,0,0,0,0,4,0,0,0,0,0,0,0,0,0,6,0,0,3,4,0,0,0,0,0,5,root,35,6,11.42857143,11.42857143,,6,5.230674
GF05014997S,Torreya State Park,N/A,N/A,N/A,,GF05014997S,N/A,2,0,0,0,0,0,0,0,0,0,0,0,0,0,0,0,0,0,0,0,0,0,0,0,0,0,0,0,0,root,2,1,0,0,,1,1
GF05014998S,Torreya State Park,N/A,N/A,N/A,,GF05014998S,N/A,0,0,0,0,0,0,0,0,1,0,0,0,0,0,0,0,0,0,0,0,0,0,0,0,0,0,0,0,0,root,1,1,100,100,,1,1
GF05014999S,Torreya State Park,N/A,N/A,N/A,,GF05014999S,N/A,102,0,0,0,8,1,0,1,47,0,0,0,1,0,16,0,5,3,13,0,0,3,34,0,0,0,22,0,18,soil,274,14,17.15328467,17.15328467,,14,7.082425
GF05015000S,Torreya State Park,N/A,N/A,N/A,,GF05015000S,N/A,0,0,0,0,0,0,0,0,0,0,0,0,0,0,0,0,0,0,0,0,0,0,0,0,0,0,0,0,0,root,0,0,#DIV/0!,0,,0,1
GF05015001S,Torreya State Park,N/A,N/A,N/A,,GF05015001S,N/A,10,0,0,0,0,0,0,0,9,0,0,1,0,0,1,0,0,0,7,0,0,3,2,0,0,0,1,0,2,root,36,9,25,25,,9,6.345
GF05015002S,Torreya State Park,N/A,N/A,N/A,,GF05015002S,N/A,4,0,0,0,1,0,0,0,5,0,0,0,0,0,1,0,0,0,3,0,0,1,2,0,0,0,0,0,2,root,19,8,26.31578947,26.31578947,,8,6.750796
GF05015220S,"Izalco, Sonsonate",Neotropical,,Chiapas Highlands province,Dry forest|Moist forest,GF05015220S,Chiapas Highlands province,128,0,0,0,17,0,0,12,0,0,0,4,0,0,30,0,10,1,37,0,0,0,45,1,0,0,30,0,39,soil,354,12,0,0,,12,7.188568
GF05015221S,"Izalco, Sonsonate",Neotropical,,Chiapas Highlands province,Dry forest|Moist forest,GF05015221S,Chiapas Highlands province,159,0,0,0,14,0,0,12,1,1,0,2,0,0,40,0,5,0,31,0,0,0,23,1,0,0,9,0,33,soil,331,13,0.302114804,0.302114804,,13,5.716677
GF05015222S,"Izalco, Sonsonate",Neotropical,,Chiapas Highlands province,Dry forest|Moist forest,GF05015222S,Chiapas Highlands province,57,0,0,0,7,0,0,5,0,0,0,3,0,1,24,0,10,0,38,0,0,0,11,1,0,0,5,0,12,soil,174,12,0,0,,12,7.076799
GF05015223S,"Izalco, Sonsonate",Neotropical,,Chiapas Highlands province,Dry forest|Moist forest,GF05015223S,Chiapas Highlands province,93,0,0,0,13,0,0,10,0,0,1,2,0,1,35,0,15,0,47,0,0,1,24,0,0,0,16,0,22,soil,280,13,0,0,,13,7.490029
GF05015224S,"Izalco, Sonsonate",Neotropical,,Chiapas Highlands province,Dry forest|Moist forest,GF05015224S,Chiapas Highlands province,118,0,0,0,13,0,0,13,1,0,0,4,0,5,28,0,15,0,30,0,0,0,18,0,0,0,14,0,24,soil,283,12,0.35335689,0.35335689,,12,7.063156
GF05015225S,"Izalco, Sonsonate",Neotropical,,Chiapas Highlands province,Dry forest|Moist forest,GF05015225S,Chiapas Highlands province,86,0,0,0,8,0,0,8,0,0,0,2,0,4,25,0,13,0,33,0,0,0,18,0,0,0,13,0,15,soil,225,11,0,0,,11,7.072665
GF05015226S,"Izalco, Sonsonate",Neotropical,,Chiapas Highlands province,Dry forest|Moist forest,GF05015226S,Chiapas Highlands province,92,0,0,0,13,0,0,14,0,0,2,4,0,4,26,0,14,0,28,1,0,0,20,1,0,0,9,0,17,soil,245,14,0,0,,14,7.894882
GF05015227S,"Izalco, Sonsonate",Neotropical,,Chiapas Highlands province,Dry forest|Moist forest,GF05015227S,Chiapas Highlands province,92,0,0,0,14,0,0,13,1,0,1,6,0,3,33,0,9,0,42,0,0,0,23,0,0,0,11,0,18,soil,266,13,0.37593985,0.37593985,,13,7.678075
GF05015228S,"Izalco, Sonsonate",Neotropical,,Chiapas Highlands province,Dry forest|Moist forest,GF05015228S,Chiapas Highlands province,146,0,0,0,12,0,0,4,1,0,0,3,0,2,25,0,2,0,38,0,0,0,12,3,0,0,20,0,24,soil,292,13,0.342465753,0.342465753,,13,5.552685
GF05015229S,"Izalco, Sonsonate",Neotropical,,Chiapas Highlands province,Dry forest|Moist forest,GF05015229S,Chiapas Highlands province,48,0,0,0,8,0,0,1,0,0,0,2,0,7,13,0,5,0,19,0,0,0,8,2,0,0,3,0,22,soil,138,12,0,0,,12,7.380692
GF05015230S,"Izalco, Sonsonate",Neotropical,,Chiapas Highlands province,Dry forest|Moist forest,GF05015230S,Chiapas Highlands province,98,0,0,0,12,0,0,4,0,0,0,2,0,7,17,0,4,0,30,0,0,0,10,1,0,0,10,0,19,soil,214,12,0,0,,12,6.212326
GF05015231S,"Izalco, Sonsonate",Neotropical,,Chiapas Highlands province,Dry forest|Moist forest,GF05015231S,Chiapas Highlands province,132,0,0,0,9,0,1,4,1,0,0,3,0,3,25,0,6,0,36,0,0,0,23,2,0,0,14,0,25,soil,284,14,0.352112676,0.352112676,,14,6.168306
GF05015232S,"Izalco, Sonsonate",Neotropical,,Chiapas Highlands province,Dry forest|Moist forest,GF05015232S,Chiapas Highlands province,53,0,0,0,1,0,0,2,0,0,1,2,0,0,16,0,0,0,24,0,0,0,6,0,0,0,6,0,16,soil,127,10,0,0,,10,5.457441
GF05015233S,"Izalco, Sonsonate",Neotropical,,Chiapas Highlands province,Dry forest|Moist forest,GF05015233S,Chiapas Highlands province,153,0,0,0,18,0,0,5,0,1,0,3,1,1,38,0,5,1,64,0,0,0,28,2,0,0,14,0,38,soil,372,15,0,0,,15,6.330732
GF05015234S,"Izalco, Sonsonate",Neotropical,,Chiapas Highlands province,Dry forest|Moist forest,GF05015234S,Chiapas Highlands province,84,0,0,0,9,0,0,7,0,0,0,1,0,1,19,0,6,0,23,0,0,0,17,0,0,0,11,0,13,soil,191,11,0,0,,11,6.278832
GF05015235S,"Izalco, Sonsonate",Neotropical,,Chiapas Highlands province,Dry forest|Moist forest,GF05015235S,Chiapas Highlands province,100,0,0,0,10,0,0,8,0,0,0,2,0,1,17,0,4,1,14,0,0,0,12,0,0,0,13,0,18,soil,200,12,0,0,,12,5.819773
GF05015236S,"Izalco, Sonsonate",Neotropical,,Chiapas Highlands province,Dry forest|Moist forest,GF05015236S,Chiapas Highlands province,105,0,0,0,8,0,0,7,0,0,0,2,0,2,21,0,7,0,18,0,0,0,18,0,0,0,16,0,28,soil,232,11,0,0,,11,6.183438
GF05015237S,"Izalco, Sonsonate",Neotropical,,Chiapas Highlands province,Dry forest|Moist forest,GF05015237S,Chiapas Highlands province,90,0,0,0,7,0,0,9,0,0,1,0,0,0,20,0,5,0,15,0,0,0,15,0,0,0,13,0,10,soil,185,10,0,0,,10,5.694666
GF05015238S,"Izalco, Sonsonate",Neotropical,,Chiapas Highlands province,Dry forest|Moist forest,GF05015238S,Chiapas Highlands province,89,0,0,0,12,0,0,7,0,0,0,3,1,1,28,0,10,0,47,0,0,0,25,1,0,0,14,0,24,soil,262,13,0,0,,13,7.324615
GF05015239S,"Izalco, Sonsonate",Neotropical,,Chiapas Highlands province,Dry forest|Moist forest,GF05015239S,Chiapas Highlands province,128,0,0,0,15,0,0,9,0,1,0,3,1,4,25,0,9,0,45,0,0,0,29,0,0,0,23,0,33,soil,325,13,0,0,,13,7.007032
GF05015240S,"Izalco, Sonsonate",Neotropical,,Chiapas Highlands province,Dry forest|Moist forest,GF05015240S,Chiapas Highlands province,83,0,0,0,8,0,0,13,0,0,1,2,0,3,16,0,3,0,23,0,0,0,28,0,0,0,13,0,20,soil,213,12,0,0,,12,6.990681
GF05015241S,"Izalco, Sonsonate",Neotropical,,Chiapas Highlands province,Dry forest|Moist forest,GF05015241S,Chiapas Highlands province,60,0,0,0,6,0,0,8,0,0,0,1,0,0,10,0,3,1,7,0,0,0,9,0,0,0,5,0,9,soil,119,11,0,0,,11,5.748737
GF05015242S,"Izalco, Sonsonate",Neotropical,,Chiapas Highlands province,Dry forest|Moist forest,GF05015242S,Chiapas Highlands province,80,0,0,0,6,0,0,11,0,0,2,5,0,3,18,0,6,0,18,0,0,0,11,0,0,0,8,0,21,soil,189,12,0,0,,12,7.027573
GF05015243S,"Izalco, Sonsonate",Neotropical,,Chiapas Highlands province,Dry forest|Moist forest,GF05015243S,Chiapas Highlands province,92,0,0,0,11,0,0,5,0,0,0,2,1,7,29,0,4,0,33,0,0,0,15,1,0,0,11,0,29,soil,240,13,0,0,,13,6.990322
GF05015244S,"Izalco, Sonsonate",Neotropical,,Chiapas Highlands province,Dry forest|Moist forest,GF05015244S,Chiapas Highlands province,123,0,0,0,15,1,0,4,0,0,0,1,0,3,28,0,7,0,30,1,0,0,30,2,0,0,31,0,29,soil,305,14,0,0,,14,6.848931
GF05015245S,"Izalco, Sonsonate",Neotropical,,Chiapas Highlands province,Dry forest|Moist forest,GF05015245S,Chiapas Highlands province,71,0,0,0,11,0,0,5,1,0,0,3,0,0,18,0,6,0,13,0,0,0,22,0,0,0,18,0,16,soil,184,11,0.543478261,0.543478261,,11,7.023548
GF05015246S,"Izalco, Sonsonate",Neotropical,,Chiapas Highlands province,Dry forest|Moist forest,GF05015246S,Chiapas Highlands province,78,0,0,0,14,0,0,9,0,0,1,3,0,2,22,0,8,0,32,0,0,0,17,0,0,0,14,0,13,soil,213,12,0,0,,12,7.414431
GF05015247S,"Izalco, Sonsonate",Neotropical,,Chiapas Highlands province,Dry forest|Moist forest,GF05015247S,Chiapas Highlands province,72,0,0,0,6,0,0,6,0,0,0,5,0,3,24,0,3,0,38,0,0,0,10,0,0,0,3,0,19,soil,189,11,0,0,,11,6.366979
GF05015248S,"Izalco, Sonsonate",Neotropical,,Chiapas Highlands province,Dry forest|Moist forest,GF05015248S,Chiapas Highlands province,111,0,0,0,19,0,0,8,1,0,0,2,0,5,34,0,12,0,50,0,0,0,24,0,0,0,14,0,24,soil,304,12,0.328947368,0.328947368,,12,7.159258
GF05015249S,"Izalco, Sonsonate",Neotropical,,Chiapas Highlands province,Dry forest|Moist forest,GF05015249S,Chiapas Highlands province,81,0,0,0,9,0,0,7,1,0,0,3,0,2,22,0,6,0,24,0,0,0,14,0,0,0,9,0,12,soil,190,12,0.526315789,0.526315789,,12,6.697805
GF05015250S,"Izalco, Sonsonate",Neotropical,,Chiapas Highlands province,Dry forest|Moist forest,GF05015250S,Chiapas Highlands province,120,0,0,0,16,0,0,13,0,0,0,3,0,6,30,0,9,0,34,0,0,0,26,0,0,0,14,0,22,soil,293,11,0,0,,11,6.917359
GF05015251S,"Izalco, Sonsonate",Neotropical,,Chiapas Highlands province,Dry forest|Moist forest,GF05015251S,Chiapas Highlands province,71,0,0,0,11,0,0,5,0,0,0,0,1,4,19,0,11,0,34,0,0,1,14,0,0,0,15,0,21,soil,207,12,0,0,,12,7.516264
GF05015252S,"Izalco, Sonsonate",Neotropical,,Chiapas Highlands province,Dry forest|Moist forest,GF05015252S,Chiapas Highlands province,72,0,0,0,10,0,0,8,0,0,0,0,1,10,20,0,7,0,27,0,0,1,6,0,0,0,7,0,16,soil,185,12,0,0,,12,7.149455
GF05015253S,"Izalco, Sonsonate",Neotropical,,Chiapas Highlands province,Dry forest|Moist forest,GF05015253S,Chiapas Highlands province,111,0,0,0,12,0,0,5,0,0,3,2,0,10,41,0,10,0,51,0,0,0,18,0,0,0,10,0,27,soil,300,12,0,0,,12,6.980992
GF05015254S,"Izalco, Sonsonate",Neotropical,,Chiapas Highlands province,Dry forest|Moist forest,GF05015254S,Chiapas Highlands province,120,0,0,0,10,0,0,4,0,0,1,2,0,14,31,0,11,0,39,0,0,0,27,0,0,0,17,0,24,soil,300,12,0,0,,12,6.926277
GF05015255S,"Izalco, Sonsonate",Neotropical,,Chiapas Highlands province,Dry forest|Moist forest,GF05015255S,Chiapas Highlands province,33,0,0,0,1,0,0,2,0,0,0,5,0,6,12,0,1,0,13,0,0,0,9,0,0,0,1,0,8,soil,91,11,0,0,,11,6.868016
GF05015256S,"Izalco, Sonsonate",Neotropical,,Chiapas Highlands province,Dry forest|Moist forest,GF05015256S,Chiapas Highlands province,117,0,0,0,16,0,0,9,0,0,0,2,1,10,33,0,12,0,43,0,0,0,28,0,0,0,20,0,28,soil,319,12,0,0,,12,7.433656
GF05015257S,"Izalco, Sonsonate",Neotropical,,Chiapas Highlands province,Dry forest|Moist forest,GF05015257S,Chiapas Highlands province,133,0,0,0,21,0,0,16,0,0,2,4,1,5,36,0,15,0,47,0,0,0,31,0,0,0,23,0,26,soil,360,13,0,0,,13,7.627658
GF05015258S,"Izalco, Sonsonate",Neotropical,,Chiapas Highlands province,Dry forest|Moist forest,GF05015258S,Chiapas Highlands province,105,0,0,0,11,0,0,7,1,0,0,1,1,3,31,0,7,0,27,1,0,0,23,1,0,0,19,0,23,soil,261,15,0.383141762,0.383141762,,15,7.08792
GF05015259S,"Izalco, Sonsonate",Neotropical,,Chiapas Highlands province,Dry forest|Moist forest,GF05015259S,Chiapas Highlands province,129,0,0,0,17,0,0,9,0,0,0,3,0,4,25,0,9,0,32,0,0,0,34,0,0,0,22,0,29,soil,313,11,0,0,,11,6.760297
GF05015260S,"Izalco, Sonsonate",Neotropical,,Chiapas Highlands province,Dry forest|Moist forest,GF05015260S,Chiapas Highlands province,61,0,0,0,6,0,0,5,0,0,0,2,1,3,16,0,5,0,12,0,0,0,10,0,0,0,5,0,21,soil,147,12,0,0,,12,6.815156
GF05015261S,"Izalco, Sonsonate",Neotropical,,Chiapas Highlands province,Dry forest|Moist forest,GF05015261S,Chiapas Highlands province,74,0,0,0,7,0,0,6,0,0,0,1,0,2,23,0,4,0,26,0,0,0,18,0,0,0,7,0,15,soil,183,11,0,0,,11,6.425705
GF05015262S,"Izalco, Sonsonate",Neotropical,,Chiapas Highlands province,Dry forest|Moist forest,GF05015262S,Chiapas Highlands province,97,0,0,0,10,0,0,8,0,0,0,2,1,5,25,0,10,0,36,0,0,0,25,0,0,0,19,0,23,soil,261,12,0,0,,12,7.28954
GF05015263S,"Izalco, Sonsonate",Neotropical,,Chiapas Highlands province,Dry forest|Moist forest,GF05015263S,Chiapas Highlands province,108,0,0,0,12,0,0,4,1,0,0,1,1,0,24,0,8,1,24,2,0,0,29,0,0,0,14,0,27,soil,256,14,0.390625,0.390625,,14,6.633263
GF05015264S,"Izalco, Sonsonate",Neotropical,,Chiapas Highlands province,Dry forest|Moist forest,GF05015264S,Chiapas Highlands province,125,0,0,0,11,0,0,6,0,0,0,1,0,2,29,0,8,1,21,2,0,0,35,0,0,0,23,0,35,soil,299,13,0,0,,13,6.54607
GF05015265S,"Izalco, Sonsonate",Neotropical,,Chiapas Highlands province,Dry forest|Moist forest,GF05015265S,Chiapas Highlands province,85,0,0,0,10,0,0,10,0,0,0,1,0,0,24,0,6,0,21,0,0,0,13,0,0,0,14,0,19,soil,203,10,0,0,,10,6.427834
GF05015266S,"Izalco, Sonsonate",Neotropical,,Chiapas Highlands province,Dry forest|Moist forest,GF05015266S,Chiapas Highlands province,91,0,0,0,10,0,0,9,0,0,0,0,0,0,15,0,10,1,19,0,0,0,17,1,0,0,10,0,15,soil,198,11,0,0,,11,6.235323
GF05015267S,"Izalco, Sonsonate",Neotropical,,Chiapas Highlands province,Dry forest|Moist forest,GF05015267S,Chiapas Highlands province,58,0,0,0,8,5,0,4,0,0,0,1,1,0,21,0,4,1,13,0,0,0,14,0,0,0,17,0,12,soil,159,13,0,0,,13,7.599608
GF05015268S,"Izalco, Sonsonate",Neotropical,,Chiapas Highlands province,Dry forest|Moist forest,GF05015268S,Chiapas Highlands province,93,0,0,0,7,0,0,7,0,0,0,1,0,3,19,0,5,0,13,0,0,0,13,0,0,0,17,0,16,soil,194,11,0,0,,11,5.971816
GF05015269S,"Izalco, Sonsonate",Neotropical,,Chiapas Highlands province,Dry forest|Moist forest,GF05015269S,Chiapas Highlands province,43,0,0,0,2,0,0,2,0,0,1,3,0,1,12,0,3,0,18,0,0,0,5,3,0,0,5,0,16,soil,114,13,0,0,,13,7.086482
GF05015270S,"Izalco, Sonsonate",Neotropical,,Chiapas Highlands province,Dry forest|Moist forest,GF05015270S,Chiapas Highlands province,101,0,0,0,8,0,0,6,0,0,1,7,0,6,25,0,10,0,37,0,0,0,12,3,0,0,12,0,33,soil,261,13,0,0,,13,7.305579
GF05015271S,"Izalco, Sonsonate",Neotropical,,Chiapas Highlands province,Dry forest|Moist forest,GF05015271S,Chiapas Highlands province,106,0,0,0,9,0,0,5,1,0,0,1,0,0,22,0,5,0,18,1,0,0,18,0,0,0,14,0,26,soil,226,12,0.442477876,0.442477876,,12,5.899846
GF05015272S,"Izalco, Sonsonate",Neotropical,,Chiapas Highlands province,Dry forest|Moist forest,GF05015272S,Chiapas Highlands province,61,0,0,0,4,0,0,9,0,0,0,4,0,0,17,0,3,0,12,0,0,0,8,0,0,0,9,0,14,soil,141,10,0,0,,10,6.389648
GF05015273S,"Izalco, Sonsonate",Neotropical,,Chiapas Highlands province,Dry forest|Moist forest,GF05015273S,Chiapas Highlands province,100,0,0,0,7,0,0,7,0,0,0,2,0,4,26,0,6,0,39,0,0,0,19,0,0,0,7,0,22,soil,239,11,0,0,,11,6.257535
GF05015274S,"Izalco, Sonsonate",Neotropical,,Chiapas Highlands province,Dry forest|Moist forest,GF05015274S,Chiapas Highlands province,94,0,0,0,9,0,0,9,0,0,0,1,0,2,20,0,9,0,24,0,0,0,15,1,0,0,10,0,25,soil,219,12,0,0,,12,6.565462
GF05015275S,"Izalco, Sonsonate",Neotropical,,Chiapas Highlands province,Dry forest|Moist forest,GF05015275S,Chiapas Highlands province,129,0,0,0,15,0,0,4,0,0,3,3,2,2,28,0,5,0,33,0,0,0,21,2,0,0,10,0,29,soil,286,14,0,0,,14,6.434421
GF05015276S,"Izalco, Sonsonate",Neotropical,,Chiapas Highlands province,Dry forest|Moist forest,GF05015276S,Chiapas Highlands province,163,0,0,0,13,0,0,8,1,0,0,4,0,6,28,0,5,0,42,0,0,0,13,3,0,0,21,0,35,soil,342,13,0.292397661,0.292397661,,13,6.049736
GF05015277S,"Izalco, Sonsonate",Neotropical,,Chiapas Highlands province,Dry forest|Moist forest,GF05015277S,Chiapas Highlands province,112,0,0,0,8,0,0,6,0,0,0,4,1,7,34,0,6,0,30,0,0,0,22,1,0,0,14,0,21,soil,266,13,0,0,,13,6.767272
GF05015278S,"Izalco, Sonsonate",Neotropical,,Chiapas Highlands province,Dry forest|Moist forest,GF05015278S,Chiapas Highlands province,63,0,0,0,8,0,0,4,0,0,0,2,1,6,21,0,4,0,20,0,0,0,4,0,0,0,9,0,12,soil,154,12,0,0,,12,6.827241
GF05015279S,"Izalco, Sonsonate",Neotropical,,Chiapas Highlands province,Dry forest|Moist forest,GF05015279S,Chiapas Highlands province,102,0,0,0,13,0,1,1,0,0,0,4,0,6,27,0,8,0,29,0,0,0,11,2,0,0,15,0,22,soil,241,13,0,0,,13,6.766474
GF05015280S,"Izalco, Sonsonate",Neotropical,,Chiapas Highlands province,Dry forest|Moist forest,GF05015280S,Chiapas Highlands province,115,0,0,0,11,1,1,5,0,0,1,3,1,2,20,0,7,0,36,0,0,0,16,2,0,0,11,0,31,soil,263,16,0,0,,16,6.682903
GF05015281S,"Izalco, Sonsonate",Neotropical,,Chiapas Highlands province,Dry forest|Moist forest,GF05015281S,Chiapas Highlands province,160,0,0,0,19,0,1,3,1,0,3,3,1,2,36,0,11,0,45,0,0,0,21,5,0,0,18,0,33,soil,362,16,0.276243094,0.276243094,,16,6.679476
GF05015282S,"Izalco, Sonsonate",Neotropical,,Chiapas Highlands province,Dry forest|Moist forest,GF05015282S,Chiapas Highlands province,103,0,0,0,13,0,1,3,0,0,2,3,1,1,19,0,10,0,29,0,0,0,14,1,0,0,5,0,30,soil,235,15,0,0,,15,6.521555
GF05015283S,"Izalco, Sonsonate",Neotropical,,Chiapas Highlands province,Dry forest|Moist forest,GF05015283S,Chiapas Highlands province,126,0,0,1,12,1,1,3,1,0,0,5,0,0,21,0,12,0,37,0,0,0,18,4,0,0,13,0,30,soil,285,15,0.350877193,0.350877193,,15,6.653507
GF05015284S,"Izalco, Sonsonate",Neotropical,,Chiapas Highlands province,Dry forest|Moist forest,GF05015284S,Chiapas Highlands province,139,0,0,0,11,0,0,5,0,0,0,3,1,2,30,0,5,0,35,0,0,0,21,2,0,0,17,0,36,soil,307,13,0,0,,13,6.119637
GF05015285S,"Izalco, Sonsonate",Neotropical,,Chiapas Highlands province,Dry forest|Moist forest,GF05015285S,Chiapas Highlands province,101,0,0,0,17,0,0,3,0,0,2,2,0,3,19,0,5,0,33,0,0,0,19,2,0,0,10,0,31,soil,247,13,0,0,,13,6.731429
GF05015286S,"Izalco, Sonsonate",Neotropical,,Chiapas Highlands province,Dry forest|Moist forest,GF05015286S,Chiapas Highlands province,159,0,0,0,14,1,0,5,1,0,3,5,0,2,33,0,11,0,38,0,0,0,26,2,0,0,16,0,40,soil,356,15,0.280898876,0.280898876,,15,6.562955
GF05015287S,"Izalco, Sonsonate",Neotropical,,Chiapas Highlands province,Dry forest|Moist forest,GF05015287S,Chiapas Highlands province,136,0,0,0,11,0,0,9,0,0,0,1,1,5,27,0,6,0,23,0,0,0,11,2,0,0,11,0,19,soil,262,13,0,0,,13,5.6706
GF05015288S,"Izalco, Sonsonate",Neotropical,,Chiapas Highlands province,Dry forest|Moist forest,GF05015288S,Chiapas Highlands province,93,0,0,0,9,0,0,10,0,0,0,1,1,4,21,0,7,0,15,0,0,0,12,0,0,0,19,0,9,soil,201,12,0,0,,12,6.37633
GF05015289S,"Izalco, Sonsonate",Neotropical,,Chiapas Highlands province,Dry forest|Moist forest,GF05015289S,Chiapas Highlands province,80,0,0,0,5,0,0,4,0,0,0,0,0,0,19,0,5,0,11,0,0,0,9,1,0,0,6,0,18,soil,158,10,0,0,,10,5.277145
GF05015568S,"Rukamanque park, Araucanía Region",N/A,N/A,N/A,Moist forest|Wet forest,GF05015568S,N/A,56,0,0,0,7,1,0,2,73,0,1,0,0,0,17,0,1,0,4,0,0,1,23,1,0,0,1,0,5,soil,193,14,37.8238342,37.8238342,,14,5.476641
GF05015569S,"Rukamanque park, Araucanía Region",N/A,N/A,N/A,Moist forest|Wet forest,GF05015569S,N/A,86,0,0,0,6,1,0,7,76,0,1,0,0,0,19,0,2,0,8,0,0,3,55,1,0,0,6,0,6,soil,277,14,27.4368231,27.4368231,,14,6.12668
GF05015570S,"Rukamanque park, Araucanía Region",N/A,N/A,N/A,Moist forest|Wet forest,GF05015570S,N/A,38,0,0,0,3,0,0,0,42,0,0,0,0,0,17,0,2,0,6,0,0,2,16,1,0,0,2,0,1,soil,130,11,32.30769231,32.30769231,,11,5.725362
GF05015571S,"Rukamanque park, Araucanía Region",N/A,N/A,N/A,Moist forest|Wet forest,GF05015571S,N/A,60,1,0,0,4,4,0,1,38,0,1,0,0,0,23,0,2,0,5,0,0,2,43,1,0,0,4,0,0,soil,189,14,20.10582011,20.10582011,,14,6.221627
GF05015572S,"Rukamanque park, Araucanía Region",N/A,N/A,N/A,Moist forest|Wet forest,GF05015572S,N/A,32,0,0,0,3,0,0,0,32,0,0,0,0,0,8,0,2,0,6,0,0,2,19,1,0,0,1,0,4,soil,110,11,29.09090909,29.09090909,,11,6.177568
GF05015573S,"Rukamanque park, Araucanía Region",N/A,N/A,N/A,Moist forest|Wet forest,GF05015573S,N/A,36,0,0,0,0,1,0,0,37,0,0,0,0,0,8,0,2,0,7,0,0,2,23,0,0,0,6,0,1,soil,123,10,30.08130081,30.08130081,,10,5.668311
GF05015574S,"Rukamanque park, Araucanía Region",N/A,N/A,N/A,Moist forest|Wet forest,GF05015574S,N/A,65,0,0,0,5,1,0,2,58,0,0,0,0,0,15,0,1,1,9,0,0,2,41,1,0,0,2,0,4,rhizosphere soil,207,14,28.01932367,28.01932367,,14,5.87762
GF05015575S,"Rukamanque park, Araucanía Region",N/A,N/A,N/A,Moist forest|Wet forest,GF05015575S,N/A,70,0,0,0,4,0,0,0,74,0,0,0,0,0,17,0,2,0,7,0,0,2,37,1,0,0,3,0,8,rhizosphere soil,225,11,32.88888889,32.88888889,,11,5.391565
GF05015576S,"Rukamanque park, Araucanía Region",N/A,N/A,N/A,Moist forest|Wet forest,GF05015576S,N/A,74,0,0,0,2,0,0,2,57,0,1,0,0,0,16,0,1,3,16,0,0,1,30,1,0,0,2,0,1,rhizosphere soil,207,14,27.53623188,27.53623188,,14,5.602486
GF05015577S,"Rukamanque park, Araucanía Region",N/A,N/A,N/A,Moist forest|Wet forest,GF05015577S,N/A,47,0,0,0,5,1,0,2,62,0,0,0,0,0,9,0,1,0,4,0,0,1,26,1,0,0,6,0,1,rhizosphere soil,166,13,37.34939759,37.34939759,,13,5.452094
GF05015578S,"Rukamanque park, Araucanía Region",N/A,N/A,N/A,Moist forest|Wet forest,GF05015578S,N/A,50,1,0,0,5,1,0,3,59,0,1,0,0,1,18,0,0,0,9,0,0,2,38,1,0,0,1,0,3,rhizosphere soil,193,15,30.56994819,30.56994819,,15,6.242879
GF05015579S,"Rukamanque park, Araucanía Region",N/A,N/A,N/A,Moist forest|Wet forest,GF05015579S,N/A,62,1,0,0,4,1,0,4,44,0,0,0,0,0,19,0,2,0,9,0,0,2,39,1,0,0,6,0,8,rhizosphere soil,202,14,21.78217822,21.78217822,,14,6.895519
GF05016050S,"Santiago Comaltepec, Oaxaca",Neotropical,,Sierra Madre del Sur province,Moist forest|Wet forest,GF05016050S,Sierra Madre del Sur province,0,0,0,0,0,0,0,0,0,0,0,0,0,0,0,0,0,0,0,0,0,0,0,0,0,0,0,0,0,soil,0,0,#DIV/0!,0,,0,1
GF05016757S,"mining area of Basaltex, municipality of Tepetlaoxtoc, State of Mexico",Neotropical,,Transmexican Volcanic Belt province,Very dry forest|Dry forest,GF05016757S,Transmexican Volcanic Belt province,32,0,0,0,2,8,0,0,2,0,1,1,0,1,13,0,0,0,8,0,0,0,14,0,0,0,3,0,3,root,88,12,2.272727273,2.272727273,,12,6.915836
GF05016758S,"mining area of Basaltex, municipality of Tepetlaoxtoc, State of Mexico",Neotropical,,Transmexican Volcanic Belt province,Very dry forest|Dry forest,GF05016758S,Transmexican Volcanic Belt province,39,0,0,0,4,17,0,0,3,0,3,1,0,0,11,0,1,0,13,0,0,0,9,0,0,0,3,0,9,root,113,12,2.654867257,2.654867257,,12,7.550835
GF05016759S,"mining area of Basaltex, municipality of Tepetlaoxtoc, State of Mexico",Neotropical,,Transmexican Volcanic Belt province,Very dry forest|Dry forest,GF05016759S,Transmexican Volcanic Belt province,22,0,0,0,0,8,0,0,1,0,5,2,0,0,12,0,1,0,4,0,0,2,16,0,0,0,0,0,4,root,77,11,1.298701299,1.298701299,,11,7.364542
GF05016760S,"mining area of Basaltex, municipality of Tepetlaoxtoc, State of Mexico",Neotropical,,Transmexican Volcanic Belt province,Very dry forest|Dry forest,GF05016760S,Transmexican Volcanic Belt province,42,0,0,0,6,17,0,0,1,0,3,0,0,0,4,0,0,0,12,0,0,1,3,0,0,0,3,0,7,root,99,11,1.01010101,1.01010101,,11,6.169778
GF05016761S,"mining area of Basaltex, municipality of Tepetlaoxtoc, State of Mexico",Neotropical,,Transmexican Volcanic Belt province,Very dry forest|Dry forest,GF05016761S,Transmexican Volcanic Belt province,68,0,0,0,3,4,0,3,1,0,1,1,0,0,11,0,0,0,9,1,0,0,23,0,0,0,1,0,12,root,138,13,0.724637681,0.724637681,,13,5.403424
GF05016762S,"mining area of Basaltex, municipality of Tepetlaoxtoc, State of Mexico",Neotropical,,Transmexican Volcanic Belt province,Very dry forest|Dry forest,GF05016762S,Transmexican Volcanic Belt province,82,0,0,0,4,1,0,3,16,1,0,0,0,2,12,0,3,0,9,0,0,0,37,1,0,0,9,0,14,root,194,14,8.24742268,8.24742268,,14,6.489275
GF05016763S,"mining area of Basaltex, municipality of Tepetlaoxtoc, State of Mexico",Neotropical,,Transmexican Volcanic Belt province,Very dry forest|Dry forest,GF05016763S,Transmexican Volcanic Belt province,29,0,0,0,2,2,0,0,12,0,1,0,0,2,9,0,1,0,7,0,0,0,19,0,0,0,2,0,5,root,91,12,13.18681319,13.18681319,,12,7.235159
GF05016764S,"mining area of Basaltex, municipality of Tepetlaoxtoc, State of Mexico",Neotropical,,Transmexican Volcanic Belt province,Very dry forest|Dry forest,GF05016764S,Transmexican Volcanic Belt province,36,0,0,0,2,2,0,1,3,0,1,0,0,0,11,0,6,0,9,0,0,0,22,0,0,0,2,0,4,root,99,12,3.03030303,3.03030303,,12,6.679477
GF05016765S,"mining area of Basaltex, municipality of Tepetlaoxtoc, State of Mexico",Neotropical,,Transmexican Volcanic Belt province,Very dry forest|Dry forest,GF05016765S,Transmexican Volcanic Belt province,112,0,0,0,11,4,0,3,27,0,0,0,0,4,19,0,6,0,22,0,0,1,61,0,0,0,12,0,15,root,297,13,9.090909091,9.090909091,,13,6.975997
GF05016766S,"mining area of Basaltex, municipality of Tepetlaoxtoc, State of Mexico",Neotropical,,Transmexican Volcanic Belt province,Very dry forest|Dry forest,GF05016766S,Transmexican Volcanic Belt province,143,0,0,0,7,12,0,5,4,0,2,4,0,0,19,0,3,0,25,0,0,1,37,0,0,0,6,0,22,root,290,14,1.379310345,1.379310345,,14,5.978002
GF05016767S,"mining area of Basaltex, municipality of Tepetlaoxtoc, State of Mexico",Neotropical,,Transmexican Volcanic Belt province,Very dry forest|Dry forest,GF05016767S,Transmexican Volcanic Belt province,52,0,0,0,3,3,0,3,25,0,1,0,0,0,13,0,0,0,7,0,0,1,24,0,0,0,6,0,6,root,144,12,17.36111111,17.36111111,,12,6.755383
GF05016768S,"mining area of Basaltex, municipality of Tepetlaoxtoc, State of Mexico",Neotropical,,Transmexican Volcanic Belt province,Very dry forest|Dry forest,GF05016768S,Transmexican Volcanic Belt province,144,0,0,0,6,10,0,1,3,1,4,2,2,3,19,0,0,0,15,1,0,0,39,2,0,0,17,0,15,root,284,17,1.056338028,1.056338028,,17,6.031654
GF05016769S,"mining area of Basaltex, municipality of Tepetlaoxtoc, State of Mexico",Neotropical,,Transmexican Volcanic Belt province,Very dry forest|Dry forest,GF05016769S,Transmexican Volcanic Belt province,23,0,0,0,2,0,0,0,16,0,1,0,0,0,15,0,1,0,11,0,0,0,19,0,0,0,3,0,1,root,92,10,17.39130435,17.39130435,,10,6.47862
GF05016770S,"mining area of Basaltex, municipality of Tepetlaoxtoc, State of Mexico",Neotropical,,Transmexican Volcanic Belt province,Very dry forest|Dry forest,GF05016770S,Transmexican Volcanic Belt province,31,0,0,0,2,0,0,0,8,0,1,0,0,0,8,0,3,0,8,0,0,1,21,0,0,0,3,0,7,root,93,11,8.602150538,8.602150538,,11,6.900427
GF05016771S,"mining area of Basaltex, municipality of Tepetlaoxtoc, State of Mexico",Neotropical,,Transmexican Volcanic Belt province,Very dry forest|Dry forest,GF05016771S,Transmexican Volcanic Belt province,24,0,0,0,4,0,0,0,12,0,0,0,1,1,5,0,2,0,5,0,0,0,15,0,0,0,4,0,11,root,84,11,14.28571429,14.28571429,,11,7.614794
GF05016772S,"mining area of Basaltex, municipality of Tepetlaoxtoc, State of Mexico",Neotropical,,Transmexican Volcanic Belt province,Very dry forest|Dry forest,GF05016772S,Transmexican Volcanic Belt province,39,0,0,0,5,0,0,0,28,0,1,1,1,0,9,0,5,0,7,0,0,1,16,0,0,0,6,0,6,root,125,13,22.4,22.4,,13,7.508549
GF05016773S,"mining area of Basaltex, municipality of Tepetlaoxtoc, State of Mexico",Neotropical,,Transmexican Volcanic Belt province,Very dry forest|Dry forest,GF05016773S,Transmexican Volcanic Belt province,33,0,0,0,4,0,0,0,12,0,0,0,1,0,10,0,5,0,1,0,0,0,17,0,0,0,7,0,5,root,95,10,12.63157895,12.63157895,,10,6.718578
GF05016774S,"mining area of Basaltex, municipality of Tepetlaoxtoc, State of Mexico",Neotropical,,Transmexican Volcanic Belt province,Very dry forest|Dry forest,GF05016774S,Transmexican Volcanic Belt province,31,0,0,0,2,0,0,1,13,0,0,0,1,0,7,0,2,0,5,0,0,1,20,0,0,0,5,0,7,root,95,12,13.68421053,13.68421053,,12,7.144006
GF05016775S,"mining area of Basaltex, municipality of Tepetlaoxtoc, State of Mexico",Neotropical,,Transmexican Volcanic Belt province,Very dry forest|Dry forest,GF05016775S,Transmexican Volcanic Belt province,17,0,0,0,1,1,0,0,13,0,0,0,0,0,10,0,0,0,2,0,0,0,10,0,0,0,1,0,6,root,61,9,21.31147541,21.31147541,,9,6.176493
GF05016776S,"mining area of Basaltex, municipality of Tepetlaoxtoc, State of Mexico",Neotropical,,Transmexican Volcanic Belt province,Very dry forest|Dry forest,GF05016776S,Transmexican Volcanic Belt province,37,0,0,0,2,1,0,0,18,0,1,0,0,0,8,0,1,0,5,0,0,2,14,0,0,0,5,0,5,root,99,12,18.18181818,18.18181818,,12,6.732637
GF05016777S,"mining area of Basaltex, municipality of Tepetlaoxtoc, State of Mexico",Neotropical,,Transmexican Volcanic Belt province,Very dry forest|Dry forest,GF05016777S,Transmexican Volcanic Belt province,19,0,0,0,0,0,0,0,14,0,0,0,0,0,4,0,0,0,4,0,0,0,10,0,0,0,5,0,2,root,58,7,24.13793103,24.13793103,,7,5.517997
GF05016778S,"mining area of Basaltex, municipality of Tepetlaoxtoc, State of Mexico",Neotropical,,Transmexican Volcanic Belt province,Very dry forest|Dry forest,GF05016778S,Transmexican Volcanic Belt province,36,0,0,0,2,0,0,2,19,0,0,1,0,0,5,0,2,0,5,0,0,0,17,0,0,0,2,0,9,root,100,11,19,19,,11,6.422888
GF05016779S,"mining area of Basaltex, municipality of Tepetlaoxtoc, State of Mexico",Neotropical,,Transmexican Volcanic Belt province,Very dry forest|Dry forest,GF05016779S,Transmexican Volcanic Belt province,25,0,0,0,1,0,0,0,21,0,0,0,0,0,5,0,4,0,6,0,0,1,8,0,0,0,0,0,3,root,74,9,28.37837838,28.37837838,,9,5.779515
GF05016780S,"mining area of Basaltex, municipality of Tepetlaoxtoc, State of Mexico",Neotropical,,Transmexican Volcanic Belt province,Very dry forest|Dry forest,GF05016780S,Transmexican Volcanic Belt province,22,0,0,0,3,0,0,0,13,0,1,0,0,0,5,0,0,0,5,0,0,1,6,0,0,0,1,0,2,root,59,10,22.03389831,22.03389831,,10,6.205462
GF05016781S,"mining area of Basaltex, municipality of Tepetlaoxtoc, State of Mexico",Neotropical,,Transmexican Volcanic Belt province,Very dry forest|Dry forest,GF05016781S,Transmexican Volcanic Belt province,27,0,0,0,1,4,0,0,21,0,1,0,0,1,5,0,0,0,4,0,0,0,16,0,0,0,1,0,7,soil,88,11,23.86363636,23.86363636,,11,6.444409
GF05016782S,"mining area of Basaltex, municipality of Tepetlaoxtoc, State of Mexico",Neotropical,,Transmexican Volcanic Belt province,Very dry forest|Dry forest,GF05016782S,Transmexican Volcanic Belt province,202,0,0,0,12,25,0,2,7,2,1,2,0,5,34,0,4,1,64,8,0,2,26,4,0,0,20,0,39,soil,460,19,1.52173913,1.52173913,,19,7.219083
GF05016783S,"mining area of Basaltex, municipality of Tepetlaoxtoc, State of Mexico",Neotropical,,Transmexican Volcanic Belt province,Very dry forest|Dry forest,GF05016783S,Transmexican Volcanic Belt province,19,0,0,0,0,0,0,0,8,0,2,0,0,1,3,0,1,0,4,0,0,1,16,0,0,0,1,0,3,soil,59,11,13.55932203,13.55932203,,11,6.464178
GF05016784S,"mining area of Basaltex, municipality of Tepetlaoxtoc, State of Mexico",Neotropical,,Transmexican Volcanic Belt province,Very dry forest|Dry forest,GF05016784S,Transmexican Volcanic Belt province,27,0,0,0,2,3,0,0,12,0,0,0,0,0,8,0,0,0,5,0,0,0,15,0,0,0,2,0,1,soil,75,9,16,16,,9,5.9404
GF05016785S,"mining area of Basaltex, municipality of Tepetlaoxtoc, State of Mexico",Neotropical,,Transmexican Volcanic Belt province,Very dry forest|Dry forest,GF05016785S,Transmexican Volcanic Belt province,22,0,0,0,2,0,0,0,17,0,1,0,0,0,3,0,1,0,5,1,0,0,19,1,0,0,0,0,4,soil,76,11,22.36842105,22.36842105,,11,6.206823
GF05016786S,"mining area of Basaltex, municipality of Tepetlaoxtoc, State of Mexico",Neotropical,,Transmexican Volcanic Belt province,Very dry forest|Dry forest,GF05016786S,Transmexican Volcanic Belt province,64,0,0,0,8,2,0,2,29,0,1,0,0,2,7,0,6,0,10,0,0,0,60,0,0,0,7,0,5,soil,203,13,14.28571429,14.28571429,,13,6.476459
GF05016787S,"mining area of Basaltex, municipality of Tepetlaoxtoc, State of Mexico",Neotropical,,Transmexican Volcanic Belt province,Very dry forest|Dry forest,GF05016787S,Transmexican Volcanic Belt province,80,0,0,0,7,2,0,1,22,0,3,0,1,1,22,0,7,0,11,2,0,0,41,0,0,0,9,0,11,soil,220,15,10,10,,15,7.45429
GF05016788S,"mining area of Basaltex, municipality of Tepetlaoxtoc, State of Mexico",Neotropical,,Transmexican Volcanic Belt province,Very dry forest|Dry forest,GF05016788S,Transmexican Volcanic Belt province,123,0,0,0,7,1,0,4,26,0,4,1,1,4,24,0,11,0,21,1,0,1,62,0,0,0,15,0,23,soil,329,17,7.902735562,7.902735562,,17,7.544109
GF05016789S,"mining area of Basaltex, municipality of Tepetlaoxtoc, State of Mexico",Neotropical,,Transmexican Volcanic Belt province,Very dry forest|Dry forest,GF05016789S,Transmexican Volcanic Belt province,140,0,0,0,9,3,0,7,38,0,0,1,0,4,32,0,7,0,21,0,0,2,75,0,0,0,14,0,38,soil,391,14,9.718670077,9.718670077,,14,7.214202
GF05016790S,"mining area of Basaltex, municipality of Tepetlaoxtoc, State of Mexico",Neotropical,,Transmexican Volcanic Belt province,Very dry forest|Dry forest,GF05016790S,Transmexican Volcanic Belt province,21,0,0,0,0,2,0,0,22,0,0,0,2,0,5,0,0,0,4,0,0,2,17,0,0,0,5,0,1,soil,81,10,27.16049383,27.16049383,,10,6.375496
GF05016791S,"mining area of Basaltex, municipality of Tepetlaoxtoc, State of Mexico",Neotropical,,Transmexican Volcanic Belt province,Very dry forest|Dry forest,GF05016791S,Transmexican Volcanic Belt province,31,0,0,0,0,0,0,1,21,0,0,0,0,1,8,0,1,0,4,3,0,2,18,0,0,0,4,0,4,soil,98,12,21.42857143,21.42857143,,12,6.876752
GF05016792S,"mining area of Basaltex, municipality of Tepetlaoxtoc, State of Mexico",Neotropical,,Transmexican Volcanic Belt province,Very dry forest|Dry forest,GF05016792S,Transmexican Volcanic Belt province,131,0,0,0,6,6,0,7,41,0,0,0,1,0,28,0,10,0,25,1,0,1,43,0,1,0,16,0,34,soil,351,15,11.68091168,11.68091168,,15,7.523251
GF05018028S,"California, Dawson Los Monos Canyon",N/A,N/A,N/A,,GF05018028S,N/A,0,0,0,0,0,0,0,0,0,0,0,0,0,0,0,0,0,0,0,0,0,0,0,0,0,0,0,0,0,soil,0,0,#DIV/0!,0,,0,1
GF05018077S,"California, Kendall-Frost Mission Bay Marsh",N/A,N/A,N/A,,GF05018077S,N/A,0,0,0,0,0,0,0,0,0,0,0,0,0,0,0,0,0,0,0,0,0,0,0,0,0,0,0,0,0,soil,0,0,#DIV/0!,0,,0,1
GF05018144S,"California, Scripps Coastal Reserve",N/A,N/A,N/A,,GF05018144S,N/A,1,0,0,0,0,0,0,0,0,0,0,0,0,0,0,0,0,0,0,0,0,0,0,0,0,0,0,0,0,soil,1,1,0,0,,1,1
GF05018145S,"California, Scripps Coastal Reserve",N/A,N/A,N/A,,GF05018145S,N/A,0,0,0,0,0,0,0,0,0,0,0,0,0,0,0,0,0,0,0,0,0,0,0,0,0,0,0,0,0,soil,0,0,#DIV/0!,0,,0,1
GF05018186S,"California, Elliott Chaparral Reserve",N/A,N/A,N/A,,GF05018186S,N/A,0,0,0,0,0,0,0,0,0,0,0,0,0,0,0,0,0,0,0,0,0,0,0,0,0,0,0,0,0,soil,0,0,#DIV/0!,0,,0,1
GF05018187S,"California, Elliott Chaparral Reserve",N/A,N/A,N/A,,GF05018187S,N/A,0,0,0,0,0,0,0,0,0,0,0,0,0,0,0,0,0,0,0,0,0,0,0,0,0,0,0,0,0,soil,0,0,#DIV/0!,0,,0,1
GF05023580S,Misiones,Neotropical,Parana,Parana Forest province,Dry forest|Moist forest,GF05023580S,Parana Forest province,199,0,0,0,13,6,0,3,2,0,1,0,1,0,19,0,9,3,24,1,0,0,60,0,0,0,13,0,22,soil,376,15,0.531914894,0.531914894,,15,5.272257
GF05023581S,Misiones,Neotropical,Parana,Parana Forest province,Dry forest|Moist forest,GF05023581S,Parana Forest province,149,0,0,0,10,0,0,1,16,0,0,2,0,0,16,0,7,2,21,1,0,0,41,0,0,0,16,0,31,soil,313,13,5.111821086,5.111821086,,13,5.942839
GF05023582S,Misiones,Neotropical,Parana,Parana Forest province,Dry forest|Moist forest,GF05023582S,Parana Forest province,145,1,0,0,12,0,0,0,15,0,0,4,0,0,24,0,9,2,22,3,0,0,53,0,0,0,19,0,32,soil,341,13,4.398826979,4.398826979,,13,6.630326
GF05023583S,Misiones,Neotropical,Parana,Parana Forest province,Dry forest|Moist forest,GF05023583S,Parana Forest province,327,1,0,0,19,3,2,7,4,0,1,3,0,1,68,0,14,1,48,1,0,0,62,0,0,0,25,0,64,soil,651,18,0.614439324,0.614439324,,18,5.663751
GF05023584S,Misiones,Neotropical,Parana,Parana Forest province,Dry forest|Moist forest,GF05023584S,Parana Forest province,149,0,0,0,8,0,0,1,21,0,0,2,1,0,23,0,10,3,20,0,0,0,44,0,0,0,22,0,32,soil,336,13,6.25,6.25,,13,6.390957
GF05023585S,Misiones,Neotropical,Parana,Parana Forest province,Dry forest|Moist forest,GF05023585S,Parana Forest province,120,1,0,1,11,0,0,1,16,0,2,2,0,0,22,0,8,2,24,0,0,0,40,2,0,0,16,0,24,soil,292,16,5.479452055,5.479452055,,16,7.232036
GF05023586S,Misiones,Neotropical,Parana,Parana Forest province,Dry forest|Moist forest,GF05023586S,Parana Forest province,181,0,0,0,14,6,0,8,0,0,0,4,0,0,39,0,8,2,37,2,0,0,46,1,0,0,15,0,35,soil,398,14,0,0,,14,6.334868
GF05023587S,Misiones,Neotropical,Parana,Parana Forest province,Dry forest|Moist forest,GF05023587S,Parana Forest province,154,0,0,0,13,3,0,2,25,0,0,3,0,0,29,0,9,6,27,0,0,0,34,0,0,0,20,0,34,soil,359,13,6.963788301,6.963788301,,13,6.983916
GF05023588S,Misiones,Neotropical,Parana,Parana Forest province,Dry forest|Moist forest,GF05023588S,Parana Forest province,143,0,0,0,17,7,0,3,19,0,0,1,0,0,29,0,8,4,38,0,0,0,29,0,0,0,21,0,33,soil,352,13,5.397727273,5.397727273,,13,7.269404
GF05024205S,"Zamora-Chinchipe province, Podocarpus National Park",Neotropical,South American Transition Zone,Paramo province,Dry forest|Moist forest,GF05024205S,Paramo province,79,0,0,0,6,0,0,0,1,1,1,2,0,3,17,0,4,0,11,0,0,0,6,0,0,0,1,0,11,root,143,13,0.699300699,0.699300699,,13,5.059938
GF05024206S,"Zamora-Chinchipe province, Podocarpus National Park",Neotropical,South American Transition Zone,Paramo province,Dry forest|Moist forest,GF05024206S,Paramo province,71,0,0,0,0,4,0,0,3,0,3,2,1,0,9,0,2,1,22,1,0,1,13,0,0,0,9,0,10,root,152,15,1.973684211,1.973684211,,15,6.399565
GF05024207S,"Zamora-Chinchipe province, Podocarpus National Park",Neotropical,South American Transition Zone,Paramo province,Dry forest|Moist forest,GF05024207S,Paramo province,21,0,0,0,2,0,0,0,2,0,2,0,1,0,4,0,4,0,9,0,0,2,10,0,0,0,4,0,10,root,71,12,2.816901408,2.816901408,,12,8.353211
GF05024208S,"Zamora-Chinchipe province, Podocarpus National Park",Neotropical,South American Transition Zone,Paramo province,Dry forest|Moist forest,GF05024208S,Paramo province,36,0,0,0,2,0,0,0,1,0,1,2,3,0,8,0,7,1,15,0,0,1,13,0,0,0,2,0,19,root,111,14,0.900900901,0.900900901,,14,7.669169
GF05024209S,"Zamora-Chinchipe province, Podocarpus National Park",Neotropical,South American Transition Zone,Paramo province,Dry forest|Moist forest,GF05024209S,Paramo province,17,0,0,0,0,0,0,0,2,0,1,1,0,0,5,0,1,0,8,0,0,0,3,0,0,0,1,0,11,root,50,10,4,4,,10,6.258224
GF05024210S,"Zamora-Chinchipe province, Podocarpus National Park",Neotropical,South American Transition Zone,Paramo province,Dry forest|Moist forest,GF05024210S,Paramo province,29,0,0,0,2,0,0,0,3,0,1,2,0,0,6,0,6,0,11,0,0,0,15,1,0,0,3,0,9,root,88,12,3.409090909,3.409090909,,12,7.62067
GF05024211S,"Zamora-Chinchipe province, Podocarpus National Park",Neotropical,South American Transition Zone,Paramo province,Dry forest|Moist forest,GF05024211S,Paramo province,48,0,0,0,0,0,0,0,3,0,6,2,0,0,13,0,4,0,20,0,0,1,13,0,0,0,3,0,19,root,132,11,2.272727273,2.272727273,,11,6.741375
GF05026466S,"Puntilla Aldama, San Rafael, Veracruz",Neotropical,Mesoamerican,Veracruzan province,Dry forest|Moist forest,GF05026466S,Veracruzan province,0,0,0,0,0,0,0,0,0,0,0,0,0,0,0,0,0,0,0,0,0,0,0,0,0,0,0,0,0,root,0,0,#DIV/0!,0,,0,1
GF05026467S,"Puntilla Aldama, San Rafael, Veracruz",Neotropical,Mesoamerican,Veracruzan province,Dry forest|Moist forest,GF05026467S,Veracruzan province,15,0,0,0,2,0,0,0,12,1,0,6,0,0,6,0,1,1,4,0,0,0,5,0,0,0,1,0,9,root,63,12,19.04761905,19.04761905,,12,8.432658
GF05026468S,"Puntilla Aldama, San Rafael, Veracruz",Neotropical,Mesoamerican,Veracruzan province,Dry forest|Moist forest,GF05026468S,Veracruzan province,0,0,0,0,0,0,0,0,1,0,0,0,0,0,0,0,0,0,0,0,0,0,0,0,0,0,0,0,0,root,1,1,100,100,,1,1
GF05026469S,"Puntilla Aldama, San Rafael, Veracruz",Neotropical,Mesoamerican,Veracruzan province,Dry forest|Moist forest,GF05026469S,Veracruzan province,30,0,0,0,0,1,0,0,8,0,0,2,0,0,8,0,1,0,12,1,0,0,7,0,0,0,2,0,9,root,81,11,9.87654321,9.87654321,,11,6.748549
GF05026470S,"Puntilla Aldama, San Rafael, Veracruz",Neotropical,Mesoamerican,Veracruzan province,Dry forest|Moist forest,GF05026470S,Veracruzan province,17,0,0,0,2,0,0,0,8,6,0,1,0,1,10,0,2,0,24,0,0,0,7,1,0,0,3,0,7,root,89,13,8.988764045,8.988764045,,13,8.582699
GF05026471S,"Puntilla Aldama, San Rafael, Veracruz",Neotropical,Mesoamerican,Veracruzan province,Dry forest|Moist forest,GF05026471S,Veracruzan province,12,0,0,0,1,0,0,0,9,0,0,1,0,0,3,0,1,0,2,0,0,2,1,0,0,0,2,0,0,root,34,10,26.47058824,26.47058824,,10,6.350032
GF05026472S,"Puntilla Aldama, San Rafael, Veracruz",Neotropical,Mesoamerican,Veracruzan province,Dry forest|Moist forest,GF05026472S,Veracruzan province,14,0,0,0,1,0,0,0,2,0,0,0,0,0,6,0,0,0,6,0,0,0,2,0,0,0,2,0,2,root,35,8,5.714285714,5.714285714,,8,5.623611
GF05026473S,"Puntilla Aldama, San Rafael, Veracruz",Neotropical,Mesoamerican,Veracruzan province,Dry forest|Moist forest,GF05026473S,Veracruzan province,7,0,0,0,1,0,0,0,5,0,0,0,0,0,1,0,0,0,2,0,0,0,3,0,0,0,1,0,0,root,20,7,25,25,,7,5.355894
GF05026474S,"Puntilla Aldama, San Rafael, Veracruz",Neotropical,Mesoamerican,Veracruzan province,Dry forest|Moist forest,GF05026474S,Veracruzan province,7,0,0,0,0,0,0,0,2,0,0,0,0,0,7,0,0,0,8,0,0,0,2,0,0,0,1,0,1,root,28,7,7.142857143,7.142857143,,7,5.291503
GF05026475S,"Puntilla Aldama, San Rafael, Veracruz",Neotropical,Mesoamerican,Veracruzan province,Dry forest|Moist forest,GF05026475S,Veracruzan province,6,0,0,0,0,0,0,0,9,0,0,0,0,0,2,0,1,0,5,0,0,0,2,0,0,0,3,0,0,root,28,7,32.14285714,32.14285714,,7,5.685256
GF05026476S,"20 Soles, Papantla de Olarte, Veracruz",Neotropical,Mesoamerican,Veracruzan province,Dry forest|Moist forest,GF05026476S,Veracruzan province,49,0,0,0,4,0,0,0,2,1,0,5,0,1,13,0,5,1,15,0,0,0,2,0,0,0,0,0,6,root,104,12,1.923076923,1.923076923,,12,5.820808
GF05026477S,"20 Soles, Papantla de Olarte, Veracruz",Neotropical,Mesoamerican,Veracruzan province,Dry forest|Moist forest,GF05026477S,Veracruzan province,31,0,0,0,10,0,0,0,3,3,0,1,0,0,4,0,3,0,9,0,0,0,10,0,0,0,2,0,3,root,79,11,3.797468354,3.797468354,,11,6.917582
GF05026478S,"20 Soles, Papantla de Olarte, Veracruz",Neotropical,Mesoamerican,Veracruzan province,Dry forest|Moist forest,GF05026478S,Veracruzan province,33,0,0,0,3,0,0,0,10,3,0,2,0,0,5,0,4,1,27,0,0,0,8,0,0,0,1,0,7,root,104,12,9.615384615,9.615384615,,12,7.095998
GF05026479S,"20 Soles, Papantla de Olarte, Veracruz",Neotropical,Mesoamerican,Veracruzan province,Dry forest|Moist forest,GF05026479S,Veracruzan province,106,0,1,0,9,0,0,0,7,17,0,1,0,3,11,0,11,1,27,0,0,0,9,0,0,0,4,0,10,root,217,14,3.225806452,3.225806452,,14,6.264383
GF05026480S,"20 Soles, Papantla de Olarte, Veracruz",Neotropical,Mesoamerican,Veracruzan province,Dry forest|Moist forest,GF05026480S,Veracruzan province,35,0,1,0,2,0,0,0,2,3,0,2,0,0,1,0,3,0,8,0,0,0,7,0,0,0,1,0,3,root,68,12,2.941176471,2.941176471,,12,5.686131
GF05026481S,"20 Soles, Papantla de Olarte, Veracruz",Neotropical,Mesoamerican,Veracruzan province,Dry forest|Moist forest,GF05026481S,Veracruzan province,14,0,0,0,2,0,0,0,3,0,0,0,0,0,1,0,0,0,5,0,0,0,4,0,0,0,0,0,0,root,29,6,10.34482759,10.34482759,,6,4.319385
GF05026482S,"20 Soles, Papantla de Olarte, Veracruz",Neotropical,Mesoamerican,Veracruzan province,Dry forest|Moist forest,GF05026482S,Veracruzan province,11,0,0,0,7,0,0,0,16,0,0,0,0,0,5,0,0,2,3,0,0,0,7,0,0,0,1,0,1,root,53,9,30.18867925,30.18867925,,9,6.562803
GF05026483S,"20 Soles, Papantla de Olarte, Veracruz",Neotropical,Mesoamerican,Veracruzan province,Dry forest|Moist forest,GF05026483S,Veracruzan province,12,0,0,0,2,0,0,0,9,0,0,0,0,0,3,0,0,1,6,0,0,0,9,0,0,0,0,0,1,root,43,8,20.93023256,20.93023256,,8,5.983883
GF05026484S,"20 Soles, Papantla de Olarte, Veracruz",Neotropical,Mesoamerican,Veracruzan province,Dry forest|Moist forest,GF05026484S,Veracruzan province,12,0,0,0,12,0,0,0,17,0,0,0,0,0,1,0,0,1,12,1,0,0,1,0,0,0,0,0,2,root,59,9,28.81355932,28.81355932,,9,5.592783
GF05026485S,"20 Soles, Papantla de Olarte, Veracruz",Neotropical,Mesoamerican,Veracruzan province,Dry forest|Moist forest,GF05026485S,Veracruzan province,3,0,0,0,2,0,0,0,3,0,0,0,0,0,0,0,0,1,1,0,0,0,0,0,0,0,0,0,0,root,10,5,30,30,,5,4.5032
GF05026486S,"Pantepec, Puebla",Neotropical,Mesoamerican,Veracruzan province,Dry forest|Moist forest,GF05026486S,Veracruzan province,8,0,0,0,1,0,0,0,7,1,0,2,0,0,4,0,1,0,6,0,0,0,6,1,0,0,0,0,1,root,38,11,18.42105263,18.42105263,,11,8.110228
GF05026487S,"Pantepec, Puebla",Neotropical,Mesoamerican,Veracruzan province,Dry forest|Moist forest,GF05026487S,Veracruzan province,8,0,0,0,1,0,0,0,6,0,0,0,0,0,2,0,0,0,13,0,0,0,3,0,0,0,0,0,0,root,33,6,18.18181818,18.18181818,,6,4.546277
GF05026488S,"Pantepec, Puebla",Neotropical,Mesoamerican,Veracruzan province,Dry forest|Moist forest,GF05026488S,Veracruzan province,24,0,0,0,5,0,0,0,2,1,0,2,0,0,20,0,1,0,29,0,0,0,4,0,0,0,1,0,5,root,94,11,2.127659574,2.127659574,,11,6.025116
GF05026489S,"Pantepec, Puebla",Neotropical,Mesoamerican,Veracruzan province,Dry forest|Moist forest,GF05026489S,Veracruzan province,15,0,0,0,2,0,0,0,2,1,0,1,0,0,10,0,0,0,11,0,0,0,3,0,0,0,2,0,2,root,49,10,4.081632653,4.081632653,,10,6.515462
GF05026490S,"Pantepec, Puebla",Neotropical,Mesoamerican,Veracruzan province,Dry forest|Moist forest,GF05026490S,Veracruzan province,7,0,0,0,1,0,0,1,4,2,1,2,0,0,3,0,0,0,5,0,0,0,2,0,0,0,3,0,3,root,34,12,11.76470588,11.76470588,,12,10.102948
GF05026491S,"Pantepec, Puebla",Neotropical,Mesoamerican,Veracruzan province,Dry forest|Moist forest,GF05026491S,Veracruzan province,14,0,0,0,1,0,0,0,0,0,0,0,0,0,3,0,0,0,9,0,0,0,2,0,0,0,1,0,0,root,30,6,0,0,,6,3.874431
GF05026492S,"Pantepec, Puebla",Neotropical,Mesoamerican,Veracruzan province,Dry forest|Moist forest,GF05026492S,Veracruzan province,31,0,0,0,0,0,0,1,1,1,0,0,0,0,6,0,2,1,4,0,0,0,5,6,0,0,5,0,1,root,64,12,1.5625,1.5625,,12,6.048508
GF05026493S,"Pantepec, Puebla",Neotropical,Mesoamerican,Veracruzan province,Dry forest|Moist forest,GF05026493S,Veracruzan province,28,0,0,0,0,0,0,0,4,1,0,0,0,0,7,0,1,0,11,1,0,0,4,0,0,0,2,0,3,root,62,10,6.451612903,6.451612903,,10,5.599853
GF05026494S,"Pantepec, Puebla",Neotropical,Mesoamerican,Veracruzan province,Dry forest|Moist forest,GF05026494S,Veracruzan province,16,0,0,0,2,0,0,0,3,0,0,0,0,0,4,0,0,1,4,0,0,0,4,0,0,0,0,0,4,root,38,8,7.894736842,7.894736842,,8,5.831437
GF05026495S,"Pantepec, Puebla",Neotropical,Mesoamerican,Veracruzan province,Dry forest|Moist forest,GF05026495S,Veracruzan province,3,0,0,0,4,0,0,0,1,0,0,0,0,0,5,0,3,1,6,0,0,0,3,0,0,0,0,0,12,root,38,9,2.631578947,2.631578947,,9,7.043308
GF05026496S,"1 de Mayo, Papantla de Olarte Ocampo, Veracruz",Neotropical,Mesoamerican,Veracruzan province,Dry forest,GF05026496S,Veracruzan province,13,0,0,0,1,0,0,0,1,0,0,1,0,0,14,0,2,2,20,0,0,0,5,1,0,0,0,0,15,root,75,11,1.333333333,1.333333333,,11,6.656123
GF05026497S,"1 de Mayo, Papantla de Olarte Ocampo, Veracruz",Neotropical,Mesoamerican,Veracruzan province,Dry forest,GF05026497S,Veracruzan province,29,0,0,0,4,0,0,0,6,1,0,1,0,1,7,0,1,0,17,0,0,0,5,1,0,0,7,0,5,root,85,13,7.058823529,7.058823529,,13,7.580684
GF05026498S,"1 de Mayo, Papantla de Olarte Ocampo, Veracruz",Neotropical,Mesoamerican,Veracruzan province,Dry forest,GF05026498S,Veracruzan province,58,0,0,0,10,0,0,0,22,1,0,2,0,0,8,0,1,1,32,0,0,2,21,1,0,0,3,0,16,root,178,14,12.35955056,12.35955056,,14,7.303177
GF05026499S,"1 de Mayo, Papantla de Olarte Ocampo, Veracruz",Neotropical,Mesoamerican,Veracruzan province,Dry forest,GF05026499S,Veracruzan province,36,0,0,0,6,0,0,0,4,1,0,1,0,0,7,0,1,0,20,0,0,0,4,0,0,0,0,0,16,root,96,10,4.166666667,4.166666667,,10,5.84111
GF05026500S,"1 de Mayo, Papantla de Olarte Ocampo, Veracruz",Neotropical,Mesoamerican,Veracruzan province,Dry forest,GF05026500S,Veracruzan province,44,0,0,0,4,0,0,1,2,4,0,0,0,1,7,0,4,0,19,0,0,0,6,0,0,0,2,0,10,root,104,12,1.923076923,1.923076923,,12,6.443661
GF05026501S,"1 de Mayo, Papantla de Olarte Ocampo, Veracruz",Neotropical,Mesoamerican,Veracruzan province,Dry forest,GF05026501S,Veracruzan province,30,0,0,0,6,1,0,1,4,1,1,0,0,0,7,0,3,0,23,0,0,0,13,5,0,0,3,0,3,root,101,14,3.96039604,3.96039604,,14,8.060037
GF05026502S,"1 de Mayo, Papantla de Olarte Ocampo, Veracruz",Neotropical,Mesoamerican,Veracruzan province,Dry forest,GF05026502S,Veracruzan province,15,0,0,0,1,1,0,0,2,2,0,1,0,0,7,0,1,1,11,0,0,0,3,0,0,0,0,0,3,root,48,12,4.166666667,4.166666667,,12,7.36361
GF05026503S,"1 de Mayo, Papantla de Olarte Ocampo, Veracruz",Neotropical,Mesoamerican,Veracruzan province,Dry forest,GF05026503S,Veracruzan province,6,0,0,0,2,0,0,0,7,0,3,0,0,0,4,0,0,0,4,0,0,0,1,0,0,0,0,0,1,root,28,8,25,25,,8,6.675709
GF05026504S,"1 de Mayo, Papantla de Olarte Ocampo, Veracruz",Neotropical,Mesoamerican,Veracruzan province,Dry forest,GF05026504S,Veracruzan province,26,0,0,0,3,0,0,0,3,0,0,1,0,0,6,0,1,1,14,0,0,0,6,0,0,0,0,0,0,root,61,9,4.918032787,4.918032787,,9,5.238076
GF05026505S,"1 de Mayo, Papantla de Olarte Ocampo, Veracruz",Neotropical,Mesoamerican,Veracruzan province,Dry forest,GF05026505S,Veracruzan province,3,0,0,0,1,0,0,0,6,0,0,0,0,0,6,0,0,0,5,0,0,2,4,0,0,0,8,0,4,root,39,9,15.38461538,15.38461538,,9,7.964053
GF05026757S,"Parque Nacional Golfo de Chiriquí, Chiriquí",Neotropical,Pacific,Puntarenas-Chiriqui province,,GF05026757S,Puntarenas-Chiriqui province,42,0,0,0,1,0,0,0,0,0,0,0,0,0,1,0,0,0,1,0,0,0,8,0,0,0,1,0,1,soil,55,7,0,0,,7,2.341165
GF05026758S,"Parque Nacional Golfo de Chiriquí, Chiriquí",Neotropical,Pacific,Puntarenas-Chiriqui province,,GF05026758S,Puntarenas-Chiriqui province,48,0,0,0,5,0,0,0,0,0,0,0,0,0,4,0,2,0,3,0,0,0,15,0,0,0,1,0,1,soil,79,8,0,0,,8,3.567326
GF05026759S,"Parque Nacional Bastimentos, Bocas del Toro",Neotropical,Pacific,Guatuso-Talamanca province,Moist forest,GF05026759S,Guatuso-Talamanca province,32,0,0,0,6,0,0,0,0,0,3,0,0,0,5,0,1,1,10,0,0,0,7,0,0,0,5,0,7,soil,77,10,0,0,,10,6.418742
GF05026760S,"Parque Nacional Bastimentos, Bocas del Toro",Neotropical,Pacific,Guatuso-Talamanca province,Moist forest,GF05026760S,Guatuso-Talamanca province,35,0,0,0,4,0,0,0,2,0,4,0,0,1,5,0,1,0,5,0,0,0,10,0,0,0,1,0,3,soil,71,11,2.816901408,2.816901408,,11,5.679747
GF05026761S,"Parque Nacional Soberanía, Colón",Neotropical,Pacific,Guatuso-Talamanca province,Moist forest,GF05026761S,Guatuso-Talamanca province,46,0,0,0,0,0,0,0,0,0,1,1,0,0,9,0,1,0,3,1,0,0,12,0,0,0,2,0,8,soil,84,10,0,0,,10,4.437071
GF05026762S,"Parque Nacional Campana, Panamá",Neotropical,Pacific,Guatuso-Talamanca province,Moist forest,GF05026762S,Guatuso-Talamanca province,35,0,0,0,3,0,0,0,0,0,1,1,0,0,6,0,0,0,6,0,0,0,11,0,0,0,2,0,4,soil,69,9,0,0,,9,4.896711
GF05026763S,"Parque Nacional Campana, Panamá",Neotropical,Pacific,Guatuso-Talamanca province,Moist forest,GF05026763S,Guatuso-Talamanca province,58,0,0,0,4,0,0,0,0,0,0,0,0,0,5,0,1,1,2,0,0,0,11,0,0,0,5,0,10,soil,97,9,0,0,,9,4.055732
GF05026764S,"Reserva Forestal Fortuna, Chiriquí",Neotropical,Pacific,Guatuso-Talamanca province,Moist forest|Wet forest,GF05026764S,Guatuso-Talamanca province,32,0,0,0,1,0,0,0,2,0,0,0,0,0,3,0,1,0,2,0,0,0,8,0,0,0,1,0,0,soil,50,8,4,4,,8,3.455174
GF05026765S,"Reserva Forestal Fortuna, Chiriquí",Neotropical,Pacific,Guatuso-Talamanca province,Moist forest|Wet forest,GF05026765S,Guatuso-Talamanca province,31,0,0,0,2,0,0,0,1,0,0,0,0,0,4,0,1,1,3,0,0,0,13,0,0,0,2,0,3,soil,61,10,1.639344262,1.639344262,,10,4.829231
GF05026766S,"Parque Nacional Volcán Barú, Chiriquí",Neotropical,Pacific,Guatuso-Talamanca province,Moist forest|Wet forest,GF05026766S,Guatuso-Talamanca province,45,0,0,0,1,0,0,0,11,0,5,0,0,1,6,0,1,0,4,0,0,1,22,0,0,0,1,0,7,soil,105,12,10.47619048,10.47619048,,12,5.824737
GF05026767S,"Parque Nacional Volcán Barú, Chiriquí",Neotropical,Pacific,Guatuso-Talamanca province,Moist forest|Wet forest,GF05026767S,Guatuso-Talamanca province,39,0,0,0,0,0,0,0,13,0,9,0,0,1,5,0,2,0,3,0,0,1,23,0,0,0,1,0,10,soil,107,11,12.14953271,12.14953271,,11,6.252142
GF05026768S,"Parque Nacional Volcán Barú, Chiriquí",Neotropical,Pacific,Guatuso-Talamanca province,Moist forest|Wet forest,GF05026768S,Guatuso-Talamanca province,66,0,0,0,0,0,0,1,17,0,7,0,1,1,20,0,5,0,6,0,0,1,40,0,0,0,1,0,5,soil,171,13,9.941520468,9.941520468,,13,6.007571
GF05026769S,"Parque Nacional Volcán Barú, Chiriquí",Neotropical,Pacific,Guatuso-Talamanca province,Moist forest|Wet forest,GF05026769S,Guatuso-Talamanca province,23,0,0,0,0,0,0,1,17,0,0,0,1,0,4,0,1,0,3,0,0,0,9,0,0,0,1,0,10,soil,70,10,24.28571429,24.28571429,,10,6.004169
GF05026770S,"Parque Nacional Volcán Barú, Chiriquí",Neotropical,Pacific,Guatuso-Talamanca province,Moist forest|Wet forest,GF05026770S,Guatuso-Talamanca province,30,0,0,0,2,0,0,0,16,0,0,0,0,0,9,0,0,0,1,0,0,0,14,0,0,0,1,0,4,soil,77,8,20.77922078,20.77922078,,8,5.03229
GF05026771S,"Parque Nacional Volcán Barú, Chiriquí",Neotropical,Pacific,Guatuso-Talamanca province,Moist forest|Wet forest,GF05026771S,Guatuso-Talamanca province,26,0,0,0,0,0,0,0,32,0,2,0,0,0,6,0,3,1,1,0,0,2,14,0,0,0,1,0,2,soil,90,11,35.55555556,35.55555556,,11,5.548454
GF05026772S,"Parque Nacional Volcán Barú, Chiriquí",Neotropical,Pacific,Guatuso-Talamanca province,Moist forest|Wet forest,GF05026772S,Guatuso-Talamanca province,23,0,0,0,0,0,0,0,21,0,1,0,0,0,6,0,2,0,1,0,0,4,19,0,0,0,1,0,5,soil,83,10,25.30120482,25.30120482,,10,6.023383
GF05026773S,"Unidade de Conservação Ambiental Desterro, Santa Catarina",Neotropical,Parana,Atlantic province,Dry forest|Moist forest,GF05026773S,Atlantic province,123,0,0,0,6,0,0,4,1,0,1,1,0,0,16,0,6,1,31,0,0,2,34,0,0,0,5,0,17,soil,248,14,0.403225806,0.403225806,,14,5.440412
GF05026775S,"Unidade de Conservação Ambiental Desterro, Santa Catarina",Neotropical,Parana,Atlantic province,Dry forest|Moist forest,GF05026775S,Atlantic province,96,0,0,0,4,0,0,0,1,0,0,2,0,0,13,0,6,1,23,0,0,1,26,0,0,0,1,0,13,soil,187,12,0.534759358,0.534759358,,12,4.943567
GF05026777S,"Forest trail between Caieira and Ponta do Frade, Santa Catarina",Neotropical,Parana,Atlantic province,Dry forest|Moist forest,GF05026777S,Atlantic province,81,0,0,0,9,0,0,3,1,0,0,4,0,0,18,0,5,0,15,0,0,1,44,1,0,0,9,0,31,soil,222,13,0.45045045,0.45045045,,13,6.673869
GF05026779S,"Forest trail between Caieira and Ponta do Frade, Santa Catarina",Neotropical,Parana,Atlantic province,Dry forest|Moist forest,GF05026779S,Atlantic province,55,0,0,0,3,0,0,0,0,0,0,1,0,0,5,0,2,0,22,1,0,0,19,0,0,0,1,0,14,soil,123,10,0,0,,10,4.996387
GF05026781S,"Site along Route 282, Santa Catarina",Neotropical,Parana,Araucaria Forest province,Dry forest|Moist forest,GF05026781S,Araucaria Forest province,111,0,0,0,24,0,0,6,0,0,0,3,0,1,34,0,13,0,27,0,0,2,28,1,0,0,11,0,42,soil,303,13,0,0,,13,7.194341
GF05026783S,"Site along Route 282, Santa Catarina",Neotropical,Parana,Atlantic province,Dry forest|Moist forest,GF05026783S,Atlantic province,107,0,0,0,16,0,0,4,2,0,1,5,0,0,31,0,7,1,33,0,0,0,23,2,0,0,10,0,37,soil,279,14,0.716845878,0.716845878,,14,7.082632
GF05026785S,"Site along Route 282, Santa Catarina",Neotropical,Parana,Araucaria Forest province,Dry forest|Moist forest,GF05026785S,Araucaria Forest province,146,0,0,0,3,0,0,1,7,0,1,1,0,1,17,0,11,0,8,1,0,1,28,0,0,0,5,0,25,soil,256,15,2.734375,2.734375,,15,4.808974
GF05026787S,"Parque Nacional de São Joaquim, Santa Catarina",Neotropical,Parana,Araucaria Forest province,Moist forest|Wet forest,GF05026787S,Araucaria Forest province,174,0,0,0,26,0,0,3,2,0,1,5,2,3,23,0,10,0,22,0,0,4,44,0,0,0,5,0,42,soil,366,15,0.546448087,0.546448087,,15,6.075193
GF05026789S,"Parque Nacional de São Joaquim, Santa Catarina",Neotropical,Parana,Araucaria Forest province,Moist forest|Wet forest,GF05026789S,Araucaria Forest province,100,0,0,0,18,0,0,1,4,0,1,1,0,1,13,0,8,0,5,0,0,2,36,0,0,0,0,0,18,soil,208,13,1.923076923,1.923076923,,13,5.42345
GF05026791S,"Parque Nacional de São Joaquim, Santa Catarina",Neotropical,Parana,Araucaria Forest province,Moist forest|Wet forest,GF05026791S,Araucaria Forest province,132,0,0,1,18,0,0,5,0,0,2,1,0,2,20,0,14,0,10,0,0,1,44,0,0,0,6,0,25,soil,281,14,0,0,,14,5.913151
GF05026793S,"Parque Nacional de São Joaquim, Santa Catarina",Neotropical,Parana,Araucaria Forest province,Moist forest|Wet forest,GF05026793S,Araucaria Forest province,160,0,0,0,13,0,0,3,2,0,1,4,0,1,19,0,16,0,7,0,0,0,60,0,0,0,6,1,22,soil,315,14,0.634920635,0.634920635,,14,5.180099
GF05028167S,"The Biological Reserve of San Francisco, Zamora Chinchipe Province",Neotropical,South American Transition Zone,Paramo province,Very dry forest|Dry forest,GF05028167S,Paramo province,118,0,0,0,0,2,0,1,14,0,11,0,0,0,16,0,3,0,4,1,0,8,23,0,0,0,5,0,15,root,221,13,6.334841629,6.334841629,,13,5.449751
GF05028168S,"The Biological Reserve of San Francisco, Zamora Chinchipe Province",Neotropical,South American Transition Zone,Paramo province,Very dry forest|Dry forest,GF05028168S,Paramo province,113,0,0,0,8,0,0,3,5,0,6,1,0,0,7,0,4,1,6,0,0,2,21,0,0,0,4,0,10,root,191,14,2.617801047,2.617801047,,14,4.975147
GF05028169S,"The Biological Reserve of San Francisco, Zamora Chinchipe Province",Neotropical,South American Transition Zone,Paramo province,Very dry forest|Dry forest,GF05028169S,Paramo province,137,0,0,0,5,0,0,1,12,0,5,0,0,0,17,0,2,0,10,0,0,1,28,0,0,0,2,0,18,root,238,12,5.042016807,5.042016807,,12,4.599167
GF05028170S,"The Biological Reserve of San Francisco, Zamora Chinchipe Province",Neotropical,South American Transition Zone,Paramo province,Very dry forest|Dry forest,GF05028170S,Paramo province,143,0,0,0,3,2,0,1,8,0,5,1,0,0,15,0,3,0,12,0,0,3,33,0,0,0,3,0,12,root,244,14,3.278688525,3.278688525,,14,4.683106
GF05028171S,"The Biological Reserve of San Francisco, Zamora Chinchipe Province",Neotropical,South American Transition Zone,Paramo province,Very dry forest|Dry forest,GF05028171S,Paramo province,119,0,0,0,5,4,0,0,6,0,6,0,1,0,9,0,4,0,9,0,0,1,23,0,0,0,7,0,13,root,207,13,2.898550725,2.898550725,,13,5.066444
GF05028172S,"The Biological Reserve of San Francisco, Zamora Chinchipe Province",Neotropical,South American Transition Zone,Paramo province,Very dry forest|Dry forest,GF05028172S,Paramo province,113,0,0,0,2,1,0,0,6,0,4,0,2,1,5,0,2,0,11,0,0,4,25,0,0,0,3,0,9,root,188,14,3.191489362,3.191489362,,14,4.585125
GF05028173S,"The Biological Reserve of San Francisco, Zamora Chinchipe Province",Neotropical,South American Transition Zone,Paramo province,Very dry forest|Dry forest,GF05028173S,Paramo province,94,0,0,0,6,0,0,2,7,1,6,0,0,0,10,0,3,0,12,0,0,1,24,0,0,0,1,0,9,root,176,13,3.977272727,3.977272727,,13,5.321769
GF05028174S,"The Biological Reserve of San Francisco, Zamora Chinchipe Province",Neotropical,South American Transition Zone,Paramo province,Very dry forest|Dry forest,GF05028174S,Paramo province,123,0,0,1,5,0,0,0,9,0,4,0,0,0,22,0,3,0,11,0,0,4,23,0,0,0,2,0,14,root,221,12,4.07239819,4.07239819,,12,4.963299
GF05028175S,"The Biological Reserve of San Francisco, Zamora Chinchipe Province",Neotropical,South American Transition Zone,Paramo province,Very dry forest|Dry forest,GF05028175S,Paramo province,154,0,0,0,1,5,0,2,8,1,11,0,0,0,24,0,4,0,18,0,0,3,22,0,0,0,4,0,24,root,281,14,2.846975089,2.846975089,,14,5.312332
GF05028176S,"The Biological Reserve of San Francisco, Zamora Chinchipe Province",Neotropical,South American Transition Zone,Paramo province,Very dry forest|Dry forest,GF05028176S,Paramo province,102,0,0,1,2,4,0,0,8,0,7,1,0,0,12,0,5,0,6,0,0,5,19,0,0,0,2,0,9,root,183,14,4.371584699,4.371584699,,14,5.459933
GF05028177S,"The Biological Reserve of San Francisco, Zamora Chinchipe Province",Neotropical,South American Transition Zone,Paramo province,Very dry forest|Dry forest,GF05028177S,Paramo province,95,0,0,0,0,0,0,2,12,0,7,1,1,1,17,0,3,0,11,0,0,7,22,0,0,0,2,0,5,root,186,14,6.451612903,6.451612903,,14,5.759212
GF05028178S,"The Biological Reserve of San Francisco, Zamora Chinchipe Province",Neotropical,South American Transition Zone,Paramo province,Very dry forest|Dry forest,GF05028178S,Paramo province,96,0,0,0,0,3,0,1,7,0,6,0,0,0,8,0,4,0,2,0,0,3,19,0,0,0,2,0,11,root,162,12,4.320987654,4.320987654,,12,4.615757
GF05028179S,"The Biological Reserve of San Francisco, Zamora Chinchipe Province",Neotropical,South American Transition Zone,Paramo province,Very dry forest|Dry forest,GF05028179S,Paramo province,59,0,0,0,1,3,0,0,6,0,5,0,0,0,7,0,4,0,2,0,0,5,16,0,0,0,3,0,4,root,115,12,5.217391304,5.217391304,,12,5.751923
GF05028180S,"The Biological Reserve of San Francisco, Zamora Chinchipe Province",Neotropical,South American Transition Zone,Paramo province,Very dry forest|Dry forest,GF05028180S,Paramo province,102,0,0,0,3,3,0,1,8,0,6,0,0,1,7,0,4,0,3,0,0,6,8,0,0,0,1,0,7,root,160,14,5,5,,14,4.561749
GF05028181S,"The Biological Reserve of San Francisco, Zamora Chinchipe Province",Neotropical,South American Transition Zone,Paramo province,Very dry forest|Dry forest,GF05028181S,Paramo province,91,0,0,1,3,2,0,0,11,0,6,0,0,1,10,0,5,0,4,0,0,5,18,1,0,0,3,0,16,root,177,15,6.214689266,6.214689266,,15,6.081565
GF05028182S,"The Biological Reserve of San Francisco, Zamora Chinchipe Province",Neotropical,South American Transition Zone,Paramo province,Very dry forest|Dry forest,GF05028182S,Paramo province,136,0,0,0,3,5,0,0,7,0,6,1,0,0,4,0,4,0,9,0,0,3,29,0,0,0,3,0,13,root,223,13,3.139013453,3.139013453,,13,4.461843
GF05028183S,"The Biological Reserve of San Francisco, Zamora Chinchipe Province",Neotropical,South American Transition Zone,Paramo province,Very dry forest|Dry forest,GF05028183S,Paramo province,83,0,0,0,1,2,0,0,14,0,6,0,0,0,16,0,4,1,3,0,0,6,15,0,0,0,3,0,11,root,165,13,8.484848485,8.484848485,,13,5.882862
GF05028184S,"The Biological Reserve of San Francisco, Zamora Chinchipe Province",Neotropical,South American Transition Zone,Paramo province,Very dry forest|Dry forest,GF05028184S,Paramo province,96,0,0,0,1,1,0,1,10,0,7,0,0,0,4,0,1,1,0,0,0,4,23,0,0,0,1,0,5,root,155,13,6.451612903,6.451612903,,13,4.020094
GF05028185S,"The Biological Reserve of San Francisco, Zamora Chinchipe Province",Neotropical,South American Transition Zone,Paramo province,Very dry forest|Dry forest,GF05028185S,Paramo province,161,0,0,0,3,3,0,1,7,0,5,0,1,3,13,0,2,1,3,0,0,5,24,0,0,0,7,0,8,root,247,16,2.834008097,2.834008097,,16,4.270074
GF05028186S,"The Biological Reserve of San Francisco, Zamora Chinchipe Province",Neotropical,South American Transition Zone,Paramo province,Very dry forest|Dry forest,GF05028186S,Paramo province,105,0,0,0,3,7,0,0,7,2,4,1,1,0,11,0,4,1,13,0,0,5,17,0,0,0,4,0,22,root,207,16,3.381642512,3.381642512,,16,6.352469
GF05028187S,"The Biological Reserve of San Francisco, Zamora Chinchipe Province",Neotropical,South American Transition Zone,Paramo province,Very dry forest|Dry forest,GF05028187S,Paramo province,160,0,0,0,6,4,0,5,17,0,8,1,1,3,37,0,5,1,26,2,0,10,37,0,0,0,8,0,14,root,345,18,4.927536232,4.927536232,,18,7.045944
GF05028188S,"The Biological Reserve of San Francisco, Zamora Chinchipe Province",Neotropical,South American Transition Zone,Paramo province,Very dry forest|Dry forest,GF05028188S,Paramo province,111,0,0,0,1,0,0,0,11,0,3,0,1,0,3,0,4,0,5,0,0,8,23,0,0,0,1,0,8,root,179,12,6.145251397,6.145251397,,12,4.129175
GF05028189S,"The Biological Reserve of San Francisco, Zamora Chinchipe Province",Neotropical,South American Transition Zone,Paramo province,Very dry forest|Dry forest,GF05028189S,Paramo province,103,0,0,1,3,0,0,1,7,0,3,1,0,1,7,0,4,0,5,0,0,2,29,0,0,0,3,0,11,root,181,15,3.867403315,3.867403315,,15,4.89356
GF05028190S,"The Biological Reserve of San Francisco, Zamora Chinchipe Province",Neotropical,South American Transition Zone,Paramo province,Very dry forest|Dry forest,GF05028190S,Paramo province,82,0,0,0,1,10,0,0,6,0,5,0,1,0,9,0,3,0,10,0,0,3,18,0,0,0,1,0,19,root,168,13,3.571428571,3.571428571,,13,5.974064
GF05028191S,"The Biological Reserve of San Francisco, Zamora Chinchipe Province",Neotropical,South American Transition Zone,Paramo province,Very dry forest|Dry forest,GF05028191S,Paramo province,153,0,0,0,1,10,0,1,17,0,6,0,1,1,18,0,5,0,7,0,0,5,33,0,0,0,2,0,22,root,282,15,6.028368794,6.028368794,,15,5.349281
GF05028192S,"The Biological Reserve of San Francisco, Zamora Chinchipe Province",Neotropical,South American Transition Zone,Paramo province,Very dry forest|Dry forest,GF05028192S,Paramo province,108,0,0,0,2,0,0,2,14,0,9,0,0,0,16,0,7,0,8,0,0,6,19,0,0,0,5,0,17,root,213,12,6.572769953,6.572769953,,12,5.933354
GF05028193S,"The Biological Reserve of San Francisco, Zamora Chinchipe Province",Neotropical,South American Transition Zone,Paramo province,Very dry forest|Dry forest,GF05028193S,Paramo province,93,0,0,0,0,6,0,1,11,0,3,0,0,0,4,0,4,0,4,0,0,9,15,0,0,0,5,0,9,root,164,12,6.707317073,6.707317073,,12,5.174367
GF05028194S,"The Biological Reserve of San Francisco, Zamora Chinchipe Province",Neotropical,South American Transition Zone,Paramo province,Very dry forest|Dry forest,GF05028194S,Paramo province,139,0,0,0,6,2,0,0,12,0,3,1,0,0,16,0,7,0,16,2,0,4,29,0,0,0,4,0,18,root,259,14,4.633204633,4.633204633,,14,5.543623
GF05028195S,"The Biological Reserve of San Francisco, Zamora Chinchipe Province",Neotropical,South American Transition Zone,Paramo province,Very dry forest|Dry forest,GF05028195S,Paramo province,123,0,0,1,3,14,0,0,15,0,3,0,0,1,6,0,5,0,9,0,0,7,24,0,0,0,5,0,12,root,228,14,6.578947368,6.578947368,,14,5.666924
GF05028196S,"The Biological Reserve of San Francisco, Zamora Chinchipe Province",Neotropical,South American Transition Zone,Paramo province,Very dry forest|Dry forest,GF05028196S,Paramo province,112,0,0,0,3,2,0,1,8,0,6,1,1,0,17,0,6,0,7,0,0,4,30,0,0,0,4,0,15,root,217,15,3.686635945,3.686635945,,15,5.777562
GF05028197S,"The Biological Reserve of San Francisco, Zamora Chinchipe Province",Neotropical,South American Transition Zone,Paramo province,Very dry forest|Dry forest,GF05028197S,Paramo province,93,0,0,1,4,0,0,1,9,0,3,0,0,0,10,0,4,0,8,0,0,4,23,0,0,0,3,0,9,root,172,13,5.23255814,5.23255814,,13,5.37562
GF05028198S,"The Biological Reserve of San Francisco, Zamora Chinchipe Province",Neotropical,South American Transition Zone,Paramo province,Very dry forest|Dry forest,GF05028198S,Paramo province,92,0,0,0,3,9,0,0,9,0,4,0,0,0,21,0,7,0,11,0,0,8,23,0,0,0,1,0,9,root,197,12,4.568527919,4.568527919,,12,6.343229
GF05028199S,"The Biological Reserve of San Francisco, Zamora Chinchipe Province",Neotropical,South American Transition Zone,Paramo province,Very dry forest|Dry forest,GF05028199S,Paramo province,127,0,0,1,13,4,0,0,11,0,5,1,0,0,26,0,7,1,14,1,0,10,27,0,0,0,3,0,24,root,275,16,4,4,,16,6.851422
GF05028200S,"The Biological Reserve of San Francisco, Zamora Chinchipe Province",Neotropical,South American Transition Zone,Paramo province,Very dry forest|Dry forest,GF05028200S,Paramo province,61,0,0,0,3,3,0,0,5,0,3,0,0,0,8,0,4,0,7,0,0,3,14,0,0,0,1,0,6,root,118,12,4.237288136,4.237288136,,12,5.800996
GF05028201S,"The Biological Reserve of San Francisco, Zamora Chinchipe Province",Neotropical,South American Transition Zone,Paramo province,Very dry forest|Dry forest,GF05028201S,Paramo province,120,0,0,0,5,1,0,0,8,0,7,0,0,0,17,0,8,0,11,0,0,5,28,0,0,0,5,0,19,root,234,12,3.418803419,3.418803419,,12,5.698916
GF05028202S,"The Biological Reserve of San Francisco, Zamora Chinchipe Province",Neotropical,South American Transition Zone,Paramo province,Very dry forest|Dry forest,GF05028202S,Paramo province,86,0,0,0,6,4,0,0,7,0,3,0,0,0,7,0,5,0,8,0,0,5,18,0,0,0,3,0,15,root,167,12,4.191616766,4.191616766,,12,5.889642
GF05028203S,"The Biological Reserve of San Francisco, Zamora Chinchipe Province",Neotropical,South American Transition Zone,Paramo province,Very dry forest|Dry forest,GF05028203S,Paramo province,125,0,0,0,3,6,0,2,12,0,7,0,0,0,8,0,3,0,9,0,0,7,25,0,0,0,1,0,12,root,220,13,5.454545455,5.454545455,,13,5.149721
GF05028204S,"The Biological Reserve of San Francisco, Zamora Chinchipe Province",Neotropical,South American Transition Zone,Paramo province,Very dry forest|Dry forest,GF05028204S,Paramo province,104,0,0,0,1,1,0,1,9,0,4,0,0,2,10,0,4,0,8,0,0,11,20,0,0,0,3,0,8,root,186,14,4.838709677,4.838709677,,14,5.318349
GF05028205S,"The Biological Reserve of San Francisco, Zamora Chinchipe Province",Neotropical,South American Transition Zone,Paramo province,Very dry forest|Dry forest,GF05028205S,Paramo province,96,0,0,0,0,2,0,0,10,0,5,0,0,0,6,0,3,0,8,0,0,8,18,0,0,0,1,0,8,root,165,11,6.060606061,6.060606061,,11,4.714742
GF05028206S,"The Biological Reserve of San Francisco, Zamora Chinchipe Province",Neotropical,South American Transition Zone,Paramo province,Very dry forest|Dry forest,GF05028206S,Paramo province,108,0,0,0,1,7,0,1,10,0,4,0,0,0,5,0,3,0,1,0,0,4,23,0,0,0,1,0,9,root,177,13,5.649717514,5.649717514,,13,4.333203
GF05028207S,"The Biological Reserve of San Francisco, Zamora Chinchipe Province",Neotropical,South American Transition Zone,Paramo province,Very dry forest|Dry forest,GF05028207S,Paramo province,103,0,0,1,3,1,0,1,9,0,4,0,0,0,10,0,3,0,1,0,0,3,18,0,0,0,4,0,5,root,166,14,5.421686747,5.421686747,,14,4.437637
GF05028208S,"The Biological Reserve of San Francisco, Zamora Chinchipe Province",Neotropical,South American Transition Zone,Paramo province,Very dry forest|Dry forest,GF05028208S,Paramo province,121,0,0,0,4,4,0,1,14,0,3,0,0,1,12,0,4,0,5,0,0,3,18,0,0,0,2,0,18,root,210,14,6.666666667,6.666666667,,14,5.027222
GF05028209S,"The Biological Reserve of San Francisco, Zamora Chinchipe Province",Neotropical,South American Transition Zone,Paramo province,Very dry forest|Dry forest,GF05028209S,Paramo province,90,0,0,0,2,3,0,0,8,0,1,0,0,0,9,0,2,0,7,1,0,3,21,0,0,0,2,0,7,root,156,13,5.128205128,5.128205128,,13,4.792368
GF05028210S,"The Biological Reserve of San Francisco, Zamora Chinchipe Province",Neotropical,South American Transition Zone,Paramo province,Very dry forest|Dry forest,GF05028210S,Paramo province,89,0,0,0,3,2,0,0,7,0,5,0,0,0,4,0,2,0,2,0,0,8,15,0,0,0,3,0,12,root,152,12,4.605263158,4.605263158,,12,4.821272
GF05028211S,"The Biological Reserve of San Francisco, Zamora Chinchipe Province",Neotropical,South American Transition Zone,Paramo province,Very dry forest|Dry forest,GF05028211S,Paramo province,86,0,0,0,3,4,0,0,8,0,5,0,0,0,13,0,5,0,5,1,0,6,24,0,0,0,2,0,10,root,172,13,4.651162791,4.651162791,,13,5.990035
GF05028212S,"The Biological Reserve of San Francisco, Zamora Chinchipe Province",Neotropical,South American Transition Zone,Paramo province,Very dry forest|Dry forest,GF05028212S,Paramo province,105,0,0,0,5,8,0,0,5,0,4,0,0,0,11,0,2,0,9,0,0,4,20,0,0,0,1,0,10,root,184,12,2.717391304,2.717391304,,12,5.012157
GF05028213S,"The Biological Reserve of San Francisco, Zamora Chinchipe Province",Neotropical,South American Transition Zone,Paramo province,Very dry forest|Dry forest,GF05028213S,Paramo province,177,0,0,0,3,8,0,1,19,0,7,0,0,1,19,0,7,0,13,0,0,10,24,0,0,0,1,0,23,root,313,14,6.07028754,6.07028754,,14,5.242207
GF05028214S,"The Biological Reserve of San Francisco, Zamora Chinchipe Province",Neotropical,South American Transition Zone,Paramo province,Very dry forest|Dry forest,GF05028214S,Paramo province,51,0,0,0,2,0,0,0,5,0,8,0,0,0,6,0,2,0,1,0,0,4,15,0,0,0,3,0,12,root,109,11,4.587155963,4.587155963,,11,5.893373
GF05028229S,"Andes Mountain, Yungay city, Ñuble region, National Protected Area Ranchillo Alto",N/A,N/A,N/A,Moist forest|Wet forest,GF05028229S,N/A,54,0,0,0,8,0,0,0,61,0,0,0,0,1,9,0,3,0,5,0,0,0,54,0,0,0,5,0,3,soil,203,10,30.04926108,30.04926108,,10,5.283477
GF05028230S,"Andes Mountain, Yungay city, Ñuble region, National Protected Area Ranchillo Alto",N/A,N/A,N/A,Moist forest|Wet forest,GF05028230S,N/A,52,0,0,0,3,1,0,0,64,0,0,0,0,0,8,0,2,0,6,0,0,0,59,0,0,0,2,0,3,soil,200,10,32,32,,10,4.728113
GF05028231S,"Andes Mountain, Yungay city, Ñuble region, National Protected Area Ranchillo Alto",N/A,N/A,N/A,Moist forest|Wet forest,GF05028231S,N/A,81,1,0,0,6,3,0,0,49,0,0,0,1,0,7,0,1,0,3,0,0,0,63,0,0,0,2,0,3,soil,220,12,22.27272727,22.27272727,,12,4.760666
GF05028232S,"Andes Mountain, Yungay city, Ñuble region, National Protected Area Ranchillo Alto",N/A,N/A,N/A,Moist forest|Wet forest,GF05028232S,N/A,34,0,0,0,2,0,0,0,61,0,0,0,0,0,1,0,1,0,5,0,0,0,31,0,0,0,5,0,2,soil,142,9,42.95774648,42.95774648,,9,4.318937
GF05028233S,"Andes Mountain, Yungay city, Ñuble region, National Protected Area Ranchillo Alto",N/A,N/A,N/A,Moist forest|Wet forest,GF05028233S,N/A,66,1,0,0,2,1,0,0,55,0,1,0,1,0,1,0,1,0,4,2,0,0,81,0,0,0,9,0,1,soil,226,14,24.33628319,24.33628319,,14,4.583512
GF05028234S,"Andes Mountain, Yungay city, Ñuble region, National Protected Area Ranchillo Alto",N/A,N/A,N/A,Moist forest|Wet forest,GF05028234S,N/A,49,0,0,0,3,0,0,0,60,0,1,0,0,0,3,0,1,0,3,0,0,0,53,0,0,0,4,0,0,soil,177,9,33.89830508,33.89830508,,9,4.198826
GF05028235S,"Andes Mountain, Yungay city, Ñuble region, National Protected Area Ranchillo Alto",N/A,N/A,N/A,Moist forest|Wet forest,GF05028235S,N/A,48,0,0,0,5,0,0,0,92,0,0,0,1,0,3,0,4,1,4,0,0,0,46,0,0,0,6,0,6,soil,216,11,42.59259259,42.59259259,,11,4.808116
GF05028236S,"Andes Mountain, Yungay city, Ñuble region, National Protected Area Ranchillo Alto",N/A,N/A,N/A,Moist forest|Wet forest,GF05028236S,N/A,55,0,0,0,9,0,0,0,77,0,0,0,0,0,7,0,3,0,4,0,0,0,63,0,0,0,8,0,5,soil,231,9,33.33333333,33.33333333,,9,5.056691
GF05028237S,"Andes Mountain, Yungay city, Ñuble region, National Protected Area Ranchillo Alto",N/A,N/A,N/A,Moist forest|Wet forest,GF05028237S,N/A,28,0,0,0,4,0,0,0,72,0,2,0,0,0,5,0,1,0,5,0,0,0,49,0,0,0,5,0,3,soil,174,10,41.37931034,41.37931034,,10,4.757341
GF05028238S,"Andes Mountain, Yungay city, Ñuble region, National Protected Area Ranchillo Alto",N/A,N/A,N/A,Moist forest|Wet forest,GF05028238S,N/A,125,0,0,0,6,10,0,0,13,0,3,1,1,0,10,0,5,1,12,7,0,0,83,0,1,0,23,0,9,soil,310,16,4.193548387,4.193548387,,16,6.313076
GF05028239S,"Andes Mountain, Yungay city, Ñuble region, National Protected Area Ranchillo Alto",N/A,N/A,N/A,Moist forest|Wet forest,GF05028239S,N/A,118,2,0,0,9,7,0,0,12,0,3,0,0,0,8,0,7,0,11,0,0,3,85,0,0,0,18,0,6,soil,289,13,4.152249135,4.152249135,,13,5.768098
GF05028240S,"Andes Mountain, Yungay city, Ñuble region, National Protected Area Ranchillo Alto",N/A,N/A,N/A,Moist forest|Wet forest,GF05028240S,N/A,115,1,0,0,7,8,0,1,9,0,2,0,1,0,7,0,5,0,10,0,0,1,91,0,1,0,14,0,3,soil,276,16,3.260869565,3.260869565,,16,5.269992
GF05029985S,Cordoba,Neotropical,Chacoan,Pampean province,Very dry forest|Dry forest,GF05029985S,Pampean province,44,0,0,0,2,0,0,11,0,0,0,1,0,0,22,0,0,0,16,0,0,0,32,0,0,0,5,0,3,soil,136,9,0,0,,9,5.807424
GF05029986S,Cordoba,Neotropical,Chacoan,Pampean province,Very dry forest|Dry forest,GF05029986S,Pampean province,128,0,0,0,13,6,0,24,0,0,0,3,1,0,51,0,7,0,60,3,0,0,62,0,0,2,27,0,26,soil,413,14,0,0,,14,7.810189
GF05029987S,Cordoba,Neotropical,Chacoan,Pampean province,Very dry forest|Dry forest,GF05029987S,Pampean province,99,0,0,0,10,0,0,21,0,0,0,1,0,0,37,0,5,0,43,2,0,0,40,0,0,0,26,0,22,soil,306,11,0,0,,11,7.210193
GF05029988S,Cordoba,Neotropical,Chacoan,Pampean province,Very dry forest|Dry forest,GF05029988S,Pampean province,96,0,0,0,4,0,0,20,0,0,0,1,2,0,37,0,6,0,38,1,0,0,32,1,0,0,19,0,21,soil,278,13,0,0,,13,7.130281
GF05029989S,Cordoba,Neotropical,Chacoan,Pampean province,Very dry forest|Dry forest,GF05029989S,Pampean province,104,0,0,0,12,0,0,18,0,0,0,3,2,0,38,0,6,0,59,2,0,0,41,0,0,1,29,0,27,soil,342,13,0,0,,13,7.655731
GF05029990S,Cordoba,Neotropical,Chacoan,Pampean province,Very dry forest|Dry forest,GF05029990S,Pampean province,150,0,0,0,12,5,0,24,0,1,0,4,0,0,51,0,6,0,62,2,0,0,44,0,0,2,17,0,23,soil,403,14,0,0,,14,7.094003
GF05029991S,Cordoba,Neotropical,Chacoan,Pampean province,Very dry forest|Dry forest,GF05029991S,Pampean province,135,0,0,2,15,0,0,17,1,1,0,2,2,0,37,0,6,0,41,0,0,1,67,0,0,1,38,0,21,soil,387,16,0.258397933,0.258397933,,16,7.318093
GF05029992S,Cordoba,Neotropical,Chacoan,Pampean province,Very dry forest|Dry forest,GF05029992S,Pampean province,98,0,0,0,7,0,0,21,0,1,0,3,1,0,29,0,4,0,34,0,0,0,33,0,0,0,21,0,17,soil,269,12,0,0,,12,7.020097
GF05029993S,Cordoba,Neotropical,Chacoan,Pampean province,Very dry forest|Dry forest,GF05029993S,Pampean province,51,0,0,0,5,0,0,9,0,0,0,1,0,0,23,0,5,1,21,0,0,0,29,0,0,0,19,0,9,soil,173,11,0,0,,11,7.376452
GF05029994S,Cordoba,Neotropical,Chacoan,Pampean province,Very dry forest|Dry forest,GF05029994S,Pampean province,92,0,0,0,8,2,0,19,0,0,0,1,0,0,32,0,5,0,42,0,0,0,31,0,0,0,25,0,13,soil,270,11,0,0,,11,7.000124
GF05029995S,Cordoba,Neotropical,Chacoan,Pampean province,Very dry forest|Dry forest,GF05029995S,Pampean province,147,0,0,0,12,0,0,17,0,0,0,4,0,0,50,0,6,0,56,2,0,0,46,0,0,0,48,0,22,soil,410,11,0,0,,11,6.807768
GF05029996S,Cordoba,Neotropical,Chacoan,Pampean province,Very dry forest|Dry forest,GF05029996S,Pampean province,114,0,0,0,8,1,0,16,0,0,0,1,1,0,31,0,6,0,54,1,0,0,33,0,0,0,33,0,17,soil,316,13,0,0,,13,6.812924
GF05029997S,Cordoba,Neotropical,Chacoan,Pampean province,Very dry forest|Dry forest,GF05029997S,Pampean province,91,0,0,0,5,0,0,8,0,0,0,0,1,0,31,0,3,1,49,2,0,0,23,0,0,0,21,0,9,soil,244,12,0,0,,12,6.284082
GF05029998S,Cordoba,Neotropical,Chacoan,Pampean province,Very dry forest|Dry forest,GF05029998S,Pampean province,69,0,0,0,6,0,0,10,0,0,0,2,0,0,22,0,1,0,29,0,0,0,41,0,0,0,14,0,9,soil,203,10,0,0,,10,6.393807
GF05030148S,Puyehue National Park,N/A,N/A,N/A,Wet forest,GF05030148S,N/A,324,0,0,0,8,1,0,3,105,0,11,1,1,0,44,0,6,0,16,1,0,3,136,0,0,0,12,0,30,soil,702,16,14.95726496,14.95726496,,16,5.279715
GF05030149S,Puyehue National Park,N/A,N/A,N/A,Wet forest,GF05030149S,N/A,286,0,0,0,6,1,0,1,96,1,18,0,1,0,43,0,4,0,15,0,0,4,126,0,1,0,12,0,21,soil,636,16,15.09433962,15.09433962,,16,5.381523
GF05030150S,Puyehue National Park,N/A,N/A,N/A,Wet forest,GF05030150S,N/A,262,0,0,0,7,1,0,2,88,0,11,0,1,2,27,0,4,0,13,0,0,4,116,0,1,0,11,0,24,soil,574,16,15.33101045,15.33101045,,16,5.355448
GF05030151S,Puyehue National Park,N/A,N/A,N/A,Wet forest,GF05030151S,N/A,286,0,0,0,11,7,0,6,2,0,8,2,0,2,35,0,2,0,13,1,0,3,137,1,0,0,3,0,22,soil,541,17,0.369685767,0.369685767,,17,4.451004
GF05030152S,Puyehue National Park,N/A,N/A,N/A,Wet forest,GF05030152S,N/A,248,0,0,0,4,11,0,5,6,0,11,2,0,1,31,0,2,1,15,0,0,3,136,1,0,0,6,0,16,soil,499,17,1.20240481,1.20240481,,17,4.766912
GF05030153S,Puyehue National Park,N/A,N/A,N/A,Wet forest,GF05030153S,N/A,264,0,0,0,9,5,0,4,2,0,13,2,0,1,28,0,5,0,10,0,0,4,130,1,0,0,6,0,18,soil,502,16,0.398406375,0.398406375,,16,4.497122
GF05030154S,Tolhuaca National Park,N/A,N/A,N/A,Wet forest,GF05030154S,N/A,287,0,0,0,25,0,0,4,167,0,12,3,2,2,61,0,16,0,38,2,0,6,137,0,1,0,31,0,44,soil,838,17,19.92840095,19.92840095,,17,7.139659
GF05030155S,Tolhuaca National Park,N/A,N/A,N/A,Wet forest,GF05030155S,N/A,123,0,0,0,10,0,0,0,92,0,4,0,1,0,27,0,10,0,16,1,0,4,55,0,1,0,12,0,22,soil,378,14,24.33862434,24.33862434,,14,6.839218
GF05030156S,Tolhuaca National Park,N/A,N/A,N/A,Wet forest,GF05030156S,N/A,190,0,0,0,7,1,0,20,9,0,8,0,0,0,49,0,6,0,19,3,0,2,147,1,1,0,51,0,24,soil,538,16,1.672862454,1.672862454,,16,6.457743
GF05030157S,Tolhuaca National Park,N/A,N/A,N/A,Wet forest,GF05030157S,N/A,148,0,0,0,8,1,0,15,9,0,5,0,0,0,33,0,4,0,16,4,0,3,130,0,0,0,50,0,23,soil,449,14,2.004454343,2.004454343,,14,6.533656
GF05030158S,San Pablo de Tregua Reserve,N/A,N/A,N/A,Wet forest,GF05030158S,N/A,263,1,0,0,18,11,0,10,50,2,2,5,0,1,52,0,15,0,28,2,0,2,103,1,0,0,21,0,24,soil,611,19,8.183306056,8.183306056,,19,6.972572
GF05030159S,San Pablo de Tregua Reserve,N/A,N/A,N/A,Wet forest,GF05030159S,N/A,234,1,0,0,13,11,0,7,47,1,4,4,0,2,41,1,9,1,17,3,0,3,106,1,0,0,14,0,25,soil,545,21,8.623853211,8.623853211,,21,6.892367
GF05030160S,San Pablo de Tregua Reserve,N/A,N/A,N/A,Wet forest,GF05030160S,N/A,244,2,0,0,18,9,0,11,49,1,2,2,3,1,44,1,17,0,24,1,0,4,100,1,0,0,18,0,34,soil,586,21,8.361774744,8.361774744,,21,7.341251
GF05030161S,San Pablo de Tregua Reserve,N/A,N/A,N/A,Wet forest,GF05030161S,N/A,215,0,0,0,7,7,0,3,4,0,10,2,0,1,33,0,5,0,20,0,0,1,123,2,0,0,9,0,10,soil,452,16,0.884955752,0.884955752,,16,5.014433
GF05030162S,San Pablo de Tregua Reserve,N/A,N/A,N/A,Wet forest,GF05030162S,N/A,386,0,0,0,24,10,0,13,6,0,18,2,0,3,56,0,16,0,28,1,0,4,182,2,0,0,11,0,52,soil,814,17,0.737100737,0.737100737,,17,5.63466
GF05030163S,San Pablo de Tregua Reserve,N/A,N/A,N/A,Wet forest,GF05030163S,N/A,130,0,0,0,6,6,0,3,1,0,10,2,0,1,21,0,1,0,7,0,0,1,91,0,0,0,4,0,10,soil,294,15,0.340136054,0.340136054,,15,4.986304
GF05030164S,Nahuelbuta National Park,N/A,N/A,N/A,Moist forest|Wet forest,GF05030164S,N/A,117,0,0,0,10,0,0,3,89,0,9,0,1,0,26,0,2,0,13,2,0,7,67,0,0,0,11,0,27,soil,384,14,23.17708333,23.17708333,,14,7.064644
GF05030165S,Nahuelbuta National Park,N/A,N/A,N/A,Moist forest|Wet forest,GF05030165S,N/A,109,0,0,0,13,1,0,4,88,0,6,3,0,1,26,0,5,0,9,1,0,2,68,0,0,0,11,0,25,soil,372,16,23.65591398,23.65591398,,16,7.228656
GF05030166S,Nahuelbuta National Park,N/A,N/A,N/A,Moist forest|Wet forest,GF05030166S,N/A,139,0,0,0,13,1,0,5,83,0,4,1,2,1,30,0,8,0,17,1,0,4,82,0,0,0,14,0,24,soil,429,17,19.34731935,19.34731935,,17,7.293808
GF05030167S,Nahuelbuta National Park,N/A,N/A,N/A,Moist forest|Wet forest,GF05030167S,N/A,351,0,0,0,15,2,0,10,79,1,30,0,1,4,51,0,4,0,25,2,0,5,214,2,0,0,51,0,27,soil,874,18,9.038901602,9.038901602,,18,6.306534
GF05030168S,Nahuelbuta National Park,N/A,N/A,N/A,Moist forest|Wet forest,GF05030168S,N/A,325,0,0,0,14,2,0,11,72,0,24,0,1,3,36,0,5,0,22,1,0,8,201,1,0,0,40,0,19,soil,785,17,9.171974522,9.171974522,,17,6.022453
GF05030169S,Nahuelbuta National Park,N/A,N/A,N/A,Moist forest|Wet forest,GF05030169S,N/A,383,0,0,0,16,3,0,9,86,1,30,2,1,3,60,0,8,0,25,3,0,10,233,1,0,0,51,0,30,soil,955,19,9.005235602,9.005235602,,19,6.420858
GF05030170S,Alerce Costero National Park,N/A,N/A,N/A,Wet forest,GF05030170S,N/A,175,0,0,0,4,0,0,4,79,3,5,0,1,3,25,0,2,1,13,0,0,8,63,0,0,0,8,0,28,soil,422,16,18.72037915,18.72037915,,16,6.251435
GF05030171S,Alerce Costero National Park,N/A,N/A,N/A,Wet forest,GF05030171S,N/A,172,0,0,0,3,0,0,4,80,2,6,0,1,0,23,0,4,0,16,0,0,8,57,0,0,0,7,0,19,soil,402,14,19.90049751,19.90049751,,14,5.921404
GF05030172S,Alerce Costero National Park,N/A,N/A,N/A,Wet forest,GF05030172S,N/A,229,0,0,0,6,0,0,6,91,4,4,1,2,1,42,0,6,0,19,0,0,11,86,0,0,0,7,0,34,soil,549,16,16.57559199,16.57559199,,16,6.268529
GF05030173S,Alerce Costero National Park,N/A,N/A,N/A,Wet forest,GF05030173S,N/A,163,0,0,0,2,0,0,3,24,0,2,0,1,2,20,0,4,0,6,0,0,9,59,0,0,0,2,0,25,soil,322,14,7.453416149,7.453416149,,14,5.137557
GF05030174S,Alerce Costero National Park,N/A,N/A,N/A,Wet forest,GF05030174S,N/A,175,0,0,0,2,0,0,2,21,0,3,0,0,2,20,0,3,0,7,0,0,9,60,0,0,0,2,0,19,soil,325,13,6.461538462,6.461538462,,13,4.72843
GF05030175S,Alerce Costero National Park,N/A,N/A,N/A,Wet forest,GF05030175S,N/A,188,0,0,0,4,0,0,2,27,0,3,0,0,2,23,0,3,0,7,0,0,9,66,0,0,0,4,0,22,soil,360,13,7.5,7.5,,13,4.940271
GF05030176S,Alerce Costero National Park,N/A,N/A,N/A,Wet forest,GF05030176S,N/A,150,0,0,0,3,0,0,2,58,0,2,0,0,2,20,0,4,0,5,0,0,7,52,0,0,0,1,0,19,soil,325,13,17.84615385,17.84615385,,13,5.213394
GF05030177S,Alerce Costero National Park,N/A,N/A,N/A,Wet forest,GF05030177S,N/A,197,0,0,0,2,0,0,2,49,1,2,2,1,2,25,0,3,0,10,0,0,9,66,0,0,0,0,0,19,soil,390,15,12.56410256,12.56410256,,15,5.021385
GF05030178S,Alerce Costero National Park,N/A,N/A,N/A,Wet forest,GF05030178S,N/A,203,0,0,0,5,0,0,3,62,1,4,2,1,2,32,0,7,0,7,0,0,10,68,0,0,0,5,0,22,soil,434,16,14.28571429,14.28571429,,16,5.727202
GF05030923S,Campos rupestres,Neotropical,Parana,Southern Espinhaco province,Dry forest|Moist forest,GF05030923S,Southern Espinhaco province,600,0,0,0,24,3,0,1,0,15,7,6,6,9,51,0,10,1,120,1,0,1,92,3,0,0,34,0,57,soil,1041,19,0,0,,19,4.888082
GF05030924S,Campos rupestres,Neotropical,Parana,Southern Espinhaco province,Dry forest|Moist forest,GF05030924S,Southern Espinhaco province,277,0,0,0,7,4,0,1,2,0,3,3,0,3,36,0,1,1,57,1,0,0,54,1,0,0,17,0,42,soil,510,17,0.392156863,0.392156863,,17,4.907055
GF05030925S,Campos rupestres,Neotropical,Parana,Southern Espinhaco province,Dry forest|Moist forest,GF05030925S,Southern Espinhaco province,29,0,0,0,0,1,0,0,0,0,0,0,0,0,2,0,0,0,5,0,0,0,2,0,0,0,3,0,5,root,47,7,0,0,,7,3.67262
GF05030928S,Campos rupestres,Neotropical,Parana,Southern Espinhaco province,Dry forest|Moist forest,GF05030928S,Southern Espinhaco province,172,0,0,0,4,7,0,0,0,1,1,0,0,0,12,0,2,1,11,0,0,1,43,0,0,0,7,0,14,root,276,13,0,0,,13,3.916762
GF05030931S,Campos rupestres,Neotropical,Parana,Southern Espinhaco province,Dry forest|Moist forest,GF05030931S,Southern Espinhaco province,88,0,0,0,5,7,0,4,0,0,2,2,0,0,21,0,1,0,15,0,0,0,22,0,0,0,4,0,15,root,186,12,0,0,,12,5.872505
GF05030933S,Campos rupestres,Neotropical,Parana,Southern Espinhaco province,Dry forest|Moist forest,GF05030933S,Southern Espinhaco province,203,0,0,0,6,2,0,3,2,1,2,2,0,2,40,0,3,0,54,0,0,0,32,2,0,0,18,0,30,soil,402,16,0.497512438,0.497512438,,16,5.406372
GF05030934S,Campos rupestres,Neotropical,Parana,Southern Espinhaco province,Dry forest|Moist forest,GF05030934S,Southern Espinhaco province,156,0,0,0,2,4,0,1,0,0,3,1,0,1,17,0,3,1,20,0,0,0,27,0,0,0,6,0,17,root,259,14,0,0,,14,4.36953
GF05030935S,Campos rupestres,Neotropical,Parana,Southern Espinhaco province,Dry forest|Moist forest,GF05030935S,Southern Espinhaco province,350,0,0,0,16,8,0,12,3,2,5,5,2,6,52,0,9,0,88,3,0,0,67,2,0,0,24,0,59,soil,713,18,0.420757363,0.420757363,,18,6.084916
GF05030938S,Campos rupestres,Neotropical,Parana,Southern Espinhaco province,Dry forest|Moist forest,GF05030938S,Southern Espinhaco province,61,0,0,0,6,1,0,0,0,0,0,1,0,1,8,0,0,1,9,1,0,0,13,0,0,0,2,0,11,root,115,12,0,0,,12,5.067845
GF05030942S,Campos rupestres,Neotropical,Parana,Southern Espinhaco province,Dry forest|Moist forest,GF05030942S,Southern Espinhaco province,140,0,0,0,7,4,0,2,0,1,1,3,0,1,24,0,2,0,21,1,0,0,27,0,0,0,12,0,16,root,262,15,0,0,,15,5.33096
GF05030944S,Campos rupestres,Neotropical,Parana,Southern Espinhaco province,Dry forest|Moist forest,GF05030944S,Southern Espinhaco province,72,0,0,0,3,1,0,0,1,1,2,0,0,1,9,0,1,0,11,1,0,0,20,0,0,0,2,0,9,root,134,14,0.746268657,0.746268657,,14,5.030538
GF05030945S,Campos rupestres,Neotropical,Parana,Southern Espinhaco province,Dry forest|Moist forest,GF05030945S,Southern Espinhaco province,126,0,0,0,5,2,0,1,0,1,3,3,0,7,15,0,1,0,13,1,0,0,22,1,0,0,11,0,20,soil,232,16,0,0,,16,5.52052
GF05030946S,Campos rupestres,Neotropical,Parana,Southern Espinhaco province,Dry forest|Moist forest,GF05030946S,Southern Espinhaco province,210,0,0,0,10,2,0,3,1,1,2,4,0,0,36,0,3,0,47,1,0,0,25,2,0,0,13,0,29,root,389,16,0.257069409,0.257069409,,16,5.131723
GF05030947S,Campos rupestres,Neotropical,Parana,Southern Espinhaco province,Dry forest|Moist forest,GF05030947S,Southern Espinhaco province,179,0,0,0,13,7,0,4,2,1,2,2,0,1,27,0,2,0,20,1,0,1,39,0,0,0,10,0,23,root,334,17,0.598802395,0.598802395,,17,5.467389
GF05030950S,Campos rupestres,Neotropical,Parana,Southern Espinhaco province,Dry forest|Moist forest,GF05030950S,Southern Espinhaco province,90,0,0,0,4,5,0,0,0,0,1,2,0,2,6,0,1,0,9,0,0,0,19,0,0,0,2,0,10,root,151,12,0,0,,12,4.448552
GF05030953S,Campos rupestres,Neotropical,Parana,Southern Espinhaco province,Dry forest|Moist forest,GF05030953S,Southern Espinhaco province,81,0,0,0,4,3,0,0,0,0,1,1,0,2,8,0,4,0,7,1,0,0,14,0,0,0,3,0,12,root,141,13,0,0,,13,4.957737
GF05030954S,Campos rupestres,Neotropical,Parana,Southern Espinhaco province,Dry forest|Moist forest,GF05030954S,Southern Espinhaco province,285,0,0,0,19,4,0,9,4,3,3,2,1,5,44,0,7,0,64,1,0,1,61,0,0,0,26,0,43,soil,582,18,0.687285223,0.687285223,,18,6.053722
GF05030956S,Campos rupestres,Neotropical,Parana,Southern Espinhaco province,Dry forest|Moist forest,GF05030956S,Southern Espinhaco province,165,0,0,0,4,6,0,0,0,0,3,0,0,0,10,0,3,0,6,0,0,1,51,0,0,0,4,0,19,root,272,11,0,0,,11,3.806998
GF05030960S,Campos rupestres,Neotropical,Parana,Southern Espinhaco province,Dry forest|Moist forest,GF05030960S,Southern Espinhaco province,433,0,0,0,8,2,0,5,1,1,0,1,1,6,36,0,7,0,72,2,0,5,21,1,0,0,20,0,29,soil,651,18,0.153609831,0.153609831,,18,3.808721
GF05030964S,Campos rupestres,Neotropical,Parana,Southern Espinhaco province,Dry forest|Moist forest,GF05030964S,Southern Espinhaco province,276,0,0,0,4,1,0,0,1,0,0,0,1,0,20,0,3,0,35,1,0,4,18,0,0,0,9,0,21,soil,394,13,0.253807107,0.253807107,,13,3.288057
GF05030965S,Campos rupestres,Neotropical,Parana,Southern Espinhaco province,Dry forest|Moist forest,GF05030965S,Southern Espinhaco province,209,0,0,0,1,1,0,0,0,1,1,0,0,0,20,0,1,1,20,0,0,6,8,0,0,0,6,0,12,root,287,13,0,0,,13,3.048864
GF05030966S,Campos rupestres,Neotropical,Parana,Southern Espinhaco province,Dry forest|Moist forest,GF05030966S,Southern Espinhaco province,196,0,0,0,2,4,0,1,0,1,1,0,0,0,10,0,2,0,19,0,0,5,8,0,0,0,2,0,7,root,258,13,0,0,,13,2.860696
GF05030967S,Campos rupestres,Neotropical,Parana,Southern Espinhaco province,Dry forest|Moist forest,GF05030967S,Southern Espinhaco province,316,0,0,0,4,3,0,2,0,2,0,0,0,2,22,0,5,0,44,2,0,5,15,0,0,0,13,0,19,soil,454,14,0,0,,14,3.462809
GF05030968S,Campos rupestres,Neotropical,Parana,Southern Espinhaco province,Dry forest|Moist forest,GF05030968S,Southern Espinhaco province,442,0,0,0,9,5,0,6,0,1,2,0,1,1,34,0,7,1,72,1,0,7,28,1,0,0,19,0,33,soil,670,18,0,0,,18,3.876867
GF05030969S,Campos rupestres,Neotropical,Parana,Southern Espinhaco province,Dry forest|Moist forest,GF05030969S,Southern Espinhaco province,213,0,0,0,5,2,0,1,1,0,0,0,0,1,19,0,4,0,40,0,0,3,14,0,0,0,16,0,20,root,339,13,0.294985251,0.294985251,,13,4.001276
GF05030972S,Campos rupestres,Neotropical,Parana,Southern Espinhaco province,Dry forest|Moist forest,GF05030972S,Southern Espinhaco province,154,0,0,0,0,3,0,0,0,0,0,0,0,0,10,0,2,0,6,0,0,4,10,0,0,0,2,0,6,root,197,9,0,0,,9,2.569798
GF05030973S,Campos rupestres,Neotropical,Parana,Southern Espinhaco province,Dry forest|Moist forest,GF05030973S,Southern Espinhaco province,191,0,0,0,3,2,0,0,0,0,2,0,0,1,20,0,4,0,27,0,0,3,13,0,0,0,7,0,13,root,286,12,0,0,,12,3.650201
GF05030974S,Campos rupestres,Neotropical,Parana,Southern Espinhaco province,Dry forest|Moist forest,GF05030974S,Southern Espinhaco province,142,0,0,0,2,0,0,2,0,0,0,0,0,0,8,0,3,1,30,0,0,3,11,0,0,0,7,0,10,root,219,11,0,0,,11,3.681371
GF05030979S,Campos rupestres,Neotropical,Parana,Southern Espinhaco province,Dry forest|Moist forest,GF05030979S,Southern Espinhaco province,266,0,0,0,1,2,0,0,2,3,1,0,0,1,34,0,8,0,60,0,0,3,11,1,0,0,7,0,18,root,418,15,0.4784689,0.4784689,,15,3.763892
GF05030981S,Campos rupestres,Neotropical,Parana,Southern Espinhaco province,Dry forest|Moist forest,GF05030981S,Southern Espinhaco province,321,0,0,0,4,5,0,1,0,1,1,0,0,0,23,0,4,0,39,1,0,7,12,0,0,0,9,0,10,soil,438,14,0,0,,14,3.067972
GF05030982S,Campos rupestres,Neotropical,Parana,Southern Espinhaco province,Dry forest|Moist forest,GF05030982S,Southern Espinhaco province,345,0,0,0,8,2,0,6,0,0,0,0,1,0,26,0,6,0,41,2,0,8,30,0,0,0,19,0,30,soil,524,13,0,0,,13,3.880098
GF05030985S,Campos rupestres,Neotropical,Parana,Southern Espinhaco province,Dry forest|Moist forest,GF05030985S,Southern Espinhaco province,380,0,0,0,12,5,0,7,3,1,1,3,2,2,45,0,5,0,83,2,0,4,47,1,0,0,24,0,45,root,672,19,0.446428571,0.446428571,,19,4.953066
GF05030986S,Campos rupestres,Neotropical,Parana,Southern Espinhaco province,Dry forest|Moist forest,GF05030986S,Southern Espinhaco province,174,0,0,0,1,3,0,0,0,0,1,0,0,1,14,0,2,0,11,1,0,8,7,0,0,0,5,0,5,root,233,13,0,0,,13,3.026935
GF05030996S,Campos rupestres,Neotropical,Parana,Southern Espinhaco province,Dry forest|Moist forest,GF05030996S,Southern Espinhaco province,161,0,0,0,3,2,0,0,0,0,0,0,0,0,13,0,3,0,20,0,0,1,4,0,0,0,10,0,10,root,227,10,0,0,,10,3.150879
GF05030997S,Campos rupestres,Neotropical,Parana,Southern Espinhaco province,Dry forest|Moist forest,GF05030997S,Southern Espinhaco province,193,0,0,0,3,2,0,0,0,0,1,0,0,0,15,0,4,0,28,1,0,6,8,0,0,0,6,0,7,root,274,12,0,0,,12,3.291044
GF05031000S,Campos rupestres,Neotropical,Parana,Southern Espinhaco province,Dry forest|Moist forest,GF05031000S,Southern Espinhaco province,86,0,0,0,1,0,0,0,1,0,0,0,0,0,6,0,2,0,16,1,0,0,5,0,0,0,3,0,9,root,130,10,0.769230769,0.769230769,,10,3.479333
GF05031153S,"Carajás National Forest, Serra dos Carajás, Eastern Amazon, Pará",Neotropical,South-eastern Amazonian,Xingu-Tapajos province,Dry forest|Moist forest,GF05031153S,Xingu-Tapajos province,128,0,0,0,0,3,0,0,0,0,0,0,0,1,14,0,1,0,22,3,0,5,17,0,0,0,2,0,16,soil,212,11,0,0,,11,4.137032
GF05031154S,"Carajás National Forest, Serra dos Carajás, Eastern Amazon, Pará",Neotropical,South-eastern Amazonian,Xingu-Tapajos province,Dry forest|Moist forest,GF05031154S,Xingu-Tapajos province,77,0,0,0,1,0,0,0,2,1,1,0,0,1,5,0,1,0,12,0,0,0,12,1,0,0,9,0,9,soil,132,13,1.515151515,1.515151515,,13,4.599865
GF05031155S,"Carajás National Forest, Serra dos Carajás, Eastern Amazon, Pará",Neotropical,South-eastern Amazonian,Xingu-Tapajos province,Dry forest|Moist forest,GF05031155S,Xingu-Tapajos province,89,0,0,0,1,0,0,1,2,0,0,0,0,1,7,0,1,0,15,0,0,0,27,0,0,0,4,0,10,soil,158,11,1.265822785,1.265822785,,11,4.212538
GF05031156S,"Carajás National Forest, Serra dos Carajás, Eastern Amazon, Pará",Neotropical,South-eastern Amazonian,Xingu-Tapajos province,Dry forest|Moist forest,GF05031156S,Xingu-Tapajos province,152,0,0,0,1,0,0,0,7,0,5,1,0,0,6,0,1,0,13,0,0,1,28,1,0,0,4,0,15,soil,235,13,2.978723404,2.978723404,,13,3.806739
GF05031157S,"Carajás National Forest, Serra dos Carajás, Eastern Amazon, Pará",Neotropical,South-eastern Amazonian,Xingu-Tapajos province,Dry forest|Moist forest,GF05031157S,Xingu-Tapajos province,160,1,0,0,1,0,0,1,4,0,0,0,0,1,17,0,3,0,25,1,0,3,11,0,0,0,1,0,13,soil,242,14,1.652892562,1.652892562,,14,3.687545
GF05031158S,"Carajás National Forest, Serra dos Carajás, Eastern Amazon, Pará",Neotropical,South-eastern Amazonian,Xingu-Tapajos province,Dry forest|Moist forest,GF05031158S,Xingu-Tapajos province,158,0,0,0,0,3,0,3,0,0,0,4,0,0,16,0,5,0,34,1,0,5,11,0,0,0,1,0,15,soil,256,12,0,0,,12,4.083637
GF05031159S,"Carajás National Forest, Serra dos Carajás, Eastern Amazon, Pará",Neotropical,South-eastern Amazonian,Xingu-Tapajos province,Dry forest|Moist forest,GF05031159S,Xingu-Tapajos province,277,0,0,0,8,4,0,4,1,1,1,1,0,0,19,0,4,0,36,0,0,3,58,2,0,0,10,0,37,soil,466,16,0.214592275,0.214592275,,16,4.398775
GF05031160S,"Carajás National Forest, Serra dos Carajás, Eastern Amazon, Pará",Neotropical,South-eastern Amazonian,Xingu-Tapajos province,Dry forest|Moist forest,GF05031160S,Xingu-Tapajos province,110,0,0,0,5,0,0,0,0,2,2,0,0,10,7,0,2,0,14,0,0,0,20,2,0,0,3,0,11,soil,188,12,0,0,,12,4.692076
GF05031161S,"Carajás National Forest, Serra dos Carajás, Eastern Amazon, Pará",Neotropical,South-eastern Amazonian,Xingu-Tapajos province,Dry forest|Moist forest,GF05031161S,Xingu-Tapajos province,181,0,0,0,0,2,0,1,0,1,0,1,0,1,5,0,0,0,2,0,0,0,13,0,0,0,1,0,7,soil,215,11,0,0,,11,2.065679
GF05031162S,"Campos Ferruginosos National Park, Serra dos Carajás, Eastern Amazon, Pará",Neotropical,South-eastern Amazonian,Xingu-Tapajos province,Dry forest|Moist forest,GF05031162S,Xingu-Tapajos province,173,0,0,0,5,5,0,2,0,0,3,5,2,0,11,0,3,0,44,1,0,2,23,0,0,0,6,0,20,soil,305,15,0,0,,15,4.866442
GF05031163S,"Campos Ferruginosos National Park, Serra dos Carajás, Eastern Amazon, Pará",Neotropical,South-eastern Amazonian,Xingu-Tapajos province,Dry forest|Moist forest,GF05031163S,Xingu-Tapajos province,110,0,0,0,0,0,0,1,0,0,1,3,0,0,6,0,1,0,11,0,0,0,8,0,0,0,3,0,7,soil,151,10,0,0,,10,3.01374
GF05031164S,"Campos Ferruginosos National Park, Serra dos Carajás, Eastern Amazon, Pará",Neotropical,South-eastern Amazonian,Xingu-Tapajos province,Dry forest|Moist forest,GF05031164S,Xingu-Tapajos province,111,0,0,0,0,3,0,1,0,0,1,3,0,0,10,0,0,0,15,0,0,0,22,0,0,0,2,0,5,soil,173,10,0,0,,10,3.589306
GF05031165S,"Campos Ferruginosos National Park, Serra dos Carajás, Eastern Amazon, Pará",Neotropical,South-eastern Amazonian,Xingu-Tapajos province,Dry forest|Moist forest,GF05031165S,Xingu-Tapajos province,73,0,0,0,2,1,0,1,0,0,0,0,0,0,4,0,1,0,24,1,0,2,5,0,0,0,2,0,4,soil,120,12,0,0,,12,3.84862
GF05031166S,"Carajás National Forest, Serra dos Carajás, Eastern Amazon, Pará",Neotropical,South-eastern Amazonian,Xingu-Tapajos province,Dry forest|Moist forest,GF05031166S,Xingu-Tapajos province,241,0,0,0,5,1,0,0,4,1,2,1,0,0,13,0,4,0,11,0,0,2,28,0,0,0,5,0,13,soil,331,14,1.208459215,1.208459215,,14,3.174364
GF05031167S,"Campos Ferruginosos National Park, Serra dos Carajás, Eastern Amazon, Pará",Neotropical,South-eastern Amazonian,Xingu-Tapajos province,Dry forest|Moist forest,GF05031167S,Xingu-Tapajos province,196,0,0,0,2,4,0,4,0,0,2,1,0,0,12,0,3,0,37,0,0,2,50,0,0,0,9,0,12,soil,334,13,0,0,,13,4.199113
GF05031168S,"Campos Ferruginosos National Park, Serra dos Carajás, Eastern Amazon, Pará",Neotropical,South-eastern Amazonian,Xingu-Tapajos province,Dry forest|Moist forest,GF05031168S,Xingu-Tapajos province,149,0,0,0,1,3,0,2,0,0,2,2,0,0,14,0,1,0,40,2,0,0,14,0,0,0,7,0,3,soil,240,13,0,0,,13,3.834324
GF05031169S,"Campos Ferruginosos National Park, Serra dos Carajás, Eastern Amazon, Pará",Neotropical,South-eastern Amazonian,Xingu-Tapajos province,Dry forest|Moist forest,GF05031169S,Xingu-Tapajos province,115,0,0,0,1,2,0,0,0,0,2,0,0,0,6,0,2,1,10,0,0,2,58,0,0,0,2,0,5,soil,206,12,0,0,,12,3.665995
GF05031170S,"Campos Ferruginosos National Park, Serra dos Carajás, Eastern Amazon, Pará",Neotropical,South-eastern Amazonian,Xingu-Tapajos province,Dry forest|Moist forest,GF05031170S,Xingu-Tapajos province,177,0,0,0,10,1,0,0,0,1,0,1,0,3,19,0,10,0,15,0,0,0,38,1,0,0,26,0,35,soil,337,13,0,0,,13,5.143264
GF05031171S,"Carajás National Forest, Serra dos Carajás, Eastern Amazon, Pará",Neotropical,South-eastern Amazonian,Xingu-Tapajos province,Dry forest|Moist forest,GF05031171S,Xingu-Tapajos province,143,0,0,0,1,0,0,1,0,0,2,1,1,0,6,0,2,0,3,1,0,1,8,0,0,0,3,0,5,soil,178,14,0,0,,14,2.567949
GF05031172S,"Carajás National Forest, Serra dos Carajás, Eastern Amazon, Pará",Neotropical,South-eastern Amazonian,Xingu-Tapajos province,Dry forest|Moist forest,GF05031172S,Xingu-Tapajos province,265,0,0,0,1,1,0,2,4,0,1,4,1,4,10,0,2,2,22,2,0,2,30,0,0,0,7,0,21,soil,381,18,1.049868766,1.049868766,,18,3.631834
GF05031173S,"Carajás National Forest, Serra dos Carajás, Eastern Amazon, Pará",Neotropical,South-eastern Amazonian,Xingu-Tapajos province,Dry forest|Moist forest,GF05031173S,Xingu-Tapajos province,260,0,0,0,5,4,0,0,4,3,3,8,1,4,24,0,11,1,50,1,0,1,55,1,0,0,11,0,31,soil,478,19,0.836820084,0.836820084,,19,5.375237
GF05031174S,"Carajás National Forest, Serra dos Carajás, Eastern Amazon, Pará",Neotropical,South-eastern Amazonian,Xingu-Tapajos province,Dry forest|Moist forest,GF05031174S,Xingu-Tapajos province,206,0,0,0,4,0,0,0,1,0,1,0,1,1,8,0,2,0,9,0,0,1,28,0,0,0,2,0,13,soil,277,13,0.36101083,0.36101083,,13,2.837973
GF05031175S,"Carajás National Forest, Serra dos Carajás, Eastern Amazon, Pará",Neotropical,South-eastern Amazonian,Xingu-Tapajos province,Dry forest|Moist forest,GF05031175S,Xingu-Tapajos province,456,1,0,0,6,6,0,2,1,0,0,1,0,3,31,0,4,0,37,2,1,6,44,0,0,0,8,0,24,soil,633,17,0.157977883,0.157977883,,17,3.259597
GF05031176S,"Carajás National Forest, Serra dos Carajás, Eastern Amazon, Pará",Neotropical,South-eastern Amazonian,Xingu-Tapajos province,Dry forest|Moist forest,GF05031176S,Xingu-Tapajos province,221,0,0,0,4,0,0,0,2,0,3,1,1,0,25,0,4,0,16,1,0,3,23,1,0,0,4,0,14,soil,323,15,0.619195046,0.619195046,,15,3.610449
GF05031177S,"Carajás National Forest, Serra dos Carajás, Eastern Amazon, Pará",Neotropical,South-eastern Amazonian,Xingu-Tapajos province,Dry forest|Moist forest,GF05031177S,Xingu-Tapajos province,84,0,0,0,1,0,0,0,2,0,0,0,0,0,2,0,1,0,4,0,0,2,21,0,0,0,0,0,4,soil,121,9,1.652892562,1.652892562,,9,2.902106
GF05031178S,"Carajás National Forest, Serra dos Carajás, Eastern Amazon, Pará",Neotropical,South-eastern Amazonian,Xingu-Tapajos province,Dry forest|Moist forest,GF05031178S,Xingu-Tapajos province,202,0,0,0,4,1,0,0,0,0,2,1,0,2,18,0,3,0,27,1,0,1,19,0,0,0,3,0,15,soil,299,14,0,0,,14,3.560183
GF05031179S,"Carajás National Forest, Serra dos Carajás, Eastern Amazon, Pará",Neotropical,South-eastern Amazonian,Xingu-Tapajos province,Dry forest|Moist forest,GF05031179S,Xingu-Tapajos province,197,0,0,1,6,0,0,0,4,0,0,0,2,0,13,0,7,2,6,0,0,3,21,1,0,0,2,0,13,soil,278,14,1.438848921,1.438848921,,14,3.458368
GF05031180S,"Carajás National Forest, Serra dos Carajás, Eastern Amazon, Pará",Neotropical,South-eastern Amazonian,Xingu-Tapajos province,Dry forest|Moist forest,GF05031180S,Xingu-Tapajos province,191,0,0,0,4,0,0,2,5,0,1,1,1,0,9,0,1,0,17,0,0,1,19,0,0,0,2,0,11,soil,265,14,1.886792453,1.886792453,,14,3.207053
GF05031181S,"Carajás National Forest, Serra dos Carajás, Eastern Amazon, Pará",Neotropical,South-eastern Amazonian,Xingu-Tapajos province,Dry forest|Moist forest,GF05031181S,Xingu-Tapajos province,324,0,0,0,5,2,0,0,0,0,3,1,0,1,11,0,4,0,22,0,0,2,40,3,0,0,7,0,22,soil,447,14,0,0,,14,3.118294
GF05031182S,"Carajás National Forest, Serra dos Carajás, Eastern Amazon, Pará",Neotropical,South-eastern Amazonian,Xingu-Tapajos province,Dry forest|Moist forest,GF05031182S,Xingu-Tapajos province,92,0,0,0,7,0,0,1,0,0,0,1,0,2,12,0,5,0,41,3,0,1,11,1,0,0,3,0,12,soil,192,14,0,0,,14,5.44883
GF05031183S,"Carajás National Forest, Serra dos Carajás, Eastern Amazon, Pará",Neotropical,South-eastern Amazonian,Xingu-Tapajos province,Dry forest|Moist forest,GF05031183S,Xingu-Tapajos province,141,0,0,0,1,1,0,1,0,0,0,0,0,3,9,0,0,0,4,0,0,1,17,0,0,0,5,0,7,soil,190,11,0,0,,11,2.875911
GF05031184S,"Carajás National Forest, Serra dos Carajás, Eastern Amazon, Pará",Neotropical,South-eastern Amazonian,Xingu-Tapajos province,Dry forest|Moist forest,GF05031184S,Xingu-Tapajos province,42,0,0,0,2,1,0,2,0,1,1,1,0,1,12,0,2,0,14,0,0,0,14,0,0,0,13,0,14,soil,120,14,0,0,,14,7.349408
GF05031185S,"Carajás National Forest, Serra dos Carajás, Eastern Amazon, Pará",Neotropical,South-eastern Amazonian,Xingu-Tapajos province,Dry forest|Moist forest,GF05031185S,Xingu-Tapajos province,176,0,0,0,4,2,0,1,0,0,2,1,0,0,8,0,1,0,16,2,0,2,12,0,0,0,1,0,10,soil,238,14,0,0,,14,3.076507
GF05031186S,"Carajás National Forest, Serra dos Carajás, Eastern Amazon, Pará",Neotropical,South-eastern Amazonian,Xingu-Tapajos province,Dry forest|Moist forest,GF05031186S,Xingu-Tapajos province,59,0,0,0,1,0,0,0,2,0,1,0,0,1,7,0,1,0,8,0,0,1,17,2,0,0,4,0,5,soil,109,13,1.834862385,1.834862385,,13,5.026077
GF05031187S,"Carajás National Forest, Serra dos Carajás, Eastern Amazon, Pará",Neotropical,South-eastern Amazonian,Xingu-Tapajos province,Dry forest|Moist forest,GF05031187S,Xingu-Tapajos province,116,0,0,0,3,0,0,0,2,0,0,2,0,1,4,0,2,0,5,0,0,3,21,0,0,0,4,0,12,soil,175,12,1.142857143,1.142857143,,12,3.696215
GF05031188S,"Carajás National Forest, Serra dos Carajás, Eastern Amazon, Pará",Neotropical,South-eastern Amazonian,Xingu-Tapajos province,Dry forest|Moist forest,GF05031188S,Xingu-Tapajos province,59,0,0,0,0,0,0,0,5,0,0,1,0,0,4,0,0,1,7,0,0,0,5,0,0,0,0,0,0,soil,82,7,6.097560976,6.097560976,,7,2.837349
GF05031189S,"Carajás National Forest, Serra dos Carajás, Eastern Amazon, Pará",Neotropical,South-eastern Amazonian,Xingu-Tapajos province,Dry forest|Moist forest,GF05031189S,Xingu-Tapajos province,87,0,0,0,3,1,0,0,0,0,4,1,0,1,10,0,0,0,14,1,0,0,23,0,0,0,7,0,10,soil,162,12,0,0,,12,4.918887
GF05031190S,"Carajás National Forest, Serra dos Carajás, Eastern Amazon, Pará",Neotropical,South-eastern Amazonian,Xingu-Tapajos province,Dry forest|Moist forest,GF05031190S,Xingu-Tapajos province,40,0,0,0,0,0,0,0,0,0,1,0,0,0,3,0,0,0,4,0,0,0,12,0,0,0,1,0,4,soil,65,7,0,0,,7,3.401544
GF05031191S,"Carajás National Forest, Serra dos Carajás, Eastern Amazon, Pará",Neotropical,South-eastern Amazonian,Xingu-Tapajos province,Dry forest|Moist forest,GF05031191S,Xingu-Tapajos province,27,0,0,0,0,0,0,1,0,0,0,0,0,0,4,0,0,0,12,2,0,2,4,0,0,0,0,0,2,soil,54,8,0,0,,8,4.510783
GF05031192S,"Carajás National Forest, Serra dos Carajás, Eastern Amazon, Pará",Neotropical,South-eastern Amazonian,Xingu-Tapajos province,Dry forest|Moist forest,GF05031192S,Xingu-Tapajos province,38,0,0,0,0,0,0,0,1,0,0,0,1,1,2,0,0,0,5,3,0,0,6,0,0,0,2,0,11,soil,70,10,1.428571429,1.428571429,,10,4.672819
GF05031193S,"Carajás National Forest, Serra dos Carajás, Eastern Amazon, Pará",Neotropical,South-eastern Amazonian,Xingu-Tapajos province,Dry forest|Moist forest,GF05031193S,Xingu-Tapajos province,111,0,0,0,1,6,0,0,1,0,2,0,1,1,8,0,1,0,11,0,0,2,21,0,0,0,1,0,7,soil,174,14,0.574712644,0.574712644,,14,3.99106
GF05031194S,"Carajás National Forest, Serra dos Carajás, Eastern Amazon, Pará",Neotropical,South-eastern Amazonian,Xingu-Tapajos province,Dry forest|Moist forest,GF05031194S,Xingu-Tapajos province,259,0,0,0,13,4,0,2,1,1,5,1,0,5,20,0,7,0,42,0,0,1,58,2,0,0,18,0,35,soil,474,17,0.210970464,0.210970464,,17,5.194358
GF05031195S,"Carajás National Forest, Serra dos Carajás, Eastern Amazon, Pará",Neotropical,South-eastern Amazonian,Xingu-Tapajos province,Dry forest|Moist forest,GF05031195S,Xingu-Tapajos province,116,0,0,0,5,8,0,0,4,0,2,2,1,0,6,0,3,0,9,0,0,3,30,0,0,0,4,0,12,soil,205,14,1.951219512,1.951219512,,14,5.0576
GF05031196S,"Carajás National Forest, Serra dos Carajás, Eastern Amazon, Pará",Neotropical,South-eastern Amazonian,Xingu-Tapajos province,Dry forest|Moist forest,GF05031196S,Xingu-Tapajos province,13,0,0,0,1,0,0,0,0,0,2,0,0,0,4,0,0,0,1,0,0,0,3,0,0,0,1,0,0,soil,25,7,0,0,,7,4.375452
GF05031197S,"Carajás National Forest, Serra dos Carajás, Eastern Amazon, Pará",Neotropical,South-eastern Amazonian,Xingu-Tapajos province,Dry forest|Moist forest,GF05031197S,Xingu-Tapajos province,125,0,0,0,1,0,0,0,4,0,0,2,0,1,11,0,0,0,10,0,0,1,21,0,0,0,2,0,5,soil,183,11,2.18579235,2.18579235,,11,3.329094
GF05031198S,"Carajás National Forest, Serra dos Carajás, Eastern Amazon, Pará",Neotropical,South-eastern Amazonian,Xingu-Tapajos province,Dry forest|Moist forest,GF05031198S,Xingu-Tapajos province,142,0,0,0,1,1,0,0,3,0,2,0,0,0,5,0,1,0,6,0,0,1,9,0,0,0,1,0,4,soil,176,12,1.704545455,1.704545455,,12,2.446747
GF05031199S,"Carajás National Forest, Serra dos Carajás, Eastern Amazon, Pará",Neotropical,South-eastern Amazonian,Xingu-Tapajos province,Dry forest|Moist forest,GF05031199S,Xingu-Tapajos province,38,0,0,0,0,0,0,1,1,0,0,1,0,0,1,0,0,0,7,1,0,0,4,0,0,0,0,0,0,soil,54,8,1.851851852,1.851851852,,8,2.92784
GF05031200S,"Carajás National Forest, Serra dos Carajás, Eastern Amazon, Pará",Neotropical,South-eastern Amazonian,Xingu-Tapajos province,Dry forest|Moist forest,GF05031200S,Xingu-Tapajos province,156,0,0,0,2,0,0,0,3,0,2,0,0,0,9,0,0,0,8,1,0,1,34,1,0,0,0,0,7,soil,224,11,1.339285714,1.339285714,,11,3.031577
