"","new.ID","PermanentID","sequencing_platform","NEF.dataset"
"252","NEF_GloFung-its1_50_2021","GF05016058S","Illumina","ITS1"
"253","NEF_GloFung-its1_50_2021","GF05016057S","Illumina","ITS1"
"254","NEF_GloFung-its1_50_2021","GF05016056S","Illumina","ITS1"
"255","NEF_GloFung-its1_51_2021","GF05016055S","Illumina","ITS1"
"256","NEF_GloFung-its1_51_2021","GF05016054S","Illumina","ITS1"
"257","NEF_GloFung-its1_51_2021","GF05016053S","Illumina","ITS1"
"258","NEF_GloFung-its1_52_2021","GF05016052S","Illumina","ITS1"
"259","NEF_GloFung-its1_52_2021","GF05016051S","Illumina","ITS1"
"260","NEF_GloFung-its1_52_2021","GF05016050S","Illumina","ITS1"
"1151","NEF_GloFung-its1_409_2021","GF05000392S","Illumina","ITS1"
"1152","NEF_GloFung-its1_409_2021","GF05000391S","Illumina","ITS1"
"1153","NEF_GloFung-its1_409_2021","GF05000390S","Illumina","ITS1"
"1154","NEF_GloFung-its1_409_2021","GF05000389S","Illumina","ITS1"
"1155","NEF_GloFung-its1_410_2021","GF05000388S","Illumina","ITS1"
"1156","NEF_GloFung-its1_410_2021","GF05000387S","Illumina","ITS1"
"1157","NEF_GloFung-its1_410_2021","GF05000386S","Illumina","ITS1"
"1158","NEF_GloFung-its1_410_2021","GF05000385S","Illumina","ITS1"
"1159","NEF_GloFung-its1_411_2021","GF05000384S","Illumina","ITS1"
"1160","NEF_GloFung-its1_411_2021","GF05000383S","Illumina","ITS1"
"1161","NEF_GloFung-its1_411_2021","GF05000382S","Illumina","ITS1"
"1162","NEF_GloFung-its1_411_2021","GF05000381S","Illumina","ITS1"
"1163","NEF_GloFung-its1_412_2021","GF05000380S","Illumina","ITS1"
"1164","NEF_GloFung-its1_412_2021","GF05000379S","Illumina","ITS1"
"1165","NEF_GloFung-its1_412_2021","GF05000378S","Illumina","ITS1"
"1166","NEF_GloFung-its1_412_2021","GF05000377S","Illumina","ITS1"
"1405","NEF_GloFung-its1_563_2021","GF04004612S","Illumina","ITS1"
"1406","NEF_GloFung-its1_564_2021","GF04004611S","Illumina","ITS1"
"1407","NEF_GloFung-its1_565_2021","GF04004610S","Illumina","ITS1"
"1408","NEF_GloFung-its1_566_2021","GF04004609S","Illumina","ITS1"
"1409","NEF_GloFung-its1_567_2021","GF04004608S","Illumina","ITS1"
"1410","NEF_GloFung-its1_567_2021","GF04004607S","Illumina","ITS1"
"1411","NEF_GloFung-its1_566_2021","GF04004606S","Illumina","ITS1"
"1412","NEF_GloFung-its1_568_2021","GF04004605S","Illumina","ITS1"
"1413","NEF_GloFung-its1_569_2021","GF04004604S","Illumina","ITS1"
"1414","NEF_GloFung-its1_563_2021","GF04004603S","Illumina","ITS1"
"1415","NEF_GloFung-its1_563_2021","GF04004602S","Illumina","ITS1"
"1416","NEF_GloFung-its1_570_2021","GF04004601S","Illumina","ITS1"
"1417","NEF_GloFung-its1_570_2021","GF04004600S","Illumina","ITS1"
"1418","NEF_GloFung-its1_567_2021","GF04004599S","Illumina","ITS1"
"1419","NEF_GloFung-its1_570_2021","GF04004598S","Illumina","ITS1"
"1420","NEF_GloFung-its1_571_2021","GF04004597S","Illumina","ITS1"
"1421","NEF_GloFung-its1_565_2021","GF04004596S","Illumina","ITS1"
"1422","NEF_GloFung-its1_567_2021","GF04004595S","Illumina","ITS1"
"1423","NEF_GloFung-its1_572_2021","GF04004594S","Illumina","ITS1"
"1424","NEF_GloFung-its1_563_2021","GF04004593S","Illumina","ITS1"
"1425","NEF_GloFung-its1_567_2021","GF04004592S","Illumina","ITS1"
"1426","NEF_GloFung-its1_569_2021","GF04004591S","Illumina","ITS1"
"1427","NEF_GloFung-its1_567_2021","GF04004590S","Illumina","ITS1"
"1428","NEF_GloFung-its1_573_2021","GF04004589S","Illumina","ITS1"
"1429","NEF_GloFung-its1_569_2021","GF04004588S","Illumina","ITS1"
"1430","NEF_GloFung-its1_563_2021","GF04004587S","Illumina","ITS1"
"1431","NEF_GloFung-its1_567_2021","GF04004586S","Illumina","ITS1"
"1432","NEF_GloFung-its1_574_2021","GF04004585S","Illumina","ITS1"
"1433","NEF_GloFung-its1_575_2021","GF04004584S","Illumina","ITS1"
"1434","NEF_GloFung-its1_576_2021","GF04004583S","Illumina","ITS1"
"1435","NEF_GloFung-its1_573_2021","GF04004582S","Illumina","ITS1"
"1436","NEF_GloFung-its1_566_2021","GF04004581S","Illumina","ITS1"
"1437","NEF_GloFung-its1_568_2021","GF04004580S","Illumina","ITS1"
"1438","NEF_GloFung-its1_565_2021","GF04004579S","Illumina","ITS1"
"1439","NEF_GloFung-its1_567_2021","GF04004578S","Illumina","ITS1"
"1440","NEF_GloFung-its1_577_2021","GF04004577S","Illumina","ITS1"
"1441","NEF_GloFung-its1_578_2021","GF04004576S","Illumina","ITS1"
"1442","NEF_GloFung-its1_575_2021","GF04004575S","Illumina","ITS1"
"1443","NEF_GloFung-its1_567_2021","GF04004574S","Illumina","ITS1"
"1444","NEF_GloFung-its1_579_2021","GF04004573S","Illumina","ITS1"
"1445","NEF_GloFung-its1_567_2021","GF04004572S","Illumina","ITS1"
"1446","NEF_GloFung-its1_566_2021","GF04004571S","Illumina","ITS1"
"1447","NEF_GloFung-its1_568_2021","GF04004570S","Illumina","ITS1"
"1448","NEF_GloFung-its1_569_2021","GF04004569S","Illumina","ITS1"
"1449","NEF_GloFung-its1_570_2021","GF04004568S","Illumina","ITS1"
"1450","NEF_GloFung-its1_563_2021","GF04004567S","Illumina","ITS1"
"1451","NEF_GloFung-its1_568_2021","GF04004566S","Illumina","ITS1"
"1452","NEF_GloFung-its1_565_2021","GF04004565S","Illumina","ITS1"
"1453","NEF_GloFung-its1_568_2021","GF04004564S","Illumina","ITS1"
"1454","NEF_GloFung-its1_565_2021","GF04004563S","Illumina","ITS1"
"1455","NEF_GloFung-its1_580_2021","GF04004562S","Illumina","ITS1"
"1456","NEF_GloFung-its1_579_2021","GF04004561S","Illumina","ITS1"
"1457","NEF_GloFung-its1_579_2021","GF04004560S","Illumina","ITS1"
"1458","NEF_GloFung-its1_568_2021","GF04004559S","Illumina","ITS1"
"1459","NEF_GloFung-its1_569_2021","GF04004558S","Illumina","ITS1"
"1460","NEF_GloFung-its1_574_2021","GF04004557S","Illumina","ITS1"
"1461","NEF_GloFung-its1_568_2021","GF04004556S","Illumina","ITS1"
"1462","NEF_GloFung-its1_570_2021","GF04004555S","Illumina","ITS1"
"1463","NEF_GloFung-its1_567_2021","GF04004554S","Illumina","ITS1"
"1464","NEF_GloFung-its1_568_2021","GF04004553S","Illumina","ITS1"
"1465","NEF_GloFung-its1_581_2021","GF04004552S","Illumina","ITS1"
"1466","NEF_GloFung-its1_582_2021","GF04004551S","Illumina","ITS1"
"1467","NEF_GloFung-its1_563_2021","GF04004550S","Illumina","ITS1"
"1468","NEF_GloFung-its1_570_2021","GF04004549S","Illumina","ITS1"
"1469","NEF_GloFung-its1_567_2021","GF04004548S","Illumina","ITS1"
"1470","NEF_GloFung-its1_568_2021","GF04004547S","Illumina","ITS1"
"1471","NEF_GloFung-its1_563_2021","GF04004546S","Illumina","ITS1"
"1472","NEF_GloFung-its1_573_2021","GF04004545S","Illumina","ITS1"
"1473","NEF_GloFung-its1_567_2021","GF04004544S","Illumina","ITS1"
"1474","NEF_GloFung-its1_575_2021","GF04004543S","Illumina","ITS1"
"1475","NEF_GloFung-its1_565_2021","GF04004542S","Illumina","ITS1"
"1476","NEF_GloFung-its1_575_2021","GF04004541S","Illumina","ITS1"
"1477","NEF_GloFung-its1_563_2021","GF04004540S","Illumina","ITS1"
"1478","NEF_GloFung-its1_566_2021","GF04004539S","Illumina","ITS1"
"1479","NEF_GloFung-its1_567_2021","GF04004538S","Illumina","ITS1"
"1480","NEF_GloFung-its1_568_2021","GF04004537S","Illumina","ITS1"
"1481","NEF_GloFung-its1_583_2021","GF04004536S","Illumina","ITS1"
"1482","NEF_GloFung-its1_567_2021","GF04004535S","Illumina","ITS1"
"1483","NEF_GloFung-its1_567_2021","GF04004534S","Illumina","ITS1"
"1484","NEF_GloFung-its1_575_2021","GF04004533S","Illumina","ITS1"
"1485","NEF_GloFung-its1_566_2021","GF04004532S","Illumina","ITS1"
"1486","NEF_GloFung-its1_563_2021","GF04004531S","Illumina","ITS1"
"1487","NEF_GloFung-its1_566_2021","GF04004530S","Illumina","ITS1"
"1488","NEF_GloFung-its1_574_2021","GF04004529S","Illumina","ITS1"
"1489","NEF_GloFung-its1_579_2021","GF04004528S","Illumina","ITS1"
"1490","NEF_GloFung-its1_567_2021","GF04004527S","Illumina","ITS1"
"1491","NEF_GloFung-its1_568_2021","GF04004526S","Illumina","ITS1"
"1492","NEF_GloFung-its1_563_2021","GF04004525S","Illumina","ITS1"
"1493","NEF_GloFung-its1_568_2021","GF04004524S","Illumina","ITS1"
"1494","NEF_GloFung-its1_576_2021","GF04004523S","Illumina","ITS1"
"1495","NEF_GloFung-its1_568_2021","GF04004522S","Illumina","ITS1"
"1496","NEF_GloFung-its1_568_2021","GF04004521S","Illumina","ITS1"
"1497","NEF_GloFung-its1_568_2021","GF04004520S","Illumina","ITS1"
"1498","NEF_GloFung-its1_579_2021","GF04004519S","Illumina","ITS1"
"1499","NEF_GloFung-its1_567_2021","GF04004518S","Illumina","ITS1"
"1500","NEF_GloFung-its1_565_2021","GF04004517S","Illumina","ITS1"
"1501","NEF_GloFung-its1_567_2021","GF04004516S","Illumina","ITS1"
"1502","NEF_GloFung-its1_563_2021","GF04004515S","Illumina","ITS1"
"1503","NEF_GloFung-its1_569_2021","GF04004514S","Illumina","ITS1"
"1504","NEF_GloFung-its1_568_2021","GF04004513S","Illumina","ITS1"
"1505","NEF_GloFung-its1_569_2021","GF04004512S","Illumina","ITS1"
"1506","NEF_GloFung-its1_584_2021","GF04004511S","Illumina","ITS1"
"1507","NEF_GloFung-its1_563_2021","GF04004510S","Illumina","ITS1"
"1508","NEF_GloFung-its1_570_2021","GF04004509S","Illumina","ITS1"
"1509","NEF_GloFung-its1_569_2021","GF04004508S","Illumina","ITS1"
"1510","NEF_GloFung-its1_567_2021","GF04004507S","Illumina","ITS1"
"1511","NEF_GloFung-its1_585_2021","GF04004506S","Illumina","ITS1"
"1512","NEF_GloFung-its1_584_2021","GF04004505S","Illumina","ITS1"
"1513","NEF_GloFung-its1_564_2021","GF04004504S","Illumina","ITS1"
"1514","NEF_GloFung-its1_566_2021","GF04004503S","Illumina","ITS1"
"1515","NEF_GloFung-its1_564_2021","GF04004502S","Illumina","ITS1"
"1516","NEF_GloFung-its1_573_2021","GF04004501S","Illumina","ITS1"
"1517","NEF_GloFung-its1_581_2021","GF04004500S","Illumina","ITS1"
"1518","NEF_GloFung-its1_569_2021","GF04004499S","Illumina","ITS1"
"1519","NEF_GloFung-its1_586_2021","GF04004498S","Illumina","ITS1"
"1520","NEF_GloFung-its1_577_2021","GF04004497S","Illumina","ITS1"
"1521","NEF_GloFung-its1_570_2021","GF04004496S","Illumina","ITS1"
"1522","NEF_GloFung-its1_563_2021","GF04004495S","Illumina","ITS1"
"1523","NEF_GloFung-its1_579_2021","GF04004494S","Illumina","ITS1"
"1524","NEF_GloFung-its1_563_2021","GF04004493S","Illumina","ITS1"
"1525","NEF_GloFung-its1_570_2021","GF04004492S","Illumina","ITS1"
"1526","NEF_GloFung-its1_571_2021","GF04004491S","Illumina","ITS1"
"1527","NEF_GloFung-its1_568_2021","GF04004490S","Illumina","ITS1"
"1528","NEF_GloFung-its1_579_2021","GF04004489S","Illumina","ITS1"
"1529","NEF_GloFung-its1_567_2021","GF04004488S","Illumina","ITS1"
"1530","NEF_GloFung-its1_573_2021","GF04004487S","Illumina","ITS1"
"1531","NEF_GloFung-its1_570_2021","GF04004486S","Illumina","ITS1"
"1532","NEF_GloFung-its1_574_2021","GF04004485S","Illumina","ITS1"
"1533","NEF_GloFung-its1_565_2021","GF04004484S","Illumina","ITS1"
"1534","NEF_GloFung-its1_569_2021","GF04004483S","Illumina","ITS1"
"1535","NEF_GloFung-its1_563_2021","GF04004482S","Illumina","ITS1"
"1536","NEF_GloFung-its1_573_2021","GF04004481S","Illumina","ITS1"
"1537","NEF_GloFung-its1_567_2021","GF04004480S","Illumina","ITS1"
"1538","NEF_GloFung-its1_564_2021","GF04004479S","Illumina","ITS1"
"1539","NEF_GloFung-its1_568_2021","GF04004478S","Illumina","ITS1"
"1540","NEF_GloFung-its1_586_2021","GF04004477S","Illumina","ITS1"
"1541","NEF_GloFung-its1_573_2021","GF04004476S","Illumina","ITS1"
"1542","NEF_GloFung-its1_566_2021","GF04004475S","Illumina","ITS1"
"1543","NEF_GloFung-its1_573_2021","GF04004474S","Illumina","ITS1"
"1544","NEF_GloFung-its1_564_2021","GF04004473S","Illumina","ITS1"
"1545","NEF_GloFung-its1_565_2021","GF04004472S","Illumina","ITS1"
"1546","NEF_GloFung-its1_570_2021","GF04004471S","Illumina","ITS1"
"1547","NEF_GloFung-its1_563_2021","GF04004470S","Illumina","ITS1"
"1548","NEF_GloFung-its1_564_2021","GF04004469S","Illumina","ITS1"
"1549","NEF_GloFung-its1_563_2021","GF04004468S","Illumina","ITS1"
"1550","NEF_GloFung-its1_566_2021","GF04004467S","Illumina","ITS1"
"1551","NEF_GloFung-its1_575_2021","GF04004466S","Illumina","ITS1"
"1552","NEF_GloFung-its1_565_2021","GF04004465S","Illumina","ITS1"
"1553","NEF_GloFung-its1_574_2021","GF04004464S","Illumina","ITS1"
"1554","NEF_GloFung-its1_567_2021","GF04004463S","Illumina","ITS1"
"1555","NEF_GloFung-its1_579_2021","GF04004462S","Illumina","ITS1"
"1556","NEF_GloFung-its1_567_2021","GF04004461S","Illumina","ITS1"
"1557","NEF_GloFung-its1_568_2021","GF04004460S","Illumina","ITS1"
"1558","NEF_GloFung-its1_567_2021","GF04004459S","Illumina","ITS1"
"1559","NEF_GloFung-its1_577_2021","GF04004458S","Illumina","ITS1"
"1560","NEF_GloFung-its1_573_2021","GF04004457S","Illumina","ITS1"
"1561","NEF_GloFung-its1_575_2021","GF04004456S","Illumina","ITS1"
"1562","NEF_GloFung-its1_568_2021","GF04004455S","Illumina","ITS1"
"1563","NEF_GloFung-its1_563_2021","GF04004454S","Illumina","ITS1"
"1564","NEF_GloFung-its1_568_2021","GF04004453S","Illumina","ITS1"
"1565","NEF_GloFung-its1_573_2021","GF04004452S","Illumina","ITS1"
"1566","NEF_GloFung-its1_587_2021","GF04004451S","Illumina","ITS1"
"1567","NEF_GloFung-its1_575_2021","GF04004450S","Illumina","ITS1"
"1568","NEF_GloFung-its1_567_2021","GF04004449S","Illumina","ITS1"
"1569","NEF_GloFung-its1_567_2021","GF04004448S","Illumina","ITS1"
"1570","NEF_GloFung-its1_582_2021","GF04004447S","Illumina","ITS1"
"1571","NEF_GloFung-its1_566_2021","GF04004446S","Illumina","ITS1"
"1572","NEF_GloFung-its1_568_2021","GF04004445S","Illumina","ITS1"
"1573","NEF_GloFung-its1_577_2021","GF04004444S","Illumina","ITS1"
"1574","NEF_GloFung-its1_575_2021","GF04004443S","Illumina","ITS1"
"1575","NEF_GloFung-its1_563_2021","GF04004442S","Illumina","ITS1"
"1576","NEF_GloFung-its1_564_2021","GF04004441S","Illumina","ITS1"
"1577","NEF_GloFung-its1_586_2021","GF04004440S","Illumina","ITS1"
"1578","NEF_GloFung-its1_568_2021","GF04004439S","Illumina","ITS1"
"1579","NEF_GloFung-its1_587_2021","GF04004438S","Illumina","ITS1"
"1580","NEF_GloFung-its1_566_2021","GF04004437S","Illumina","ITS1"
"1581","NEF_GloFung-its1_579_2021","GF04004436S","Illumina","ITS1"
"1582","NEF_GloFung-its1_568_2021","GF04004435S","Illumina","ITS1"
"1583","NEF_GloFung-its1_563_2021","GF04004434S","Illumina","ITS1"
"1584","NEF_GloFung-its1_564_2021","GF04004433S","Illumina","ITS1"
"1585","NEF_GloFung-its1_565_2021","GF04004432S","Illumina","ITS1"
"1586","NEF_GloFung-its1_568_2021","GF04004431S","Illumina","ITS1"
"1587","NEF_GloFung-its1_568_2021","GF04004430S","Illumina","ITS1"
"1588","NEF_GloFung-its1_570_2021","GF04004429S","Illumina","ITS1"
"1589","NEF_GloFung-its1_569_2021","GF04004428S","Illumina","ITS1"
"1590","NEF_GloFung-its1_566_2021","GF04004427S","Illumina","ITS1"
"1591","NEF_GloFung-its1_568_2021","GF04004426S","Illumina","ITS1"
"1592","NEF_GloFung-its1_567_2021","GF04004425S","Illumina","ITS1"
"1593","NEF_GloFung-its1_570_2021","GF04004424S","Illumina","ITS1"
"1594","NEF_GloFung-its1_581_2021","GF04004423S","Illumina","ITS1"
"1595","NEF_GloFung-its1_568_2021","GF04004422S","Illumina","ITS1"
"1596","NEF_GloFung-its1_568_2021","GF04004421S","Illumina","ITS1"
"1597","NEF_GloFung-its1_569_2021","GF04004420S","Illumina","ITS1"
"1598","NEF_GloFung-its1_567_2021","GF04004419S","Illumina","ITS1"
"1599","NEF_GloFung-its1_575_2021","GF04004418S","Illumina","ITS1"
"1600","NEF_GloFung-its1_567_2021","GF04004417S","Illumina","ITS1"
"1601","NEF_GloFung-its1_572_2021","GF04004416S","Illumina","ITS1"
"1602","NEF_GloFung-its1_567_2021","GF04004415S","Illumina","ITS1"
"1603","NEF_GloFung-its1_567_2021","GF04004414S","Illumina","ITS1"
"1604","NEF_GloFung-its1_583_2021","GF04004413S","Illumina","ITS1"
"1605","NEF_GloFung-its1_566_2021","GF04004412S","Illumina","ITS1"
"1606","NEF_GloFung-its1_585_2021","GF04004411S","Illumina","ITS1"
"1607","NEF_GloFung-its1_567_2021","GF04004410S","Illumina","ITS1"
"1608","NEF_GloFung-its1_568_2021","GF04004409S","Illumina","ITS1"
"1609","NEF_GloFung-its1_565_2021","GF04004408S","Illumina","ITS1"
"1610","NEF_GloFung-its1_588_2021","GF04004407S","Illumina","ITS1"
"1611","NEF_GloFung-its1_567_2021","GF04004406S","Illumina","ITS1"
"1612","NEF_GloFung-its1_579_2021","GF04004405S","Illumina","ITS1"
"1613","NEF_GloFung-its1_563_2021","GF04004404S","Illumina","ITS1"
"1614","NEF_GloFung-its1_570_2021","GF04004403S","Illumina","ITS1"
"1615","NEF_GloFung-its1_570_2021","GF04004402S","Illumina","ITS1"
"1616","NEF_GloFung-its1_588_2021","GF04004401S","Illumina","ITS1"
"1617","NEF_GloFung-its1_563_2021","GF04004400S","Illumina","ITS1"
"1618","NEF_GloFung-its1_589_2021","GF04001161S","Illumina","ITS1"
"1619","NEF_GloFung-its1_590_2021","GF04001158S","Illumina","ITS1"
"1620","NEF_GloFung-its1_591_2021","GF04001156S","Illumina","ITS1"
"1621","NEF_GloFung-its1_592_2021","GF04001149S","Illumina","ITS1"
"1622","NEF_GloFung-its1_592_2021","GF04001146S","Illumina","ITS1"
"1623","NEF_GloFung-its1_593_2021","GF04001145S","Illumina","ITS1"
"1624","NEF_GloFung-its1_590_2021","GF04001144S","Illumina","ITS1"
"1625","NEF_GloFung-its1_594_2021","GF04001140S","Illumina","ITS1"
"1626","NEF_GloFung-its1_590_2021","GF04001136S","Illumina","ITS1"
"1627","NEF_GloFung-its1_594_2021","GF04001134S","Illumina","ITS1"
"1628","NEF_GloFung-its1_593_2021","GF04001133S","Illumina","ITS1"
"1629","NEF_GloFung-its1_595_2021","GF04001126S","Illumina","ITS1"
"1630","NEF_GloFung-its1_589_2021","GF04001125S","Illumina","ITS1"
"1631","NEF_GloFung-its1_592_2021","GF04001123S","Illumina","ITS1"
"1632","NEF_GloFung-its1_591_2021","GF04001122S","Illumina","ITS1"
"1633","NEF_GloFung-its1_592_2021","GF04001120S","Illumina","ITS1"
"1634","NEF_GloFung-its1_596_2021","GF04001114S","Illumina","ITS1"
"1635","NEF_GloFung-its1_597_2021","GF04001111S","Illumina","ITS1"
"1636","NEF_GloFung-its1_590_2021","GF04001109S","Illumina","ITS1"
"1637","NEF_GloFung-its1_594_2021","GF04001108S","Illumina","ITS1"
"1638","NEF_GloFung-its1_594_2021","GF04001107S","Illumina","ITS1"
"1639","NEF_GloFung-its1_596_2021","GF04001106S","Illumina","ITS1"
"1640","NEF_GloFung-its1_597_2021","GF04001105S","Illumina","ITS1"
"1641","NEF_GloFung-its1_591_2021","GF04001102S","Illumina","ITS1"
"1642","NEF_GloFung-its1_593_2021","GF04001101S","Illumina","ITS1"
"1643","NEF_GloFung-its1_593_2021","GF04001099S","Illumina","ITS1"
"1644","NEF_GloFung-its1_590_2021","GF04001095S","Illumina","ITS1"
"1645","NEF_GloFung-its1_596_2021","GF04001094S","Illumina","ITS1"
"1646","NEF_GloFung-its1_593_2021","GF04001088S","Illumina","ITS1"
"1647","NEF_GloFung-its1_592_2021","GF04001087S","Illumina","ITS1"
"1648","NEF_GloFung-its1_595_2021","GF04001085S","Illumina","ITS1"
"1649","NEF_GloFung-its1_589_2021","GF04001079S","Illumina","ITS1"
"1650","NEF_GloFung-its1_597_2021","GF04001074S","Illumina","ITS1"
"1651","NEF_GloFung-its1_597_2021","GF04001073S","Illumina","ITS1"
"1652","NEF_GloFung-its1_593_2021","GF04001072S","Illumina","ITS1"
"1653","NEF_GloFung-its1_589_2021","GF04001071S","Illumina","ITS1"
"1654","NEF_GloFung-its1_591_2021","GF04001069S","Illumina","ITS1"
"1655","NEF_GloFung-its1_592_2021","GF04001067S","Illumina","ITS1"
"1656","NEF_GloFung-its1_595_2021","GF04001066S","Illumina","ITS1"
"1657","NEF_GloFung-its1_592_2021","GF04001065S","Illumina","ITS1"
"1658","NEF_GloFung-its1_597_2021","GF04001064S","Illumina","ITS1"
"1659","NEF_GloFung-its1_594_2021","GF04001063S","Illumina","ITS1"
"1660","NEF_GloFung-its1_593_2021","GF04001061S","Illumina","ITS1"
"1661","NEF_GloFung-its1_593_2021","GF04001053S","Illumina","ITS1"
"1662","NEF_GloFung-its1_589_2021","GF04001048S","Illumina","ITS1"
"1663","NEF_GloFung-its1_592_2021","GF04001047S","Illumina","ITS1"
"1664","NEF_GloFung-its1_596_2021","GF04001046S","Illumina","ITS1"
"1665","NEF_GloFung-its1_598_2021","GF04001045S","Illumina","ITS1"
"1666","NEF_GloFung-its1_593_2021","GF04001044S","Illumina","ITS1"
"1667","NEF_GloFung-its1_590_2021","GF04001039S","Illumina","ITS1"
"1668","NEF_GloFung-its1_592_2021","GF04001035S","Illumina","ITS1"
"1669","NEF_GloFung-its1_595_2021","GF04001034S","Illumina","ITS1"
"1670","NEF_GloFung-its1_595_2021","GF04001031S","Illumina","ITS1"
"1671","NEF_GloFung-its1_596_2021","GF04001029S","Illumina","ITS1"
"1672","NEF_GloFung-its1_592_2021","GF04001027S","Illumina","ITS1"
"1673","NEF_GloFung-its1_592_2021","GF04001026S","Illumina","ITS1"
"1674","NEF_GloFung-its1_592_2021","GF04001025S","Illumina","ITS1"
"1675","NEF_GloFung-its1_589_2021","GF04001024S","Illumina","ITS1"
"1703","NEF_GloFung-its1_607_2019","GF03008839S","Illumina","ITS1"
"1704","NEF_GloFung-its1_608_2019","GF03008838S","Illumina","ITS1"
"1705","NEF_GloFung-its1_607_2019","GF03008837S","Illumina","ITS1"
"1706","NEF_GloFung-its1_607_2019","GF03008836S","Illumina","ITS1"
"1707","NEF_GloFung-its1_607_2019","GF03008835S","Illumina","ITS1"
"1708","NEF_GloFung-its1_608_2019","GF03008834S","Illumina","ITS1"
"1709","NEF_GloFung-its1_607_2019","GF03008833S","Illumina","ITS1"
"1710","NEF_GloFung-its1_608_2019","GF03008832S","Illumina","ITS1"
"1711","NEF_GloFung-its1_607_2019","GF03008831S","Illumina","ITS1"
"1712","NEF_GloFung-its1_609_2019","GF03008243S","Illumina","ITS1"
"1713","NEF_GloFung-its1_609_2019","GF03008242S","Illumina","ITS1"
"1714","NEF_GloFung-its1_609_2019","GF03008241S","Illumina","ITS1"
"1715","NEF_GloFung-its1_610_2019","GF03008240S","Illumina","ITS1"
"1716","NEF_GloFung-its1_611_2019","GF03008239S","Illumina","ITS1"
"1717","NEF_GloFung-its1_612_2019","GF03008238S","Illumina","ITS1"
"1718","NEF_GloFung-its1_613_2019","GF03008237S","Illumina","ITS1"
"1719","NEF_GloFung-its1_614_2019","GF03008236S","Illumina","ITS1"
"1720","NEF_GloFung-its1_610_2019","GF03008235S","Illumina","ITS1"
"1721","NEF_GloFung-its1_611_2019","GF03008234S","Illumina","ITS1"
"1722","NEF_GloFung-its1_611_2019","GF03008233S","Illumina","ITS1"
"1723","NEF_GloFung-its1_615_2019","GF03008232S","Illumina","ITS1"
"1724","NEF_GloFung-its1_609_2019","GF03008231S","Illumina","ITS1"
"1725","NEF_GloFung-its1_611_2019","GF03008230S","Illumina","ITS1"
"1726","NEF_GloFung-its1_609_2019","GF03008229S","Illumina","ITS1"
"1727","NEF_GloFung-its1_610_2019","GF03008228S","Illumina","ITS1"
"1728","NEF_GloFung-its1_612_2019","GF03008227S","Illumina","ITS1"
"1729","NEF_GloFung-its1_612_2019","GF03008226S","Illumina","ITS1"
"1730","NEF_GloFung-its1_613_2019","GF03008225S","Illumina","ITS1"
"1731","NEF_GloFung-its1_611_2019","GF03008224S","Illumina","ITS1"
"1732","NEF_GloFung-its1_614_2019","GF03008223S","Illumina","ITS1"
"1733","NEF_GloFung-its1_614_2019","GF03008222S","Illumina","ITS1"
"1734","NEF_GloFung-its1_613_2019","GF03008221S","Illumina","ITS1"
"1735","NEF_GloFung-its1_609_2019","GF03008220S","Illumina","ITS1"
"1736","NEF_GloFung-its1_614_2019","GF03008219S","Illumina","ITS1"
"1737","NEF_GloFung-its1_611_2019","GF03008218S","Illumina","ITS1"
"1738","NEF_GloFung-its1_611_2019","GF03008217S","Illumina","ITS1"
"1739","NEF_GloFung-its1_613_2019","GF03008216S","Illumina","ITS1"
"1740","NEF_GloFung-its1_612_2019","GF03008215S","Illumina","ITS1"
"1741","NEF_GloFung-its1_612_2019","GF03008214S","Illumina","ITS1"
"1742","NEF_GloFung-its1_611_2019","GF03008213S","Illumina","ITS1"
"1743","NEF_GloFung-its1_616_2019","GF03008212S","Illumina","ITS1"
"1744","NEF_GloFung-its1_614_2019","GF03008211S","Illumina","ITS1"
"1745","NEF_GloFung-its1_609_2019","GF03008210S","Illumina","ITS1"
"1746","NEF_GloFung-its1_612_2019","GF03008209S","Illumina","ITS1"
"1747","NEF_GloFung-its1_616_2019","GF03008208S","Illumina","ITS1"
"1748","NEF_GloFung-its1_611_2019","GF03008207S","Illumina","ITS1"
"1749","NEF_GloFung-its1_609_2019","GF03008206S","Illumina","ITS1"
"1750","NEF_GloFung-its1_613_2019","GF03008205S","Illumina","ITS1"
"1751","NEF_GloFung-its1_610_2019","GF03008204S","Illumina","ITS1"
"1752","NEF_GloFung-its1_615_2019","GF03008203S","Illumina","ITS1"
"1753","NEF_GloFung-its1_615_2019","GF03008202S","Illumina","ITS1"
"1754","NEF_GloFung-its1_288_2019","GF03008201S","Illumina","ITS1"
"1755","NEF_GloFung-its1_617_2019","GF03008200S","Illumina","ITS1"
"1756","NEF_GloFung-its1_615_2019","GF03008199S","Illumina","ITS1"
"1757","NEF_GloFung-its1_614_2019","GF03008198S","Illumina","ITS1"
"1758","NEF_GloFung-its1_615_2019","GF03008197S","Illumina","ITS1"
"1759","NEF_GloFung-its1_616_2019","GF03008196S","Illumina","ITS1"
"1760","NEF_GloFung-its1_617_2019","GF03008195S","Illumina","ITS1"
"1761","NEF_GloFung-its1_288_2019","GF03008194S","Illumina","ITS1"
"1762","NEF_GloFung-its1_610_2019","GF03008193S","Illumina","ITS1"
"1763","NEF_GloFung-its1_611_2019","GF03008192S","Illumina","ITS1"
"1764","NEF_GloFung-its1_614_2019","GF03008191S","Illumina","ITS1"
"1765","NEF_GloFung-its1_615_2019","GF03008190S","Illumina","ITS1"
"1766","NEF_GloFung-its1_617_2019","GF03008189S","Illumina","ITS1"
"1767","NEF_GloFung-its1_617_2019","GF03008188S","Illumina","ITS1"
"1768","NEF_GloFung-its1_612_2019","GF03008187S","Illumina","ITS1"
"1769","NEF_GloFung-its1_615_2019","GF03008186S","Illumina","ITS1"
"1770","NEF_GloFung-its1_615_2019","GF03008185S","Illumina","ITS1"
"1771","NEF_GloFung-its1_612_2019","GF03008184S","Illumina","ITS1"
"1772","NEF_GloFung-its1_612_2019","GF03008183S","Illumina","ITS1"
"1773","NEF_GloFung-its1_611_2019","GF03008182S","Illumina","ITS1"
"1774","NEF_GloFung-its1_614_2019","GF03008181S","Illumina","ITS1"
"1775","NEF_GloFung-its1_614_2019","GF03008180S","Illumina","ITS1"
"1776","NEF_GloFung-its1_617_2019","GF03008179S","Illumina","ITS1"
"1777","NEF_GloFung-its1_618_2019","GF03008178S","Illumina","ITS1"
"1778","NEF_GloFung-its1_612_2019","GF03008177S","Illumina","ITS1"
"1779","NEF_GloFung-its1_615_2019","GF03008176S","Illumina","ITS1"
"1780","NEF_GloFung-its1_609_2019","GF03008175S","Illumina","ITS1"
"1781","NEF_GloFung-its1_610_2019","GF03008174S","Illumina","ITS1"
"1782","NEF_GloFung-its1_614_2019","GF03008173S","Illumina","ITS1"
"1783","NEF_GloFung-its1_609_2019","GF03008172S","Illumina","ITS1"
"1784","NEF_GloFung-its1_617_2019","GF03008171S","Illumina","ITS1"
"1785","NEF_GloFung-its1_614_2019","GF03008170S","Illumina","ITS1"
"1786","NEF_GloFung-its1_614_2019","GF03008169S","Illumina","ITS1"
"1787","NEF_GloFung-its1_613_2019","GF03008168S","Illumina","ITS1"
"1788","NEF_GloFung-its1_612_2019","GF03008167S","Illumina","ITS1"
"1789","NEF_GloFung-its1_614_2019","GF03008166S","Illumina","ITS1"
"1790","NEF_GloFung-its1_611_2019","GF03008165S","Illumina","ITS1"
"1791","NEF_GloFung-its1_288_2019","GF03008164S","Illumina","ITS1"
"1792","NEF_GloFung-its1_611_2019","GF03008163S","Illumina","ITS1"
"1793","NEF_GloFung-its1_613_2019","GF03008162S","Illumina","ITS1"
"1794","NEF_GloFung-its1_610_2019","GF03008161S","Illumina","ITS1"
"1795","NEF_GloFung-its1_613_2019","GF03008160S","Illumina","ITS1"
"1796","NEF_GloFung-its1_617_2019","GF03008159S","Illumina","ITS1"
"1797","NEF_GloFung-its1_614_2019","GF03008158S","Illumina","ITS1"
"1798","NEF_GloFung-its1_617_2019","GF03008157S","Illumina","ITS1"
"1799","NEF_GloFung-its1_613_2019","GF03008156S","Illumina","ITS1"
"1800","NEF_GloFung-its1_612_2019","GF03008155S","Illumina","ITS1"
"1801","NEF_GloFung-its1_611_2019","GF03008154S","Illumina","ITS1"
"1802","NEF_GloFung-its1_616_2019","GF03008153S","Illumina","ITS1"
"1803","NEF_GloFung-its1_612_2019","GF03008152S","Illumina","ITS1"
"1804","NEF_GloFung-its1_613_2019","GF03008151S","Illumina","ITS1"
"1805","NEF_GloFung-its1_616_2019","GF03008150S","Illumina","ITS1"
"1806","NEF_GloFung-its1_611_2019","GF03008149S","Illumina","ITS1"
"1807","NEF_GloFung-its1_610_2019","GF03008148S","Illumina","ITS1"
"1808","NEF_GloFung-its1_615_2019","GF03008147S","Illumina","ITS1"
"1809","NEF_GloFung-its1_609_2019","GF03008146S","Illumina","ITS1"
"1810","NEF_GloFung-its1_611_2019","GF03008145S","Illumina","ITS1"
"1811","NEF_GloFung-its1_616_2019","GF03008144S","Illumina","ITS1"
"1812","NEF_GloFung-its1_614_2019","GF03008143S","Illumina","ITS1"
"1813","NEF_GloFung-its1_617_2019","GF03008142S","Illumina","ITS1"
"1814","NEF_GloFung-its1_288_2019","GF03008141S","Illumina","ITS1"
"1815","NEF_GloFung-its1_614_2019","GF03008140S","Illumina","ITS1"
"1816","NEF_GloFung-its1_617_2019","GF03008139S","Illumina","ITS1"
"1817","NEF_GloFung-its1_615_2019","GF03008138S","Illumina","ITS1"
"1818","NEF_GloFung-its1_613_2019","GF03008137S","Illumina","ITS1"
"1819","NEF_GloFung-its1_288_2019","GF03008136S","Illumina","ITS1"
"1820","NEF_GloFung-its1_288_2019","GF03008135S","Illumina","ITS1"
"1821","NEF_GloFung-its1_288_2019","GF03008134S","Illumina","ITS1"
"1822","NEF_GloFung-its1_613_2019","GF03008133S","Illumina","ITS1"
"1823","NEF_GloFung-its1_614_2019","GF03008132S","Illumina","ITS1"
"1824","NEF_GloFung-its1_613_2019","GF03008131S","Illumina","ITS1"
"1825","NEF_GloFung-its1_616_2019","GF03008130S","Illumina","ITS1"
"1826","NEF_GloFung-its1_611_2019","GF03008129S","Illumina","ITS1"
"1827","NEF_GloFung-its1_614_2019","GF03008128S","Illumina","ITS1"
"1828","NEF_GloFung-its1_614_2019","GF03008127S","Illumina","ITS1"
"1829","NEF_GloFung-its1_288_2019","GF03008126S","Illumina","ITS1"
"1830","NEF_GloFung-its1_613_2019","GF03008125S","Illumina","ITS1"
"1831","NEF_GloFung-its1_618_2019","GF03008124S","Illumina","ITS1"
"1832","NEF_GloFung-its1_615_2019","GF03008123S","Illumina","ITS1"
"1833","NEF_GloFung-its1_616_2019","GF03008122S","Illumina","ITS1"
"1834","NEF_GloFung-its1_611_2019","GF03008121S","Illumina","ITS1"
"1835","NEF_GloFung-its1_615_2019","GF03008120S","Illumina","ITS1"
"1836","NEF_GloFung-its1_616_2019","GF03008119S","Illumina","ITS1"
"1837","NEF_GloFung-its1_615_2019","GF03008118S","Illumina","ITS1"
"1838","NEF_GloFung-its1_615_2019","GF03008117S","Illumina","ITS1"
"1839","NEF_GloFung-its1_288_2019","GF03008116S","Illumina","ITS1"
"1840","NEF_GloFung-its1_617_2019","GF03008115S","Illumina","ITS1"
"1841","NEF_GloFung-its1_615_2019","GF03008114S","Illumina","ITS1"
"1842","NEF_GloFung-its1_615_2019","GF03008113S","Illumina","ITS1"
"1843","NEF_GloFung-its1_615_2019","GF03008112S","Illumina","ITS1"
"1844","NEF_GloFung-its1_613_2019","GF03008111S","Illumina","ITS1"
"1845","NEF_GloFung-its1_613_2019","GF03008110S","Illumina","ITS1"
"1846","NEF_GloFung-its1_612_2019","GF03008109S","Illumina","ITS1"
"1847","NEF_GloFung-its1_288_2019","GF03008108S","Illumina","ITS1"
"1848","NEF_GloFung-its1_612_2019","GF03008107S","Illumina","ITS1"
"1849","NEF_GloFung-its1_288_2019","GF03008106S","Illumina","ITS1"
"1850","NEF_GloFung-its1_617_2019","GF03008105S","Illumina","ITS1"
"1851","NEF_GloFung-its1_609_2019","GF03008104S","Illumina","ITS1"
"1852","NEF_GloFung-its1_609_2019","GF03008103S","Illumina","ITS1"
"1853","NEF_GloFung-its1_615_2019","GF03008102S","Illumina","ITS1"
"1854","NEF_GloFung-its1_617_2019","GF03008101S","Illumina","ITS1"
"1855","NEF_GloFung-its1_613_2019","GF03008100S","Illumina","ITS1"
"1856","NEF_GloFung-its1_617_2019","GF03008099S","Illumina","ITS1"
"1857","NEF_GloFung-its1_288_2019","GF03008098S","Illumina","ITS1"
"1858","NEF_GloFung-its1_614_2019","GF03008097S","Illumina","ITS1"
"1859","NEF_GloFung-its1_616_2019","GF03008096S","Illumina","ITS1"
"1860","NEF_GloFung-its1_611_2019","GF03008095S","Illumina","ITS1"
"1861","NEF_GloFung-its1_615_2019","GF03008094S","Illumina","ITS1"
"1862","NEF_GloFung-its1_617_2019","GF03008093S","Illumina","ITS1"
"1863","NEF_GloFung-its1_614_2019","GF03008092S","Illumina","ITS1"
"1864","NEF_GloFung-its1_617_2019","GF03008091S","Illumina","ITS1"
"1865","NEF_GloFung-its1_611_2019","GF03008090S","Illumina","ITS1"
"1866","NEF_GloFung-its1_616_2019","GF03008089S","Illumina","ITS1"
"1867","NEF_GloFung-its1_617_2019","GF03008088S","Illumina","ITS1"
"1868","NEF_GloFung-its1_288_2019","GF03008087S","Illumina","ITS1"
"1869","NEF_GloFung-its1_612_2019","GF03008086S","Illumina","ITS1"
"1870","NEF_GloFung-its1_288_2019","GF03008085S","Illumina","ITS1"
"1871","NEF_GloFung-its1_617_2019","GF03008084S","Illumina","ITS1"
"1872","NEF_GloFung-its1_616_2019","GF03008083S","Illumina","ITS1"
"1873","NEF_GloFung-its1_610_2019","GF03008082S","Illumina","ITS1"
"1874","NEF_GloFung-its1_610_2019","GF03008081S","Illumina","ITS1"
"1875","NEF_GloFung-its1_610_2019","GF03008080S","Illumina","ITS1"
"1876","NEF_GloFung-its1_614_2019","GF03008079S","Illumina","ITS1"
"1877","NEF_GloFung-its1_615_2019","GF03008078S","Illumina","ITS1"
"1878","NEF_GloFung-its1_616_2019","GF03008077S","Illumina","ITS1"
"1879","NEF_GloFung-its1_616_2019","GF03008076S","Illumina","ITS1"
"1880","NEF_GloFung-its1_616_2019","GF03008075S","Illumina","ITS1"
"1881","NEF_GloFung-its1_614_2019","GF03008074S","Illumina","ITS1"
"1882","NEF_GloFung-its1_615_2019","GF03008073S","Illumina","ITS1"
"1883","NEF_GloFung-its1_616_2019","GF03008072S","Illumina","ITS1"
"1884","NEF_GloFung-its1_617_2019","GF03008071S","Illumina","ITS1"
"1885","NEF_GloFung-its1_614_2019","GF03008070S","Illumina","ITS1"
"1886","NEF_GloFung-its1_614_2019","GF03008069S","Illumina","ITS1"
"1887","NEF_GloFung-its1_617_2019","GF03008068S","Illumina","ITS1"
"1888","NEF_GloFung-its1_612_2019","GF03008067S","Illumina","ITS1"
"1889","NEF_GloFung-its1_616_2019","GF03008066S","Illumina","ITS1"
"1890","NEF_GloFung-its1_612_2019","GF03008065S","Illumina","ITS1"
"1891","NEF_GloFung-its1_611_2019","GF03008064S","Illumina","ITS1"
"1892","NEF_GloFung-its1_609_2019","GF03008063S","Illumina","ITS1"
"1893","NEF_GloFung-its1_615_2019","GF03008062S","Illumina","ITS1"
"1894","NEF_GloFung-its1_614_2019","GF03008061S","Illumina","ITS1"
"1895","NEF_GloFung-its1_614_2019","GF03008060S","Illumina","ITS1"
"1896","NEF_GloFung-its1_617_2019","GF03008059S","Illumina","ITS1"
"1897","NEF_GloFung-its1_611_2019","GF03008058S","Illumina","ITS1"
"1898","NEF_GloFung-its1_611_2019","GF03008057S","Illumina","ITS1"
"1899","NEF_GloFung-its1_612_2019","GF03008056S","Illumina","ITS1"
"1900","NEF_GloFung-its1_616_2019","GF03008055S","Illumina","ITS1"
"1901","NEF_GloFung-its1_609_2019","GF03008054S","Illumina","ITS1"
"1902","NEF_GloFung-its1_612_2019","GF03008053S","Illumina","ITS1"
"1903","NEF_GloFung-its1_610_2019","GF03008052S","Illumina","ITS1"
"1904","NEF_GloFung-its1_616_2019","GF03008051S","Illumina","ITS1"
"1905","NEF_GloFung-its1_616_2019","GF03008050S","Illumina","ITS1"
"1906","NEF_GloFung-its1_609_2019","GF03008049S","Illumina","ITS1"
"1907","NEF_GloFung-its1_612_2019","GF03008048S","Illumina","ITS1"
"1908","NEF_GloFung-its1_616_2019","GF03008047S","Illumina","ITS1"
"1909","NEF_GloFung-its1_616_2019","GF03008046S","Illumina","ITS1"
"1910","NEF_GloFung-its1_616_2019","GF03008045S","Illumina","ITS1"
"1911","NEF_GloFung-its1_288_2019","GF03008044S","Illumina","ITS1"
"1912","NEF_GloFung-its1_611_2019","GF03008043S","Illumina","ITS1"
"1913","NEF_GloFung-its1_616_2019","GF03008042S","Illumina","ITS1"
"1914","NEF_GloFung-its1_612_2019","GF03008041S","Illumina","ITS1"
"1915","NEF_GloFung-its1_610_2019","GF03008040S","Illumina","ITS1"
"1916","NEF_GloFung-its1_613_2019","GF03008039S","Illumina","ITS1"
"1917","NEF_GloFung-its1_616_2019","GF03008038S","Illumina","ITS1"
"1918","NEF_GloFung-its1_617_2019","GF03008037S","Illumina","ITS1"
"1919","NEF_GloFung-its1_616_2019","GF03008036S","Illumina","ITS1"
"1920","NEF_GloFung-its1_615_2019","GF03008035S","Illumina","ITS1"
"1921","NEF_GloFung-its1_612_2019","GF03008034S","Illumina","ITS1"
"1922","NEF_GloFung-its1_609_2019","GF03008033S","Illumina","ITS1"
"1932","NEF_GloFung-its1_622_2019","GF03006842S","Illumina","ITS1"
"1933","NEF_GloFung-its1_622_2019","GF03006841S","Illumina","ITS1"
"1934","NEF_GloFung-its1_622_2019","GF03006840S","Illumina","ITS1"
"1935","NEF_GloFung-its1_622_2019","GF03006839S","Illumina","ITS1"
"1936","NEF_GloFung-its1_622_2019","GF03006838S","Illumina","ITS1"
"1937","NEF_GloFung-its1_622_2019","GF03006837S","Illumina","ITS1"
"1938","NEF_GloFung-its1_622_2019","GF03006836S","Illumina","ITS1"
"1939","NEF_GloFung-its1_622_2019","GF03006835S","Illumina","ITS1"
"1940","NEF_GloFung-its1_622_2019","GF03006834S","Illumina","ITS1"
"1941","NEF_GloFung-its1_622_2019","GF03006833S","Illumina","ITS1"
"1942","NEF_GloFung-its1_622_2019","GF03006832S","Illumina","ITS1"
"1943","NEF_GloFung-its1_622_2019","GF03006831S","Illumina","ITS1"
"1944","NEF_GloFung-its1_622_2019","GF03006830S","Illumina","ITS1"
"1945","NEF_GloFung-its1_622_2019","GF03006829S","Illumina","ITS1"
"1946","NEF_GloFung-its1_622_2019","GF03006828S","Illumina","ITS1"
"1947","NEF_GloFung-its1_622_2019","GF03006827S","Illumina","ITS1"
"1948","NEF_GloFung-its1_622_2019","GF03006826S","Illumina","ITS1"
"1949","NEF_GloFung-its1_622_2019","GF03006825S","Illumina","ITS1"
"1950","NEF_GloFung-its1_623_2016","GF01018336S","Illumina","ITS1"
"1951","NEF_GloFung-its1_624_2016","GF01018335S","Illumina","ITS1"
"1952","NEF_GloFung-its1_625_2016","GF01018334S","Illumina","ITS1"
"1953","NEF_GloFung-its1_624_2016","GF01018333S","Illumina","ITS1"
"1954","NEF_GloFung-its1_626_2016","GF01018332S","Illumina","ITS1"
"1955","NEF_GloFung-its1_627_2016","GF01018331S","Illumina","ITS1"
"1956","NEF_GloFung-its1_628_2016","GF01018330S","Illumina","ITS1"
"1957","NEF_GloFung-its1_625_2016","GF01018329S","Illumina","ITS1"
"1958","NEF_GloFung-its1_629_2016","GF01018328S","Illumina","ITS1"
"1959","NEF_GloFung-its1_624_2016","GF01018327S","Illumina","ITS1"
"1960","NEF_GloFung-its1_626_2016","GF01018326S","Illumina","ITS1"
"1961","NEF_GloFung-its1_623_2016","GF01018325S","Illumina","ITS1"
"1962","NEF_GloFung-its1_630_2016","GF01018324S","Illumina","ITS1"
"1963","NEF_GloFung-its1_624_2016","GF01018323S","Illumina","ITS1"
"1964","NEF_GloFung-its1_624_2016","GF01018322S","Illumina","ITS1"
"1965","NEF_GloFung-its1_630_2016","GF01018321S","Illumina","ITS1"
"1966","NEF_GloFung-its1_623_2016","GF01018320S","Illumina","ITS1"
"1967","NEF_GloFung-its1_630_2016","GF01018319S","Illumina","ITS1"
"1968","NEF_GloFung-its1_629_2016","GF01018318S","Illumina","ITS1"
"1969","NEF_GloFung-its1_629_2016","GF01018317S","Illumina","ITS1"
"1970","NEF_GloFung-its1_625_2016","GF01018316S","Illumina","ITS1"
"1971","NEF_GloFung-its1_625_2016","GF01018315S","Illumina","ITS1"
"1972","NEF_GloFung-its1_626_2016","GF01018314S","Illumina","ITS1"
"1973","NEF_GloFung-its1_624_2016","GF01018313S","Illumina","ITS1"
"1974","NEF_GloFung-its1_627_2016","GF01018312S","Illumina","ITS1"
"1975","NEF_GloFung-its1_629_2016","GF01018311S","Illumina","ITS1"
"1976","NEF_GloFung-its1_626_2016","GF01018310S","Illumina","ITS1"
"1977","NEF_GloFung-its1_627_2016","GF01018309S","Illumina","ITS1"
"1978","NEF_GloFung-its1_623_2016","GF01018308S","Illumina","ITS1"
"1979","NEF_GloFung-its1_624_2016","GF01018307S","Illumina","ITS1"
"1980","NEF_GloFung-its1_625_2016","GF01018306S","Illumina","ITS1"
"1981","NEF_GloFung-its1_628_2016","GF01018305S","Illumina","ITS1"
"1982","NEF_GloFung-its1_625_2016","GF01018304S","Illumina","ITS1"
"1983","NEF_GloFung-its1_626_2016","GF01018303S","Illumina","ITS1"
"1984","NEF_GloFung-its1_630_2016","GF01018302S","Illumina","ITS1"
"1985","NEF_GloFung-its1_630_2016","GF01018301S","Illumina","ITS1"
"1986","NEF_GloFung-its1_627_2016","GF01018300S","Illumina","ITS1"
"1987","NEF_GloFung-its1_629_2016","GF01018299S","Illumina","ITS1"
"1988","NEF_GloFung-its1_629_2016","GF01018298S","Illumina","ITS1"
"1989","NEF_GloFung-its1_630_2016","GF01018297S","Illumina","ITS1"
"1990","NEF_GloFung-its1_625_2016","GF01018296S","Illumina","ITS1"
"1991","NEF_GloFung-its1_628_2016","GF01018295S","Illumina","ITS1"
"1992","NEF_GloFung-its1_630_2016","GF01018294S","Illumina","ITS1"
"1993","NEF_GloFung-its1_627_2016","GF01018293S","Illumina","ITS1"
"1994","NEF_GloFung-its1_624_2016","GF01018292S","Illumina","ITS1"
"1995","NEF_GloFung-its1_630_2016","GF01018291S","Illumina","ITS1"
"1996","NEF_GloFung-its1_625_2016","GF01018290S","Illumina","ITS1"
"1997","NEF_GloFung-its1_629_2016","GF01018289S","Illumina","ITS1"
"1998","NEF_GloFung-its1_626_2016","GF01018288S","Illumina","ITS1"
"1999","NEF_GloFung-its1_623_2016","GF01018287S","Illumina","ITS1"
"2000","NEF_GloFung-its1_626_2016","GF01018286S","Illumina","ITS1"
"2001","NEF_GloFung-its1_628_2016","GF01018285S","Illumina","ITS1"
"2002","NEF_GloFung-its1_625_2016","GF01018284S","Illumina","ITS1"
"2003","NEF_GloFung-its1_630_2016","GF01018283S","Illumina","ITS1"
"2004","NEF_GloFung-its1_628_2016","GF01018282S","Illumina","ITS1"
"2005","NEF_GloFung-its1_623_2016","GF01018281S","Illumina","ITS1"
"2006","NEF_GloFung-its1_623_2016","GF01018280S","Illumina","ITS1"
"2007","NEF_GloFung-its1_630_2016","GF01018279S","Illumina","ITS1"
"2008","NEF_GloFung-its1_630_2016","GF01018278S","Illumina","ITS1"
"2009","NEF_GloFung-its1_628_2016","GF01018277S","Illumina","ITS1"
"2010","NEF_GloFung-its1_626_2016","GF01018276S","Illumina","ITS1"
"2011","NEF_GloFung-its1_629_2016","GF01018275S","Illumina","ITS1"
"2012","NEF_GloFung-its1_624_2016","GF01018274S","Illumina","ITS1"
"2013","NEF_GloFung-its1_627_2016","GF01018273S","Illumina","ITS1"
"2014","NEF_GloFung-its1_628_2016","GF01018272S","Illumina","ITS1"
"2015","NEF_GloFung-its1_624_2016","GF01018271S","Illumina","ITS1"
"2016","NEF_GloFung-its1_627_2016","GF01018270S","Illumina","ITS1"
"2017","NEF_GloFung-its1_624_2016","GF01018269S","Illumina","ITS1"
"2018","NEF_GloFung-its1_629_2016","GF01018268S","Illumina","ITS1"
"2019","NEF_GloFung-its1_623_2016","GF01018267S","Illumina","ITS1"
"2020","NEF_GloFung-its1_626_2016","GF01018266S","Illumina","ITS1"
"2021","NEF_GloFung-its1_627_2016","GF01018265S","Illumina","ITS1"
"2022","NEF_GloFung-its1_623_2016","GF01018264S","Illumina","ITS1"
"2023","NEF_GloFung-its1_624_2016","GF01018263S","Illumina","ITS1"
"2024","NEF_GloFung-its1_626_2016","GF01018262S","Illumina","ITS1"
"2025","NEF_GloFung-its1_624_2016","GF01018261S","Illumina","ITS1"
"2026","NEF_GloFung-its1_627_2016","GF01018260S","Illumina","ITS1"
"2027","NEF_GloFung-its1_630_2016","GF01018259S","Illumina","ITS1"
"2028","NEF_GloFung-its1_627_2016","GF01018258S","Illumina","ITS1"
"2029","NEF_GloFung-its1_629_2016","GF01018257S","Illumina","ITS1"
"2030","NEF_GloFung-its1_630_2016","GF01018256S","Illumina","ITS1"
"2031","NEF_GloFung-its1_623_2016","GF01018255S","Illumina","ITS1"
"2032","NEF_GloFung-its1_624_2016","GF01018254S","Illumina","ITS1"
"2033","NEF_GloFung-its1_627_2016","GF01018253S","Illumina","ITS1"
"2034","NEF_GloFung-its1_627_2016","GF01018252S","Illumina","ITS1"
"2035","NEF_GloFung-its1_629_2016","GF01018251S","Illumina","ITS1"
"2036","NEF_GloFung-its1_630_2016","GF01018250S","Illumina","ITS1"
"2037","NEF_GloFung-its1_626_2016","GF01018249S","Illumina","ITS1"
"2038","NEF_GloFung-its1_628_2016","GF01018248S","Illumina","ITS1"
"2039","NEF_GloFung-its1_628_2016","GF01018247S","Illumina","ITS1"
"2040","NEF_GloFung-its1_623_2016","GF01018246S","Illumina","ITS1"
"2041","NEF_GloFung-its1_626_2016","GF01018245S","Illumina","ITS1"
"2042","NEF_GloFung-its1_628_2016","GF01018244S","Illumina","ITS1"
"2043","NEF_GloFung-its1_623_2016","GF01018243S","Illumina","ITS1"
"2044","NEF_GloFung-its1_626_2016","GF01018242S","Illumina","ITS1"
"2045","NEF_GloFung-its1_626_2016","GF01018241S","Illumina","ITS1"
"2046","NEF_GloFung-its1_629_2016","GF01018240S","Illumina","ITS1"
"2047","NEF_GloFung-its1_623_2016","GF01018239S","Illumina","ITS1"
"2048","NEF_GloFung-its1_629_2016","GF01018238S","Illumina","ITS1"
"2049","NEF_GloFung-its1_629_2016","GF01018237S","Illumina","ITS1"
"2050","NEF_GloFung-its1_623_2016","GF01018236S","Illumina","ITS1"
"2051","NEF_GloFung-its1_627_2016","GF01018235S","Illumina","ITS1"
"2052","NEF_GloFung-its1_628_2016","GF01018234S","Illumina","ITS1"
"2053","NEF_GloFung-its1_629_2016","GF01018233S","Illumina","ITS1"
"2054","NEF_GloFung-its1_627_2016","GF01018232S","Illumina","ITS1"
"2055","NEF_GloFung-its1_623_2016","GF01018231S","Illumina","ITS1"
"2056","NEF_GloFung-its1_628_2016","GF01018230S","Illumina","ITS1"
"2057","NEF_GloFung-its1_626_2016","GF01018229S","Illumina","ITS1"
"2058","NEF_GloFung-its1_630_2016","GF01018228S","Illumina","ITS1"
"2059","NEF_GloFung-its1_624_2016","GF01018227S","Illumina","ITS1"
"2060","NEF_GloFung-its1_624_2016","GF01018226S","Illumina","ITS1"
"2061","NEF_GloFung-its1_630_2016","GF01018225S","Illumina","ITS1"
"2062","NEF_GloFung-its1_628_2016","GF01018224S","Illumina","ITS1"
"2063","NEF_GloFung-its1_629_2016","GF01018223S","Illumina","ITS1"
"2064","NEF_GloFung-its1_623_2016","GF01018222S","Illumina","ITS1"
"2065","NEF_GloFung-its1_626_2016","GF01018221S","Illumina","ITS1"
"2066","NEF_GloFung-its1_627_2016","GF01018220S","Illumina","ITS1"
"2067","NEF_GloFung-its1_628_2016","GF01018219S","Illumina","ITS1"
"2068","NEF_GloFung-its1_628_2016","GF01018218S","Illumina","ITS1"
"2069","NEF_GloFung-its1_628_2016","GF01018217S","Illumina","ITS1"
"2070","NEF_GloFung-its1_627_2016","GF01018216S","Illumina","ITS1"
"2302","NEF_GloFung-its1_651_2017","GF01013587S","454Roche","ITS1"
"2303","NEF_GloFung-its1_651_2017","GF01013586S","454Roche","ITS1"
"2304","NEF_GloFung-its1_651_2017","GF01013585S","454Roche","ITS1"
"2305","NEF_GloFung-its1_651_2017","GF01013584S","454Roche","ITS1"
"2306","NEF_GloFung-its1_651_2017","GF01013583S","454Roche","ITS1"
"2307","NEF_GloFung-its1_651_2017","GF01013582S","454Roche","ITS1"
"2308","NEF_GloFung-its1_651_2017","GF01013581S","454Roche","ITS1"
"2309","NEF_GloFung-its1_651_2017","GF01013580S","454Roche","ITS1"
"2310","NEF_GloFung-its1_651_2017","GF01013579S","454Roche","ITS1"
"2311","NEF_GloFung-its1_651_2017","GF01013578S","454Roche","ITS1"
"2312","NEF_GloFung-its1_651_2017","GF01013577S","454Roche","ITS1"
"2313","NEF_GloFung-its1_651_2017","GF01013576S","454Roche","ITS1"
"2314","NEF_GloFung-its1_651_2017","GF01013575S","454Roche","ITS1"
"2315","NEF_GloFung-its1_651_2017","GF01013574S","454Roche","ITS1"
"2316","NEF_GloFung-its1_651_2017","GF01013573S","454Roche","ITS1"
"2317","NEF_GloFung-its1_651_2017","GF01013572S","454Roche","ITS1"
"2318","NEF_GloFung-its1_651_2017","GF01013571S","454Roche","ITS1"
"2319","NEF_GloFung-its1_651_2017","GF01013570S","454Roche","ITS1"
"2320","NEF_GloFung-its1_651_2017","GF01013569S","454Roche","ITS1"
"2321","NEF_GloFung-its1_651_2017","GF01013568S","454Roche","ITS1"
"2322","NEF_GloFung-its1_651_2017","GF01013567S","454Roche","ITS1"
"2323","NEF_GloFung-its1_651_2017","GF01013566S","454Roche","ITS1"
"2324","NEF_GloFung-its1_651_2017","GF01013565S","454Roche","ITS1"
"2325","NEF_GloFung-its1_651_2017","GF01013564S","454Roche","ITS1"
"2326","NEF_GloFung-its1_651_2017","GF01013563S","454Roche","ITS1"
"2327","NEF_GloFung-its1_651_2017","GF01013562S","454Roche","ITS1"
"2328","NEF_GloFung-its1_651_2017","GF01013561S","454Roche","ITS1"
"2329","NEF_GloFung-its1_651_2017","GF01013560S","454Roche","ITS1"
"2330","NEF_GloFung-its1_651_2017","GF01013559S","454Roche","ITS1"
"2331","NEF_GloFung-its1_651_2017","GF01013558S","454Roche","ITS1"
"2332","NEF_GloFung-its1_651_2017","GF01013557S","454Roche","ITS1"
"2333","NEF_GloFung-its1_651_2017","GF01013556S","454Roche","ITS1"
"2334","NEF_GloFung-its1_651_2017","GF01013555S","454Roche","ITS1"
"2335","NEF_GloFung-its1_651_2017","GF01013554S","454Roche","ITS1"
"2336","NEF_GloFung-its1_651_2017","GF01013553S","454Roche","ITS1"
"2337","NEF_GloFung-its1_651_2017","GF01013552S","454Roche","ITS1"
"2338","NEF_GloFung-its1_651_2017","GF01013551S","454Roche","ITS1"
"2339","NEF_GloFung-its1_651_2017","GF01013550S","454Roche","ITS1"
"2340","NEF_GloFung-its1_651_2017","GF01013549S","454Roche","ITS1"
"2341","NEF_GloFung-its1_651_2017","GF01013548S","454Roche","ITS1"
"2342","NEF_GloFung-its1_651_2017","GF01013547S","454Roche","ITS1"
"2343","NEF_GloFung-its1_651_2017","GF01013546S","454Roche","ITS1"
"2344","NEF_GloFung-its1_651_2017","GF01013545S","454Roche","ITS1"
"2345","NEF_GloFung-its1_651_2017","GF01013544S","454Roche","ITS1"
"2346","NEF_GloFung-its1_651_2017","GF01013543S","454Roche","ITS1"
"2347","NEF_GloFung-its1_651_2017","GF01013542S","454Roche","ITS1"
"2348","NEF_GloFung-its1_651_2017","GF01013541S","454Roche","ITS1"
"2349","NEF_GloFung-its1_651_2017","GF01013540S","454Roche","ITS1"
"2350","NEF_GloFung-its1_651_2017","GF01013539S","454Roche","ITS1"
"2351","NEF_GloFung-its1_651_2017","GF01013538S","454Roche","ITS1"
"2352","NEF_GloFung-its1_651_2017","GF01013537S","454Roche","ITS1"
"2353","NEF_GloFung-its1_651_2017","GF01013536S","454Roche","ITS1"
"2354","NEF_GloFung-its1_651_2017","GF01013535S","454Roche","ITS1"
"2355","NEF_GloFung-its1_651_2017","GF01013534S","454Roche","ITS1"
"2356","NEF_GloFung-its1_651_2017","GF01013533S","454Roche","ITS1"
"2357","NEF_GloFung-its1_651_2017","GF01013532S","454Roche","ITS1"
"2358","NEF_GloFung-its1_651_2017","GF01013531S","454Roche","ITS1"
"2359","NEF_GloFung-its1_651_2017","GF01013530S","454Roche","ITS1"
"2360","NEF_GloFung-its1_651_2017","GF01013529S","454Roche","ITS1"
"2361","NEF_GloFung-its1_651_2017","GF01013528S","454Roche","ITS1"
"2362","NEF_GloFung-its1_651_2017","GF01013527S","454Roche","ITS1"
"2363","NEF_GloFung-its1_651_2017","GF01013526S","454Roche","ITS1"
"2364","NEF_GloFung-its1_651_2017","GF01013525S","454Roche","ITS1"
"2365","NEF_GloFung-its1_651_2017","GF01013524S","454Roche","ITS1"
"2366","NEF_GloFung-its1_651_2017","GF01013523S","454Roche","ITS1"
"2367","NEF_GloFung-its1_651_2017","GF01013522S","454Roche","ITS1"
"2368","NEF_GloFung-its1_651_2017","GF01013521S","454Roche","ITS1"
"2369","NEF_GloFung-its1_651_2017","GF01013520S","454Roche","ITS1"
"2370","NEF_GloFung-its1_651_2017","GF01013519S","454Roche","ITS1"
"2371","NEF_GloFung-its1_651_2017","GF01013518S","454Roche","ITS1"
"2372","NEF_GloFung-its1_651_2017","GF01013517S","454Roche","ITS1"
"2373","NEF_GloFung-its1_651_2017","GF01013516S","454Roche","ITS1"
"2374","NEF_GloFung-its1_651_2017","GF01013515S","454Roche","ITS1"
"2375","NEF_GloFung-its1_651_2017","GF01013514S","454Roche","ITS1"
"2376","NEF_GloFung-its1_651_2017","GF01013513S","454Roche","ITS1"
"2377","NEF_GloFung-its1_651_2017","GF01013512S","454Roche","ITS1"
"2378","NEF_GloFung-its1_651_2017","GF01013511S","454Roche","ITS1"
"2379","NEF_GloFung-its1_651_2017","GF01013510S","454Roche","ITS1"
"2380","NEF_GloFung-its1_651_2017","GF01013509S","454Roche","ITS1"
"2381","NEF_GloFung-its1_651_2017","GF01013508S","454Roche","ITS1"
"2382","NEF_GloFung-its1_288_2018","GF01013441S","Illumina","ITS1"
"2383","NEF_GloFung-its1_288_2018","GF01013440S","Illumina","ITS1"
"2384","NEF_GloFung-its1_288_2018","GF01013439S","Illumina","ITS1"
"2385","NEF_GloFung-its1_288_2018","GF01013438S","Illumina","ITS1"
"2386","NEF_GloFung-its1_288_2018","GF01013437S","Illumina","ITS1"
"2387","NEF_GloFung-its1_288_2018","GF01013436S","Illumina","ITS1"
"2388","NEF_GloFung-its1_288_2018","GF01013435S","Illumina","ITS1"
"2389","NEF_GloFung-its1_288_2018","GF01013434S","Illumina","ITS1"
"2390","NEF_GloFung-its1_288_2018","GF01013433S","Illumina","ITS1"
"2391","NEF_GloFung-its1_288_2018","GF01013432S","Illumina","ITS1"
"2392","NEF_GloFung-its1_288_2018","GF01013431S","Illumina","ITS1"
"2393","NEF_GloFung-its1_288_2018","GF01013430S","Illumina","ITS1"
"2394","NEF_GloFung-its1_288_2018","GF01013429S","Illumina","ITS1"
"2395","NEF_GloFung-its1_288_2018","GF01013428S","Illumina","ITS1"
"2396","NEF_GloFung-its1_288_2018","GF01013427S","Illumina","ITS1"
"2397","NEF_GloFung-its1_288_2018","GF01013426S","Illumina","ITS1"
"2398","NEF_GloFung-its1_288_2018","GF01013425S","Illumina","ITS1"
"2399","NEF_GloFung-its1_288_2018","GF01013424S","Illumina","ITS1"
"2400","NEF_GloFung-its1_288_2018","GF01013423S","Illumina","ITS1"
"2401","NEF_GloFung-its1_288_2018","GF01013422S","Illumina","ITS1"
"2402","NEF_GloFung-its1_288_2018","GF01013421S","Illumina","ITS1"
"2403","NEF_GloFung-its1_288_2018","GF01013420S","Illumina","ITS1"
"2404","NEF_GloFung-its1_288_2018","GF01013419S","Illumina","ITS1"
"2405","NEF_GloFung-its1_288_2018","GF01013418S","Illumina","ITS1"
"2406","NEF_GloFung-its1_288_2018","GF01013417S","Illumina","ITS1"
"2407","NEF_GloFung-its1_288_2018","GF01013416S","Illumina","ITS1"
"2408","NEF_GloFung-its1_288_2018","GF01013415S","Illumina","ITS1"
"2409","NEF_GloFung-its1_288_2018","GF01013414S","Illumina","ITS1"
"2410","NEF_GloFung-its1_288_2018","GF01013413S","Illumina","ITS1"
"2411","NEF_GloFung-its1_288_2018","GF01013412S","Illumina","ITS1"
"2412","NEF_GloFung-its1_288_2018","GF01013411S","Illumina","ITS1"
"2413","NEF_GloFung-its1_288_2018","GF01013410S","Illumina","ITS1"
"2414","NEF_GloFung-its1_288_2018","GF01013409S","Illumina","ITS1"
"2415","NEF_GloFung-its1_288_2018","GF01013408S","Illumina","ITS1"
"2416","NEF_GloFung-its1_288_2018","GF01013407S","Illumina","ITS1"
"2417","NEF_GloFung-its1_288_2018","GF01013406S","Illumina","ITS1"
"2418","NEF_GloFung-its1_288_2018","GF01013405S","Illumina","ITS1"
"2419","NEF_GloFung-its1_288_2018","GF01013404S","Illumina","ITS1"
"2420","NEF_GloFung-its1_288_2018","GF01013403S","Illumina","ITS1"
"2421","NEF_GloFung-its1_288_2018","GF01013402S","Illumina","ITS1"
"2422","NEF_GloFung-its1_288_2018","GF01013401S","Illumina","ITS1"
"2423","NEF_GloFung-its1_288_2018","GF01013400S","Illumina","ITS1"
"2424","NEF_GloFung-its1_288_2018","GF01013399S","Illumina","ITS1"
"2425","NEF_GloFung-its1_288_2018","GF01013398S","Illumina","ITS1"
"2426","NEF_GloFung-its1_288_2018","GF01013397S","Illumina","ITS1"
"2427","NEF_GloFung-its1_288_2018","GF01013396S","Illumina","ITS1"
"2428","NEF_GloFung-its1_288_2018","GF01013395S","Illumina","ITS1"
"2429","NEF_GloFung-its1_288_2018","GF01013394S","Illumina","ITS1"
"2430","NEF_GloFung-its1_288_2018","GF01013393S","Illumina","ITS1"
"2431","NEF_GloFung-its1_288_2018","GF01013392S","Illumina","ITS1"
"2432","NEF_GloFung-its1_288_2018","GF01013391S","Illumina","ITS1"
"2433","NEF_GloFung-its1_288_2018","GF01013390S","Illumina","ITS1"
"2434","NEF_GloFung-its1_288_2018","GF01013389S","Illumina","ITS1"
"2435","NEF_GloFung-its1_288_2018","GF01013388S","Illumina","ITS1"
"2436","NEF_GloFung-its1_288_2018","GF01013387S","Illumina","ITS1"
"2437","NEF_GloFung-its1_288_2018","GF01013386S","Illumina","ITS1"
"2438","NEF_GloFung-its1_288_2018","GF01013385S","Illumina","ITS1"
"2439","NEF_GloFung-its1_288_2018","GF01013384S","Illumina","ITS1"
"2440","NEF_GloFung-its1_288_2018","GF01013383S","Illumina","ITS1"
"2441","NEF_GloFung-its1_288_2018","GF01013382S","Illumina","ITS1"
"2442","NEF_GloFung-its1_288_2018","GF01013381S","Illumina","ITS1"
"2443","NEF_GloFung-its1_288_2018","GF01013380S","Illumina","ITS1"
"2444","NEF_GloFung-its1_288_2018","GF01013379S","Illumina","ITS1"
"2445","NEF_GloFung-its1_288_2018","GF01013378S","Illumina","ITS1"
"2446","NEF_GloFung-its1_288_2018","GF01013377S","Illumina","ITS1"
"2447","NEF_GloFung-its1_288_2018","GF01013376S","Illumina","ITS1"
"2448","NEF_GloFung-its1_288_2018","GF01013375S","Illumina","ITS1"
"2449","NEF_GloFung-its1_288_2018","GF01013374S","Illumina","ITS1"
"2450","NEF_GloFung-its1_288_2018","GF01013373S","Illumina","ITS1"
"2451","NEF_GloFung-its1_288_2018","GF01013372S","Illumina","ITS1"
"2452","NEF_GloFung-its1_288_2018","GF01013371S","Illumina","ITS1"
"2453","NEF_GloFung-its1_288_2018","GF01013370S","Illumina","ITS1"
"2454","NEF_GloFung-its1_288_2018","GF01013369S","Illumina","ITS1"
"2455","NEF_GloFung-its1_288_2018","GF01013368S","Illumina","ITS1"
"2456","NEF_GloFung-its1_288_2018","GF01013367S","Illumina","ITS1"
"2457","NEF_GloFung-its1_288_2018","GF01013366S","Illumina","ITS1"
"2458","NEF_GloFung-its1_288_2018","GF01013365S","Illumina","ITS1"
"2459","NEF_GloFung-its1_288_2018","GF01013364S","Illumina","ITS1"
"2460","NEF_GloFung-its1_288_2018","GF01013363S","Illumina","ITS1"
"2461","NEF_GloFung-its1_288_2018","GF01013362S","Illumina","ITS1"
"2462","NEF_GloFung-its1_288_2018","GF01013361S","Illumina","ITS1"
"2463","NEF_GloFung-its1_288_2018","GF01013360S","Illumina","ITS1"
"2464","NEF_GloFung-its1_288_2018","GF01013359S","Illumina","ITS1"
"2465","NEF_GloFung-its1_288_2018","GF01013358S","Illumina","ITS1"
"2466","NEF_GloFung-its1_288_2018","GF01013357S","Illumina","ITS1"
"2467","NEF_GloFung-its1_288_2018","GF01013356S","Illumina","ITS1"
"2468","NEF_GloFung-its1_288_2018","GF01013355S","Illumina","ITS1"
"2469","NEF_GloFung-its1_288_2018","GF01013354S","Illumina","ITS1"
"2470","NEF_GloFung-its1_288_2018","GF01013353S","Illumina","ITS1"
"2471","NEF_GloFung-its1_288_2018","GF01013352S","Illumina","ITS1"
"2472","NEF_GloFung-its1_288_2018","GF01013351S","Illumina","ITS1"
"2473","NEF_GloFung-its1_288_2018","GF01013350S","Illumina","ITS1"
"2474","NEF_GloFung-its1_288_2018","GF01013349S","Illumina","ITS1"
"2475","NEF_GloFung-its1_288_2018","GF01013348S","Illumina","ITS1"
"2476","NEF_GloFung-its1_288_2018","GF01013347S","Illumina","ITS1"
"2477","NEF_GloFung-its1_288_2018","GF01013346S","Illumina","ITS1"
"2478","NEF_GloFung-its1_288_2018","GF01013345S","Illumina","ITS1"
"2479","NEF_GloFung-its1_288_2018","GF01013344S","Illumina","ITS1"
"2480","NEF_GloFung-its1_288_2018","GF01013343S","Illumina","ITS1"
"2481","NEF_GloFung-its1_288_2018","GF01013342S","Illumina","ITS1"
"2482","NEF_GloFung-its1_288_2018","GF01013341S","Illumina","ITS1"
"2483","NEF_GloFung-its1_288_2018","GF01013340S","Illumina","ITS1"
"2484","NEF_GloFung-its1_288_2018","GF01013339S","Illumina","ITS1"
"2485","NEF_GloFung-its1_288_2018","GF01013338S","Illumina","ITS1"
"2486","NEF_GloFung-its1_288_2018","GF01013337S","Illumina","ITS1"
"2487","NEF_GloFung-its1_288_2018","GF01013336S","Illumina","ITS1"
"2488","NEF_GloFung-its1_288_2018","GF01013335S","Illumina","ITS1"
"2489","NEF_GloFung-its1_288_2018","GF01013334S","Illumina","ITS1"
"2490","NEF_GloFung-its1_288_2018","GF01013333S","Illumina","ITS1"
"2491","NEF_GloFung-its1_288_2018","GF01013332S","Illumina","ITS1"
"2492","NEF_GloFung-its1_288_2018","GF01013331S","Illumina","ITS1"
"2493","NEF_GloFung-its1_288_2018","GF01013330S","Illumina","ITS1"
"2494","NEF_GloFung-its1_288_2018","GF01013329S","Illumina","ITS1"
"2495","NEF_GloFung-its1_288_2018","GF01013328S","Illumina","ITS1"
"2496","NEF_GloFung-its1_288_2018","GF01013327S","Illumina","ITS1"
"2497","NEF_GloFung-its1_288_2018","GF01013326S","Illumina","ITS1"
"2498","NEF_GloFung-its1_288_2018","GF01013325S","Illumina","ITS1"
"2499","NEF_GloFung-its1_288_2018","GF01013324S","Illumina","ITS1"
"2500","NEF_GloFung-its1_288_2018","GF01013323S","Illumina","ITS1"
"2501","NEF_GloFung-its1_288_2018","GF01013322S","Illumina","ITS1"
"2502","NEF_GloFung-its1_288_2018","GF01013321S","Illumina","ITS1"
"2503","NEF_GloFung-its1_288_2018","GF01013320S","Illumina","ITS1"
"2504","NEF_GloFung-its1_288_2018","GF01013319S","Illumina","ITS1"
"2505","NEF_GloFung-its1_288_2018","GF01013318S","Illumina","ITS1"
"2506","NEF_GloFung-its1_288_2018","GF01013317S","Illumina","ITS1"
"2507","NEF_GloFung-its1_288_2018","GF01013316S","Illumina","ITS1"
"2508","NEF_GloFung-its1_288_2018","GF01013315S","Illumina","ITS1"
"2509","NEF_GloFung-its1_288_2018","GF01013314S","Illumina","ITS1"
"2510","NEF_GloFung-its1_288_2018","GF01013313S","Illumina","ITS1"
"2511","NEF_GloFung-its1_288_2018","GF01013312S","Illumina","ITS1"
"2512","NEF_GloFung-its1_288_2018","GF01013311S","Illumina","ITS1"
"2513","NEF_GloFung-its1_288_2018","GF01013310S","Illumina","ITS1"
"2514","NEF_GloFung-its1_288_2018","GF01013309S","Illumina","ITS1"
"2515","NEF_GloFung-its1_288_2018","GF01013308S","Illumina","ITS1"
"2516","NEF_GloFung-its1_288_2018","GF01013307S","Illumina","ITS1"
"2517","NEF_GloFung-its1_288_2018","GF01013306S","Illumina","ITS1"
"2518","NEF_GloFung-its1_288_2018","GF01013305S","Illumina","ITS1"
"2519","NEF_GloFung-its1_288_2018","GF01013304S","Illumina","ITS1"
"2520","NEF_GloFung-its1_288_2018","GF01013303S","Illumina","ITS1"
"2521","NEF_GloFung-its1_288_2018","GF01013302S","Illumina","ITS1"
"2522","NEF_GloFung-its1_288_2018","GF01013301S","Illumina","ITS1"
"2523","NEF_GloFung-its1_288_2018","GF01013300S","Illumina","ITS1"
"2524","NEF_GloFung-its1_288_2018","GF01013299S","Illumina","ITS1"
"2525","NEF_GloFung-its1_288_2018","GF01013298S","Illumina","ITS1"
"2526","NEF_GloFung-its1_288_2018","GF01013297S","Illumina","ITS1"
"2527","NEF_GloFung-its1_288_2018","GF01013296S","Illumina","ITS1"
"2528","NEF_GloFung-its1_288_2018","GF01013295S","Illumina","ITS1"
"2529","NEF_GloFung-its1_288_2018","GF01013294S","Illumina","ITS1"
"2530","NEF_GloFung-its1_288_2018","GF01013293S","Illumina","ITS1"
"2531","NEF_GloFung-its1_288_2018","GF01013292S","Illumina","ITS1"
"2532","NEF_GloFung-its1_288_2018","GF01013291S","Illumina","ITS1"
"2533","NEF_GloFung-its1_288_2018","GF01013290S","Illumina","ITS1"
"2534","NEF_GloFung-its1_288_2018","GF01013289S","Illumina","ITS1"
"2535","NEF_GloFung-its1_288_2018","GF01013288S","Illumina","ITS1"
"2536","NEF_GloFung-its1_288_2018","GF01013287S","Illumina","ITS1"
"2537","NEF_GloFung-its1_288_2018","GF01013286S","Illumina","ITS1"
"2538","NEF_GloFung-its1_288_2018","GF01013285S","Illumina","ITS1"
"2539","NEF_GloFung-its1_288_2018","GF01013284S","Illumina","ITS1"
"2540","NEF_GloFung-its1_288_2018","GF01013283S","Illumina","ITS1"
"2541","NEF_GloFung-its1_288_2018","GF01013282S","Illumina","ITS1"
"2542","NEF_GloFung-its1_288_2018","GF01013281S","Illumina","ITS1"
"2543","NEF_GloFung-its1_652_2017","GF01012719S","Illumina","ITS1"
"2544","NEF_GloFung-its1_653_2017","GF01012718S","Illumina","ITS1"
"2545","NEF_GloFung-its1_654_2017","GF01012717S","Illumina","ITS1"
"2546","NEF_GloFung-its1_655_2013","GF01009654S","454Roche","ITS1"
"2547","NEF_GloFung-its1_656_2013","GF01009653S","454Roche","ITS1"
"2548","NEF_GloFung-its1_657_2013","GF01009652S","454Roche","ITS1"
"2549","NEF_GloFung-its1_658_2013","GF01009651S","454Roche","ITS1"
"2550","NEF_GloFung-its1_658_2013","GF01009650S","454Roche","ITS1"
"2551","NEF_GloFung-its1_659_2013","GF01009649S","454Roche","ITS1"
"2552","NEF_GloFung-its1_655_2013","GF01009648S","454Roche","ITS1"
"2553","NEF_GloFung-its1_660_2013","GF01009647S","454Roche","ITS1"
"2554","NEF_GloFung-its1_656_2013","GF01009646S","454Roche","ITS1"
"2555","NEF_GloFung-its1_657_2013","GF01009645S","454Roche","ITS1"
"2556","NEF_GloFung-its1_656_2013","GF01009644S","454Roche","ITS1"
"2557","NEF_GloFung-its1_655_2013","GF01009643S","454Roche","ITS1"
"2558","NEF_GloFung-its1_658_2013","GF01009642S","454Roche","ITS1"
"2559","NEF_GloFung-its1_655_2013","GF01009641S","454Roche","ITS1"
"2560","NEF_GloFung-its1_660_2013","GF01009640S","454Roche","ITS1"
"2561","NEF_GloFung-its1_656_2013","GF01009639S","454Roche","ITS1"
"2562","NEF_GloFung-its1_657_2013","GF01009638S","454Roche","ITS1"
"2563","NEF_GloFung-its1_659_2013","GF01009637S","454Roche","ITS1"
"2564","NEF_GloFung-its1_656_2013","GF01009636S","454Roche","ITS1"
"2565","NEF_GloFung-its1_656_2013","GF01009635S","454Roche","ITS1"
"2566","NEF_GloFung-its1_657_2013","GF01009634S","454Roche","ITS1"
"2567","NEF_GloFung-its1_656_2013","GF01009633S","454Roche","ITS1"
"2568","NEF_GloFung-its1_661_2013","GF01009632S","454Roche","ITS1"
"2569","NEF_GloFung-its1_658_2013","GF01009631S","454Roche","ITS1"
"2570","NEF_GloFung-its1_657_2013","GF01009630S","454Roche","ITS1"
"2571","NEF_GloFung-its1_655_2013","GF01009629S","454Roche","ITS1"
"2572","NEF_GloFung-its1_660_2013","GF01009628S","454Roche","ITS1"
"2573","NEF_GloFung-its1_656_2013","GF01009627S","454Roche","ITS1"
"2574","NEF_GloFung-its1_661_2013","GF01009626S","454Roche","ITS1"
"2575","NEF_GloFung-its1_660_2013","GF01009625S","454Roche","ITS1"
"2576","NEF_GloFung-its1_658_2013","GF01009624S","454Roche","ITS1"
"2577","NEF_GloFung-its1_659_2013","GF01009623S","454Roche","ITS1"
"2578","NEF_GloFung-its1_657_2013","GF01009622S","454Roche","ITS1"
"2579","NEF_GloFung-its1_658_2013","GF01009621S","454Roche","ITS1"
"2580","NEF_GloFung-its1_659_2013","GF01009620S","454Roche","ITS1"
"2581","NEF_GloFung-its1_660_2013","GF01009619S","454Roche","ITS1"
"2582","NEF_GloFung-its1_661_2013","GF01009618S","454Roche","ITS1"
"2583","NEF_GloFung-its1_660_2013","GF01009617S","454Roche","ITS1"
"2584","NEF_GloFung-its1_659_2013","GF01009616S","454Roche","ITS1"
"2585","NEF_GloFung-its1_661_2013","GF01009615S","454Roche","ITS1"
"2586","NEF_GloFung-its1_661_2013","GF01009614S","454Roche","ITS1"
"2587","NEF_GloFung-its1_656_2013","GF01009613S","454Roche","ITS1"
"2588","NEF_GloFung-its1_659_2013","GF01009612S","454Roche","ITS1"
"2589","NEF_GloFung-its1_657_2013","GF01009611S","454Roche","ITS1"
"2590","NEF_GloFung-its1_655_2013","GF01009610S","454Roche","ITS1"
"2591","NEF_GloFung-its1_655_2013","GF01009609S","454Roche","ITS1"
"2592","NEF_GloFung-its1_658_2013","GF01009608S","454Roche","ITS1"
"2593","NEF_GloFung-its1_657_2013","GF01009607S","454Roche","ITS1"
"2594","NEF_GloFung-its1_659_2013","GF01009606S","454Roche","ITS1"
"2595","NEF_GloFung-its1_659_2013","GF01009605S","454Roche","ITS1"
"2596","NEF_GloFung-its1_655_2013","GF01009604S","454Roche","ITS1"
"2597","NEF_GloFung-its1_661_2013","GF01009603S","454Roche","ITS1"
"2598","NEF_GloFung-its1_658_2013","GF01009602S","454Roche","ITS1"
"2599","NEF_GloFung-its1_660_2013","GF01009601S","454Roche","ITS1"
"2600","NEF_GloFung-its1_656_2013","GF01009600S","454Roche","ITS1"
"2601","NEF_GloFung-its1_660_2013","GF01009599S","454Roche","ITS1"
"2602","NEF_GloFung-its1_661_2013","GF01009598S","454Roche","ITS1"
"2603","NEF_GloFung-its1_661_2013","GF01009597S","454Roche","ITS1"
"2604","NEF_GloFung-its1_655_2013","GF01009596S","454Roche","ITS1"
"2605","NEF_GloFung-its1_659_2013","GF01009595S","454Roche","ITS1"
"2606","NEF_GloFung-its1_661_2013","GF01009594S","454Roche","ITS1"
"2607","NEF_GloFung-its1_661_2013","GF01009593S","454Roche","ITS1"
"2608","NEF_GloFung-its1_658_2013","GF01009592S","454Roche","ITS1"
"2609","NEF_GloFung-its1_660_2013","GF01009591S","454Roche","ITS1"
"2610","NEF_GloFung-its1_657_2013","GF01009590S","454Roche","ITS1"
"2611","NEF_GloFung-its1_660_2013","GF01009589S","454Roche","ITS1"
"1","NEF_GloFung-its2_1_2023","GF05031200S","Illumina","ITS2"
"2","NEF_GloFung-its2_2_2023","GF05031199S","Illumina","ITS2"
"3","NEF_GloFung-its2_3_2023","GF05031198S","Illumina","ITS2"
"4","NEF_GloFung-its2_3_2023","GF05031197S","Illumina","ITS2"
"5","NEF_GloFung-its2_4_2023","GF05031196S","Illumina","ITS2"
"6","NEF_GloFung-its2_5_2023","GF05031195S","Illumina","ITS2"
"7","NEF_GloFung-its2_5_2023","GF05031194S","Illumina","ITS2"
"8","NEF_GloFung-its2_6_2023","GF05031193S","Illumina","ITS2"
"9","NEF_GloFung-its2_7_2023","GF05031192S","Illumina","ITS2"
"10","NEF_GloFung-its2_8_2023","GF05031191S","Illumina","ITS2"
"11","NEF_GloFung-its2_8_2023","GF05031190S","Illumina","ITS2"
"12","NEF_GloFung-its2_7_2023","GF05031189S","Illumina","ITS2"
"13","NEF_GloFung-its2_2_2023","GF05031188S","Illumina","ITS2"
"14","NEF_GloFung-its2_9_2023","GF05031187S","Illumina","ITS2"
"15","NEF_GloFung-its2_10_2023","GF05031186S","Illumina","ITS2"
"16","NEF_GloFung-its2_10_2023","GF05031185S","Illumina","ITS2"
"17","NEF_GloFung-its2_11_2023","GF05031184S","Illumina","ITS2"
"18","NEF_GloFung-its2_12_2023","GF05031183S","Illumina","ITS2"
"19","NEF_GloFung-its2_13_2023","GF05031182S","Illumina","ITS2"
"20","NEF_GloFung-its2_14_2023","GF05031181S","Illumina","ITS2"
"21","NEF_GloFung-its2_15_2023","GF05031180S","Illumina","ITS2"
"22","NEF_GloFung-its2_16_2023","GF05031179S","Illumina","ITS2"
"23","NEF_GloFung-its2_17_2023","GF05031178S","Illumina","ITS2"
"24","NEF_GloFung-its2_18_2023","GF05031177S","Illumina","ITS2"
"25","NEF_GloFung-its2_17_2023","GF05031176S","Illumina","ITS2"
"26","NEF_GloFung-its2_19_2023","GF05031175S","Illumina","ITS2"
"27","NEF_GloFung-its2_20_2023","GF05031174S","Illumina","ITS2"
"28","NEF_GloFung-its2_21_2023","GF05031173S","Illumina","ITS2"
"29","NEF_GloFung-its2_20_2023","GF05031172S","Illumina","ITS2"
"30","NEF_GloFung-its2_22_2023","GF05031171S","Illumina","ITS2"
"31","NEF_GloFung-its2_23_2023","GF05031170S","Illumina","ITS2"
"32","NEF_GloFung-its2_24_2023","GF05031169S","Illumina","ITS2"
"33","NEF_GloFung-its2_25_2023","GF05031168S","Illumina","ITS2"
"34","NEF_GloFung-its2_25_2023","GF05031167S","Illumina","ITS2"
"35","NEF_GloFung-its2_26_2023","GF05031166S","Illumina","ITS2"
"36","NEF_GloFung-its2_27_2023","GF05031165S","Illumina","ITS2"
"37","NEF_GloFung-its2_28_2023","GF05031164S","Illumina","ITS2"
"38","NEF_GloFung-its2_28_2023","GF05031163S","Illumina","ITS2"
"39","NEF_GloFung-its2_27_2023","GF05031162S","Illumina","ITS2"
"40","NEF_GloFung-its2_29_2023","GF05031161S","Illumina","ITS2"
"41","NEF_GloFung-its2_30_2023","GF05031160S","Illumina","ITS2"
"42","NEF_GloFung-its2_31_2023","GF05031159S","Illumina","ITS2"
"43","NEF_GloFung-its2_32_2023","GF05031158S","Illumina","ITS2"
"44","NEF_GloFung-its2_33_2023","GF05031157S","Illumina","ITS2"
"45","NEF_GloFung-its2_26_2023","GF05031156S","Illumina","ITS2"
"46","NEF_GloFung-its2_34_2023","GF05031155S","Illumina","ITS2"
"47","NEF_GloFung-its2_35_2023","GF05031154S","Illumina","ITS2"
"48","NEF_GloFung-its2_3_2023","GF05031153S","Illumina","ITS2"
"49","NEF_GloFung-its2_36_2023","GF05031000S","Illumina","ITS2"
"50","NEF_GloFung-its2_36_2023","GF05030997S","Illumina","ITS2"
"51","NEF_GloFung-its2_36_2023","GF05030996S","Illumina","ITS2"
"52","NEF_GloFung-its2_36_2023","GF05030986S","Illumina","ITS2"
"53","NEF_GloFung-its2_36_2023","GF05030985S","Illumina","ITS2"
"54","NEF_GloFung-its2_36_2023","GF05030982S","Illumina","ITS2"
"55","NEF_GloFung-its2_36_2023","GF05030981S","Illumina","ITS2"
"56","NEF_GloFung-its2_36_2023","GF05030979S","Illumina","ITS2"
"57","NEF_GloFung-its2_36_2023","GF05030974S","Illumina","ITS2"
"58","NEF_GloFung-its2_36_2023","GF05030973S","Illumina","ITS2"
"59","NEF_GloFung-its2_36_2023","GF05030972S","Illumina","ITS2"
"60","NEF_GloFung-its2_36_2023","GF05030969S","Illumina","ITS2"
"61","NEF_GloFung-its2_36_2023","GF05030968S","Illumina","ITS2"
"62","NEF_GloFung-its2_36_2023","GF05030967S","Illumina","ITS2"
"63","NEF_GloFung-its2_36_2023","GF05030966S","Illumina","ITS2"
"64","NEF_GloFung-its2_36_2023","GF05030965S","Illumina","ITS2"
"65","NEF_GloFung-its2_36_2023","GF05030964S","Illumina","ITS2"
"66","NEF_GloFung-its2_36_2023","GF05030960S","Illumina","ITS2"
"67","NEF_GloFung-its2_36_2023","GF05030956S","Illumina","ITS2"
"68","NEF_GloFung-its2_36_2023","GF05030954S","Illumina","ITS2"
"69","NEF_GloFung-its2_36_2023","GF05030953S","Illumina","ITS2"
"70","NEF_GloFung-its2_36_2023","GF05030950S","Illumina","ITS2"
"71","NEF_GloFung-its2_36_2023","GF05030947S","Illumina","ITS2"
"72","NEF_GloFung-its2_36_2023","GF05030946S","Illumina","ITS2"
"73","NEF_GloFung-its2_36_2023","GF05030945S","Illumina","ITS2"
"74","NEF_GloFung-its2_36_2023","GF05030944S","Illumina","ITS2"
"75","NEF_GloFung-its2_36_2023","GF05030942S","Illumina","ITS2"
"76","NEF_GloFung-its2_36_2023","GF05030938S","Illumina","ITS2"
"77","NEF_GloFung-its2_36_2023","GF05030935S","Illumina","ITS2"
"78","NEF_GloFung-its2_36_2023","GF05030934S","Illumina","ITS2"
"79","NEF_GloFung-its2_36_2023","GF05030933S","Illumina","ITS2"
"80","NEF_GloFung-its2_36_2023","GF05030931S","Illumina","ITS2"
"81","NEF_GloFung-its2_36_2023","GF05030928S","Illumina","ITS2"
"82","NEF_GloFung-its2_36_2023","GF05030925S","Illumina","ITS2"
"83","NEF_GloFung-its2_36_2023","GF05030924S","Illumina","ITS2"
"84","NEF_GloFung-its2_36_2023","GF05030923S","Illumina","ITS2"
"142","NEF_GloFung-its2_65_2022","GF05028214S","Illumina","ITS2"
"143","NEF_GloFung-its2_65_2022","GF05028213S","Illumina","ITS2"
"144","NEF_GloFung-its2_65_2022","GF05028212S","Illumina","ITS2"
"145","NEF_GloFung-its2_65_2022","GF05028211S","Illumina","ITS2"
"146","NEF_GloFung-its2_65_2022","GF05028210S","Illumina","ITS2"
"147","NEF_GloFung-its2_65_2022","GF05028209S","Illumina","ITS2"
"148","NEF_GloFung-its2_65_2022","GF05028208S","Illumina","ITS2"
"149","NEF_GloFung-its2_65_2022","GF05028207S","Illumina","ITS2"
"150","NEF_GloFung-its2_65_2022","GF05028206S","Illumina","ITS2"
"151","NEF_GloFung-its2_65_2022","GF05028205S","Illumina","ITS2"
"152","NEF_GloFung-its2_65_2022","GF05028204S","Illumina","ITS2"
"153","NEF_GloFung-its2_65_2022","GF05028203S","Illumina","ITS2"
"154","NEF_GloFung-its2_66_2022","GF05028202S","Illumina","ITS2"
"155","NEF_GloFung-its2_66_2022","GF05028201S","Illumina","ITS2"
"156","NEF_GloFung-its2_66_2022","GF05028200S","Illumina","ITS2"
"157","NEF_GloFung-its2_66_2022","GF05028199S","Illumina","ITS2"
"158","NEF_GloFung-its2_66_2022","GF05028198S","Illumina","ITS2"
"159","NEF_GloFung-its2_66_2022","GF05028197S","Illumina","ITS2"
"160","NEF_GloFung-its2_66_2022","GF05028196S","Illumina","ITS2"
"161","NEF_GloFung-its2_66_2022","GF05028195S","Illumina","ITS2"
"162","NEF_GloFung-its2_66_2022","GF05028194S","Illumina","ITS2"
"163","NEF_GloFung-its2_66_2022","GF05028193S","Illumina","ITS2"
"164","NEF_GloFung-its2_66_2022","GF05028192S","Illumina","ITS2"
"165","NEF_GloFung-its2_66_2022","GF05028191S","Illumina","ITS2"
"166","NEF_GloFung-its2_67_2022","GF05028190S","Illumina","ITS2"
"167","NEF_GloFung-its2_67_2022","GF05028189S","Illumina","ITS2"
"168","NEF_GloFung-its2_67_2022","GF05028188S","Illumina","ITS2"
"169","NEF_GloFung-its2_67_2022","GF05028187S","Illumina","ITS2"
"170","NEF_GloFung-its2_67_2022","GF05028186S","Illumina","ITS2"
"171","NEF_GloFung-its2_67_2022","GF05028185S","Illumina","ITS2"
"172","NEF_GloFung-its2_67_2022","GF05028184S","Illumina","ITS2"
"173","NEF_GloFung-its2_67_2022","GF05028183S","Illumina","ITS2"
"174","NEF_GloFung-its2_67_2022","GF05028182S","Illumina","ITS2"
"175","NEF_GloFung-its2_67_2022","GF05028181S","Illumina","ITS2"
"176","NEF_GloFung-its2_67_2022","GF05028180S","Illumina","ITS2"
"177","NEF_GloFung-its2_67_2022","GF05028179S","Illumina","ITS2"
"178","NEF_GloFung-its2_68_2022","GF05028178S","Illumina","ITS2"
"179","NEF_GloFung-its2_68_2022","GF05028177S","Illumina","ITS2"
"180","NEF_GloFung-its2_68_2022","GF05028176S","Illumina","ITS2"
"181","NEF_GloFung-its2_68_2022","GF05028175S","Illumina","ITS2"
"182","NEF_GloFung-its2_68_2022","GF05028174S","Illumina","ITS2"
"183","NEF_GloFung-its2_68_2022","GF05028173S","Illumina","ITS2"
"184","NEF_GloFung-its2_68_2022","GF05028172S","Illumina","ITS2"
"185","NEF_GloFung-its2_68_2022","GF05028171S","Illumina","ITS2"
"186","NEF_GloFung-its2_68_2022","GF05028170S","Illumina","ITS2"
"187","NEF_GloFung-its2_68_2022","GF05028169S","Illumina","ITS2"
"188","NEF_GloFung-its2_68_2022","GF05028168S","Illumina","ITS2"
"189","NEF_GloFung-its2_68_2022","GF05028167S","Illumina","ITS2"
"190","NEF_GloFung-its2_69_2022","GF05026793S","IonTorrent","ITS2"
"191","NEF_GloFung-its2_70_2022","GF05026791S","IonTorrent","ITS2"
"192","NEF_GloFung-its2_71_2022","GF05026789S","IonTorrent","ITS2"
"193","NEF_GloFung-its2_72_2022","GF05026787S","IonTorrent","ITS2"
"194","NEF_GloFung-its2_73_2022","GF05026785S","IonTorrent","ITS2"
"195","NEF_GloFung-its2_74_2022","GF05026783S","IonTorrent","ITS2"
"196","NEF_GloFung-its2_75_2022","GF05026781S","IonTorrent","ITS2"
"197","NEF_GloFung-its2_76_2022","GF05026779S","IonTorrent","ITS2"
"198","NEF_GloFung-its2_77_2022","GF05026777S","IonTorrent","ITS2"
"199","NEF_GloFung-its2_78_2022","GF05026775S","IonTorrent","ITS2"
"200","NEF_GloFung-its2_79_2022","GF05026773S","IonTorrent","ITS2"
"201","NEF_GloFung-its2_80_2022","GF05026772S","IonTorrent","ITS2"
"202","NEF_GloFung-its2_80_2022","GF05026771S","IonTorrent","ITS2"
"203","NEF_GloFung-its2_81_2022","GF05026770S","IonTorrent","ITS2"
"204","NEF_GloFung-its2_81_2022","GF05026769S","IonTorrent","ITS2"
"205","NEF_GloFung-its2_82_2022","GF05026768S","IonTorrent","ITS2"
"206","NEF_GloFung-its2_83_2022","GF05026767S","IonTorrent","ITS2"
"207","NEF_GloFung-its2_83_2022","GF05026766S","IonTorrent","ITS2"
"208","NEF_GloFung-its2_84_2022","GF05026765S","IonTorrent","ITS2"
"209","NEF_GloFung-its2_84_2022","GF05026764S","IonTorrent","ITS2"
"210","NEF_GloFung-its2_85_2022","GF05026763S","IonTorrent","ITS2"
"211","NEF_GloFung-its2_86_2022","GF05026762S","IonTorrent","ITS2"
"212","NEF_GloFung-its2_87_2022","GF05026761S","IonTorrent","ITS2"
"213","NEF_GloFung-its2_88_2022","GF05026760S","IonTorrent","ITS2"
"214","NEF_GloFung-its2_88_2022","GF05026759S","IonTorrent","ITS2"
"215","NEF_GloFung-its2_89_2022","GF05026758S","IonTorrent","ITS2"
"216","NEF_GloFung-its2_89_2022","GF05026757S","IonTorrent","ITS2"
"279","NEF_GloFung-its2_107_2022","GF05016792S","Illumina","ITS2"
"280","NEF_GloFung-its2_107_2022","GF05016791S","Illumina","ITS2"
"281","NEF_GloFung-its2_107_2022","GF05016790S","Illumina","ITS2"
"282","NEF_GloFung-its2_107_2022","GF05016789S","Illumina","ITS2"
"283","NEF_GloFung-its2_107_2022","GF05016788S","Illumina","ITS2"
"284","NEF_GloFung-its2_107_2022","GF05016787S","Illumina","ITS2"
"285","NEF_GloFung-its2_107_2022","GF05016786S","Illumina","ITS2"
"286","NEF_GloFung-its2_107_2022","GF05016785S","Illumina","ITS2"
"287","NEF_GloFung-its2_107_2022","GF05016784S","Illumina","ITS2"
"288","NEF_GloFung-its2_107_2022","GF05016783S","Illumina","ITS2"
"289","NEF_GloFung-its2_107_2022","GF05016782S","Illumina","ITS2"
"290","NEF_GloFung-its2_107_2022","GF05016781S","Illumina","ITS2"
"291","NEF_GloFung-its2_107_2022","GF05016780S","Illumina","ITS2"
"292","NEF_GloFung-its2_107_2022","GF05016779S","Illumina","ITS2"
"293","NEF_GloFung-its2_107_2022","GF05016778S","Illumina","ITS2"
"294","NEF_GloFung-its2_107_2022","GF05016777S","Illumina","ITS2"
"295","NEF_GloFung-its2_107_2022","GF05016776S","Illumina","ITS2"
"296","NEF_GloFung-its2_107_2022","GF05016775S","Illumina","ITS2"
"297","NEF_GloFung-its2_107_2022","GF05016774S","Illumina","ITS2"
"298","NEF_GloFung-its2_107_2022","GF05016773S","Illumina","ITS2"
"299","NEF_GloFung-its2_107_2022","GF05016772S","Illumina","ITS2"
"300","NEF_GloFung-its2_107_2022","GF05016771S","Illumina","ITS2"
"301","NEF_GloFung-its2_107_2022","GF05016770S","Illumina","ITS2"
"302","NEF_GloFung-its2_107_2022","GF05016769S","Illumina","ITS2"
"303","NEF_GloFung-its2_107_2022","GF05016768S","Illumina","ITS2"
"304","NEF_GloFung-its2_107_2022","GF05016767S","Illumina","ITS2"
"305","NEF_GloFung-its2_107_2022","GF05016766S","Illumina","ITS2"
"306","NEF_GloFung-its2_107_2022","GF05016765S","Illumina","ITS2"
"307","NEF_GloFung-its2_107_2022","GF05016764S","Illumina","ITS2"
"308","NEF_GloFung-its2_107_2022","GF05016763S","Illumina","ITS2"
"309","NEF_GloFung-its2_107_2022","GF05016762S","Illumina","ITS2"
"310","NEF_GloFung-its2_107_2022","GF05016761S","Illumina","ITS2"
"311","NEF_GloFung-its2_107_2022","GF05016760S","Illumina","ITS2"
"312","NEF_GloFung-its2_107_2022","GF05016759S","Illumina","ITS2"
"313","NEF_GloFung-its2_107_2022","GF05016758S","Illumina","ITS2"
"314","NEF_GloFung-its2_107_2022","GF05016757S","Illumina","ITS2"
"315","NEF_GloFung-its2_108_2021","GF05016050S","Illumina","ITS2"
"487","NEF_GloFung-its2_182_2021","GF05011325S","Illumina","ITS2"
"488","NEF_GloFung-its2_182_2021","GF05011322S","Illumina","ITS2"
"489","NEF_GloFung-its2_182_2021","GF05011321S","Illumina","ITS2"
"490","NEF_GloFung-its2_183_2020","GF05011154S","Illumina","ITS2"
"491","NEF_GloFung-its2_183_2020","GF05011153S","Illumina","ITS2"
"492","NEF_GloFung-its2_183_2020","GF05011152S","Illumina","ITS2"
"493","NEF_GloFung-its2_183_2020","GF05011151S","Illumina","ITS2"
"494","NEF_GloFung-its2_183_2020","GF05011150S","Illumina","ITS2"
"495","NEF_GloFung-its2_183_2020","GF05011149S","Illumina","ITS2"
"496","NEF_GloFung-its2_183_2020","GF05011148S","Illumina","ITS2"
"497","NEF_GloFung-its2_183_2020","GF05011147S","Illumina","ITS2"
"498","NEF_GloFung-its2_183_2020","GF05011146S","Illumina","ITS2"
"499","NEF_GloFung-its2_183_2020","GF05011145S","Illumina","ITS2"
"500","NEF_GloFung-its2_183_2020","GF05011144S","Illumina","ITS2"
"501","NEF_GloFung-its2_183_2020","GF05011143S","Illumina","ITS2"
"502","NEF_GloFung-its2_183_2020","GF05011142S","Illumina","ITS2"
"503","NEF_GloFung-its2_183_2020","GF05011141S","Illumina","ITS2"
"504","NEF_GloFung-its2_183_2020","GF05011140S","Illumina","ITS2"
"505","NEF_GloFung-its2_183_2020","GF05011139S","Illumina","ITS2"
"506","NEF_GloFung-its2_183_2020","GF05011138S","Illumina","ITS2"
"507","NEF_GloFung-its2_183_2020","GF05011137S","Illumina","ITS2"
"508","NEF_GloFung-its2_183_2020","GF05011136S","Illumina","ITS2"
"509","NEF_GloFung-its2_183_2020","GF05011135S","Illumina","ITS2"
"510","NEF_GloFung-its2_183_2020","GF05011134S","Illumina","ITS2"
"511","NEF_GloFung-its2_184_2020","GF05011091S","Illumina","ITS2"
"512","NEF_GloFung-its2_184_2020","GF05011090S","Illumina","ITS2"
"513","NEF_GloFung-its2_184_2020","GF05011089S","Illumina","ITS2"
"514","NEF_GloFung-its2_184_2020","GF05011088S","Illumina","ITS2"
"515","NEF_GloFung-its2_184_2020","GF05011087S","Illumina","ITS2"
"516","NEF_GloFung-its2_184_2020","GF05011086S","Illumina","ITS2"
"517","NEF_GloFung-its2_184_2020","GF05011085S","Illumina","ITS2"
"518","NEF_GloFung-its2_184_2020","GF05011084S","Illumina","ITS2"
"519","NEF_GloFung-its2_184_2020","GF05011083S","Illumina","ITS2"
"520","NEF_GloFung-its2_184_2020","GF05011082S","Illumina","ITS2"
"521","NEF_GloFung-its2_184_2020","GF05011081S","Illumina","ITS2"
"522","NEF_GloFung-its2_184_2020","GF05011080S","Illumina","ITS2"
"523","NEF_GloFung-its2_184_2020","GF05011079S","Illumina","ITS2"
"524","NEF_GloFung-its2_184_2020","GF05011078S","Illumina","ITS2"
"525","NEF_GloFung-its2_184_2020","GF05011077S","Illumina","ITS2"
"526","NEF_GloFung-its2_184_2020","GF05011076S","Illumina","ITS2"
"527","NEF_GloFung-its2_184_2020","GF05011075S","Illumina","ITS2"
"528","NEF_GloFung-its2_184_2020","GF05011074S","Illumina","ITS2"
"529","NEF_GloFung-its2_184_2020","GF05011073S","Illumina","ITS2"
"530","NEF_GloFung-its2_184_2020","GF05011072S","Illumina","ITS2"
"531","NEF_GloFung-its2_184_2020","GF05011071S","Illumina","ITS2"
"532","NEF_GloFung-its2_185_2021","GF05003613S","Illumina","ITS2"
"533","NEF_GloFung-its2_186_2021","GF05003612S","Illumina","ITS2"
"534","NEF_GloFung-its2_185_2021","GF05003611S","Illumina","ITS2"
"535","NEF_GloFung-its2_185_2021","GF05003610S","Illumina","ITS2"
"536","NEF_GloFung-its2_187_2021","GF05003609S","Illumina","ITS2"
"537","NEF_GloFung-its2_188_2021","GF05003608S","Illumina","ITS2"
"538","NEF_GloFung-its2_189_2021","GF05003607S","Illumina","ITS2"
"539","NEF_GloFung-its2_188_2021","GF05003606S","Illumina","ITS2"
"540","NEF_GloFung-its2_190_2021","GF05003605S","Illumina","ITS2"
"541","NEF_GloFung-its2_190_2021","GF05003604S","Illumina","ITS2"
"542","NEF_GloFung-its2_190_2021","GF05003603S","Illumina","ITS2"
"543","NEF_GloFung-its2_190_2021","GF05003602S","Illumina","ITS2"
"544","NEF_GloFung-its2_191_2021","GF05003601S","Illumina","ITS2"
"545","NEF_GloFung-its2_191_2021","GF05003600S","Illumina","ITS2"
"546","NEF_GloFung-its2_192_2021","GF05003599S","Illumina","ITS2"
"547","NEF_GloFung-its2_193_2021","GF05003598S","Illumina","ITS2"
"548","NEF_GloFung-its2_194_2021","GF05003597S","Illumina","ITS2"
"549","NEF_GloFung-its2_191_2021","GF05003596S","Illumina","ITS2"
"550","NEF_GloFung-its2_191_2021","GF05003595S","Illumina","ITS2"
"551","NEF_GloFung-its2_192_2021","GF05003594S","Illumina","ITS2"
"552","NEF_GloFung-its2_194_2021","GF05003593S","Illumina","ITS2"
"553","NEF_GloFung-its2_193_2021","GF05003592S","Illumina","ITS2"
"554","NEF_GloFung-its2_195_2021","GF05003591S","Illumina","ITS2"
"555","NEF_GloFung-its2_195_2021","GF05003590S","Illumina","ITS2"
"556","NEF_GloFung-its2_196_2021","GF05003589S","Illumina","ITS2"
"557","NEF_GloFung-its2_196_2021","GF05003588S","Illumina","ITS2"
"558","NEF_GloFung-its2_197_2021","GF05003587S","Illumina","ITS2"
"559","NEF_GloFung-its2_197_2021","GF05003586S","Illumina","ITS2"
"560","NEF_GloFung-its2_197_2021","GF05003585S","Illumina","ITS2"
"561","NEF_GloFung-its2_197_2021","GF05003584S","Illumina","ITS2"
"562","NEF_GloFung-its2_198_2021","GF05003583S","Illumina","ITS2"
"563","NEF_GloFung-its2_198_2021","GF05003582S","Illumina","ITS2"
"564","NEF_GloFung-its2_199_2021","GF05003581S","Illumina","ITS2"
"565","NEF_GloFung-its2_199_2021","GF05003580S","Illumina","ITS2"
"566","NEF_GloFung-its2_199_2021","GF05003579S","Illumina","ITS2"
"567","NEF_GloFung-its2_198_2021","GF05003578S","Illumina","ITS2"
"568","NEF_GloFung-its2_198_2021","GF05003577S","Illumina","ITS2"
"569","NEF_GloFung-its2_199_2021","GF05003576S","Illumina","ITS2"
"570","NEF_GloFung-its2_199_2021","GF05003575S","Illumina","ITS2"
"571","NEF_GloFung-its2_199_2021","GF05003574S","Illumina","ITS2"
"572","NEF_GloFung-its2_200_2021","GF05003573S","Illumina","ITS2"
"573","NEF_GloFung-its2_200_2021","GF05003572S","Illumina","ITS2"
"574","NEF_GloFung-its2_200_2021","GF05003571S","Illumina","ITS2"
"575","NEF_GloFung-its2_200_2021","GF05003570S","Illumina","ITS2"
"1390","NEF_GloFung-its2_650_2021","GF04001294S","Illumina","ITS2"
"1391","NEF_GloFung-its2_651_2021","GF04001293S","Illumina","ITS2"
"1392","NEF_GloFung-its2_652_2021","GF04001292S","Illumina","ITS2"
"1402","NEF_GloFung-its2_654_2019","GF03008839S","Illumina","ITS2"
"1403","NEF_GloFung-its2_654_2019","GF03008836S","Illumina","ITS2"
"1404","NEF_GloFung-its2_654_2019","GF03008833S","Illumina","ITS2"
"14051","NEF_GloFung-its2_655_2019","GF03008832S","Illumina","ITS2"
"14061","NEF_GloFung-its2_654_2019","GF03008831S","Illumina","ITS2"
"14161","NEF_GloFung-its2_659_2019","GF03006842S","Illumina","ITS2"
"14171","NEF_GloFung-its2_659_2019","GF03006841S","Illumina","ITS2"
"14181","NEF_GloFung-its2_659_2019","GF03006840S","Illumina","ITS2"
"14191","NEF_GloFung-its2_659_2019","GF03006839S","Illumina","ITS2"
"14201","NEF_GloFung-its2_659_2019","GF03006838S","Illumina","ITS2"
"14211","NEF_GloFung-its2_659_2019","GF03006837S","Illumina","ITS2"
"14221","NEF_GloFung-its2_659_2019","GF03006836S","Illumina","ITS2"
"14231","NEF_GloFung-its2_659_2019","GF03006835S","Illumina","ITS2"
"14241","NEF_GloFung-its2_659_2019","GF03006834S","Illumina","ITS2"
"14251","NEF_GloFung-its2_659_2019","GF03006833S","Illumina","ITS2"
"14261","NEF_GloFung-its2_659_2019","GF03006832S","Illumina","ITS2"
"14271","NEF_GloFung-its2_659_2019","GF03006831S","Illumina","ITS2"
"14281","NEF_GloFung-its2_659_2019","GF03006830S","Illumina","ITS2"
"14291","NEF_GloFung-its2_659_2019","GF03006829S","Illumina","ITS2"
"14301","NEF_GloFung-its2_659_2019","GF03006828S","Illumina","ITS2"
"14311","NEF_GloFung-its2_659_2019","GF03006827S","Illumina","ITS2"
"14321","NEF_GloFung-its2_659_2019","GF03006826S","Illumina","ITS2"
"14331","NEF_GloFung-its2_659_2019","GF03006825S","Illumina","ITS2"
"14341","NEF_GloFung-its2_660_2019","GF03005834S","Illumina","ITS2"
"14351","NEF_GloFung-its2_661_2019","GF03005833S","Illumina","ITS2"
"14361","NEF_GloFung-its2_661_2019","GF03005832S","Illumina","ITS2"
"14371","NEF_GloFung-its2_661_2019","GF03005831S","Illumina","ITS2"
"14381","NEF_GloFung-its2_662_2019","GF03005830S","Illumina","ITS2"
"14391","NEF_GloFung-its2_660_2019","GF03005829S","Illumina","ITS2"
"14401","NEF_GloFung-its2_660_2019","GF03005828S","Illumina","ITS2"
"14411","NEF_GloFung-its2_660_2019","GF03005827S","Illumina","ITS2"
"14421","NEF_GloFung-its2_661_2019","GF03005826S","Illumina","ITS2"
"14431","NEF_GloFung-its2_660_2019","GF03005825S","Illumina","ITS2"
"14441","NEF_GloFung-its2_660_2019","GF03005824S","Illumina","ITS2"
"14451","NEF_GloFung-its2_662_2019","GF03005823S","Illumina","ITS2"
"14461","NEF_GloFung-its2_662_2019","GF03005822S","Illumina","ITS2"
"14471","NEF_GloFung-its2_661_2019","GF03005821S","Illumina","ITS2"
"14481","NEF_GloFung-its2_662_2019","GF03005820S","Illumina","ITS2"
"14491","NEF_GloFung-its2_661_2019","GF03005819S","Illumina","ITS2"
"14501","NEF_GloFung-its2_660_2019","GF03005818S","Illumina","ITS2"
"14511","NEF_GloFung-its2_663_2019","GF03005817S","Illumina","ITS2"
"14521","NEF_GloFung-its2_663_2019","GF03005816S","Illumina","ITS2"
"14531","NEF_GloFung-its2_660_2019","GF03005815S","Illumina","ITS2"
"14541","NEF_GloFung-its2_661_2019","GF03005814S","Illumina","ITS2"
"14551","NEF_GloFung-its2_660_2019","GF03005813S","Illumina","ITS2"
"14561","NEF_GloFung-its2_662_2019","GF03005812S","Illumina","ITS2"
"14571","NEF_GloFung-its2_661_2019","GF03005811S","Illumina","ITS2"
"14581","NEF_GloFung-its2_663_2019","GF03005810S","Illumina","ITS2"
"14591","NEF_GloFung-its2_662_2019","GF03005809S","Illumina","ITS2"
"14601","NEF_GloFung-its2_662_2019","GF03005808S","Illumina","ITS2"
"14611","NEF_GloFung-its2_662_2019","GF03005807S","Illumina","ITS2"
"14621","NEF_GloFung-its2_662_2019","GF03005806S","Illumina","ITS2"
"14631","NEF_GloFung-its2_663_2019","GF03005805S","Illumina","ITS2"
"14641","NEF_GloFung-its2_662_2019","GF03005804S","Illumina","ITS2"
"14651","NEF_GloFung-its2_660_2019","GF03005803S","Illumina","ITS2"
"14661","NEF_GloFung-its2_663_2019","GF03005802S","Illumina","ITS2"
"14671","NEF_GloFung-its2_663_2019","GF03005801S","Illumina","ITS2"
"14681","NEF_GloFung-its2_663_2019","GF03005800S","Illumina","ITS2"
"14691","NEF_GloFung-its2_663_2019","GF03005799S","Illumina","ITS2"
"14701","NEF_GloFung-its2_663_2019","GF03005798S","Illumina","ITS2"
"14711","NEF_GloFung-its2_663_2019","GF03005797S","Illumina","ITS2"
"14721","NEF_GloFung-its2_661_2019","GF03005796S","Illumina","ITS2"
"14731","NEF_GloFung-its2_663_2019","GF03005795S","Illumina","ITS2"
"14741","NEF_GloFung-its2_661_2019","GF03005794S","Illumina","ITS2"
"14751","NEF_GloFung-its2_662_2019","GF03005793S","Illumina","ITS2"
"14761","NEF_GloFung-its2_662_2019","GF03005792S","Illumina","ITS2"
"14771","NEF_GloFung-its2_662_2019","GF03005791S","Illumina","ITS2"
"14781","NEF_GloFung-its2_661_2019","GF03005790S","Illumina","ITS2"
"14791","NEF_GloFung-its2_660_2019","GF03005789S","Illumina","ITS2"
"14801","NEF_GloFung-its2_662_2019","GF03005788S","Illumina","ITS2"
"14811","NEF_GloFung-its2_662_2019","GF03005787S","Illumina","ITS2"
"14821","NEF_GloFung-its2_663_2019","GF03005786S","Illumina","ITS2"
"14831","NEF_GloFung-its2_662_2019","GF03005785S","Illumina","ITS2"
"14841","NEF_GloFung-its2_663_2019","GF03005784S","Illumina","ITS2"
"14851","NEF_GloFung-its2_663_2019","GF03005783S","Illumina","ITS2"
"14861","NEF_GloFung-its2_663_2019","GF03005782S","Illumina","ITS2"
"14871","NEF_GloFung-its2_660_2019","GF03005781S","Illumina","ITS2"
"14881","NEF_GloFung-its2_661_2019","GF03005780S","Illumina","ITS2"
"14891","NEF_GloFung-its2_663_2019","GF03005779S","Illumina","ITS2"
"14901","NEF_GloFung-its2_660_2019","GF03005778S","Illumina","ITS2"
"14911","NEF_GloFung-its2_660_2019","GF03005777S","Illumina","ITS2"
"14921","NEF_GloFung-its2_660_2019","GF03005776S","Illumina","ITS2"
"14931","NEF_GloFung-its2_663_2019","GF03005775S","Illumina","ITS2"
"14941","NEF_GloFung-its2_662_2019","GF03005774S","Illumina","ITS2"
"14951","NEF_GloFung-its2_663_2019","GF03005773S","Illumina","ITS2"
"14961","NEF_GloFung-its2_661_2019","GF03005772S","Illumina","ITS2"
"14971","NEF_GloFung-its2_663_2019","GF03005771S","Illumina","ITS2"
"14981","NEF_GloFung-its2_662_2019","GF03005770S","Illumina","ITS2"
"14991","NEF_GloFung-its2_660_2019","GF03005769S","Illumina","ITS2"
"15001","NEF_GloFung-its2_660_2019","GF03005768S","Illumina","ITS2"
"15011","NEF_GloFung-its2_661_2019","GF03005767S","Illumina","ITS2"
"15021","NEF_GloFung-its2_663_2019","GF03005766S","Illumina","ITS2"
"15031","NEF_GloFung-its2_661_2019","GF03005765S","Illumina","ITS2"
"15041","NEF_GloFung-its2_661_2019","GF03005764S","Illumina","ITS2"
"15051","NEF_GloFung-its2_663_2019","GF03005763S","Illumina","ITS2"
"15061","NEF_GloFung-its2_662_2019","GF03005762S","Illumina","ITS2"
"15071","NEF_GloFung-its2_660_2019","GF03005761S","Illumina","ITS2"
"15081","NEF_GloFung-its2_660_2019","GF03005760S","Illumina","ITS2"
"15091","NEF_GloFung-its2_661_2019","GF03005759S","Illumina","ITS2"
"15101","NEF_GloFung-its2_662_2019","GF03005758S","Illumina","ITS2"
"15111","NEF_GloFung-its2_660_2019","GF03005757S","Illumina","ITS2"
"15121","NEF_GloFung-its2_662_2019","GF03005756S","Illumina","ITS2"
"15131","NEF_GloFung-its2_660_2019","GF03005755S","Illumina","ITS2"
"15141","NEF_GloFung-its2_661_2019","GF03005754S","Illumina","ITS2"
"15151","NEF_GloFung-its2_661_2019","GF03005753S","Illumina","ITS2"
"15161","NEF_GloFung-its2_662_2019","GF03005752S","Illumina","ITS2"
"15371","NEF_GloFung-its2_672_2019","GF02000516S","Illumina","ITS2"
"15421","NEF_GloFung-its2_677_2019","GF02000463S","Illumina","ITS2"
"15431","NEF_GloFung-its2_678_2019","GF02000454S","Illumina","ITS2"
"15451","NEF_GloFung-its2_680_2019","GF02000422S","Illumina","ITS2"
"15461","NEF_GloFung-its2_681_2019","GF02000419S","Illumina","ITS2"
"15841","NEF_GloFung-its2_686_2017","GF01018360S","IonTorrent","ITS2"
"15851","NEF_GloFung-its2_687_2017","GF01018359S","IonTorrent","ITS2"
"15861","NEF_GloFung-its2_688_2017","GF01018358S","IonTorrent","ITS2"
"15871","NEF_GloFung-its2_689_2017","GF01018357S","IonTorrent","ITS2"
"15881","NEF_GloFung-its2_690_2017","GF01018356S","IonTorrent","ITS2"
"15891","NEF_GloFung-its2_691_2017","GF01018355S","IonTorrent","ITS2"
"15901","NEF_GloFung-its2_692_2017","GF01018354S","IonTorrent","ITS2"
"15911","NEF_GloFung-its2_693_2017","GF01018353S","IonTorrent","ITS2"
"15921","NEF_GloFung-its2_694_2017","GF01018352S","IonTorrent","ITS2"
"15931","NEF_GloFung-its2_695_2017","GF01018351S","IonTorrent","ITS2"
"15941","NEF_GloFung-its2_696_2017","GF01018350S","IonTorrent","ITS2"
"15951","NEF_GloFung-its2_697_2017","GF01018349S","IonTorrent","ITS2"
"15961","NEF_GloFung-its2_698_2017","GF01018348S","IonTorrent","ITS2"
"15971","NEF_GloFung-its2_699_2017","GF01018347S","IonTorrent","ITS2"
"15981","NEF_GloFung-its2_700_2017","GF01018346S","IonTorrent","ITS2"
"15991","NEF_GloFung-its2_701_2017","GF01018345S","IonTorrent","ITS2"
"16001","NEF_GloFung-its2_702_2017","GF01018344S","IonTorrent","ITS2"
"16011","NEF_GloFung-its2_703_2017","GF01018343S","IonTorrent","ITS2"
"16021","NEF_GloFung-its2_704_2017","GF01018342S","IonTorrent","ITS2"
"16031","NEF_GloFung-its2_705_2017","GF01018341S","IonTorrent","ITS2"
"16041","NEF_GloFung-its2_706_2017","GF01018340S","IonTorrent","ITS2"
"16051","NEF_GloFung-its2_707_2017","GF01018339S","IonTorrent","ITS2"
"16061","NEF_GloFung-its2_160_2017","GF01018338S","IonTorrent","ITS2"
"16071","NEF_GloFung-its2_708_2017","GF01018337S","IonTorrent","ITS2"
"16081","NEF_GloFung-its2_709_2016","GF01017000S","IonTorrent","ITS2"
"16091","NEF_GloFung-its2_710_2016","GF01016999S","IonTorrent","ITS2"
"16101","NEF_GloFung-its2_711_2016","GF01016998S","IonTorrent","ITS2"
"16111","NEF_GloFung-its2_712_2016","GF01016997S","IonTorrent","ITS2"
"16121","NEF_GloFung-its2_713_2016","GF01016996S","IonTorrent","ITS2"
"16131","NEF_GloFung-its2_714_2016","GF01016995S","IonTorrent","ITS2"
"16141","NEF_GloFung-its2_715_2016","GF01016994S","IonTorrent","ITS2"
"16151","NEF_GloFung-its2_716_2016","GF01016993S","IonTorrent","ITS2"
"16161","NEF_GloFung-its2_717_2016","GF01016992S","IonTorrent","ITS2"
"16171","NEF_GloFung-its2_718_2016","GF01016991S","IonTorrent","ITS2"
"16181","NEF_GloFung-its2_719_2016","GF01016990S","IonTorrent","ITS2"
"16191","NEF_GloFung-its2_720_2016","GF01016989S","IonTorrent","ITS2"
"16201","NEF_GloFung-its2_721_2016","GF01016988S","IonTorrent","ITS2"
"16211","NEF_GloFung-its2_722_2016","GF01016987S","IonTorrent","ITS2"
"16221","NEF_GloFung-its2_723_2016","GF01016986S","IonTorrent","ITS2"
"16231","NEF_GloFung-its2_724_2016","GF01016985S","IonTorrent","ITS2"
"16241","NEF_GloFung-its2_725_2016","GF01016984S","IonTorrent","ITS2"
"16251","NEF_GloFung-its2_726_2016","GF01016983S","IonTorrent","ITS2"
"16261","NEF_GloFung-its2_727_2016","GF01016982S","IonTorrent","ITS2"
"16271","NEF_GloFung-its2_728_2016","GF01016981S","IonTorrent","ITS2"
"16281","NEF_GloFung-its2_729_2016","GF01016980S","IonTorrent","ITS2"
"17401","NEF_GloFung-its2_175_2014","GF01014841S","454Roche","ITS2"
"17411","NEF_GloFung-its2_731_2014","GF01014840S","454Roche","ITS2"
"17441","NEF_GloFung-its2_733_2014","GF01014810S","454Roche","ITS2"
"17451","NEF_GloFung-its2_734_2014","GF01014808S","454Roche","ITS2"
"17471","NEF_GloFung-its2_177_2014","GF01014796S","454Roche","ITS2"
"17501","NEF_GloFung-its2_737_2014","GF01014788S","454Roche","ITS2"
"17521","NEF_GloFung-its2_739_2014","GF01014786S","454Roche","ITS2"
"17531","NEF_GloFung-its2_740_2014","GF01014779S","454Roche","ITS2"
"17541","NEF_GloFung-its2_741_2014","GF01014774S","454Roche","ITS2"
"17551","NEF_GloFung-its2_737_2014","GF01014771S","454Roche","ITS2"
"17571","NEF_GloFung-its2_743_2014","GF01014764S","454Roche","ITS2"
"17591","NEF_GloFung-its2_745_2014","GF01014746S","454Roche","ITS2"
"17601","NEF_GloFung-its2_746_2014","GF01014745S","454Roche","ITS2"
"17611","NEF_GloFung-its2_747_2014","GF01014732S","454Roche","ITS2"
"17621","NEF_GloFung-its2_748_2014","GF01014731S","454Roche","ITS2"
"17631","NEF_GloFung-its2_158_2014","GF01014730S","454Roche","ITS2"
"17651","NEF_GloFung-its2_749_2014","GF01014722S","454Roche","ITS2"
"17661","NEF_GloFung-its2_746_2014","GF01014714S","454Roche","ITS2"
"17671","NEF_GloFung-its2_750_2014","GF01014706S","454Roche","ITS2"
"17711","NEF_GloFung-its2_753_2014","GF01014680S","454Roche","ITS2"
"17721","NEF_GloFung-its2_284_2014","GF01014676S","454Roche","ITS2"
"17731","NEF_GloFung-its2_754_2014","GF01014665S","454Roche","ITS2"
"17761","NEF_GloFung-its2_756_2014","GF01014640S","454Roche","ITS2"
"17771","NEF_GloFung-its2_757_2014","GF01014636S","454Roche","ITS2"
"17781","NEF_GloFung-its2_758_2014","GF01014627S","454Roche","ITS2"
"17801","NEF_GloFung-its2_149_2014","GF01014619S","454Roche","ITS2"
"17821","NEF_GloFung-its2_761_2014","GF01014603S","454Roche","ITS2"
"17831","NEF_GloFung-its2_762_2014","GF01014602S","454Roche","ITS2"
"17841","NEF_GloFung-its2_763_2014","GF01014596S","454Roche","ITS2"
"17851","NEF_GloFung-its2_119_2014","GF01014588S","454Roche","ITS2"
"17861","NEF_GloFung-its2_764_2014","GF01014587S","454Roche","ITS2"
"17871","NEF_GloFung-its2_176_2014","GF01014585S","454Roche","ITS2"
"17901","NEF_GloFung-its2_767_2014","GF01014577S","454Roche","ITS2"
"17911","NEF_GloFung-its2_768_2014","GF01014575S","454Roche","ITS2"
"17931","NEF_GloFung-its2_770_2014","GF01014569S","454Roche","ITS2"
"17941","NEF_GloFung-its2_771_2014","GF01014568S","454Roche","ITS2"
"17951","NEF_GloFung-its2_772_2014","GF01014558S","454Roche","ITS2"
"17961","NEF_GloFung-its2_773_2014","GF01014557S","454Roche","ITS2"
"17971","NEF_GloFung-its2_774_2014","GF01014556S","454Roche","ITS2"
"18011","NEF_GloFung-its2_155_2014","GF01014545S","454Roche","ITS2"
"18021","NEF_GloFung-its2_120_2014","GF01014541S","454Roche","ITS2"
"18041","NEF_GloFung-its2_777_2014","GF01014528S","454Roche","ITS2"
"18051","NEF_GloFung-its2_336_2014","GF01014522S","454Roche","ITS2"
"18061","NEF_GloFung-its2_778_2014","GF01014516S","454Roche","ITS2"
"18111","NEF_GloFung-its2_783_2014","GF01014485S","454Roche","ITS2"
"18631","NEF_GloFung-its2_786_2017","GF01013586S","454Roche","ITS2"
"18641","NEF_GloFung-its2_786_2017","GF01013577S","454Roche","ITS2"
"18651","NEF_GloFung-its2_786_2017","GF01013573S","454Roche","ITS2"
"18661","NEF_GloFung-its2_786_2017","GF01013566S","454Roche","ITS2"
"18671","NEF_GloFung-its2_786_2017","GF01013564S","454Roche","ITS2"
"18681","NEF_GloFung-its2_786_2017","GF01013561S","454Roche","ITS2"
"18691","NEF_GloFung-its2_786_2017","GF01013552S","454Roche","ITS2"
"18701","NEF_GloFung-its2_786_2017","GF01013551S","454Roche","ITS2"
"18711","NEF_GloFung-its2_786_2017","GF01013547S","454Roche","ITS2"
"18721","NEF_GloFung-its2_786_2017","GF01013545S","454Roche","ITS2"
"18731","NEF_GloFung-its2_786_2017","GF01013544S","454Roche","ITS2"
"18741","NEF_GloFung-its2_786_2017","GF01013543S","454Roche","ITS2"
"18751","NEF_GloFung-its2_786_2017","GF01013541S","454Roche","ITS2"
"18761","NEF_GloFung-its2_786_2017","GF01013537S","454Roche","ITS2"
"18771","NEF_GloFung-its2_786_2017","GF01013534S","454Roche","ITS2"
"18781","NEF_GloFung-its2_786_2017","GF01013531S","454Roche","ITS2"
"18791","NEF_GloFung-its2_786_2017","GF01013527S","454Roche","ITS2"
"18801","NEF_GloFung-its2_786_2017","GF01013523S","454Roche","ITS2"
"18811","NEF_GloFung-its2_786_2017","GF01013521S","454Roche","ITS2"
"18821","NEF_GloFung-its2_786_2017","GF01013519S","454Roche","ITS2"
"18831","NEF_GloFung-its2_786_2017","GF01013514S","454Roche","ITS2"
"18841","NEF_GloFung-its2_786_2017","GF01013513S","454Roche","ITS2"
"18851","NEF_GloFung-its2_786_2017","GF01013512S","454Roche","ITS2"
"18861","NEF_GloFung-its2_786_2017","GF01013511S","454Roche","ITS2"
"18871","NEF_GloFung-its2_786_2017","GF01013508S","454Roche","ITS2"
"20091","NEF_GloFung-its2_788_2013","GF01009647S","454Roche","ITS2"
"20101","NEF_GloFung-its2_789_2013","GF01009646S","454Roche","ITS2"
"20111","NEF_GloFung-its2_789_2013","GF01009644S","454Roche","ITS2"
"20121","NEF_GloFung-its2_790_2013","GF01009643S","454Roche","ITS2"
"20131","NEF_GloFung-its2_791_2013","GF01009642S","454Roche","ITS2"
"20141","NEF_GloFung-its2_788_2013","GF01009640S","454Roche","ITS2"
"20151","NEF_GloFung-its2_789_2013","GF01009639S","454Roche","ITS2"
"20161","NEF_GloFung-its2_792_2013","GF01009638S","454Roche","ITS2"
"20171","NEF_GloFung-its2_789_2013","GF01009636S","454Roche","ITS2"
"20181","NEF_GloFung-its2_789_2013","GF01009635S","454Roche","ITS2"
"20191","NEF_GloFung-its2_792_2013","GF01009634S","454Roche","ITS2"
"20201","NEF_GloFung-its2_789_2013","GF01009633S","454Roche","ITS2"
"20211","NEF_GloFung-its2_793_2013","GF01009632S","454Roche","ITS2"
"20221","NEF_GloFung-its2_791_2013","GF01009631S","454Roche","ITS2"
"20231","NEF_GloFung-its2_792_2013","GF01009630S","454Roche","ITS2"
"20241","NEF_GloFung-its2_790_2013","GF01009629S","454Roche","ITS2"
"20251","NEF_GloFung-its2_788_2013","GF01009628S","454Roche","ITS2"
"20261","NEF_GloFung-its2_789_2013","GF01009627S","454Roche","ITS2"
"20271","NEF_GloFung-its2_793_2013","GF01009626S","454Roche","ITS2"
"20281","NEF_GloFung-its2_788_2013","GF01009625S","454Roche","ITS2"
"20291","NEF_GloFung-its2_791_2013","GF01009624S","454Roche","ITS2"
"20301","NEF_GloFung-its2_794_2013","GF01009623S","454Roche","ITS2"
"20311","NEF_GloFung-its2_792_2013","GF01009622S","454Roche","ITS2"
"20321","NEF_GloFung-its2_791_2013","GF01009621S","454Roche","ITS2"
"20331","NEF_GloFung-its2_794_2013","GF01009620S","454Roche","ITS2"
"20341","NEF_GloFung-its2_788_2013","GF01009619S","454Roche","ITS2"
"20351","NEF_GloFung-its2_793_2013","GF01009618S","454Roche","ITS2"
"20361","NEF_GloFung-its2_788_2013","GF01009617S","454Roche","ITS2"
"20371","NEF_GloFung-its2_794_2013","GF01009616S","454Roche","ITS2"
"20381","NEF_GloFung-its2_793_2013","GF01009615S","454Roche","ITS2"
"20391","NEF_GloFung-its2_793_2013","GF01009614S","454Roche","ITS2"
"20401","NEF_GloFung-its2_789_2013","GF01009613S","454Roche","ITS2"
"20411","NEF_GloFung-its2_794_2013","GF01009612S","454Roche","ITS2"
"20421","NEF_GloFung-its2_792_2013","GF01009611S","454Roche","ITS2"
"20431","NEF_GloFung-its2_790_2013","GF01009610S","454Roche","ITS2"
"20441","NEF_GloFung-its2_790_2013","GF01009609S","454Roche","ITS2"
"20451","NEF_GloFung-its2_791_2013","GF01009608S","454Roche","ITS2"
"20461","NEF_GloFung-its2_792_2013","GF01009607S","454Roche","ITS2"
"20471","NEF_GloFung-its2_794_2013","GF01009606S","454Roche","ITS2"
"20481","NEF_GloFung-its2_794_2013","GF01009605S","454Roche","ITS2"
"20491","NEF_GloFung-its2_790_2013","GF01009604S","454Roche","ITS2"
"20501","NEF_GloFung-its2_793_2013","GF01009603S","454Roche","ITS2"
"20511","NEF_GloFung-its2_791_2013","GF01009602S","454Roche","ITS2"
"20521","NEF_GloFung-its2_788_2013","GF01009601S","454Roche","ITS2"
"20531","NEF_GloFung-its2_789_2013","GF01009600S","454Roche","ITS2"
"20541","NEF_GloFung-its2_788_2013","GF01009599S","454Roche","ITS2"
"20551","NEF_GloFung-its2_793_2013","GF01009598S","454Roche","ITS2"
"20561","NEF_GloFung-its2_793_2013","GF01009597S","454Roche","ITS2"
"20571","NEF_GloFung-its2_790_2013","GF01009596S","454Roche","ITS2"
"20581","NEF_GloFung-its2_794_2013","GF01009595S","454Roche","ITS2"
"20591","NEF_GloFung-its2_793_2013","GF01009594S","454Roche","ITS2"
"20601","NEF_GloFung-its2_793_2013","GF01009593S","454Roche","ITS2"
"20611","NEF_GloFung-its2_791_2013","GF01009592S","454Roche","ITS2"
"20621","NEF_GloFung-its2_788_2013","GF01009591S","454Roche","ITS2"
"20631","NEF_GloFung-its2_792_2013","GF01009590S","454Roche","ITS2"
"20641","NEF_GloFung-its2_788_2013","GF01009589S","454Roche","ITS2"
"2083","NEF_GloFung-its2_796_2017","GF01006197S","IonTorrent","ITS2"
"2084","NEF_GloFung-its2_797_2017","GF01006196S","IonTorrent","ITS2"
"2085","NEF_GloFung-its2_796_2017","GF01006195S","IonTorrent","ITS2"
"2086","NEF_GloFung-its2_798_2017","GF01006194S","IonTorrent","ITS2"
"2087","NEF_GloFung-its2_799_2017","GF01006193S","IonTorrent","ITS2"
"2088","NEF_GloFung-its2_800_2017","GF01006192S","IonTorrent","ITS2"
"2089","NEF_GloFung-its2_801_2017","GF01006191S","IonTorrent","ITS2"
"2090","NEF_GloFung-its2_796_2017","GF01006190S","IonTorrent","ITS2"
"2091","NEF_GloFung-its2_798_2017","GF01006189S","IonTorrent","ITS2"
"2092","NEF_GloFung-its2_802_2017","GF01006188S","IonTorrent","ITS2"
"2093","NEF_GloFung-its2_803_2017","GF01006187S","IonTorrent","ITS2"
"2094","NEF_GloFung-its2_796_2017","GF01006186S","IonTorrent","ITS2"
"2095","NEF_GloFung-its2_804_2017","GF01006185S","IonTorrent","ITS2"
"2096","NEF_GloFung-its2_802_2017","GF01006184S","IonTorrent","ITS2"
"2097","NEF_GloFung-its2_805_2017","GF01006183S","IonTorrent","ITS2"
"2098","NEF_GloFung-its2_796_2017","GF01006182S","IonTorrent","ITS2"
"2099","NEF_GloFung-its2_806_2017","GF01006181S","IonTorrent","ITS2"
"2100","NEF_GloFung-its2_798_2017","GF01006180S","IonTorrent","ITS2"
"2101","NEF_GloFung-its2_798_2017","GF01006179S","IonTorrent","ITS2"
"2102","NEF_GloFung-its2_800_2017","GF01006178S","IonTorrent","ITS2"
"2103","NEF_GloFung-its2_799_2017","GF01006177S","IonTorrent","ITS2"
"2104","NEF_GloFung-its2_800_2017","GF01006176S","IonTorrent","ITS2"
"2105","NEF_GloFung-its2_807_2017","GF01006175S","IonTorrent","ITS2"
"2106","NEF_GloFung-its2_797_2017","GF01006174S","IonTorrent","ITS2"
"2107","NEF_GloFung-its2_808_2017","GF01006173S","IonTorrent","ITS2"
"2108","NEF_GloFung-its2_800_2017","GF01006172S","IonTorrent","ITS2"
"2109","NEF_GloFung-its2_803_2017","GF01006171S","IonTorrent","ITS2"
"2110","NEF_GloFung-its2_805_2017","GF01006170S","IonTorrent","ITS2"
"2111","NEF_GloFung-its2_800_2017","GF01006169S","IonTorrent","ITS2"
"2112","NEF_GloFung-its2_799_2017","GF01006168S","IonTorrent","ITS2"
"2113","NEF_GloFung-its2_809_2017","GF01006167S","IonTorrent","ITS2"
"2114","NEF_GloFung-its2_796_2017","GF01006166S","IonTorrent","ITS2"
"2115","NEF_GloFung-its2_799_2017","GF01006165S","IonTorrent","ITS2"
"2116","NEF_GloFung-its2_799_2017","GF01006164S","IonTorrent","ITS2"
"2117","NEF_GloFung-its2_809_2017","GF01006163S","IonTorrent","ITS2"
"2118","NEF_GloFung-its2_808_2017","GF01006162S","IonTorrent","ITS2"
"2119","NEF_GloFung-its2_800_2017","GF01006161S","IonTorrent","ITS2"
"2120","NEF_GloFung-its2_810_2017","GF01006160S","IonTorrent","ITS2"
"2121","NEF_GloFung-its2_801_2017","GF01006159S","IonTorrent","ITS2"
"2122","NEF_GloFung-its2_800_2017","GF01006158S","IonTorrent","ITS2"
"2123","NEF_GloFung-its2_800_2017","GF01006157S","IonTorrent","ITS2"
"2124","NEF_GloFung-its2_803_2017","GF01006156S","IonTorrent","ITS2"
"2125","NEF_GloFung-its2_801_2017","GF01006155S","IonTorrent","ITS2"
"2126","NEF_GloFung-its2_801_2017","GF01006154S","IonTorrent","ITS2"
"2127","NEF_GloFung-its2_801_2017","GF01006153S","IonTorrent","ITS2"
"2128","NEF_GloFung-its2_801_2017","GF01006152S","IonTorrent","ITS2"
"2129","NEF_GloFung-its2_801_2017","GF01006151S","IonTorrent","ITS2"
"2130","NEF_GloFung-its2_801_2017","GF01006150S","IonTorrent","ITS2"
"2131","NEF_GloFung-its2_798_2017","GF01006149S","IonTorrent","ITS2"
"2132","NEF_GloFung-its2_801_2017","GF01006148S","IonTorrent","ITS2"
"2133","NEF_GloFung-its2_798_2017","GF01006147S","IonTorrent","ITS2"
"2134","NEF_GloFung-its2_803_2017","GF01006146S","IonTorrent","ITS2"
"2135","NEF_GloFung-its2_803_2017","GF01006145S","IonTorrent","ITS2"
"2136","NEF_GloFung-its2_803_2017","GF01006144S","IonTorrent","ITS2"
"2137","NEF_GloFung-its2_807_2017","GF01006143S","IonTorrent","ITS2"
"2138","NEF_GloFung-its2_801_2017","GF01006142S","IonTorrent","ITS2"
"2139","NEF_GloFung-its2_811_2017","GF01006141S","IonTorrent","ITS2"
"2140","NEF_GloFung-its2_811_2017","GF01006140S","IonTorrent","ITS2"
"2141","NEF_GloFung-its2_796_2017","GF01006139S","IonTorrent","ITS2"
"2142","NEF_GloFung-its2_812_2017","GF01006138S","IonTorrent","ITS2"
"2143","NEF_GloFung-its2_808_2017","GF01006137S","IonTorrent","ITS2"
"2144","NEF_GloFung-its2_803_2017","GF01006136S","IonTorrent","ITS2"
"2145","NEF_GloFung-its2_803_2017","GF01006135S","IonTorrent","ITS2"
"2146","NEF_GloFung-its2_808_2017","GF01006134S","IonTorrent","ITS2"
"2147","NEF_GloFung-its2_813_2017","GF01006133S","IonTorrent","ITS2"
"2148","NEF_GloFung-its2_798_2017","GF01006132S","IonTorrent","ITS2"
"2149","NEF_GloFung-its2_805_2017","GF01006131S","IonTorrent","ITS2"
"2150","NEF_GloFung-its2_803_2017","GF01006130S","IonTorrent","ITS2"
"2151","NEF_GloFung-its2_803_2017","GF01006129S","IonTorrent","ITS2"
"2152","NEF_GloFung-its2_813_2017","GF01006128S","IonTorrent","ITS2"
"2153","NEF_GloFung-its2_807_2017","GF01006127S","IonTorrent","ITS2"
"2154","NEF_GloFung-its2_808_2017","GF01006126S","IonTorrent","ITS2"
"2155","NEF_GloFung-its2_805_2017","GF01006125S","IonTorrent","ITS2"
"2156","NEF_GloFung-its2_813_2017","GF01006124S","IonTorrent","ITS2"
"2157","NEF_GloFung-its2_803_2017","GF01006123S","IonTorrent","ITS2"
"2158","NEF_GloFung-its2_805_2017","GF01006122S","IonTorrent","ITS2"
"2159","NEF_GloFung-its2_813_2017","GF01006121S","IonTorrent","ITS2"
"2160","NEF_GloFung-its2_806_2017","GF01006120S","IonTorrent","ITS2"
"2161","NEF_GloFung-its2_800_2017","GF01006119S","IonTorrent","ITS2"
"2162","NEF_GloFung-its2_801_2017","GF01006118S","IonTorrent","ITS2"
"2163","NEF_GloFung-its2_796_2017","GF01006117S","IonTorrent","ITS2"
"2164","NEF_GloFung-its2_813_2017","GF01006116S","IonTorrent","ITS2"
"2165","NEF_GloFung-its2_811_2017","GF01006115S","IonTorrent","ITS2"
"2166","NEF_GloFung-its2_803_2017","GF01006114S","IonTorrent","ITS2"
"2167","NEF_GloFung-its2_809_2017","GF01006113S","IonTorrent","ITS2"
"2168","NEF_GloFung-its2_807_2017","GF01006112S","IonTorrent","ITS2"
"2169","NEF_GloFung-its2_802_2017","GF01006111S","IonTorrent","ITS2"
"2170","NEF_GloFung-its2_796_2017","GF01006110S","IonTorrent","ITS2"
"2171","NEF_GloFung-its2_811_2017","GF01006109S","IonTorrent","ITS2"
"2172","NEF_GloFung-its2_813_2017","GF01006108S","IonTorrent","ITS2"
"2173","NEF_GloFung-its2_801_2017","GF01006107S","IonTorrent","ITS2"
"2174","NEF_GloFung-its2_798_2017","GF01006106S","IonTorrent","ITS2"
"2175","NEF_GloFung-its2_798_2017","GF01006105S","IonTorrent","ITS2"
"2176","NEF_GloFung-its2_804_2017","GF01006104S","IonTorrent","ITS2"
"2177","NEF_GloFung-its2_801_2017","GF01006103S","IonTorrent","ITS2"
"2178","NEF_GloFung-its2_801_2017","GF01006102S","IonTorrent","ITS2"
"2179","NEF_GloFung-its2_801_2017","GF01006101S","IonTorrent","ITS2"
"2180","NEF_GloFung-its2_813_2017","GF01006100S","IonTorrent","ITS2"
"2181","NEF_GloFung-its2_803_2017","GF01006099S","IonTorrent","ITS2"
"2182","NEF_GloFung-its2_813_2017","GF01006098S","IonTorrent","ITS2"
"2183","NEF_GloFung-its2_798_2017","GF01006097S","IonTorrent","ITS2"
"2184","NEF_GloFung-its2_800_2017","GF01006096S","IonTorrent","ITS2"
"2185","NEF_GloFung-its2_801_2017","GF01006095S","IonTorrent","ITS2"
"2186","NEF_GloFung-its2_808_2017","GF01006094S","IonTorrent","ITS2"
"2187","NEF_GloFung-its2_807_2017","GF01006093S","IonTorrent","ITS2"
"2188","NEF_GloFung-its2_811_2017","GF01006092S","IonTorrent","ITS2"
"2189","NEF_GloFung-its2_811_2017","GF01006091S","IonTorrent","ITS2"
"2190","NEF_GloFung-its2_801_2017","GF01006090S","IonTorrent","ITS2"
"2191","NEF_GloFung-its2_800_2017","GF01006089S","IonTorrent","ITS2"
"2192","NEF_GloFung-its2_807_2017","GF01006088S","IonTorrent","ITS2"
"2193","NEF_GloFung-its2_800_2017","GF01006087S","IonTorrent","ITS2"
"2194","NEF_GloFung-its2_805_2017","GF01006086S","IonTorrent","ITS2"
"2195","NEF_GloFung-its2_798_2017","GF01006085S","IonTorrent","ITS2"
"2196","NEF_GloFung-its2_807_2017","GF01006084S","IonTorrent","ITS2"
"2197","NEF_GloFung-its2_799_2017","GF01006083S","IonTorrent","ITS2"
"2198","NEF_GloFung-its2_799_2017","GF01006082S","IonTorrent","ITS2"
"2199","NEF_GloFung-its2_803_2017","GF01006081S","IonTorrent","ITS2"
"2200","NEF_GloFung-its2_814_2017","GF01006080S","IonTorrent","ITS2"
"2201","NEF_GloFung-its2_812_2017","GF01006079S","IonTorrent","ITS2"
"2202","NEF_GloFung-its2_800_2017","GF01006078S","IonTorrent","ITS2"
"2203","NEF_GloFung-its2_799_2017","GF01006077S","IonTorrent","ITS2"
"2204","NEF_GloFung-its2_807_2017","GF01006076S","IonTorrent","ITS2"
"2205","NEF_GloFung-its2_801_2017","GF01006075S","IonTorrent","ITS2"
"2206","NEF_GloFung-its2_801_2017","GF01006074S","IonTorrent","ITS2"
"2207","NEF_GloFung-its2_800_2017","GF01006073S","IonTorrent","ITS2"
"2208","NEF_GloFung-its2_807_2017","GF01006072S","IonTorrent","ITS2"
"2209","NEF_GloFung-its2_815_2017","GF01006071S","IonTorrent","ITS2"
"2210","NEF_GloFung-its2_798_2017","GF01006070S","IonTorrent","ITS2"
"2211","NEF_GloFung-its2_807_2017","GF01006069S","IonTorrent","ITS2"
"2212","NEF_GloFung-its2_811_2017","GF01006068S","IonTorrent","ITS2"
"2213","NEF_GloFung-its2_803_2017","GF01006067S","IonTorrent","ITS2"
"2214","NEF_GloFung-its2_796_2017","GF01006066S","IonTorrent","ITS2"
"2215","NEF_GloFung-its2_796_2017","GF01006065S","IonTorrent","ITS2"
"2216","NEF_GloFung-its2_805_2017","GF01006064S","IonTorrent","ITS2"
"2217","NEF_GloFung-its2_808_2017","GF01006063S","IonTorrent","ITS2"
"2218","NEF_GloFung-its2_798_2017","GF01006062S","IonTorrent","ITS2"
"2219","NEF_GloFung-its2_808_2017","GF01006061S","IonTorrent","ITS2"
"2220","NEF_GloFung-its2_798_2017","GF01006060S","IonTorrent","ITS2"
"2221","NEF_GloFung-its2_807_2017","GF01006059S","IonTorrent","ITS2"
"2222","NEF_GloFung-its2_808_2017","GF01006058S","IonTorrent","ITS2"
"2273","NEF_GloFung-its2_678_2015","GF01004853S","Illumina","ITS2"
"2275","NEF_GloFung-its2_827_2015","GF01004831S","Illumina","ITS2"
"2280","NEF_GloFung-its2_678_2015","GF01004805S","Illumina","ITS2"
"2281","NEF_GloFung-its2_677_2015","GF01004802S","Illumina","ITS2"
"2287","NEF_GloFung-its2_672_2015","GF01004780S","Illumina","ITS2"
"2288","NEF_GloFung-its2_830_2015","GF01004778S","Illumina","ITS2"
"2292","NEF_GloFung-its2_672_2015","GF01004760S","Illumina","ITS2"
"2295","NEF_GloFung-its2_827_2015","GF01004751S","Illumina","ITS2"
"2298","NEF_GloFung-its2_677_2015","GF01004726S","Illumina","ITS2"
"23021","NEF_GloFung-its2_830_2015","GF01004718S","Illumina","ITS2"
"23601","NEF_GloFung-its2_841_2016","GF01000691S","Illumina","ITS2"
"23611","NEF_GloFung-its2_842_2016","GF01000690S","Illumina","ITS2"
"23621","NEF_GloFung-its2_843_2016","GF01000689S","Illumina","ITS2"
"23631","NEF_GloFung-its2_844_2016","GF01000688S","Illumina","ITS2"
"23641","NEF_GloFung-its2_845_2016","GF01000687S","Illumina","ITS2"
"23651","NEF_GloFung-its2_846_2016","GF01000686S","Illumina","ITS2"
"23661","NEF_GloFung-its2_847_2016","GF01000685S","Illumina","ITS2"
"23671","NEF_GloFung-its2_848_2016","GF01000684S","Illumina","ITS2"
"23681","NEF_GloFung-its2_849_2016","GF01000683S","Illumina","ITS2"
"23691","NEF_GloFung-its2_850_2016","GF01000682S","Illumina","ITS2"
"23701","NEF_GloFung-its2_851_2016","GF01000681S","Illumina","ITS2"
"23711","NEF_GloFung-its2_852_2016","GF01000680S","Illumina","ITS2"
"23721","NEF_GloFung-its2_853_2016","GF01000679S","Illumina","ITS2"
"23731","NEF_GloFung-its2_854_2016","GF01000678S","Illumina","ITS2"
"23741","NEF_GloFung-its2_855_2016","GF01000677S","Illumina","ITS2"
"23751","NEF_GloFung-its2_856_2016","GF01000676S","Illumina","ITS2"
"23761","NEF_GloFung-its2_857_2016","GF01000675S","Illumina","ITS2"
"23771","NEF_GloFung-its2_858_2016","GF01000674S","Illumina","ITS2"
"23781","NEF_GloFung-its2_859_2016","GF01000673S","Illumina","ITS2"
"23791","NEF_GloFung-its2_860_2016","GF01000672S","Illumina","ITS2"
"23801","NEF_GloFung-its2_861_2016","GF01000671S","Illumina","ITS2"
"266","NEF_GloFung-its1_64_2022","GF05013247S","PacBio","ITS_both"
"267","NEF_GloFung-its1_65_2022","GF05013241S","PacBio","ITS_both"
"268","NEF_GloFung-its1_66_2022","GF05013235S","PacBio","ITS_both"
"269","NEF_GloFung-its1_68_2022","GF05013224S","PacBio","ITS_both"
"270","NEF_GloFung-its1_69_2022","GF05013214S","PacBio","ITS_both"
"271","NEF_GloFung-its1_70_2022","GF05013205S","PacBio","ITS_both"
"272","NEF_GloFung-its1_71_2022","GF05013204S","PacBio","ITS_both"
"273","NEF_GloFung-its1_72_2022","GF05013199S","PacBio","ITS_both"
"274","NEF_GloFung-its1_74_2022","GF05013187S","PacBio","ITS_both"
"275","NEF_GloFung-its1_75_2022","GF05013176S","PacBio","ITS_both"
"276","NEF_GloFung-its1_76_2022","GF05013171S","PacBio","ITS_both"
"277","NEF_GloFung-its1_77_2022","GF05013170S","PacBio","ITS_both"
"278","NEF_GloFung-its1_78_2022","GF05013169S","PacBio","ITS_both"
"2791","NEF_GloFung-its1_79_2022","GF05013167S","PacBio","ITS_both"
"2801","NEF_GloFung-its1_80_2022","GF05013165S","PacBio","ITS_both"
"2811","NEF_GloFung-its1_81_2022","GF05013158S","PacBio","ITS_both"
"2821","NEF_GloFung-its1_83_2022","GF05013150S","PacBio","ITS_both"
"2831","NEF_GloFung-its1_84_2022","GF05013149S","PacBio","ITS_both"
"2841","NEF_GloFung-its1_85_2022","GF05013148S","PacBio","ITS_both"
"2851","NEF_GloFung-its1_86_2022","GF05013135S","PacBio","ITS_both"
"2861","NEF_GloFung-its1_87_2022","GF05013134S","PacBio","ITS_both"
"2871","NEF_GloFung-its1_88_2022","GF05013132S","PacBio","ITS_both"
"2881","NEF_GloFung-its1_89_2022","GF05013131S","PacBio","ITS_both"
"2891","NEF_GloFung-its1_90_2022","GF05013130S","PacBio","ITS_both"
"2901","NEF_GloFung-its1_91_2022","GF05013126S","PacBio","ITS_both"
"2911","NEF_GloFung-its1_92_2022","GF05013125S","PacBio","ITS_both"
"2921","NEF_GloFung-its1_93_2022","GF05013124S","PacBio","ITS_both"
"2931","NEF_GloFung-its1_94_2022","GF05013123S","PacBio","ITS_both"
"2941","NEF_GloFung-its1_95_2022","GF05013122S","PacBio","ITS_both"
"2951","NEF_GloFung-its1_96_2022","GF05013121S","PacBio","ITS_both"
"2961","NEF_GloFung-its1_97_2022","GF05013120S","PacBio","ITS_both"
"2971","NEF_GloFung-its1_98_2022","GF05013113S","PacBio","ITS_both"
"2981","NEF_GloFung-its1_99_2022","GF05013102S","PacBio","ITS_both"
"2991","NEF_GloFung-its1_100_2022","GF05013092S","PacBio","ITS_both"
"3001","NEF_GloFung-its1_101_2022","GF05013090S","PacBio","ITS_both"
"3011","NEF_GloFung-its1_102_2022","GF05013083S","PacBio","ITS_both"
"3021","NEF_GloFung-its1_96_2022","GF05013082S","PacBio","ITS_both"
"3031","NEF_GloFung-its1_103_2022","GF05013081S","PacBio","ITS_both"
"3041","NEF_GloFung-its1_104_2022","GF05013074S","PacBio","ITS_both"
"3051","NEF_GloFung-its1_105_2022","GF05013068S","PacBio","ITS_both"
"3061","NEF_GloFung-its1_106_2022","GF05013063S","PacBio","ITS_both"
"3071","NEF_GloFung-its1_107_2022","GF05013060S","PacBio","ITS_both"
"3081","NEF_GloFung-its1_108_2022","GF05013059S","PacBio","ITS_both"
"3091","NEF_GloFung-its1_109_2022","GF05013054S","PacBio","ITS_both"
"3101","NEF_GloFung-its1_111_2022","GF05013040S","PacBio","ITS_both"
"3111","NEF_GloFung-its1_112_2022","GF05013035S","PacBio","ITS_both"
"3121","NEF_GloFung-its1_113_2022","GF05012993S","PacBio","ITS_both"
"3131","NEF_GloFung-its1_114_2022","GF05012983S","PacBio","ITS_both"
"3141","NEF_GloFung-its1_93_2022","GF05012978S","PacBio","ITS_both"
"3151","NEF_GloFung-its1_115_2022","GF05012966S","PacBio","ITS_both"
"316","NEF_GloFung-its1_116_2022","GF05012963S","PacBio","ITS_both"
"317","NEF_GloFung-its1_117_2022","GF05012962S","PacBio","ITS_both"
"318","NEF_GloFung-its1_70_2022","GF05012955S","PacBio","ITS_both"
"319","NEF_GloFung-its1_118_2022","GF05012954S","PacBio","ITS_both"
"320","NEF_GloFung-its1_120_2022","GF05012936S","PacBio","ITS_both"
"321","NEF_GloFung-its1_121_2022","GF05012931S","PacBio","ITS_both"
"322","NEF_GloFung-its1_122_2022","GF05012928S","PacBio","ITS_both"
"323","NEF_GloFung-its1_141_2021","GF05001737V","PacBio","ITS_both"
"324","NEF_GloFung-its1_142_2021","GF05001736V","PacBio","ITS_both"
"325","NEF_GloFung-its1_143_2021","GF05001735V","PacBio","ITS_both"
"326","NEF_GloFung-its1_144_2021","GF05001734V","PacBio","ITS_both"
"327","NEF_GloFung-its1_145_2021","GF05001733V","PacBio","ITS_both"
"328","NEF_GloFung-its1_146_2021","GF05001732V","PacBio","ITS_both"
"329","NEF_GloFung-its1_147_2021","GF05001731V","PacBio","ITS_both"
"330","NEF_GloFung-its1_148_2021","GF05001730V","PacBio","ITS_both"
"331","NEF_GloFung-its1_149_2021","GF05001716V","PacBio","ITS_both"
"332","NEF_GloFung-its1_150_2021","GF05001715V","PacBio","ITS_both"
"333","NEF_GloFung-its1_151_2021","GF05001714V","PacBio","ITS_both"
"334","NEF_GloFung-its1_152_2021","GF05001713V","PacBio","ITS_both"
"335","NEF_GloFung-its1_153_2021","GF05001712V","PacBio","ITS_both"
"336","NEF_GloFung-its1_154_2021","GF05001711V","PacBio","ITS_both"
"337","NEF_GloFung-its1_155_2021","GF05001710V","PacBio","ITS_both"
"338","NEF_GloFung-its1_156_2021","GF05001709V","PacBio","ITS_both"
"339","NEF_GloFung-its1_157_2021","GF05001708V","PacBio","ITS_both"
"340","NEF_GloFung-its1_158_2021","GF05001707V","PacBio","ITS_both"
"341","NEF_GloFung-its1_159_2021","GF05001706V","PacBio","ITS_both"
"342","NEF_GloFung-its1_160_2021","GF05001705V","PacBio","ITS_both"
"343","NEF_GloFung-its1_160_2021","GF05001704V","PacBio","ITS_both"
"344","NEF_GloFung-its1_161_2021","GF05001703V","PacBio","ITS_both"
"345","NEF_GloFung-its1_162_2021","GF05001548V","PacBio","ITS_both"
"346","NEF_GloFung-its1_163_2021","GF05001532V","PacBio","ITS_both"
"347","NEF_GloFung-its1_164_2021","GF05001531V","PacBio","ITS_both"
"348","NEF_GloFung-its1_165_2021","GF05001530V","PacBio","ITS_both"
"349","NEF_GloFung-its1_166_2021","GF05001529V","PacBio","ITS_both"
"350","NEF_GloFung-its1_169_2021","GF05001513V","PacBio","ITS_both"
"351","NEF_GloFung-its1_170_2021","GF05001512V","PacBio","ITS_both"
"352","NEF_GloFung-its1_171_2021","GF05001511V","PacBio","ITS_both"
"353","NEF_GloFung-its1_173_2021","GF05001509V","PacBio","ITS_both"
"354","NEF_GloFung-its1_174_2021","GF05001508V","PacBio","ITS_both"
"355","NEF_GloFung-its1_175_2021","GF05001507V","PacBio","ITS_both"
"356","NEF_GloFung-its1_176_2021","GF05001506V","PacBio","ITS_both"
"357","NEF_GloFung-its1_178_2021","GF05001504V","PacBio","ITS_both"
"358","NEF_GloFung-its1_179_2021","GF05001440V","PacBio","ITS_both"
"359","NEF_GloFung-its1_180_2021","GF05001439V","PacBio","ITS_both"
"360","NEF_GloFung-its1_181_2021","GF05001438V","PacBio","ITS_both"
"361","NEF_GloFung-its1_182_2021","GF05001437V","PacBio","ITS_both"
"362","NEF_GloFung-its1_183_2021","GF05001427V","PacBio","ITS_both"
"363","NEF_GloFung-its1_184_2021","GF05001426V","PacBio","ITS_both"
"364","NEF_GloFung-its1_185_2021","GF05001425V","PacBio","ITS_both"
"365","NEF_GloFung-its1_186_2021","GF05001411V","PacBio","ITS_both"
"366","NEF_GloFung-its1_187_2021","GF05001410V","PacBio","ITS_both"
"367","NEF_GloFung-its1_188_2021","GF05001409V","PacBio","ITS_both"
"368","NEF_GloFung-its1_189_2021","GF05001408V","PacBio","ITS_both"
"369","NEF_GloFung-its1_190_2021","GF05001397V","PacBio","ITS_both"
"370","NEF_GloFung-its1_191_2021","GF05001396V","PacBio","ITS_both"
"371","NEF_GloFung-its1_192_2021","GF05001395V","PacBio","ITS_both"
"372","NEF_GloFung-its1_193_2021","GF05001394V","PacBio","ITS_both"
"373","NEF_GloFung-its1_194_2021","GF05001393V","PacBio","ITS_both"
"374","NEF_GloFung-its1_195_2021","GF05001392V","PacBio","ITS_both"
"375","NEF_GloFung-its1_184_2021","GF05001360V","PacBio","ITS_both"
"376","NEF_GloFung-its1_185_2021","GF05001359V","PacBio","ITS_both"
"377","NEF_GloFung-its1_196_2021","GF05001358V","PacBio","ITS_both"
"378","NEF_GloFung-its1_183_2021","GF05001357V","PacBio","ITS_both"
"379","NEF_GloFung-its1_199_2021","GF05001334V","PacBio","ITS_both"
"380","NEF_GloFung-its1_200_2021","GF05001333V","PacBio","ITS_both"
"381","NEF_GloFung-its1_201_2021","GF05001332V","PacBio","ITS_both"
"382","NEF_GloFung-its1_202_2021","GF05001331V","PacBio","ITS_both"
"383","NEF_GloFung-its1_217_2021","GF05001274V","PacBio","ITS_both"
"384","NEF_GloFung-its1_218_2021","GF05001273V","PacBio","ITS_both"
"385","NEF_GloFung-its1_219_2021","GF05001272V","PacBio","ITS_both"
"386","NEF_GloFung-its1_221_2021","GF05001194V","PacBio","ITS_both"
"387","NEF_GloFung-its1_222_2021","GF05001193V","PacBio","ITS_both"
"388","NEF_GloFung-its1_223_2021","GF05001192V","PacBio","ITS_both"
"389","NEF_GloFung-its1_224_2021","GF05001185V","PacBio","ITS_both"
"390","NEF_GloFung-its1_225_2021","GF05001184V","PacBio","ITS_both"
"391","NEF_GloFung-its1_226_2021","GF05001183V","PacBio","ITS_both"
"392","NEF_GloFung-its1_227_2021","GF05001182V","PacBio","ITS_both"
"393","NEF_GloFung-its1_228_2021","GF05001181V","PacBio","ITS_both"
"394","NEF_GloFung-its1_229_2021","GF05001180V","PacBio","ITS_both"
"395","NEF_GloFung-its1_230_2021","GF05001179V","PacBio","ITS_both"
"396","NEF_GloFung-its1_232_2021","GF05001008V","PacBio","ITS_both"
"397","NEF_GloFung-its1_233_2021","GF05001007V","PacBio","ITS_both"
"398","NEF_GloFung-its1_234_2021","GF05001006V","PacBio","ITS_both"
"399","NEF_GloFung-its1_235_2021","GF05001005V","PacBio","ITS_both"
"400","NEF_GloFung-its1_236_2021","GF05001004V","PacBio","ITS_both"
"401","NEF_GloFung-its1_237_2021","GF05001003V","PacBio","ITS_both"
"402","NEF_GloFung-its1_238_2021","GF05000967V","PacBio","ITS_both"
"403","NEF_GloFung-its1_239_2021","GF05000965V","PacBio","ITS_both"
"404","NEF_GloFung-its1_240_2021","GF05000927V","PacBio","ITS_both"
"405","NEF_GloFung-its1_269_2021","GF05000769V","PacBio","ITS_both"
"406","NEF_GloFung-its1_270_2021","GF05000768V","PacBio","ITS_both"
"407","NEF_GloFung-its1_271_2021","GF05000767V","PacBio","ITS_both"
"408","NEF_GloFung-its1_272_2021","GF05000766V","PacBio","ITS_both"
"409","NEF_GloFung-its1_273_2021","GF05000765V","PacBio","ITS_both"
"410","NEF_GloFung-its1_274_2021","GF05000764V","PacBio","ITS_both"
"411","NEF_GloFung-its1_275_2021","GF05000763V","PacBio","ITS_both"
"412","NEF_GloFung-its1_162_2021","GF05000759V","PacBio","ITS_both"
"413","NEF_GloFung-its1_162_2021","GF05000758V","PacBio","ITS_both"
"414","NEF_GloFung-its1_276_2021","GF05000757V","PacBio","ITS_both"
"415","NEF_GloFung-its1_162_2021","GF05000756V","PacBio","ITS_both"
"416","NEF_GloFung-its1_162_2021","GF05000755V","PacBio","ITS_both"
"417","NEF_GloFung-its1_277_2021","GF05000746V","PacBio","ITS_both"
"418","NEF_GloFung-its1_278_2021","GF05000710V","PacBio","ITS_both"
"419","NEF_GloFung-its1_279_2021","GF05000709V","PacBio","ITS_both"
"420","NEF_GloFung-its1_280_2021","GF05000708V","PacBio","ITS_both"
"421","NEF_GloFung-its1_281_2021","GF05000707V","PacBio","ITS_both"
"422","NEF_GloFung-its1_282_2021","GF05000706V","PacBio","ITS_both"
"423","NEF_GloFung-its1_283_2021","GF05000705V","PacBio","ITS_both"
"424","NEF_GloFung-its1_284_2021","GF05000704V","PacBio","ITS_both"
"425","NEF_GloFung-its1_285_2021","GF05000703V","PacBio","ITS_both"
"426","NEF_GloFung-its1_286_2021","GF05000702V","PacBio","ITS_both"
"427","NEF_GloFung-its1_287_2021","GF05000701V","PacBio","ITS_both"
"428","NEF_GloFung-its1_288_2021","GF05000700V","PacBio","ITS_both"
"429","NEF_GloFung-its1_289_2021","GF05000699V","PacBio","ITS_both"
"430","NEF_GloFung-its1_290_2021","GF05000698V","PacBio","ITS_both"
"431","NEF_GloFung-its1_292_2021","GF05000697V","PacBio","ITS_both"
"432","NEF_GloFung-its1_293_2021","GF05000696V","PacBio","ITS_both"
"433","NEF_GloFung-its1_294_2021","GF05000695V","PacBio","ITS_both"
"434","NEF_GloFung-its1_295_2021","GF05000694V","PacBio","ITS_both"
"435","NEF_GloFung-its1_297_2021","GF05000693V","PacBio","ITS_both"
"436","NEF_GloFung-its1_298_2021","GF05000692V","PacBio","ITS_both"
"437","NEF_GloFung-its1_299_2021","GF05000691V","PacBio","ITS_both"
"438","NEF_GloFung-its1_300_2021","GF05000690V","PacBio","ITS_both"
"439","NEF_GloFung-its1_301_2021","GF05000689V","PacBio","ITS_both"
"440","NEF_GloFung-its1_302_2021","GF05000688V","PacBio","ITS_both"
"441","NEF_GloFung-its1_303_2021","GF05000687V","PacBio","ITS_both"
"442","NEF_GloFung-its1_304_2021","GF05000686V","PacBio","ITS_both"
"443","NEF_GloFung-its1_305_2021","GF05000685V","PacBio","ITS_both"
"444","NEF_GloFung-its1_306_2021","GF05000684V","PacBio","ITS_both"
"445","NEF_GloFung-its1_307_2021","GF05000683V","PacBio","ITS_both"
"446","NEF_GloFung-its1_308_2021","GF05000682V","PacBio","ITS_both"
"447","NEF_GloFung-its1_309_2021","GF05000681V","PacBio","ITS_both"
"448","NEF_GloFung-its1_310_2021","GF05000680V","PacBio","ITS_both"
"449","NEF_GloFung-its1_293_2021","GF05000679V","PacBio","ITS_both"
"450","NEF_GloFung-its1_288_2021","GF05000678V","PacBio","ITS_both"
"451","NEF_GloFung-its1_311_2021","GF05000677V","PacBio","ITS_both"
"452","NEF_GloFung-its1_313_2021","GF05000676V","PacBio","ITS_both"
"453","NEF_GloFung-its1_321_2021","GF05000506V","PacBio","ITS_both"
"454","NEF_GloFung-its1_322_2021","GF05000505V","PacBio","ITS_both"
"455","NEF_GloFung-its1_323_2021","GF05000504V","PacBio","ITS_both"
"456","NEF_GloFung-its1_324_2021","GF05000503V","PacBio","ITS_both"
"457","NEF_GloFung-its1_325_2021","GF05000502V","PacBio","ITS_both"
"458","NEF_GloFung-its1_326_2021","GF05000501V","PacBio","ITS_both"
"459","NEF_GloFung-its1_327_2021","GF05000500V","PacBio","ITS_both"
"460","NEF_GloFung-its1_328_2021","GF05000499V","PacBio","ITS_both"
"461","NEF_GloFung-its1_329_2021","GF05000498V","PacBio","ITS_both"
"462","NEF_GloFung-its1_330_2021","GF05000497V","PacBio","ITS_both"
"463","NEF_GloFung-its1_331_2021","GF05000496V","PacBio","ITS_both"
"464","NEF_GloFung-its1_332_2021","GF05000495V","PacBio","ITS_both"
"465","NEF_GloFung-its1_333_2021","GF05000478V","PacBio","ITS_both"
"466","NEF_GloFung-its1_334_2021","GF05000477V","PacBio","ITS_both"
"467","NEF_GloFung-its1_335_2021","GF05000476V","PacBio","ITS_both"
"468","NEF_GloFung-its1_336_2021","GF05000475V","PacBio","ITS_both"
"469","NEF_GloFung-its1_337_2021","GF05000474V","PacBio","ITS_both"
"470","NEF_GloFung-its1_338_2021","GF05000473V","PacBio","ITS_both"
"471","NEF_GloFung-its1_339_2021","GF05000472V","PacBio","ITS_both"
"472","NEF_GloFung-its1_340_2021","GF05000471V","PacBio","ITS_both"
"473","NEF_GloFung-its1_341_2021","GF05000470V","PacBio","ITS_both"
"474","NEF_GloFung-its1_342_2021","GF05000469V","PacBio","ITS_both"
"475","NEF_GloFung-its1_343_2021","GF05000468V","PacBio","ITS_both"
"476","NEF_GloFung-its1_344_2021","GF05000467V","PacBio","ITS_both"
"477","NEF_GloFung-its1_345_2021","GF05000466V","PacBio","ITS_both"
"478","NEF_GloFung-its1_346_2021","GF05000465V","PacBio","ITS_both"
"479","NEF_GloFung-its1_347_2021","GF05000464V","PacBio","ITS_both"
"480","NEF_GloFung-its1_348_2021","GF05000463V","PacBio","ITS_both"
"481","NEF_GloFung-its1_349_2021","GF05000462V","PacBio","ITS_both"
"482","NEF_GloFung-its1_350_2021","GF05000461V","PacBio","ITS_both"
"483","NEF_GloFung-its1_351_2021","GF05000460V","PacBio","ITS_both"
"484","NEF_GloFung-its1_352_2021","GF05000459V","PacBio","ITS_both"
"485","NEF_GloFung-its1_353_2021","GF05000458V","PacBio","ITS_both"
"486","NEF_GloFung-its1_354_2021","GF05000457V","PacBio","ITS_both"
"4871","NEF_GloFung-its1_355_2021","GF05000456V","PacBio","ITS_both"
"4881","NEF_GloFung-its1_356_2021","GF05000455V","PacBio","ITS_both"
"4891","NEF_GloFung-its1_357_2021","GF05000454V","PacBio","ITS_both"
"4901","NEF_GloFung-its1_358_2021","GF05000453V","PacBio","ITS_both"
"4911","NEF_GloFung-its1_359_2021","GF05000452V","PacBio","ITS_both"
"4921","NEF_GloFung-its1_360_2021","GF05000451V","PacBio","ITS_both"
"4931","NEF_GloFung-its1_361_2021","GF05000450V","PacBio","ITS_both"
"4941","NEF_GloFung-its1_362_2021","GF05000449V","PacBio","ITS_both"
"4951","NEF_GloFung-its1_363_2021","GF05000448V","PacBio","ITS_both"
"4961","NEF_GloFung-its1_364_2021","GF05000447V","PacBio","ITS_both"
"4971","NEF_GloFung-its1_365_2021","GF05000446V","PacBio","ITS_both"
"4981","NEF_GloFung-its1_366_2021","GF05000445V","PacBio","ITS_both"
"4991","NEF_GloFung-its1_367_2021","GF05000444V","PacBio","ITS_both"
"5001","NEF_GloFung-its1_368_2021","GF05000443V","PacBio","ITS_both"
"5011","NEF_GloFung-its1_369_2021","GF05000442V","PacBio","ITS_both"
"5021","NEF_GloFung-its1_370_2021","GF05000441V","PacBio","ITS_both"
"5031","NEF_GloFung-its1_371_2021","GF05000440V","PacBio","ITS_both"
"5041","NEF_GloFung-its1_372_2021","GF05000439V","PacBio","ITS_both"
"5051","NEF_GloFung-its1_373_2021","GF05000438V","PacBio","ITS_both"
"5061","NEF_GloFung-its1_374_2021","GF05000437V","PacBio","ITS_both"
"5071","NEF_GloFung-its1_375_2021","GF05000436V","PacBio","ITS_both"
"5081","NEF_GloFung-its1_376_2021","GF05000435V","PacBio","ITS_both"
"5091","NEF_GloFung-its1_377_2021","GF05000434V","PacBio","ITS_both"
"5101","NEF_GloFung-its1_378_2021","GF05000433V","PacBio","ITS_both"
"5111","NEF_GloFung-its1_379_2021","GF05000432V","PacBio","ITS_both"
"5121","NEF_GloFung-its1_380_2021","GF05000431V","PacBio","ITS_both"
"5131","NEF_GloFung-its1_381_2021","GF05000430V","PacBio","ITS_both"
"5141","NEF_GloFung-its1_382_2021","GF05000429V","PacBio","ITS_both"
"5151","NEF_GloFung-its1_383_2021","GF05000428V","PacBio","ITS_both"
"5161","NEF_GloFung-its1_384_2021","GF05000427V","PacBio","ITS_both"
"5171","NEF_GloFung-its1_385_2021","GF05000426V","PacBio","ITS_both"
"5181","NEF_GloFung-its1_386_2021","GF05000418V","PacBio","ITS_both"
"5191","NEF_GloFung-its1_387_2021","GF05000417V","PacBio","ITS_both"
"5201","NEF_GloFung-its1_388_2021","GF05000416V","PacBio","ITS_both"
"5211","NEF_GloFung-its1_389_2021","GF05000415V","PacBio","ITS_both"
"5221","NEF_GloFung-its1_390_2021","GF05000414V","PacBio","ITS_both"
"5231","NEF_GloFung-its1_391_2021","GF05000413V","PacBio","ITS_both"
"5241","NEF_GloFung-its1_392_2021","GF05000412V","PacBio","ITS_both"
"5251","NEF_GloFung-its1_393_2021","GF05000411V","PacBio","ITS_both"
"5261","NEF_GloFung-its1_394_2021","GF05000410V","PacBio","ITS_both"
"5271","NEF_GloFung-its1_395_2021","GF05000409V","PacBio","ITS_both"
"5281","NEF_GloFung-its1_396_2021","GF05000408V","PacBio","ITS_both"
"5291","NEF_GloFung-its1_397_2021","GF05000407V","PacBio","ITS_both"
"5301","NEF_GloFung-its1_398_2021","GF05000406V","PacBio","ITS_both"
"5311","NEF_GloFung-its1_399_2021","GF05000405V","PacBio","ITS_both"
"5321","NEF_GloFung-its1_400_2021","GF05000404V","PacBio","ITS_both"
"5331","NEF_GloFung-its1_401_2021","GF05000403V","PacBio","ITS_both"
"5341","NEF_GloFung-its1_402_2021","GF05000402V","PacBio","ITS_both"
"5511","NEF_GloFung-its1_413_2021","GF05000307V","PacBio","ITS_both"
"5521","NEF_GloFung-its1_414_2021","GF05000306V","PacBio","ITS_both"
"5531","NEF_GloFung-its1_415_2021","GF05000305V","PacBio","ITS_both"
"5541","NEF_GloFung-its1_416_2021","GF05000304V","PacBio","ITS_both"
"5551","NEF_GloFung-its1_417_2021","GF05000303V","PacBio","ITS_both"
"5561","NEF_GloFung-its1_418_2021","GF05000302V","PacBio","ITS_both"
"5571","NEF_GloFung-its1_419_2021","GF05000301V","PacBio","ITS_both"
"5581","NEF_GloFung-its1_420_2021","GF05000300V","PacBio","ITS_both"
"5591","NEF_GloFung-its1_421_2021","GF05000299V","PacBio","ITS_both"
"5601","NEF_GloFung-its1_422_2021","GF05000298V","PacBio","ITS_both"
"5611","NEF_GloFung-its1_423_2021","GF05000297V","PacBio","ITS_both"
"5621","NEF_GloFung-its1_424_2021","GF05000296V","PacBio","ITS_both"
"5631","NEF_GloFung-its1_425_2021","GF05000295V","PacBio","ITS_both"
"5641","NEF_GloFung-its1_426_2021","GF05000294V","PacBio","ITS_both"
"5651","NEF_GloFung-its1_427_2021","GF05000293V","PacBio","ITS_both"
"5661","NEF_GloFung-its1_428_2021","GF05000292V","PacBio","ITS_both"
"5671","NEF_GloFung-its1_429_2021","GF05000291V","PacBio","ITS_both"
"5681","NEF_GloFung-its1_430_2021","GF05000290V","PacBio","ITS_both"
"5691","NEF_GloFung-its1_431_2021","GF05000289V","PacBio","ITS_both"
"5701","NEF_GloFung-its1_432_2021","GF05000288V","PacBio","ITS_both"
"5711","NEF_GloFung-its1_438_2021","GF05000213V","PacBio","ITS_both"
"5721","NEF_GloFung-its1_439_2021","GF05000212V","PacBio","ITS_both"
"5731","NEF_GloFung-its1_440_2021","GF05000211V","PacBio","ITS_both"
"5741","NEF_GloFung-its1_441_2021","GF05000210V","PacBio","ITS_both"
"5751","NEF_GloFung-its1_442_2021","GF05000209V","PacBio","ITS_both"
"576","NEF_GloFung-its1_443_2021","GF05000208V","PacBio","ITS_both"
"577","NEF_GloFung-its1_444_2021","GF05000207V","PacBio","ITS_both"
"578","NEF_GloFung-its1_445_2021","GF05000206V","PacBio","ITS_both"
"579","NEF_GloFung-its1_446_2021","GF05000097V","PacBio","ITS_both"
"580","NEF_GloFung-its1_447_2021","GF05000096V","PacBio","ITS_both"
"581","NEF_GloFung-its1_448_2021","GF05000095V","PacBio","ITS_both"
"582","NEF_GloFung-its1_452_2021","GF05000091V","PacBio","ITS_both"
"583","NEF_GloFung-its1_453_2021","GF05000090V","PacBio","ITS_both"
"584","NEF_GloFung-its1_453_2021","GF05000089V","PacBio","ITS_both"
"585","NEF_GloFung-its1_454_2021","GF05000088V","PacBio","ITS_both"
"586","NEF_GloFung-its1_453_2021","GF05000087V","PacBio","ITS_both"
"587","NEF_GloFung-its1_453_2021","GF05000086V","PacBio","ITS_both"
"588","NEF_GloFung-its1_455_2021","GF05000085V","PacBio","ITS_both"
"589","NEF_GloFung-its1_456_2021","GF05000084V","PacBio","ITS_both"
"590","NEF_GloFung-its1_457_2021","GF05000083V","PacBio","ITS_both"
"591","NEF_GloFung-its1_458_2021","GF05000082V","PacBio","ITS_both"
"592","NEF_GloFung-its1_459_2021","GF05000081V","PacBio","ITS_both"
"593","NEF_GloFung-its1_460_2021","GF05000080V","PacBio","ITS_both"
"594","NEF_GloFung-its1_461_2021","GF05000079V","PacBio","ITS_both"
"595","NEF_GloFung-its1_462_2021","GF05000078V","PacBio","ITS_both"
"596","NEF_GloFung-its1_463_2021","GF05000077V","PacBio","ITS_both"
"597","NEF_GloFung-its1_464_2021","GF05000076V","PacBio","ITS_both"
"598","NEF_GloFung-its1_464_2021","GF05000075V","PacBio","ITS_both"
"599","NEF_GloFung-its1_464_2021","GF05000074V","PacBio","ITS_both"
"600","NEF_GloFung-its1_465_2021","GF05000073V","PacBio","ITS_both"
"601","NEF_GloFung-its1_466_2021","GF05000072V","PacBio","ITS_both"
"602","NEF_GloFung-its1_467_2021","GF05000071V","PacBio","ITS_both"
"603","NEF_GloFung-its1_468_2021","GF05000070V","PacBio","ITS_both"
"604","NEF_GloFung-its1_468_2021","GF05000069V","PacBio","ITS_both"
"605","NEF_GloFung-its1_468_2021","GF05000068V","PacBio","ITS_both"
"606","NEF_GloFung-its1_469_2021","GF05000067V","PacBio","ITS_both"
"607","NEF_GloFung-its1_469_2021","GF05000066V","PacBio","ITS_both"
"608","NEF_GloFung-its1_470_2021","GF05000065V","PacBio","ITS_both"
"609","NEF_GloFung-its1_471_2021","GF05000064V","PacBio","ITS_both"
"610","NEF_GloFung-its1_472_2021","GF05000063V","PacBio","ITS_both"
"611","NEF_GloFung-its1_473_2021","GF05000062V","PacBio","ITS_both"
"612","NEF_GloFung-its1_474_2021","GF05000061V","PacBio","ITS_both"
"613","NEF_GloFung-its1_475_2021","GF05000060V","PacBio","ITS_both"
"614","NEF_GloFung-its1_476_2021","GF05000059V","PacBio","ITS_both"
"615","NEF_GloFung-its1_477_2021","GF05000058V","PacBio","ITS_both"
"616","NEF_GloFung-its1_477_2021","GF05000057V","PacBio","ITS_both"
"617","NEF_GloFung-its1_478_2021","GF05000056V","PacBio","ITS_both"
"618","NEF_GloFung-its1_479_2021","GF05000055V","PacBio","ITS_both"
"619","NEF_GloFung-its1_480_2021","GF05000054V","PacBio","ITS_both"
"620","NEF_GloFung-its1_481_2021","GF05000053V","PacBio","ITS_both"
"621","NEF_GloFung-its1_482_2021","GF05000052V","PacBio","ITS_both"
"622","NEF_GloFung-its1_483_2021","GF05000051V","PacBio","ITS_both"
"623","NEF_GloFung-its1_484_2021","GF05000050V","PacBio","ITS_both"
"624","NEF_GloFung-its1_485_2021","GF05000049V","PacBio","ITS_both"
"625","NEF_GloFung-its1_486_2021","GF05000048V","PacBio","ITS_both"
"626","NEF_GloFung-its1_487_2021","GF05000047V","PacBio","ITS_both"
"627","NEF_GloFung-its1_486_2021","GF05000046V","PacBio","ITS_both"
"628","NEF_GloFung-its1_488_2021","GF05000045V","PacBio","ITS_both"
"629","NEF_GloFung-its1_489_2021","GF05000044V","PacBio","ITS_both"
"630","NEF_GloFung-its1_490_2021","GF05000043V","PacBio","ITS_both"
"631","NEF_GloFung-its1_491_2021","GF05000042V","PacBio","ITS_both"
"632","NEF_GloFung-its1_492_2021","GF05000041V","PacBio","ITS_both"
"633","NEF_GloFung-its1_493_2021","GF05000040V","PacBio","ITS_both"
"634","NEF_GloFung-its1_494_2021","GF05000039V","PacBio","ITS_both"
"635","NEF_GloFung-its1_495_2021","GF05000038V","PacBio","ITS_both"
"636","NEF_GloFung-its1_495_2021","GF05000037V","PacBio","ITS_both"
"637","NEF_GloFung-its1_496_2021","GF05000036V","PacBio","ITS_both"
"638","NEF_GloFung-its1_497_2021","GF05000035V","PacBio","ITS_both"
"639","NEF_GloFung-its1_498_2021","GF05000034V","PacBio","ITS_both"
"640","NEF_GloFung-its1_498_2021","GF05000033V","PacBio","ITS_both"
"641","NEF_GloFung-its1_499_2021","GF05000032V","PacBio","ITS_both"
"642","NEF_GloFung-its1_500_2021","GF05000031V","PacBio","ITS_both"
"643","NEF_GloFung-its1_501_2021","GF05000030V","PacBio","ITS_both"
"644","NEF_GloFung-its1_499_2021","GF05000029V","PacBio","ITS_both"
"645","NEF_GloFung-its1_502_2021","GF05000028V","PacBio","ITS_both"
"646","NEF_GloFung-its1_503_2021","GF05000027V","PacBio","ITS_both"
"647","NEF_GloFung-its1_504_2021","GF05000026V","PacBio","ITS_both"
"648","NEF_GloFung-its1_505_2021","GF05000025V","PacBio","ITS_both"
"649","NEF_GloFung-its1_506_2021","GF05000024V","PacBio","ITS_both"
"650","NEF_GloFung-its1_507_2021","GF05000023V","PacBio","ITS_both"
"651","NEF_GloFung-its1_485_2021","GF05000022V","PacBio","ITS_both"
"652","NEF_GloFung-its1_486_2021","GF05000021V","PacBio","ITS_both"
"653","NEF_GloFung-its1_484_2021","GF05000020V","PacBio","ITS_both"
"654","NEF_GloFung-its1_486_2021","GF05000019V","PacBio","ITS_both"
"655","NEF_GloFung-its1_487_2021","GF05000018V","PacBio","ITS_both"
"656","NEF_GloFung-its1_487_2021","GF05000017V","PacBio","ITS_both"
"657","NEF_GloFung-its1_487_2021","GF05000016V","PacBio","ITS_both"
"658","NEF_GloFung-its1_487_2021","GF05000015V","PacBio","ITS_both"
"659","NEF_GloFung-its1_508_2021","GF05000014V","PacBio","ITS_both"
"660","NEF_GloFung-its1_499_2021","GF05000013V","PacBio","ITS_both"
"661","NEF_GloFung-its1_499_2021","GF05000012V","PacBio","ITS_both"
"662","NEF_GloFung-its1_509_2021","GF05000011V","PacBio","ITS_both"
"663","NEF_GloFung-its1_510_2021","GF05000010V","PacBio","ITS_both"
"664","NEF_GloFung-its1_511_2021","GF05000009V","PacBio","ITS_both"
"665","NEF_GloFung-its1_512_2021","GF05000008V","PacBio","ITS_both"
"666","NEF_GloFung-its1_483_2021","GF05000007V","PacBio","ITS_both"
"667","NEF_GloFung-its1_486_2021","GF05000006V","PacBio","ITS_both"
"668","NEF_GloFung-its1_486_2021","GF05000005V","PacBio","ITS_both"
"669","NEF_GloFung-its1_501_2021","GF05000004V","PacBio","ITS_both"
"670","NEF_GloFung-its1_500_2021","GF05000003V","PacBio","ITS_both"
"671","NEF_GloFung-its1_498_2021","GF05000002V","PacBio","ITS_both"
"672","NEF_GloFung-its1_498_2021","GF05000001V","PacBio","ITS_both"
"673","NEF_GloFung-its1_447_2020","GF04007429S","PacBio","ITS_both"
"674","NEF_GloFung-its1_526_2020","GF04007428S","PacBio","ITS_both"
"675","NEF_GloFung-its1_527_2020","GF04007427S","PacBio","ITS_both"
"676","NEF_GloFung-its1_528_2020","GF04007426S","PacBio","ITS_both"
"677","NEF_GloFung-its1_529_2020","GF04007425S","PacBio","ITS_both"
"678","NEF_GloFung-its1_530_2020","GF04007424S","PacBio","ITS_both"
"679","NEF_GloFung-its1_531_2020","GF04007423S","PacBio","ITS_both"
"680","NEF_GloFung-its1_532_2020","GF04007422S","PacBio","ITS_both"
"681","NEF_GloFung-its1_533_2020","GF04007421S","PacBio","ITS_both"
"682","NEF_GloFung-its1_534_2020","GF04007420S","PacBio","ITS_both"
"683","NEF_GloFung-its1_535_2020","GF04007419S","PacBio","ITS_both"
"684","NEF_GloFung-its1_531_2020","GF04007418S","PacBio","ITS_both"
"685","NEF_GloFung-its1_536_2020","GF04007417S","PacBio","ITS_both"
"686","NEF_GloFung-its1_537_2020","GF04007416S","PacBio","ITS_both"
"687","NEF_GloFung-its1_538_2020","GF04007415S","PacBio","ITS_both"
"688","NEF_GloFung-its1_539_2020","GF04007414S","PacBio","ITS_both"
"689","NEF_GloFung-its1_540_2020","GF04007413S","PacBio","ITS_both"
"690","NEF_GloFung-its1_538_2020","GF04007412S","PacBio","ITS_both"
"691","NEF_GloFung-its1_541_2020","GF04007411S","PacBio","ITS_both"
"692","NEF_GloFung-its1_542_2020","GF04007410S","PacBio","ITS_both"
"693","NEF_GloFung-its1_543_2020","GF04007409S","PacBio","ITS_both"
"694","NEF_GloFung-its1_536_2020","GF04007408S","PacBio","ITS_both"
"695","NEF_GloFung-its1_536_2020","GF04007407S","PacBio","ITS_both"
"696","NEF_GloFung-its1_533_2020","GF04007406S","PacBio","ITS_both"
"697","NEF_GloFung-its1_544_2020","GF04007405S","PacBio","ITS_both"
"698","NEF_GloFung-its1_545_2020","GF04007404S","PacBio","ITS_both"
"699","NEF_GloFung-its1_546_2020","GF04007403S","PacBio","ITS_both"
"700","NEF_GloFung-its1_547_2020","GF04007402S","PacBio","ITS_both"
"701","NEF_GloFung-its1_546_2020","GF04007401S","PacBio","ITS_both"
"702","NEF_GloFung-its1_534_2020","GF04007400S","PacBio","ITS_both"
"703","NEF_GloFung-its1_532_2020","GF04007399S","PacBio","ITS_both"
"704","NEF_GloFung-its1_548_2020","GF04007398S","PacBio","ITS_both"
"705","NEF_GloFung-its1_549_2020","GF04007397S","PacBio","ITS_both"
"706","NEF_GloFung-its1_528_2020","GF04007396S","PacBio","ITS_both"
"707","NEF_GloFung-its1_550_2020","GF04007395S","PacBio","ITS_both"
"708","NEF_GloFung-its1_547_2020","GF04007394S","PacBio","ITS_both"
"709","NEF_GloFung-its1_543_2020","GF04007393S","PacBio","ITS_both"
"710","NEF_GloFung-its1_536_2020","GF04007392S","PacBio","ITS_both"
"711","NEF_GloFung-its1_455_2020","GF04007391S","PacBio","ITS_both"
"712","NEF_GloFung-its1_537_2020","GF04007390S","PacBio","ITS_both"
"713","NEF_GloFung-its1_551_2020","GF04007389S","PacBio","ITS_both"
"714","NEF_GloFung-its1_536_2020","GF04007388S","PacBio","ITS_both"
"715","NEF_GloFung-its1_455_2020","GF04007387S","PacBio","ITS_both"
"716","NEF_GloFung-its1_447_2020","GF04007386S","PacBio","ITS_both"
"717","NEF_GloFung-its1_552_2020","GF04007385S","PacBio","ITS_both"
"718","NEF_GloFung-its1_553_2020","GF04007384S","PacBio","ITS_both"
"719","NEF_GloFung-its1_536_2020","GF04007383S","PacBio","ITS_both"
"720","NEF_GloFung-its1_554_2020","GF04007382S","PacBio","ITS_both"
"721","NEF_GloFung-its1_541_2020","GF04007381S","PacBio","ITS_both"
"722","NEF_GloFung-its1_555_2020","GF04007380S","PacBio","ITS_both"
"723","NEF_GloFung-its1_544_2020","GF04007379S","PacBio","ITS_both"
"724","NEF_GloFung-its1_539_2020","GF04007378S","PacBio","ITS_both"
"725","NEF_GloFung-its1_556_2020","GF04007377S","PacBio","ITS_both"
"726","NEF_GloFung-its1_557_2020","GF04007376S","PacBio","ITS_both"
"727","NEF_GloFung-its1_557_2020","GF04007375S","PacBio","ITS_both"
"728","NEF_GloFung-its1_540_2020","GF04007374S","PacBio","ITS_both"
"729","NEF_GloFung-its1_558_2020","GF04007373S","PacBio","ITS_both"
"730","NEF_GloFung-its1_554_2020","GF04007372S","PacBio","ITS_both"
"731","NEF_GloFung-its1_542_2020","GF04007371S","PacBio","ITS_both"
"732","NEF_GloFung-its1_549_2020","GF04007370S","PacBio","ITS_both"
"733","NEF_GloFung-its1_550_2020","GF04007369S","PacBio","ITS_both"
"734","NEF_GloFung-its1_551_2020","GF04007368S","PacBio","ITS_both"
"735","NEF_GloFung-its1_526_2020","GF04007367S","PacBio","ITS_both"
"736","NEF_GloFung-its1_555_2020","GF04007366S","PacBio","ITS_both"
"737","NEF_GloFung-its1_548_2020","GF04007365S","PacBio","ITS_both"
"738","NEF_GloFung-its1_535_2020","GF04007364S","PacBio","ITS_both"
"739","NEF_GloFung-its1_545_2020","GF04007363S","PacBio","ITS_both"
"740","NEF_GloFung-its1_527_2020","GF04007362S","PacBio","ITS_both"
"741","NEF_GloFung-its1_529_2020","GF04007361S","PacBio","ITS_both"
"742","NEF_GloFung-its1_530_2020","GF04007360S","PacBio","ITS_both"
"743","NEF_GloFung-its1_552_2020","GF04007359S","PacBio","ITS_both"
"744","NEF_GloFung-its1_559_2020","GF04007358S","PacBio","ITS_both"
"745","NEF_GloFung-its1_559_2020","GF04007357S","PacBio","ITS_both"
"746","NEF_GloFung-its1_558_2020","GF04007356S","PacBio","ITS_both"
"747","NEF_GloFung-its1_556_2020","GF04007355S","PacBio","ITS_both"
"748","NEF_GloFung-its1_560_2020","GF04007354S","PacBio","ITS_both"
