"","new.ID","Latitude","Longitude","groups","nitrogen","sand","cec","soc","phh2o","silt"
"1","NEF_GloFung-its1_1_2023",-54.263,-36.505,1,NA,NA,NA,NA,NA,NA
"2","NEF_GloFung-its1_2_2023",-54.262,-36.504,1,NA,NA,NA,NA,NA,NA
"3","NEF_GloFung-its1_3_2023",-54.272,-36.516,1,NA,NA,NA,NA,NA,NA
"4","NEF_GloFung-its1_4_2023",-54.262,-36.502,1,NA,NA,NA,NA,NA,NA
"5","NEF_GloFung-its1_5_2023",-54.266,-36.502,1,NA,NA,NA,NA,NA,NA
"6","NEF_GloFung-its1_6_2023",-41.1066,-71.5192,2,596,555,318,1338,59,279
"7","NEF_GloFung-its1_6_2023",-41.1066,-71.5192,2,596,555,318,1338,59,279
"8","NEF_GloFung-its1_6_2023",-41.1066,-71.5192,2,596,555,318,1338,59,279
"9","NEF_GloFung-its1_7_2023",-40.9818,-71.5261,2,0,0,0,0,0,0
"10","NEF_GloFung-its1_7_2023",-40.9818,-71.5261,2,0,0,0,0,0,0
"11","NEF_GloFung-its1_7_2023",-40.9818,-71.5261,2,0,0,0,0,0,0
"12","NEF_GloFung-its1_7_2023",-40.9818,-71.5261,2,0,0,0,0,0,0
"13","NEF_GloFung-its1_7_2023",-40.9818,-71.5261,2,0,0,0,0,0,0
"14","NEF_GloFung-its1_7_2023",-40.9818,-71.5261,2,0,0,0,0,0,0
"15","NEF_GloFung-its1_7_2023",-40.9818,-71.5261,2,0,0,0,0,0,0
"16","NEF_GloFung-its1_7_2023",-40.9818,-71.5261,2,0,0,0,0,0,0
"17","NEF_GloFung-its1_7_2023",-40.9818,-71.5261,2,0,0,0,0,0,0
"18","NEF_GloFung-its1_7_2023",-40.9818,-71.5261,2,0,0,0,0,0,0
"19","NEF_GloFung-its1_7_2023",-40.9818,-71.5261,2,0,0,0,0,0,0
"20","NEF_GloFung-its1_7_2023",-40.9818,-71.5261,2,0,0,0,0,0,0
"21","NEF_GloFung-its1_7_2023",-40.9818,-71.5261,2,0,0,0,0,0,0
"22","NEF_GloFung-its1_7_2023",-40.9818,-71.5261,2,0,0,0,0,0,0
"23","NEF_GloFung-its1_8_2023",-40.9799,-71.5249,2,0,0,0,0,0,0
"24","NEF_GloFung-its1_8_2023",-40.9799,-71.5249,2,0,0,0,0,0,0
"25","NEF_GloFung-its1_8_2023",-40.9799,-71.5249,2,0,0,0,0,0,0
"26","NEF_GloFung-its1_8_2023",-40.9799,-71.5249,2,0,0,0,0,0,0
"27","NEF_GloFung-its1_8_2023",-40.9799,-71.5249,2,0,0,0,0,0,0
"28","NEF_GloFung-its1_8_2023",-40.9799,-71.5249,2,0,0,0,0,0,0
"29","NEF_GloFung-its1_8_2023",-40.9799,-71.5249,2,0,0,0,0,0,0
"30","NEF_GloFung-its1_8_2023",-40.9799,-71.5249,2,0,0,0,0,0,0
"31","NEF_GloFung-its1_8_2023",-40.9799,-71.5249,2,0,0,0,0,0,0
"32","NEF_GloFung-its1_8_2023",-40.9799,-71.5249,2,0,0,0,0,0,0
"33","NEF_GloFung-its1_8_2023",-40.9799,-71.5249,2,0,0,0,0,0,0
"34","NEF_GloFung-its1_8_2023",-40.9799,-71.5249,2,0,0,0,0,0,0
"35","NEF_GloFung-its1_8_2023",-40.9799,-71.5249,2,0,0,0,0,0,0
"36","NEF_GloFung-its1_9_2023",-41.3523,-71.517,2,497,573,315,1140,58,297
"37","NEF_GloFung-its1_9_2023",-41.3523,-71.517,2,497,573,315,1140,58,297
"38","NEF_GloFung-its1_9_2023",-41.3523,-71.517,2,497,573,315,1140,58,297
"39","NEF_GloFung-its1_9_2023",-41.3523,-71.517,2,497,573,315,1140,58,297
"40","NEF_GloFung-its1_9_2023",-41.3523,-71.517,2,497,573,315,1140,58,297
"41","NEF_GloFung-its1_9_2023",-41.3523,-71.517,2,497,573,315,1140,58,297
"42","NEF_GloFung-its1_9_2023",-41.3523,-71.517,2,497,573,315,1140,58,297
"43","NEF_GloFung-its1_9_2023",-41.3523,-71.517,2,497,573,315,1140,58,297
"44","NEF_GloFung-its1_9_2023",-41.3523,-71.517,2,497,573,315,1140,58,297
"45","NEF_GloFung-its1_9_2023",-41.3523,-71.517,2,497,573,315,1140,58,297
"46","NEF_GloFung-its1_9_2023",-41.3523,-71.517,2,497,573,315,1140,58,297
"47","NEF_GloFung-its1_9_2023",-41.3523,-71.517,2,497,573,315,1140,58,297
"48","NEF_GloFung-its1_9_2023",-41.3523,-71.517,2,497,573,315,1140,58,297
"49","NEF_GloFung-its1_9_2023",-41.3523,-71.517,2,497,573,315,1140,58,297
"50","NEF_GloFung-its1_6_2023",-41.1066,-71.5192,2,596,555,318,1338,59,279
"51","NEF_GloFung-its1_6_2023",-41.1066,-71.5192,2,596,555,318,1338,59,279
"52","NEF_GloFung-its1_6_2023",-41.1066,-71.5192,2,596,555,318,1338,59,279
"53","NEF_GloFung-its1_6_2023",-41.1066,-71.5192,2,596,555,318,1338,59,279
"54","NEF_GloFung-its1_6_2023",-41.1066,-71.5192,2,596,555,318,1338,59,279
"55","NEF_GloFung-its1_6_2023",-41.1066,-71.5192,2,596,555,318,1338,59,279
"56","NEF_GloFung-its1_6_2023",-41.1066,-71.5192,2,596,555,318,1338,59,279
"57","NEF_GloFung-its1_6_2023",-41.1066,-71.5192,2,596,555,318,1338,59,279
"58","NEF_GloFung-its1_6_2023",-41.1066,-71.5192,2,596,555,318,1338,59,279
"59","NEF_GloFung-its1_6_2023",-41.1066,-71.5192,2,596,555,318,1338,59,279
"60","NEF_GloFung-its1_6_2023",-41.1066,-71.5192,2,596,555,318,1338,59,279
"61","NEF_GloFung-its1_6_2023",-41.1066,-71.5192,2,596,555,318,1338,59,279
"62","NEF_GloFung-its1_6_2023",-41.1066,-71.5192,2,596,555,318,1338,59,279
"63","NEF_GloFung-its1_6_2023",-41.1066,-71.5192,2,596,555,318,1338,59,279
"64","NEF_GloFung-its1_10_2023",-40.7832,-71.6066,2,562,530,317,1317,55,300
"65","NEF_GloFung-its1_10_2023",-40.7832,-71.6066,2,562,530,317,1317,55,300
"66","NEF_GloFung-its1_10_2023",-40.7832,-71.6066,2,562,530,317,1317,55,300
"67","NEF_GloFung-its1_10_2023",-40.7832,-71.6066,2,562,530,317,1317,55,300
"68","NEF_GloFung-its1_10_2023",-40.7832,-71.6066,2,562,530,317,1317,55,300
"69","NEF_GloFung-its1_10_2023",-40.7832,-71.6066,2,562,530,317,1317,55,300
"70","NEF_GloFung-its1_10_2023",-40.7832,-71.6066,2,562,530,317,1317,55,300
"71","NEF_GloFung-its1_10_2023",-40.7832,-71.6066,2,562,530,317,1317,55,300
"72","NEF_GloFung-its1_10_2023",-40.7832,-71.6066,2,562,530,317,1317,55,300
"73","NEF_GloFung-its1_10_2023",-40.7832,-71.6066,2,562,530,317,1317,55,300
"74","NEF_GloFung-its1_10_2023",-40.7832,-71.6066,2,562,530,317,1317,55,300
"75","NEF_GloFung-its1_10_2023",-40.7832,-71.6066,2,562,530,317,1317,55,300
"76","NEF_GloFung-its1_10_2023",-40.7832,-71.6066,2,562,530,317,1317,55,300
"77","NEF_GloFung-its1_10_2023",-40.7832,-71.6066,2,562,530,317,1317,55,300
"78","NEF_GloFung-its1_11_2023",-41.6765,-71.4561,2,608,534,314,1269,58,353
"79","NEF_GloFung-its1_11_2023",-41.6765,-71.4561,2,608,534,314,1269,58,353
"80","NEF_GloFung-its1_11_2023",-41.6765,-71.4561,2,608,534,314,1269,58,353
"81","NEF_GloFung-its1_11_2023",-41.6765,-71.4561,2,608,534,314,1269,58,353
"82","NEF_GloFung-its1_11_2023",-41.6765,-71.4561,2,608,534,314,1269,58,353
"83","NEF_GloFung-its1_11_2023",-41.6765,-71.4561,2,608,534,314,1269,58,353
"84","NEF_GloFung-its1_11_2023",-41.6765,-71.4561,2,608,534,314,1269,58,353
"85","NEF_GloFung-its1_11_2023",-41.6765,-71.4561,2,608,534,314,1269,58,353
"86","NEF_GloFung-its1_11_2023",-41.6765,-71.4561,2,608,534,314,1269,58,353
"87","NEF_GloFung-its1_11_2023",-41.6765,-71.4561,2,608,534,314,1269,58,353
"88","NEF_GloFung-its1_11_2023",-41.6765,-71.4561,2,608,534,314,1269,58,353
"89","NEF_GloFung-its1_11_2023",-41.6765,-71.4561,2,608,534,314,1269,58,353
"90","NEF_GloFung-its1_11_2023",-41.6765,-71.4561,2,608,534,314,1269,58,353
"91","NEF_GloFung-its1_11_2023",-41.6765,-71.4561,2,608,534,314,1269,58,353
"92","NEF_GloFung-its1_11_2023",-41.6765,-71.4561,2,608,534,314,1269,58,353
"93","NEF_GloFung-its1_11_2023",-41.6765,-71.4561,2,608,534,314,1269,58,353
"94","NEF_GloFung-its1_11_2023",-41.6765,-71.4561,2,608,534,314,1269,58,353
"95","NEF_GloFung-its1_11_2023",-41.6765,-71.4561,2,608,534,314,1269,58,353
"96","NEF_GloFung-its1_11_2023",-41.6765,-71.4561,2,608,534,314,1269,58,353
"97","NEF_GloFung-its1_11_2023",-41.6765,-71.4561,2,608,534,314,1269,58,353
"98","NEF_GloFung-its1_11_2023",-41.6763,-71.4565,2,608,534,314,1269,58,353
"99","NEF_GloFung-its1_11_2023",-41.6763,-71.4565,2,608,534,314,1269,58,353
"100","NEF_GloFung-its1_11_2023",-41.6763,-71.4565,2,608,534,314,1269,58,353
"101","NEF_GloFung-its1_11_2023",-41.6763,-71.4565,2,608,534,314,1269,58,353
"102","NEF_GloFung-its1_11_2023",-41.6763,-71.4565,2,608,534,314,1269,58,353
"103","NEF_GloFung-its1_11_2023",-41.6763,-71.4565,2,608,534,314,1269,58,353
"104","NEF_GloFung-its1_11_2023",-41.6763,-71.4565,2,608,534,314,1269,58,353
"105","NEF_GloFung-its1_11_2023",-41.6763,-71.4565,2,608,534,314,1269,58,353
"106","NEF_GloFung-its1_11_2023",-41.6763,-71.4565,2,608,534,314,1269,58,353
"107","NEF_GloFung-its1_11_2023",-41.6763,-71.4565,2,608,534,314,1269,58,353
"108","NEF_GloFung-its1_11_2023",-41.6763,-71.4565,2,608,534,314,1269,58,353
"109","NEF_GloFung-its1_11_2023",-41.6763,-71.4565,2,608,534,314,1269,58,353
"110","NEF_GloFung-its1_11_2023",-41.6763,-71.4565,2,608,534,314,1269,58,353
"111","NEF_GloFung-its1_12_2023",-41.1388,-71.4311,2,536,612,280,1110,58,254
"112","NEF_GloFung-its1_12_2023",-41.1388,-71.4311,2,536,612,280,1110,58,254
"113","NEF_GloFung-its1_12_2023",-41.1388,-71.4311,2,536,612,280,1110,58,254
"114","NEF_GloFung-its1_12_2023",-41.1388,-71.4311,2,536,612,280,1110,58,254
"115","NEF_GloFung-its1_12_2023",-41.1388,-71.4311,2,536,612,280,1110,58,254
"116","NEF_GloFung-its1_12_2023",-41.1388,-71.4311,2,536,612,280,1110,58,254
"117","NEF_GloFung-its1_12_2023",-41.1388,-71.4311,2,536,612,280,1110,58,254
"118","NEF_GloFung-its1_12_2023",-41.1388,-71.4311,2,536,612,280,1110,58,254
"119","NEF_GloFung-its1_12_2023",-41.1388,-71.4311,2,536,612,280,1110,58,254
"120","NEF_GloFung-its1_12_2023",-41.1388,-71.4311,2,536,612,280,1110,58,254
"121","NEF_GloFung-its1_12_2023",-41.1388,-71.4311,2,536,612,280,1110,58,254
"122","NEF_GloFung-its1_12_2023",-41.1388,-71.4311,2,536,612,280,1110,58,254
"123","NEF_GloFung-its1_12_2023",-41.1388,-71.4311,2,536,612,280,1110,58,254
"124","NEF_GloFung-its1_12_2023",-41.1388,-71.4311,2,536,612,280,1110,58,254
"125","NEF_GloFung-its1_12_2023",-41.1388,-71.4311,2,536,612,280,1110,58,254
"126","NEF_GloFung-its1_12_2023",-41.1388,-71.4311,2,536,612,280,1110,58,254
"127","NEF_GloFung-its1_12_2023",-41.1388,-71.4311,2,536,612,280,1110,58,254
"128","NEF_GloFung-its1_13_2021",20.483,-97.5025,3,296,331,211,298,72,322
"129","NEF_GloFung-its1_13_2021",20.483,-97.5025,3,296,331,211,298,72,322
"130","NEF_GloFung-its1_13_2021",20.483,-97.5025,3,296,331,211,298,72,322
"131","NEF_GloFung-its1_13_2021",20.483,-97.5025,3,296,331,211,298,72,322
"132","NEF_GloFung-its1_13_2021",20.483,-97.5025,3,296,331,211,298,72,322
"133","NEF_GloFung-its1_14_2021",20.505,-97.8894,3,407,376,215,376,67,274
"134","NEF_GloFung-its1_14_2021",20.505,-97.8894,3,407,376,215,376,67,274
"135","NEF_GloFung-its1_14_2021",20.505,-97.8894,3,407,376,215,376,67,274
"136","NEF_GloFung-its1_14_2021",20.505,-97.8894,3,407,376,215,376,67,274
"137","NEF_GloFung-its1_14_2021",20.505,-97.8894,3,407,376,215,376,67,274
"138","NEF_GloFung-its1_14_2021",20.505,-97.8894,3,407,376,215,376,67,274
"139","NEF_GloFung-its1_14_2021",20.505,-97.8894,3,407,376,215,376,67,274
"140","NEF_GloFung-its1_15_2021",20.4169,-97.3022,3,435,407,212,493,58,286
"141","NEF_GloFung-its1_15_2021",20.4169,-97.3022,3,435,407,212,493,58,286
"142","NEF_GloFung-its1_15_2021",20.4169,-97.3022,3,435,407,212,493,58,286
"143","NEF_GloFung-its1_15_2021",20.4169,-97.3022,3,435,407,212,493,58,286
"144","NEF_GloFung-its1_15_2021",20.4169,-97.3022,3,435,407,212,493,58,286
"145","NEF_GloFung-its1_15_2021",20.4169,-97.3022,3,435,407,212,493,58,286
"146","NEF_GloFung-its1_15_2021",20.4169,-97.3022,3,435,407,212,493,58,286
"147","NEF_GloFung-its1_15_2021",20.4169,-97.3022,3,435,407,212,493,58,286
"148","NEF_GloFung-its1_16_2021",20.1791,-96.9036,3,509,271,247,491,64,438
"149","NEF_GloFung-its1_16_2021",20.1791,-96.9036,3,509,271,247,491,64,438
"150","NEF_GloFung-its1_16_2021",20.1791,-96.9036,3,509,271,247,491,64,438
"151","NEF_GloFung-its1_16_2021",20.1791,-96.9036,3,509,271,247,491,64,438
"152","NEF_GloFung-its1_16_2021",20.1791,-96.9036,3,509,271,247,491,64,438
"153","NEF_GloFung-its1_16_2021",20.1791,-96.9036,3,509,271,247,491,64,438
"154","NEF_GloFung-its1_16_2021",20.1791,-96.9036,3,509,271,247,491,64,438
"155","NEF_GloFung-its1_16_2021",20.1791,-96.9036,3,509,271,247,491,64,438
"156","NEF_GloFung-its1_17_2021",28.129,-81.716,4,1082,909,193,374,52,51
"157","NEF_GloFung-its1_17_2021",28.129,-81.716,4,1082,909,193,374,52,51
"158","NEF_GloFung-its1_17_2021",28.129,-81.716,4,1082,909,193,374,52,51
"159","NEF_GloFung-its1_17_2021",28.129,-81.716,4,1082,909,193,374,52,51
"160","NEF_GloFung-its1_17_2021",28.129,-81.716,4,1082,909,193,374,52,51
"161","NEF_GloFung-its1_17_2021",28.129,-81.716,4,1082,909,193,374,52,51
"162","NEF_GloFung-its1_17_2021",28.129,-81.716,4,1082,909,193,374,52,51
"163","NEF_GloFung-its1_17_2021",28.129,-81.716,4,1082,909,193,374,52,51
"164","NEF_GloFung-its1_17_2021",28.129,-81.716,4,1082,909,193,374,52,51
"165","NEF_GloFung-its1_17_2021",28.129,-81.716,4,1082,909,193,374,52,51
"166","NEF_GloFung-its1_17_2021",28.129,-81.716,4,1082,909,193,374,52,51
"167","NEF_GloFung-its1_17_2021",28.129,-81.716,4,1082,909,193,374,52,51
"168","NEF_GloFung-its1_17_2021",28.129,-81.716,4,1082,909,193,374,52,51
"169","NEF_GloFung-its1_17_2021",28.129,-81.716,4,1082,909,193,374,52,51
"170","NEF_GloFung-its1_17_2021",28.129,-81.716,4,1082,909,193,374,52,51
"171","NEF_GloFung-its1_17_2021",28.129,-81.716,4,1082,909,193,374,52,51
"172","NEF_GloFung-its1_17_2021",28.129,-81.716,4,1082,909,193,374,52,51
"173","NEF_GloFung-its1_17_2021",28.129,-81.716,4,1082,909,193,374,52,51
"174","NEF_GloFung-its1_17_2021",28.129,-81.716,4,1082,909,193,374,52,51
"175","NEF_GloFung-its1_17_2021",28.129,-81.716,4,1082,909,193,374,52,51
"176","NEF_GloFung-its1_17_2021",28.129,-81.716,4,1082,909,193,374,52,51
"177","NEF_GloFung-its1_17_2021",28.129,-81.716,4,1082,909,193,374,52,51
"178","NEF_GloFung-its1_17_2021",28.129,-81.716,4,1082,909,193,374,52,51
"179","NEF_GloFung-its1_17_2021",28.129,-81.716,4,1082,909,193,374,52,51
"180","NEF_GloFung-its1_17_2021",28.129,-81.716,4,1082,909,193,374,52,51
"181","NEF_GloFung-its1_17_2021",28.129,-81.716,4,1082,909,193,374,52,51
"182","NEF_GloFung-its1_17_2021",28.129,-81.716,4,1082,909,193,374,52,51
"183","NEF_GloFung-its1_17_2021",28.129,-81.716,4,1082,909,193,374,52,51
"184","NEF_GloFung-its1_17_2021",28.129,-81.716,4,1082,909,193,374,52,51
"185","NEF_GloFung-its1_17_2021",28.129,-81.716,4,1082,909,193,374,52,51
"186","NEF_GloFung-its1_17_2021",28.129,-81.716,4,1082,909,193,374,52,51
"187","NEF_GloFung-its1_17_2021",28.129,-81.716,4,1082,909,193,374,52,51
"188","NEF_GloFung-its1_17_2021",28.129,-81.716,4,1082,909,193,374,52,51
"189","NEF_GloFung-its1_17_2021",28.129,-81.716,4,1082,909,193,374,52,51
"190","NEF_GloFung-its1_17_2021",28.129,-81.716,4,1082,909,193,374,52,51
"191","NEF_GloFung-its1_17_2021",28.129,-81.716,4,1082,909,193,374,52,51
"192","NEF_GloFung-its1_18_2018",-51.307525,-60.226703,5,720,480,360,909,63,267
"193","NEF_GloFung-its1_18_2018",-51.307525,-60.226703,5,720,480,360,909,63,267
"194","NEF_GloFung-its1_19_2018",-51.308797,-60.236472,5,696,528,355,887,65,251
"195","NEF_GloFung-its1_19_2018",-51.308797,-60.236472,5,696,528,355,887,65,251
"196","NEF_GloFung-its1_19_2018",-51.308797,-60.236472,5,696,528,355,887,65,251
"197","NEF_GloFung-its1_20_2018",-51.307922,-60.233506,5,718,521,353,900,65,239
"198","NEF_GloFung-its1_20_2018",-51.307922,-60.233506,5,718,521,353,900,65,239
"199","NEF_GloFung-its1_20_2018",-51.307922,-60.233506,5,718,521,353,900,65,239
"200","NEF_GloFung-its1_21_2018",-51.307547,-60.237472,5,696,528,355,887,65,251
"201","NEF_GloFung-its1_21_2018",-51.307547,-60.237472,5,696,528,355,887,65,251
"202","NEF_GloFung-its1_21_2018",-51.307547,-60.237472,5,696,528,355,887,65,251
"203","NEF_GloFung-its1_19_2018",-51.308519,-60.236383,5,696,528,355,887,65,251
"204","NEF_GloFung-its1_19_2018",-51.308519,-60.236383,5,696,528,355,887,65,251
"205","NEF_GloFung-its1_19_2018",-51.308519,-60.236383,5,696,528,355,887,65,251
"206","NEF_GloFung-its1_22_2018",-51.307453,-60.222119,5,717,481,357,892,62,250
"207","NEF_GloFung-its1_22_2018",-51.307453,-60.222119,5,717,481,357,892,62,250
"208","NEF_GloFung-its1_22_2018",-51.307453,-60.222119,5,717,481,357,892,62,250
"209","NEF_GloFung-its1_23_2013",32.966667,-90.733333,6,540,92,288,786,58,473
"210","NEF_GloFung-its1_23_2013",32.966667,-90.733333,6,540,92,288,786,58,473
"211","NEF_GloFung-its1_23_2013",32.966667,-90.733333,6,540,92,288,786,58,473
"212","NEF_GloFung-its1_23_2013",32.966667,-90.733333,6,540,92,288,786,58,473
"213","NEF_GloFung-its1_24_2021",33.014913,-117.281737,7,0,0,0,0,0,0
"214","NEF_GloFung-its1_25_2021",33.000836,-117.278305,7,0,0,0,0,0,0
"215","NEF_GloFung-its1_26_2021",32.995359,-117.275675,7,0,0,0,0,0,0
"216","NEF_GloFung-its1_27_2021",32.992665,-117.275115,7,0,0,0,0,0,0
"217","NEF_GloFung-its1_28_2021",32.897725,-117.080372,7,424,400,202,407,66,352
"218","NEF_GloFung-its1_29_2021",32.898931,-117.074229,7,413,430,202,280,66,333
"219","NEF_GloFung-its1_29_2021",32.898939,-117.07424,7,413,430,202,280,66,333
"220","NEF_GloFung-its1_29_2021",32.898847,-117.074433,7,413,430,202,280,66,333
"221","NEF_GloFung-its1_30_2021",32.893948,-117.094633,7,0,0,0,0,0,0
"222","NEF_GloFung-its1_30_2021",32.893427,-117.094595,7,0,0,0,0,0,0
"223","NEF_GloFung-its1_31_2021",32.87572,-117.249609,7,0,0,0,0,0,0
"224","NEF_GloFung-its1_32_2021",32.876521,-117.249224,7,0,0,0,0,0,0
"225","NEF_GloFung-its1_32_2021",32.87688,-117.24864,7,0,0,0,0,0,0
"226","NEF_GloFung-its1_33_2021",32.876289,-117.247355,7,0,0,0,0,0,0
"227","NEF_GloFung-its1_33_2021",32.876018,-117.247311,7,0,0,0,0,0,0
"228","NEF_GloFung-its1_34_2021",32.925432,-117.259451,7,0,0,0,0,0,0
"229","NEF_GloFung-its1_35_2021",32.928249,-117.257244,7,422,421,217,662,69,341
"230","NEF_GloFung-its1_36_2021",32.795369,-117.227934,7,0,0,0,0,0,0
"231","NEF_GloFung-its1_36_2021",32.794706,-117.228152,7,0,0,0,0,0,0
"232","NEF_GloFung-its1_37_2021",32.781087,-117.25379,7,0,0,0,0,0,0
"233","NEF_GloFung-its1_38_2021",32.759258,-117.254266,7,0,0,0,0,0,0
"234","NEF_GloFung-its1_39_2021",33.148582,-117.249738,7,528,444,157,571,68,331
"235","NEF_GloFung-its1_40_2021",32.846362,-117.234297,7,391,534,192,421,70,302
"236","NEF_GloFung-its1_41_2021",32.849619,-117.23275,7,474,541,196,594,67,295
"237","NEF_GloFung-its1_42_2021",32.853963,-117.229718,7,455,541,195,410,68,292
"238","NEF_GloFung-its1_43_2022",-23.51267697,-70.56270724,8,274,678,157,313,79,194
"239","NEF_GloFung-its1_43_2022",-23.51267697,-70.56270724,8,274,678,157,313,79,194
"240","NEF_GloFung-its1_44_2022",-23.51471715,-70.56187934,8,279,674,157,298,79,204
"241","NEF_GloFung-its1_44_2022",-23.51471715,-70.56187934,8,279,674,157,298,79,204
"242","NEF_GloFung-its1_45_2022",-23.51610219,-70.56244409,8,279,674,157,298,79,204
"243","NEF_GloFung-its1_45_2022",-23.51610219,-70.56244409,8,279,674,157,298,79,204
"244","NEF_GloFung-its1_46_2022",-23.51788532,-70.56203424,8,270,662,146,318,78,219
"245","NEF_GloFung-its1_46_2022",-23.51788532,-70.56203424,8,270,662,146,318,78,219
"246","NEF_GloFung-its1_47_2022",-23.51942779,-70.56220913,8,281,663,143,305,78,216
"247","NEF_GloFung-its1_47_2022",-23.51942779,-70.56220913,8,281,663,143,305,78,216
"248","NEF_GloFung-its1_48_2022",-23.52114477,-70.56209229,8,281,663,143,305,78,216
"249","NEF_GloFung-its1_48_2022",-23.52114477,-70.56209229,8,281,663,143,305,78,216
"250","NEF_GloFung-its1_49_2022",-23.52370041,-70.56119207,8,267,652,154,280,78,235
"251","NEF_GloFung-its1_49_2022",-23.52370041,-70.56119207,8,267,652,154,280,78,235
"252","NEF_GloFung-its1_50_2021",17.581064,-96.401436,9,663,439,188,1033,54,271
"253","NEF_GloFung-its1_50_2021",17.581064,-96.401436,9,663,439,188,1033,54,271
"254","NEF_GloFung-its1_50_2021",17.581064,-96.401436,9,663,439,188,1033,54,271
"255","NEF_GloFung-its1_51_2021",17.588444,-96.399361,9,598,408,192,1087,51,285
"256","NEF_GloFung-its1_51_2021",17.588444,-96.399361,9,598,408,192,1087,51,285
"257","NEF_GloFung-its1_51_2021",17.588444,-96.399361,9,598,408,192,1087,51,285
"258","NEF_GloFung-its1_52_2021",17.583433,-96.3935,9,609,411,192,1098,52,276
"259","NEF_GloFung-its1_52_2021",17.583433,-96.3935,9,609,411,192,1098,52,276
"260","NEF_GloFung-its1_52_2021",17.583433,-96.3935,9,609,411,192,1098,52,276
"261","NEF_GloFung-its1_53_2022",28.11,-81.71,4,1557,908,191,663,53,47
"262","NEF_GloFung-its1_53_2022",28.11,-81.71,4,1557,908,191,663,53,47
"263","NEF_GloFung-its1_53_2022",28.11,-81.71,4,1557,908,191,663,53,47
"264","NEF_GloFung-its1_53_2022",28.11,-81.71,4,1557,908,191,663,53,47
"265","NEF_GloFung-its1_53_2022",28.11,-81.71,4,1557,908,191,663,53,47
"266","NEF_GloFung-its1_53_2022",28.11,-81.71,4,1557,908,191,663,53,47
"267","NEF_GloFung-its1_53_2022",28.11,-81.71,4,1557,908,191,663,53,47
"268","NEF_GloFung-its1_53_2022",28.11,-81.71,4,1557,908,191,663,53,47
"269","NEF_GloFung-its1_53_2022",28.11,-81.71,4,1557,908,191,663,53,47
"270","NEF_GloFung-its1_53_2022",28.11,-81.71,4,1557,908,191,663,53,47
"271","NEF_GloFung-its1_53_2022",28.11,-81.71,4,1557,908,191,663,53,47
"272","NEF_GloFung-its1_53_2022",28.11,-81.71,4,1557,908,191,663,53,47
"273","NEF_GloFung-its1_53_2022",28.11,-81.71,4,1557,908,191,663,53,47
"274","NEF_GloFung-its1_53_2022",28.11,-81.71,4,1557,908,191,663,53,47
"275","NEF_GloFung-its1_53_2022",28.11,-81.71,4,1557,908,191,663,53,47
"276","NEF_GloFung-its1_53_2022",28.11,-81.71,4,1557,908,191,663,53,47
"277","NEF_GloFung-its1_53_2022",28.11,-81.71,4,1557,908,191,663,53,47
"278","NEF_GloFung-its1_53_2022",28.11,-81.71,4,1557,908,191,663,53,47
"279","NEF_GloFung-its1_53_2022",28.11,-81.71,4,1557,908,191,663,53,47
"280","NEF_GloFung-its1_53_2022",28.11,-81.71,4,1557,908,191,663,53,47
"281","NEF_GloFung-its1_53_2022",28.11,-81.71,4,1557,908,191,663,53,47
"282","NEF_GloFung-its1_53_2022",28.11,-81.71,4,1557,908,191,663,53,47
"283","NEF_GloFung-its1_53_2022",28.11,-81.71,4,1557,908,191,663,53,47
"284","NEF_GloFung-its1_53_2022",28.11,-81.71,4,1557,908,191,663,53,47
"285","NEF_GloFung-its1_53_2022",28.11,-81.71,4,1557,908,191,663,53,47
"286","NEF_GloFung-its1_53_2022",28.11,-81.71,4,1557,908,191,663,53,47
"287","NEF_GloFung-its1_53_2022",28.11,-81.71,4,1557,908,191,663,53,47
"288","NEF_GloFung-its1_53_2022",28.11,-81.71,4,1557,908,191,663,53,47
"289","NEF_GloFung-its1_53_2022",28.11,-81.71,4,1557,908,191,663,53,47
"290","NEF_GloFung-its1_53_2022",28.11,-81.71,4,1557,908,191,663,53,47
"291","NEF_GloFung-its1_53_2022",28.11,-81.71,4,1557,908,191,663,53,47
"292","NEF_GloFung-its1_53_2022",28.11,-81.71,4,1557,908,191,663,53,47
"293","NEF_GloFung-its1_53_2022",28.11,-81.71,4,1557,908,191,663,53,47
"294","NEF_GloFung-its1_53_2022",28.11,-81.71,4,1557,908,191,663,53,47
"295","NEF_GloFung-its1_53_2022",28.11,-81.71,4,1557,908,191,663,53,47
"296","NEF_GloFung-its1_53_2022",28.11,-81.71,4,1557,908,191,663,53,47
"297","NEF_GloFung-its1_53_2022",28.11,-81.71,4,1557,908,191,663,53,47
"298","NEF_GloFung-its1_53_2022",28.11,-81.71,4,1557,908,191,663,53,47
"299","NEF_GloFung-its1_53_2022",28.11,-81.71,4,1557,908,191,663,53,47
"300","NEF_GloFung-its1_53_2022",28.11,-81.71,4,1557,908,191,663,53,47
"301","NEF_GloFung-its1_53_2022",28.11,-81.71,4,1557,908,191,663,53,47
"302","NEF_GloFung-its1_53_2022",28.11,-81.71,4,1557,908,191,663,53,47
"303","NEF_GloFung-its1_53_2022",28.11,-81.71,4,1557,908,191,663,53,47
"304","NEF_GloFung-its1_53_2022",28.11,-81.71,4,1557,908,191,663,53,47
"305","NEF_GloFung-its1_53_2022",28.11,-81.71,4,1557,908,191,663,53,47
"306","NEF_GloFung-its1_53_2022",28.11,-81.71,4,1557,908,191,663,53,47
"307","NEF_GloFung-its1_53_2022",28.11,-81.71,4,1557,908,191,663,53,47
"308","NEF_GloFung-its1_53_2022",28.11,-81.71,4,1557,908,191,663,53,47
"309","NEF_GloFung-its1_53_2022",28.11,-81.71,4,1557,908,191,663,53,47
"310","NEF_GloFung-its1_53_2022",28.11,-81.71,4,1557,908,191,663,53,47
"311","NEF_GloFung-its1_53_2022",28.11,-81.71,4,1557,908,191,663,53,47
"312","NEF_GloFung-its1_53_2022",28.11,-81.71,4,1557,908,191,663,53,47
"313","NEF_GloFung-its1_53_2022",28.11,-81.71,4,1557,908,191,663,53,47
"314","NEF_GloFung-its1_53_2022",28.11,-81.71,4,1557,908,191,663,53,47
"315","NEF_GloFung-its1_53_2022",28.11,-81.71,4,1557,908,191,663,53,47
"316","NEF_GloFung-its1_53_2022",28.11,-81.71,4,1557,908,191,663,53,47
"317","NEF_GloFung-its1_53_2022",28.11,-81.71,4,1557,908,191,663,53,47
"318","NEF_GloFung-its1_53_2022",28.11,-81.71,4,1557,908,191,663,53,47
"319","NEF_GloFung-its1_53_2022",28.11,-81.71,4,1557,908,191,663,53,47
"320","NEF_GloFung-its1_53_2022",28.11,-81.71,4,1557,908,191,663,53,47
"321","NEF_GloFung-its1_53_2022",28.11,-81.71,4,1557,908,191,663,53,47
"322","NEF_GloFung-its1_53_2022",28.11,-81.71,4,1557,908,191,663,53,47
"323","NEF_GloFung-its1_53_2022",28.11,-81.71,4,1557,908,191,663,53,47
"324","NEF_GloFung-its1_53_2022",28.11,-81.71,4,1557,908,191,663,53,47
"325","NEF_GloFung-its1_53_2022",28.11,-81.71,4,1557,908,191,663,53,47
"326","NEF_GloFung-its1_53_2022",28.11,-81.71,4,1557,908,191,663,53,47
"327","NEF_GloFung-its1_53_2022",28.11,-81.71,4,1557,908,191,663,53,47
"328","NEF_GloFung-its1_53_2022",28.11,-81.71,4,1557,908,191,663,53,47
"329","NEF_GloFung-its1_53_2022",28.11,-81.71,4,1557,908,191,663,53,47
"330","NEF_GloFung-its1_53_2022",28.11,-81.71,4,1557,908,191,663,53,47
"331","NEF_GloFung-its1_53_2022",28.11,-81.71,4,1557,908,191,663,53,47
"332","NEF_GloFung-its1_53_2022",28.11,-81.71,4,1557,908,191,663,53,47
"333","NEF_GloFung-its1_53_2022",28.11,-81.71,4,1557,908,191,663,53,47
"334","NEF_GloFung-its1_53_2022",28.11,-81.71,4,1557,908,191,663,53,47
"335","NEF_GloFung-its1_53_2022",28.11,-81.71,4,1557,908,191,663,53,47
"336","NEF_GloFung-its1_53_2022",28.11,-81.71,4,1557,908,191,663,53,47
"337","NEF_GloFung-its1_53_2022",28.11,-81.71,4,1557,908,191,663,53,47
"338","NEF_GloFung-its1_53_2022",28.11,-81.71,4,1557,908,191,663,53,47
"339","NEF_GloFung-its1_53_2022",28.11,-81.71,4,1557,908,191,663,53,47
"340","NEF_GloFung-its1_53_2022",28.11,-81.71,4,1557,908,191,663,53,47
"341","NEF_GloFung-its1_54_2020",-31.4519,-68.7087167,10,82,508,172,99,81,326
"342","NEF_GloFung-its1_54_2020",-31.4519,-68.7087167,10,82,508,172,99,81,326
"343","NEF_GloFung-its1_54_2020",-31.4519,-68.7087167,10,82,508,172,99,81,326
"344","NEF_GloFung-its1_54_2020",-31.4519,-68.7087167,10,82,508,172,99,81,326
"345","NEF_GloFung-its1_54_2020",-31.4519,-68.7087167,10,82,508,172,99,81,326
"346","NEF_GloFung-its1_54_2020",-31.4519,-68.7087167,10,82,508,172,99,81,326
"347","NEF_GloFung-its1_54_2020",-31.4519,-68.7087167,10,82,508,172,99,81,326
"348","NEF_GloFung-its1_54_2020",-31.4519,-68.7087167,10,82,508,172,99,81,326
"349","NEF_GloFung-its1_54_2020",-31.4519,-68.7087167,10,82,508,172,99,81,326
"350","NEF_GloFung-its1_54_2020",-31.4519,-68.7087167,10,82,508,172,99,81,326
"351","NEF_GloFung-its1_54_2020",-31.4519,-68.7087167,10,82,508,172,99,81,326
"352","NEF_GloFung-its1_54_2020",-31.4519,-68.7087167,10,82,508,172,99,81,326
"353","NEF_GloFung-its1_54_2020",-31.4519,-68.7087167,10,82,508,172,99,81,326
"354","NEF_GloFung-its1_54_2020",-31.4519,-68.7087167,10,82,508,172,99,81,326
"355","NEF_GloFung-its1_54_2020",-31.4519,-68.7087167,10,82,508,172,99,81,326
"356","NEF_GloFung-its1_54_2020",-31.4519,-68.7087167,10,82,508,172,99,81,326
"357","NEF_GloFung-its1_54_2020",-31.4519,-68.7087167,10,82,508,172,99,81,326
"358","NEF_GloFung-its1_55_2020",-31.47345,-68.7581,10,110,537,179,102,81,302
"359","NEF_GloFung-its1_55_2020",-31.47345,-68.7581,10,110,537,179,102,81,302
"360","NEF_GloFung-its1_55_2020",-31.47345,-68.7581,10,110,537,179,102,81,302
"361","NEF_GloFung-its1_55_2020",-31.47345,-68.7581,10,110,537,179,102,81,302
"362","NEF_GloFung-its1_55_2020",-31.47345,-68.7581,10,110,537,179,102,81,302
"363","NEF_GloFung-its1_55_2020",-31.47345,-68.7581,10,110,537,179,102,81,302
"364","NEF_GloFung-its1_55_2020",-31.47345,-68.7581,10,110,537,179,102,81,302
"365","NEF_GloFung-its1_55_2020",-31.47345,-68.7581,10,110,537,179,102,81,302
"366","NEF_GloFung-its1_55_2020",-31.47345,-68.7581,10,110,537,179,102,81,302
"367","NEF_GloFung-its1_55_2020",-31.47345,-68.7581,10,110,537,179,102,81,302
"368","NEF_GloFung-its1_55_2020",-31.47345,-68.7581,10,110,537,179,102,81,302
"369","NEF_GloFung-its1_55_2020",-31.47345,-68.7581,10,110,537,179,102,81,302
"370","NEF_GloFung-its1_55_2020",-31.47345,-68.7581,10,110,537,179,102,81,302
"371","NEF_GloFung-its1_55_2020",-31.47345,-68.7581,10,110,537,179,102,81,302
"372","NEF_GloFung-its1_55_2020",-31.47345,-68.7581,10,110,537,179,102,81,302
"373","NEF_GloFung-its1_56_2021",4.8764,-52.2608,11,482,328,208,682,49,328
"374","NEF_GloFung-its1_56_2021",4.8764,-52.2608,11,482,328,208,682,49,328
"375","NEF_GloFung-its1_56_2021",4.8764,-52.2608,11,482,328,208,682,49,328
"376","NEF_GloFung-its1_56_2021",4.8764,-52.2608,11,482,328,208,682,49,328
"377","NEF_GloFung-its1_56_2021",4.8764,-52.2608,11,482,328,208,682,49,328
"378","NEF_GloFung-its1_56_2021",4.8764,-52.2608,11,482,328,208,682,49,328
"379","NEF_GloFung-its1_56_2021",4.8764,-52.2608,11,482,328,208,682,49,328
"380","NEF_GloFung-its1_56_2021",4.8764,-52.2608,11,482,328,208,682,49,328
"381","NEF_GloFung-its1_56_2021",4.8764,-52.2608,11,482,328,208,682,49,328
"382","NEF_GloFung-its1_56_2021",4.8764,-52.2608,11,482,328,208,682,49,328
"383","NEF_GloFung-its1_56_2021",4.8764,-52.2608,11,482,328,208,682,49,328
"384","NEF_GloFung-its1_56_2021",4.8764,-52.2608,11,482,328,208,682,49,328
"385","NEF_GloFung-its1_56_2021",4.8764,-52.2608,11,482,328,208,682,49,328
"386","NEF_GloFung-its1_56_2021",4.8764,-52.2608,11,482,328,208,682,49,328
"387","NEF_GloFung-its1_56_2021",4.8764,-52.2608,11,482,328,208,682,49,328
"388","NEF_GloFung-its1_56_2021",4.8764,-52.2608,11,482,328,208,682,49,328
"389","NEF_GloFung-its1_56_2021",4.8764,-52.2608,11,482,328,208,682,49,328
"390","NEF_GloFung-its1_56_2021",4.8764,-52.2608,11,482,328,208,682,49,328
"391","NEF_GloFung-its1_56_2021",4.8764,-52.2608,11,482,328,208,682,49,328
"392","NEF_GloFung-its1_56_2021",4.8764,-52.2608,11,482,328,208,682,49,328
"393","NEF_GloFung-its1_56_2021",4.8764,-52.2608,11,482,328,208,682,49,328
"394","NEF_GloFung-its1_56_2021",4.8764,-52.2608,11,482,328,208,682,49,328
"395","NEF_GloFung-its1_56_2021",4.8764,-52.2608,11,482,328,208,682,49,328
"396","NEF_GloFung-its1_56_2021",4.8764,-52.2608,11,482,328,208,682,49,328
"397","NEF_GloFung-its1_56_2021",4.8764,-52.2608,11,482,328,208,682,49,328
"398","NEF_GloFung-its1_56_2021",4.8764,-52.2608,11,482,328,208,682,49,328
"399","NEF_GloFung-its1_56_2021",4.8764,-52.2608,11,482,328,208,682,49,328
"400","NEF_GloFung-its1_56_2021",4.8764,-52.2608,11,482,328,208,682,49,328
"401","NEF_GloFung-its1_56_2021",4.8764,-52.2608,11,482,328,208,682,49,328
"402","NEF_GloFung-its1_56_2021",4.8764,-52.2608,11,482,328,208,682,49,328
"403","NEF_GloFung-its1_56_2021",4.8764,-52.2608,11,482,328,208,682,49,328
"404","NEF_GloFung-its1_56_2021",4.8764,-52.2608,11,482,328,208,682,49,328
"405","NEF_GloFung-its1_57_2021",4.9116,-52.25897,11,0,0,0,0,0,0
"406","NEF_GloFung-its1_57_2021",4.9116,-52.25897,11,0,0,0,0,0,0
"407","NEF_GloFung-its1_57_2021",4.9116,-52.25897,11,0,0,0,0,0,0
"408","NEF_GloFung-its1_57_2021",4.9116,-52.25897,11,0,0,0,0,0,0
"409","NEF_GloFung-its1_57_2021",4.9116,-52.25897,11,0,0,0,0,0,0
"410","NEF_GloFung-its1_57_2021",4.9116,-52.25897,11,0,0,0,0,0,0
"411","NEF_GloFung-its1_57_2021",4.9116,-52.25897,11,0,0,0,0,0,0
"412","NEF_GloFung-its1_57_2021",4.9116,-52.25897,11,0,0,0,0,0,0
"413","NEF_GloFung-its1_57_2021",4.9116,-52.25897,11,0,0,0,0,0,0
"414","NEF_GloFung-its1_57_2021",4.9116,-52.25897,11,0,0,0,0,0,0
"415","NEF_GloFung-its1_57_2021",4.9116,-52.25897,11,0,0,0,0,0,0
"416","NEF_GloFung-its1_57_2021",4.9116,-52.25897,11,0,0,0,0,0,0
"417","NEF_GloFung-its1_57_2021",4.9116,-52.25897,11,0,0,0,0,0,0
"418","NEF_GloFung-its1_57_2021",4.9116,-52.25897,11,0,0,0,0,0,0
"419","NEF_GloFung-its1_57_2021",4.9116,-52.25897,11,0,0,0,0,0,0
"420","NEF_GloFung-its1_57_2021",4.9116,-52.25897,11,0,0,0,0,0,0
"421","NEF_GloFung-its1_57_2021",4.9116,-52.25897,11,0,0,0,0,0,0
"422","NEF_GloFung-its1_57_2021",4.9116,-52.25897,11,0,0,0,0,0,0
"423","NEF_GloFung-its1_57_2021",4.9116,-52.25897,11,0,0,0,0,0,0
"424","NEF_GloFung-its1_57_2021",4.9116,-52.25897,11,0,0,0,0,0,0
"425","NEF_GloFung-its1_57_2021",4.9116,-52.25897,11,0,0,0,0,0,0
"426","NEF_GloFung-its1_57_2021",4.9116,-52.25897,11,0,0,0,0,0,0
"427","NEF_GloFung-its1_57_2021",4.9116,-52.25897,11,0,0,0,0,0,0
"428","NEF_GloFung-its1_57_2021",4.9116,-52.25897,11,0,0,0,0,0,0
"429","NEF_GloFung-its1_57_2021",4.9116,-52.25897,11,0,0,0,0,0,0
"430","NEF_GloFung-its1_57_2021",4.9116,-52.25897,11,0,0,0,0,0,0
"431","NEF_GloFung-its1_57_2021",4.9116,-52.25897,11,0,0,0,0,0,0
"432","NEF_GloFung-its1_57_2021",4.9116,-52.25897,11,0,0,0,0,0,0
"433","NEF_GloFung-its1_57_2021",4.9116,-52.25897,11,0,0,0,0,0,0
"434","NEF_GloFung-its1_57_2021",4.9116,-52.25897,11,0,0,0,0,0,0
"435","NEF_GloFung-its1_57_2021",4.9116,-52.25897,11,0,0,0,0,0,0
"436","NEF_GloFung-its1_57_2021",4.9116,-52.25897,11,0,0,0,0,0,0
"437","NEF_GloFung-its1_58_2021",4.56847,-52.17876,11,371,298,197,712,46,362
"438","NEF_GloFung-its1_58_2021",4.56847,-52.17876,11,371,298,197,712,46,362
"439","NEF_GloFung-its1_58_2021",4.56847,-52.17876,11,371,298,197,712,46,362
"440","NEF_GloFung-its1_58_2021",4.56847,-52.17876,11,371,298,197,712,46,362
"441","NEF_GloFung-its1_58_2021",4.56847,-52.17876,11,371,298,197,712,46,362
"442","NEF_GloFung-its1_58_2021",4.56847,-52.17876,11,371,298,197,712,46,362
"443","NEF_GloFung-its1_58_2021",4.56847,-52.17876,11,371,298,197,712,46,362
"444","NEF_GloFung-its1_58_2021",4.56847,-52.17876,11,371,298,197,712,46,362
"445","NEF_GloFung-its1_58_2021",4.56847,-52.17876,11,371,298,197,712,46,362
"446","NEF_GloFung-its1_58_2021",4.56847,-52.17876,11,371,298,197,712,46,362
"447","NEF_GloFung-its1_58_2021",4.56847,-52.17876,11,371,298,197,712,46,362
"448","NEF_GloFung-its1_58_2021",4.56847,-52.17876,11,371,298,197,712,46,362
"449","NEF_GloFung-its1_58_2021",4.56847,-52.17876,11,371,298,197,712,46,362
"450","NEF_GloFung-its1_58_2021",4.56847,-52.17876,11,371,298,197,712,46,362
"451","NEF_GloFung-its1_58_2021",4.56847,-52.17876,11,371,298,197,712,46,362
"452","NEF_GloFung-its1_58_2021",4.56847,-52.17876,11,371,298,197,712,46,362
"453","NEF_GloFung-its1_58_2021",4.56847,-52.17876,11,371,298,197,712,46,362
"454","NEF_GloFung-its1_58_2021",4.56847,-52.17876,11,371,298,197,712,46,362
"455","NEF_GloFung-its1_58_2021",4.56847,-52.17876,11,371,298,197,712,46,362
"456","NEF_GloFung-its1_58_2021",4.56847,-52.17876,11,371,298,197,712,46,362
"457","NEF_GloFung-its1_58_2021",4.56847,-52.17876,11,371,298,197,712,46,362
"458","NEF_GloFung-its1_58_2021",4.56847,-52.17876,11,371,298,197,712,46,362
"459","NEF_GloFung-its1_58_2021",4.56847,-52.17876,11,371,298,197,712,46,362
"460","NEF_GloFung-its1_58_2021",4.56847,-52.17876,11,371,298,197,712,46,362
"461","NEF_GloFung-its1_58_2021",4.56847,-52.17876,11,371,298,197,712,46,362
"462","NEF_GloFung-its1_58_2021",4.56847,-52.17876,11,371,298,197,712,46,362
"463","NEF_GloFung-its1_58_2021",4.56847,-52.17876,11,371,298,197,712,46,362
"464","NEF_GloFung-its1_58_2021",4.56847,-52.17876,11,371,298,197,712,46,362
"465","NEF_GloFung-its1_58_2021",4.56847,-52.17876,11,371,298,197,712,46,362
"466","NEF_GloFung-its1_58_2021",4.56847,-52.17876,11,371,298,197,712,46,362
"467","NEF_GloFung-its1_58_2021",4.56847,-52.17876,11,371,298,197,712,46,362
"468","NEF_GloFung-its1_58_2021",4.56847,-52.17876,11,371,298,197,712,46,362
"469","NEF_GloFung-its1_59_2021",4.48035,-52.42752,11,417,356,172,628,46,303
"470","NEF_GloFung-its1_59_2021",4.48035,-52.42752,11,417,356,172,628,46,303
"471","NEF_GloFung-its1_59_2021",4.48035,-52.42752,11,417,356,172,628,46,303
"472","NEF_GloFung-its1_59_2021",4.48035,-52.42752,11,417,356,172,628,46,303
"473","NEF_GloFung-its1_59_2021",4.48035,-52.42752,11,417,356,172,628,46,303
"474","NEF_GloFung-its1_59_2021",4.48035,-52.42752,11,417,356,172,628,46,303
"475","NEF_GloFung-its1_59_2021",4.48035,-52.42752,11,417,356,172,628,46,303
"476","NEF_GloFung-its1_59_2021",4.48035,-52.42752,11,417,356,172,628,46,303
"477","NEF_GloFung-its1_59_2021",4.48035,-52.42752,11,417,356,172,628,46,303
"478","NEF_GloFung-its1_59_2021",4.48035,-52.42752,11,417,356,172,628,46,303
"479","NEF_GloFung-its1_59_2021",4.48035,-52.42752,11,417,356,172,628,46,303
"480","NEF_GloFung-its1_59_2021",4.48035,-52.42752,11,417,356,172,628,46,303
"481","NEF_GloFung-its1_59_2021",4.48035,-52.42752,11,417,356,172,628,46,303
"482","NEF_GloFung-its1_59_2021",4.48035,-52.42752,11,417,356,172,628,46,303
"483","NEF_GloFung-its1_59_2021",4.48035,-52.42752,11,417,356,172,628,46,303
"484","NEF_GloFung-its1_59_2021",4.48035,-52.42752,11,417,356,172,628,46,303
"485","NEF_GloFung-its1_59_2021",4.48035,-52.42752,11,417,356,172,628,46,303
"486","NEF_GloFung-its1_59_2021",4.48035,-52.42752,11,417,356,172,628,46,303
"487","NEF_GloFung-its1_59_2021",4.48035,-52.42752,11,417,356,172,628,46,303
"488","NEF_GloFung-its1_59_2021",4.48035,-52.42752,11,417,356,172,628,46,303
"489","NEF_GloFung-its1_59_2021",4.48035,-52.42752,11,417,356,172,628,46,303
"490","NEF_GloFung-its1_59_2021",4.48035,-52.42752,11,417,356,172,628,46,303
"491","NEF_GloFung-its1_59_2021",4.48035,-52.42752,11,417,356,172,628,46,303
"492","NEF_GloFung-its1_59_2021",4.48035,-52.42752,11,417,356,172,628,46,303
"493","NEF_GloFung-its1_59_2021",4.48035,-52.42752,11,417,356,172,628,46,303
"494","NEF_GloFung-its1_59_2021",4.48035,-52.42752,11,417,356,172,628,46,303
"495","NEF_GloFung-its1_59_2021",4.48035,-52.42752,11,417,356,172,628,46,303
"496","NEF_GloFung-its1_59_2021",4.48035,-52.42752,11,417,356,172,628,46,303
"497","NEF_GloFung-its1_59_2021",4.48035,-52.42752,11,417,356,172,628,46,303
"498","NEF_GloFung-its1_59_2021",4.48035,-52.42752,11,417,356,172,628,46,303
"499","NEF_GloFung-its1_59_2021",4.48035,-52.42752,11,417,356,172,628,46,303
"500","NEF_GloFung-its1_59_2021",4.48035,-52.42752,11,417,356,172,628,46,303
"501","NEF_GloFung-its1_60_2021",4.93856,-52.28857,11,447,230,257,697,51,393
"502","NEF_GloFung-its1_60_2021",4.93856,-52.28857,11,447,230,257,697,51,393
"503","NEF_GloFung-its1_60_2021",4.93856,-52.28857,11,447,230,257,697,51,393
"504","NEF_GloFung-its1_60_2021",4.93856,-52.28857,11,447,230,257,697,51,393
"505","NEF_GloFung-its1_60_2021",4.93856,-52.28857,11,447,230,257,697,51,393
"506","NEF_GloFung-its1_60_2021",4.93856,-52.28857,11,447,230,257,697,51,393
"507","NEF_GloFung-its1_60_2021",4.93856,-52.28857,11,447,230,257,697,51,393
"508","NEF_GloFung-its1_60_2021",4.93856,-52.28857,11,447,230,257,697,51,393
"509","NEF_GloFung-its1_60_2021",4.93856,-52.28857,11,447,230,257,697,51,393
"510","NEF_GloFung-its1_60_2021",4.93856,-52.28857,11,447,230,257,697,51,393
"511","NEF_GloFung-its1_60_2021",4.93856,-52.28857,11,447,230,257,697,51,393
"512","NEF_GloFung-its1_60_2021",4.93856,-52.28857,11,447,230,257,697,51,393
"513","NEF_GloFung-its1_60_2021",4.93856,-52.28857,11,447,230,257,697,51,393
"514","NEF_GloFung-its1_60_2021",4.93856,-52.28857,11,447,230,257,697,51,393
"515","NEF_GloFung-its1_60_2021",4.93856,-52.28857,11,447,230,257,697,51,393
"516","NEF_GloFung-its1_60_2021",4.93856,-52.28857,11,447,230,257,697,51,393
"517","NEF_GloFung-its1_60_2021",4.93856,-52.28857,11,447,230,257,697,51,393
"518","NEF_GloFung-its1_60_2021",4.93856,-52.28857,11,447,230,257,697,51,393
"519","NEF_GloFung-its1_60_2021",4.93856,-52.28857,11,447,230,257,697,51,393
"520","NEF_GloFung-its1_60_2021",4.93856,-52.28857,11,447,230,257,697,51,393
"521","NEF_GloFung-its1_60_2021",4.93856,-52.28857,11,447,230,257,697,51,393
"522","NEF_GloFung-its1_60_2021",4.93856,-52.28857,11,447,230,257,697,51,393
"523","NEF_GloFung-its1_60_2021",4.93856,-52.28857,11,447,230,257,697,51,393
"524","NEF_GloFung-its1_60_2021",4.93856,-52.28857,11,447,230,257,697,51,393
"525","NEF_GloFung-its1_60_2021",4.93856,-52.28857,11,447,230,257,697,51,393
"526","NEF_GloFung-its1_60_2021",4.93856,-52.28857,11,447,230,257,697,51,393
"527","NEF_GloFung-its1_60_2021",4.93856,-52.28857,11,447,230,257,697,51,393
"528","NEF_GloFung-its1_60_2021",4.93856,-52.28857,11,447,230,257,697,51,393
"529","NEF_GloFung-its1_60_2021",4.93856,-52.28857,11,447,230,257,697,51,393
"530","NEF_GloFung-its1_60_2021",4.93856,-52.28857,11,447,230,257,697,51,393
"531","NEF_GloFung-its1_60_2021",4.93856,-52.28857,11,447,230,257,697,51,393
"532","NEF_GloFung-its1_60_2021",4.93856,-52.28857,11,447,230,257,697,51,393
"533","NEF_GloFung-its1_61_2021",4.9497,-52.30546,11,0,0,0,0,0,0
"534","NEF_GloFung-its1_61_2021",4.9497,-52.30546,11,0,0,0,0,0,0
"535","NEF_GloFung-its1_61_2021",4.9497,-52.30546,11,0,0,0,0,0,0
"536","NEF_GloFung-its1_61_2021",4.9497,-52.30546,11,0,0,0,0,0,0
"537","NEF_GloFung-its1_61_2021",4.9497,-52.30546,11,0,0,0,0,0,0
"538","NEF_GloFung-its1_61_2021",4.9497,-52.30546,11,0,0,0,0,0,0
"539","NEF_GloFung-its1_61_2021",4.9497,-52.30546,11,0,0,0,0,0,0
"540","NEF_GloFung-its1_61_2021",4.9497,-52.30546,11,0,0,0,0,0,0
"541","NEF_GloFung-its1_61_2021",4.9497,-52.30546,11,0,0,0,0,0,0
"542","NEF_GloFung-its1_61_2021",4.9497,-52.30546,11,0,0,0,0,0,0
"543","NEF_GloFung-its1_61_2021",4.9497,-52.30546,11,0,0,0,0,0,0
"544","NEF_GloFung-its1_61_2021",4.9497,-52.30546,11,0,0,0,0,0,0
"545","NEF_GloFung-its1_61_2021",4.9497,-52.30546,11,0,0,0,0,0,0
"546","NEF_GloFung-its1_61_2021",4.9497,-52.30546,11,0,0,0,0,0,0
"547","NEF_GloFung-its1_61_2021",4.9497,-52.30546,11,0,0,0,0,0,0
"548","NEF_GloFung-its1_61_2021",4.9497,-52.30546,11,0,0,0,0,0,0
"549","NEF_GloFung-its1_61_2021",4.9497,-52.30546,11,0,0,0,0,0,0
"550","NEF_GloFung-its1_61_2021",4.9497,-52.30546,11,0,0,0,0,0,0
"551","NEF_GloFung-its1_61_2021",4.9497,-52.30546,11,0,0,0,0,0,0
"552","NEF_GloFung-its1_61_2021",4.9497,-52.30546,11,0,0,0,0,0,0
"553","NEF_GloFung-its1_61_2021",4.9497,-52.30546,11,0,0,0,0,0,0
"554","NEF_GloFung-its1_61_2021",4.9497,-52.30546,11,0,0,0,0,0,0
"555","NEF_GloFung-its1_61_2021",4.9497,-52.30546,11,0,0,0,0,0,0
"556","NEF_GloFung-its1_61_2021",4.9497,-52.30546,11,0,0,0,0,0,0
"557","NEF_GloFung-its1_61_2021",4.9497,-52.30546,11,0,0,0,0,0,0
"558","NEF_GloFung-its1_61_2021",4.9497,-52.30546,11,0,0,0,0,0,0
"559","NEF_GloFung-its1_61_2021",4.9497,-52.30546,11,0,0,0,0,0,0
"560","NEF_GloFung-its1_61_2021",4.9497,-52.30546,11,0,0,0,0,0,0
"561","NEF_GloFung-its1_61_2021",4.9497,-52.30546,11,0,0,0,0,0,0
"562","NEF_GloFung-its1_61_2021",4.9497,-52.30546,11,0,0,0,0,0,0
"563","NEF_GloFung-its1_61_2021",4.9497,-52.30546,11,0,0,0,0,0,0
"564","NEF_GloFung-its1_61_2021",4.9497,-52.30546,11,0,0,0,0,0,0
"565","NEF_GloFung-its1_62_2021",4.55737,-52.20909,11,381,330,175,574,46,363
"566","NEF_GloFung-its1_62_2021",4.55737,-52.20909,11,381,330,175,574,46,363
"567","NEF_GloFung-its1_62_2021",4.55737,-52.20909,11,381,330,175,574,46,363
"568","NEF_GloFung-its1_62_2021",4.55737,-52.20909,11,381,330,175,574,46,363
"569","NEF_GloFung-its1_62_2021",4.55737,-52.20909,11,381,330,175,574,46,363
"570","NEF_GloFung-its1_62_2021",4.55737,-52.20909,11,381,330,175,574,46,363
"571","NEF_GloFung-its1_62_2021",4.55737,-52.20909,11,381,330,175,574,46,363
"572","NEF_GloFung-its1_62_2021",4.55737,-52.20909,11,381,330,175,574,46,363
"573","NEF_GloFung-its1_62_2021",4.55737,-52.20909,11,381,330,175,574,46,363
"574","NEF_GloFung-its1_62_2021",4.55737,-52.20909,11,381,330,175,574,46,363
"575","NEF_GloFung-its1_62_2021",4.55737,-52.20909,11,381,330,175,574,46,363
"576","NEF_GloFung-its1_62_2021",4.55737,-52.20909,11,381,330,175,574,46,363
"577","NEF_GloFung-its1_62_2021",4.55737,-52.20909,11,381,330,175,574,46,363
"578","NEF_GloFung-its1_62_2021",4.55737,-52.20909,11,381,330,175,574,46,363
"579","NEF_GloFung-its1_62_2021",4.55737,-52.20909,11,381,330,175,574,46,363
"580","NEF_GloFung-its1_62_2021",4.55737,-52.20909,11,381,330,175,574,46,363
"581","NEF_GloFung-its1_62_2021",4.55737,-52.20909,11,381,330,175,574,46,363
"582","NEF_GloFung-its1_62_2021",4.55737,-52.20909,11,381,330,175,574,46,363
"583","NEF_GloFung-its1_62_2021",4.55737,-52.20909,11,381,330,175,574,46,363
"584","NEF_GloFung-its1_62_2021",4.55737,-52.20909,11,381,330,175,574,46,363
"585","NEF_GloFung-its1_62_2021",4.55737,-52.20909,11,381,330,175,574,46,363
"586","NEF_GloFung-its1_62_2021",4.55737,-52.20909,11,381,330,175,574,46,363
"587","NEF_GloFung-its1_62_2021",4.55737,-52.20909,11,381,330,175,574,46,363
"588","NEF_GloFung-its1_62_2021",4.55737,-52.20909,11,381,330,175,574,46,363
"589","NEF_GloFung-its1_62_2021",4.55737,-52.20909,11,381,330,175,574,46,363
"590","NEF_GloFung-its1_62_2021",4.55737,-52.20909,11,381,330,175,574,46,363
"591","NEF_GloFung-its1_62_2021",4.55737,-52.20909,11,381,330,175,574,46,363
"592","NEF_GloFung-its1_62_2021",4.55737,-52.20909,11,381,330,175,574,46,363
"593","NEF_GloFung-its1_62_2021",4.55737,-52.20909,11,381,330,175,574,46,363
"594","NEF_GloFung-its1_62_2021",4.55737,-52.20909,11,381,330,175,574,46,363
"595","NEF_GloFung-its1_62_2021",4.55737,-52.20909,11,381,330,175,574,46,363
"596","NEF_GloFung-its1_62_2021",4.55737,-52.20909,11,381,330,175,574,46,363
"597","NEF_GloFung-its1_63_2021",4.88418,-52.62919,12,401,346,171,649,46,333
"598","NEF_GloFung-its1_63_2021",4.88418,-52.62919,12,401,346,171,649,46,333
"599","NEF_GloFung-its1_63_2021",4.88418,-52.62919,12,401,346,171,649,46,333
"600","NEF_GloFung-its1_63_2021",4.88418,-52.62919,12,401,346,171,649,46,333
"601","NEF_GloFung-its1_63_2021",4.88418,-52.62919,12,401,346,171,649,46,333
"602","NEF_GloFung-its1_63_2021",4.88418,-52.62919,12,401,346,171,649,46,333
"603","NEF_GloFung-its1_63_2021",4.88418,-52.62919,12,401,346,171,649,46,333
"604","NEF_GloFung-its1_63_2021",4.88418,-52.62919,12,401,346,171,649,46,333
"605","NEF_GloFung-its1_63_2021",4.88418,-52.62919,12,401,346,171,649,46,333
"606","NEF_GloFung-its1_63_2021",4.88418,-52.62919,12,401,346,171,649,46,333
"607","NEF_GloFung-its1_63_2021",4.88418,-52.62919,12,401,346,171,649,46,333
"608","NEF_GloFung-its1_63_2021",4.88418,-52.62919,12,401,346,171,649,46,333
"609","NEF_GloFung-its1_63_2021",4.88418,-52.62919,12,401,346,171,649,46,333
"610","NEF_GloFung-its1_63_2021",4.88418,-52.62919,12,401,346,171,649,46,333
"611","NEF_GloFung-its1_63_2021",4.88418,-52.62919,12,401,346,171,649,46,333
"612","NEF_GloFung-its1_63_2021",4.88418,-52.62919,12,401,346,171,649,46,333
"613","NEF_GloFung-its1_63_2021",4.88418,-52.62919,12,401,346,171,649,46,333
"614","NEF_GloFung-its1_63_2021",4.88418,-52.62919,12,401,346,171,649,46,333
"615","NEF_GloFung-its1_63_2021",4.88418,-52.62919,12,401,346,171,649,46,333
"616","NEF_GloFung-its1_63_2021",4.88418,-52.62919,12,401,346,171,649,46,333
"617","NEF_GloFung-its1_63_2021",4.88418,-52.62919,12,401,346,171,649,46,333
"618","NEF_GloFung-its1_63_2021",4.88418,-52.62919,12,401,346,171,649,46,333
"619","NEF_GloFung-its1_63_2021",4.88418,-52.62919,12,401,346,171,649,46,333
"620","NEF_GloFung-its1_63_2021",4.88418,-52.62919,12,401,346,171,649,46,333
"621","NEF_GloFung-its1_63_2021",4.88418,-52.62919,12,401,346,171,649,46,333
"622","NEF_GloFung-its1_63_2021",4.88418,-52.62919,12,401,346,171,649,46,333
"623","NEF_GloFung-its1_63_2021",4.88418,-52.62919,12,401,346,171,649,46,333
"624","NEF_GloFung-its1_63_2021",4.88418,-52.62919,12,401,346,171,649,46,333
"625","NEF_GloFung-its1_63_2021",4.88418,-52.62919,12,401,346,171,649,46,333
"626","NEF_GloFung-its1_63_2021",4.88418,-52.62919,12,401,346,171,649,46,333
"627","NEF_GloFung-its1_63_2021",4.88418,-52.62919,12,401,346,171,649,46,333
"628","NEF_GloFung-its1_63_2021",4.88418,-52.62919,12,401,346,171,649,46,333
"629","NEF_GloFung-its1_64_2022",8.7608,-82.2175,13,702,379,206,736,53,354
"630","NEF_GloFung-its1_65_2022",22.1989,-102.6003,14,261,478,263,333,61,265
"631","NEF_GloFung-its1_66_2022",-28.1872,-65.8789,15,183,421,184,215,65,331
"632","NEF_GloFung-its1_67_2022",-49.3761,-72.8811,16,564,624,298,595,58,203
"633","NEF_GloFung-its1_68_2022",4.5533,-52.2092,11,430,327,178,587,47,357
"634","NEF_GloFung-its1_69_2022",25.2464,-100.9128,17,431,322,218,562,72,280
"635","NEF_GloFung-its1_70_2022",-15.81,-48.8522,18,210,424,112,445,52,186
"636","NEF_GloFung-its1_71_2022",-13.6367,-47.4783,19,173,425,106,337,51,246
"637","NEF_GloFung-its1_72_2022",9.5958,-84.6139,20,432,322,212,381,55,275
"638","NEF_GloFung-its1_73_2022",-53.1619,-70.9011,21,0,0,0,0,0,0
"639","NEF_GloFung-its1_74_2022",4.5542,-52.21,11,430,327,178,587,47,357
"640","NEF_GloFung-its1_75_2022",-24.0653,-48.9878,22,305,468,175,379,55,238
"641","NEF_GloFung-its1_76_2022",19.2822,-99.3681,23,386,510,267,534,62,291
"642","NEF_GloFung-its1_77_2022",16.1581,-91.3106,24,453,378,227,435,59,264
"643","NEF_GloFung-its1_78_2022",15.7167,-96.4128,25,356,572,219,253,62,256
"644","NEF_GloFung-its1_79_2022",-18.1692,-63.5181,26,276,497,157,447,57,208
"645","NEF_GloFung-its1_80_2022",-17.5814,-66.3442,27,241,463,185,218,74,283
"646","NEF_GloFung-its1_81_2022",10.8483,-85.6081,28,428,450,191,557,63,259
"647","NEF_GloFung-its1_82_2022",32.4403,-110.7856,29,727,602,247,623,57,274
"648","NEF_GloFung-its1_83_2022",22.5431,-83.705,30,480,245,240,561,59,311
"649","NEF_GloFung-its1_84_2022",-32.7689,-64.9406,31,246,456,187,271,67,386
"650","NEF_GloFung-its1_85_2022",20.0064,-75.6167,32,559,164,313,896,56,408
"651","NEF_GloFung-its1_86_2022",-0.5628,-72.1131,33,361,475,239,531,41,290
"652","NEF_GloFung-its1_87_2022",18.1447,-66.9667,34,931,186,297,1315,51,365
"653","NEF_GloFung-its1_88_2022",18.4044,-64.6603,35,607,288,292,727,57,390
"654","NEF_GloFung-its1_89_2022",15.375,-61.34,36,659,235,299,804,55,356
"655","NEF_GloFung-its1_90_2022",16.1856,-61.7447,36,721,295,274,863,60,261
"656","NEF_GloFung-its1_91_2022",-4.4769,-38.8819,37,127,720,153,163,57,141
"657","NEF_GloFung-its1_92_2022",-18.0997,-39.8911,38,363,465,159,438,52,220
"658","NEF_GloFung-its1_93_2022",-8.4558,-39.1928,39,133,568,225,107,66,235
"659","NEF_GloFung-its1_94_2022",-4.0086,-69.8975,40,362,441,186,388,42,306
"660","NEF_GloFung-its1_95_2022",-11.6647,-37.4833,41,253,390,162,375,54,283
"661","NEF_GloFung-its1_96_2022",-22.3978,-44.6706,42,611,384,225,651,51,282
"662","NEF_GloFung-its1_97_2022",-25.6911,-54.4308,43,325,197,197,867,53,337
"663","NEF_GloFung-its1_98_2022",-32.6047,-63.9519,31,135,345,170,178,65,455
"664","NEF_GloFung-its1_99_2022",19.5083,-105.0486,44,268,551,245,214,66,233
"665","NEF_GloFung-its1_100_2022",4.8669,-75.25,45,543,488,307,956,56,275
"666","NEF_GloFung-its1_101_2022",-25.1008,-47.9275,46,485,213,251,727,48,401
"667","NEF_GloFung-its1_102_2022",-23.3167,-45.0836,42,383,499,174,507,49,203
"668","NEF_GloFung-its1_96_2022",-22.3981,-44.6706,42,611,384,225,651,51,282
"669","NEF_GloFung-its1_103_2022",6.705,-75.4667,47,523,328,241,976,54,332
"670","NEF_GloFung-its1_104_2022",-14.7919,-47.5569,48,160,269,106,204,53,286
"671","NEF_GloFung-its1_105_2022",-23.9186,-64.9344,49,186,349,208,478,60,372
"672","NEF_GloFung-its1_106_2022",16.1783,-61.7317,36,691,291,256,819,58,276
"673","NEF_GloFung-its1_107_2022",19.9583,-89.1725,50,389,317,313,475,72,228
"674","NEF_GloFung-its1_108_2022",20.1958,-87.4775,51,835,607,336,1093,72,180
"675","NEF_GloFung-its1_109_2022",-28.8781,-66.2608,15,100,550,174,106,68,277
"676","NEF_GloFung-its1_110_2022",-40.6653,-72.1731,2,747,468,335,1509,52,344
"677","NEF_GloFung-its1_111_2022",-29.9697,-67.0914,52,83,621,158,100,79,251
"678","NEF_GloFung-its1_112_2022",10.2211,-84.5992,20,784,353,214,769,53,344
"679","NEF_GloFung-its1_113_2022",11.2842,-74.0114,53,386,349,242,432,66,298
"680","NEF_GloFung-its1_114_2022",-3.7739,-70.3636,40,383,248,193,486,44,415
"681","NEF_GloFung-its1_93_2022",-8.4558,-39.1928,39,133,568,225,107,66,235
"682","NEF_GloFung-its1_115_2022",-13.5606,-47.4806,19,186,414,110,332,52,200
"683","NEF_GloFung-its1_116_2022",-4.1231,-69.9481,40,373,257,182,485,45,476
"684","NEF_GloFung-its1_117_2022",5.0964,-73.79,54,500,282,280,707,59,382
"685","NEF_GloFung-its1_70_2022",-15.81,-48.8525,18,210,424,112,445,52,186
"686","NEF_GloFung-its1_118_2022",-23.435,-45.2167,42,342,480,200,456,49,217
"687","NEF_GloFung-its1_119_2022",30.4694,-94.35,55,412,445,143,346,47,423
"688","NEF_GloFung-its1_120_2022",21.21,-87.1933,51,897,440,289,1013,73,230
"689","NEF_GloFung-its1_121_2022",18.3167,-65.8167,56,583,60,260,763,47,318
"690","NEF_GloFung-its1_122_2022",5.4356,-60.0881,57,290,399,146,437,47,314
"691","NEF_GloFung-its1_123_2022",29.735,-82.4417,58,1493,855,122,500,50,66
"692","NEF_GloFung-its1_124_2022",-44.0742,-73.0967,59,0,0,0,0,0,0
"693","NEF_GloFung-its1_125_2022",-41.0831,-71.5514,2,639,532,349,1180,59,312
"694","NEF_GloFung-its1_126_2022",-54.4794,-67.4475,60,1044,325,387,1414,57,398
"695","NEF_GloFung-its1_127_2021",25.73667,-80.30917,61,0,0,0,0,0,0
"696","NEF_GloFung-its1_128_2021",25.45155,-80.50221,61,1133,339,282,685,74,353
"697","NEF_GloFung-its1_129_2021",25.59885,-80.40744,61,1064,295,292,855,70,468
"698","NEF_GloFung-its1_130_2021",25.63501,-80.30404,61,1207,149,322,902,72,562
"699","NEF_GloFung-its1_131_2021",25.43619,-80.5057,61,1101,370,260,707,72,338
"700","NEF_GloFung-its1_132_2021",25.65,-80.37417,61,0,0,0,0,0,0
"701","NEF_GloFung-its1_133_2021",25.63481,-80.34043,61,1230,328,306,923,70,401
"702","NEF_GloFung-its1_134_2021",25.56062,-80.393628,61,1089,328,261,964,71,430
"703","NEF_GloFung-its1_135_2021",25.725,-80.32,61,0,0,0,0,0,0
"704","NEF_GloFung-its1_136_2021",25.49312,-80.50075,61,1238,314,273,1389,66,413
"705","NEF_GloFung-its1_137_2021",25.60667,-80.32083,61,0,0,0,0,0,0
"706","NEF_GloFung-its1_138_2021",25.52333,-80.46833,61,1337,245,277,1545,67,520
"707","NEF_GloFung-its1_139_2021",25.44575,-80.48731,61,0,0,0,0,0,0
"708","NEF_GloFung-its1_140_2021",25.55684,-80.38748,61,1029,338,282,805,69,412
"709","NEF_GloFung-its1_141_2021",-18.17,-63.52,26,276,497,157,447,57,208
"710","NEF_GloFung-its1_142_2021",-17.27,-64.38,26,329,293,161,518,54,431
"711","NEF_GloFung-its1_143_2021",-18.18,-63.58,26,346,489,188,568,55,221
"712","NEF_GloFung-its1_144_2021",-17.66,-66.42,27,266,404,225,287,69,319
"713","NEF_GloFung-its1_145_2021",-17.67,-66.75,27,300,455,229,296,64,340
"714","NEF_GloFung-its1_146_2021",-17.58,-66.34,27,210,474,189,193,73,309
"715","NEF_GloFung-its1_147_2021",-17,-65.64,62,563,189,199,834,55,468
"716","NEF_GloFung-its1_148_2021",-16.98,-65.41,62,480,98,198,693,53,534
"717","NEF_GloFung-its1_149_2021",15.72,-96.41,25,291,590,213,280,63,238
"718","NEF_GloFung-its1_150_2021",15.68,-96.47,25,252,569,219,277,67,244
"719","NEF_GloFung-its1_151_2021",15.93,-95.78,25,167,605,164,206,68,237
"720","NEF_GloFung-its1_152_2021",16.11,-95.32,63,261,615,180,270,65,196
"721","NEF_GloFung-its1_153_2021",16.6,-95.02,63,160,571,173,179,64,232
"722","NEF_GloFung-its1_154_2021",16.55,-93.88,64,180,533,194,197,65,243
"723","NEF_GloFung-its1_155_2021",16.1,-91.69,24,616,404,206,730,53,243
"724","NEF_GloFung-its1_156_2021",16.25,-90.83,24,508,355,196,456,61,291
"725","NEF_GloFung-its1_157_2021",16.15,-90.89,24,491,362,194,556,59,285
"726","NEF_GloFung-its1_158_2021",16.16,-91.31,24,453,378,227,435,59,264
"727","NEF_GloFung-its1_159_2021",19.29,-99.19,23,265,454,271,310,62,294
"728","NEF_GloFung-its1_160_2021",19.28,-99.37,23,375,514,266,507,62,286
"729","NEF_GloFung-its1_160_2021",19.28,-99.37,23,375,514,266,507,62,286
"730","NEF_GloFung-its1_161_2021",19,-99.1,23,451,446,274,444,60,302
"731","NEF_GloFung-its1_162_2021",18.32,-65.82,56,660,128,287,847,51,301
"732","NEF_GloFung-its1_163_2021",-15.52,-47.53,48,170,284,111,389,53,334
"733","NEF_GloFung-its1_164_2021",-13.64,-47.48,19,176,442,111,387,50,246
"734","NEF_GloFung-its1_165_2021",-14.15,-47.82,19,178,393,141,296,54,275
"735","NEF_GloFung-its1_166_2021",-15.81,-48.85,18,214,434,107,437,53,202
"736","NEF_GloFung-its1_167_2021",-51.63,-59.54,5,0,0,0,0,0,0
"737","NEF_GloFung-its1_168_2021",-54.26,-36.5,1,NA,NA,NA,NA,NA,NA
"738","NEF_GloFung-its1_169_2021",24.4,-99.92,65,294,452,179,361,75,286
"739","NEF_GloFung-its1_170_2021",24.52,-99.98,65,433,420,205,685,68,266
"740","NEF_GloFung-its1_171_2021",24.75,-100.03,65,194,381,165,250,79,307
"741","NEF_GloFung-its1_172_2021",25.35,-101.03,17,176,373,170,215,80,345
"742","NEF_GloFung-its1_173_2021",24.73,-100.11,65,297,449,148,357,71,288
"743","NEF_GloFung-its1_174_2021",25.25,-100.93,17,364,369,181,460,71,292
"744","NEF_GloFung-its1_175_2021",25.25,-100.85,17,318,389,215,417,71,275
"745","NEF_GloFung-its1_176_2021",25.25,-100.91,17,366,307,223,493,73,278
"746","NEF_GloFung-its1_177_2021",24.02,-100.25,65,182,402,178,328,75,334
"747","NEF_GloFung-its1_178_2021",25.22,-100.39,17,500,421,226,692,67,292
"748","NEF_GloFung-its1_179_2021",20.2,-87.48,51,807,610,350,1054,72,192
"749","NEF_GloFung-its1_180_2021",19.96,-89.17,50,354,320,327,435,73,238
"750","NEF_GloFung-its1_181_2021",20.86,-90.15,66,605,392,324,827,78,337
"751","NEF_GloFung-its1_182_2021",20.94,-90.37,66,324,642,282,583,82,161
"752","NEF_GloFung-its1_183_2021",9.86,-82.95,67,716,273,253,1292,54,378
"753","NEF_GloFung-its1_184_2021",10.22,-84.6,20,778,348,198,773,53,356
"754","NEF_GloFung-its1_185_2021",9.56,-83.71,67,570,358,253,1034,51,372
"755","NEF_GloFung-its1_186_2021",-27.22,-65.63,68,277,377,201,388,57,432
"756","NEF_GloFung-its1_187_2021",-26.77,-65.33,68,276,332,191,474,57,440
"757","NEF_GloFung-its1_188_2021",-23.92,-64.93,49,219,334,207,455,59,368
"758","NEF_GloFung-its1_189_2021",-27.32,-65.91,68,261,342,198,630,63,401
"759","NEF_GloFung-its1_190_2021",-30.21,-67.31,52,67,599,160,79,77,231
"760","NEF_GloFung-its1_191_2021",-30.21,-67.29,52,82,626,158,71,78,226
"761","NEF_GloFung-its1_192_2021",-30.65,-65.6,69,97,457,181,111,72,355
"762","NEF_GloFung-its1_193_2021",-30.63,-65.59,69,90,466,190,101,75,362
"763","NEF_GloFung-its1_194_2021",-30.12,-66.63,52,74,465,183,111,76,317
"764","NEF_GloFung-its1_195_2021",-30.9,-65.01,69,221,425,174,285,65,355
"765","NEF_GloFung-its1_184_2021",10.22,-84.6,20,778,348,198,773,53,356
"766","NEF_GloFung-its1_185_2021",9.56,-83.71,67,570,358,253,1034,51,372
"767","NEF_GloFung-its1_196_2021",4.94,-52.3,11,0,0,0,0,0,0
"768","NEF_GloFung-its1_183_2021",9.86,-82.95,67,716,273,253,1292,54,378
"769","NEF_GloFung-its1_197_2021",26.04,-80.11,61,0,0,0,0,0,0
"770","NEF_GloFung-its1_198_2021",-40.67,-72.17,2,744,496,358,1508,52,350
"771","NEF_GloFung-its1_199_2021",3.32,-76.62,70,473,333,248,736,52,266
"772","NEF_GloFung-its1_200_2021",3.91,-77.35,70,0,0,0,0,0,0
"773","NEF_GloFung-its1_201_2021",3.29,-76.63,70,513,394,325,1034,53,272
"774","NEF_GloFung-its1_202_2021",6.73,-75.49,47,524,323,246,939,54,365
"775","NEF_GloFung-its1_203_2021",-54.8,-68.38,60,1159,484,370,2200,58,310
"776","NEF_GloFung-its1_204_2021",-54.69,-68.13,60,1185,487,354,1855,62,313
"777","NEF_GloFung-its1_205_2021",-54.71,-68.12,60,1224,470,319,2014,59,313
"778","NEF_GloFung-its1_206_2021",-54.85,-68.58,60,1235,497,390,1815,57,282
"779","NEF_GloFung-its1_207_2021",-54.81,-68.48,60,1406,471,330,2044,58,316
"780","NEF_GloFung-its1_208_2021",-41.26,-71.29,2,716,619,290,1163,57,256
"781","NEF_GloFung-its1_209_2021",-49.38,-72.88,16,622,625,302,851,58,202
"782","NEF_GloFung-its1_210_2021",-49.26,-72.95,16,676,575,321,592,58,275
"783","NEF_GloFung-its1_211_2021",-50.45,-72.78,71,617,528,328,695,59,225
"784","NEF_GloFung-its1_212_2021",-49.07,-72.87,16,1118,536,341,2148,53,286
"785","NEF_GloFung-its1_213_2021",-49.2,-72.96,16,815,575,302,1197,56,302
"786","NEF_GloFung-its1_214_2021",-41.04,-71.8,2,744,590,310,1599,53,306
"787","NEF_GloFung-its1_215_2021",-41.1,-71.55,2,701,570,324,1810,56,281
"788","NEF_GloFung-its1_216_2021",-41.09,-71.55,2,686,591,338,1538,58,253
"789","NEF_GloFung-its1_217_2021",4.57,-52.19,11,379,309,191,608,46,344
"790","NEF_GloFung-its1_218_2021",4.55,-52.21,11,422,341,169,593,46,345
"791","NEF_GloFung-its1_219_2021",4.56,-52.2,11,407,326,185,550,48,334
"792","NEF_GloFung-its1_220_2021",26.94,-81.34,4,NA,NA,NA,NA,NA,NA
"793","NEF_GloFung-its1_221_2021",22.2,-102.6,14,261,478,263,333,61,265
"794","NEF_GloFung-its1_222_2021",17.17,-96.64,9,465,486,220,779,50,278
"795","NEF_GloFung-its1_223_2021",19.17,-97.3,72,446,514,183,622,55,311
"796","NEF_GloFung-its1_224_2021",8.76,-82.27,13,567,366,191,774,52,331
"797","NEF_GloFung-its1_225_2021",8.76,-82.24,13,747,376,204,920,52,290
"798","NEF_GloFung-its1_226_2021",8.75,-82.24,13,536,319,235,731,53,292
"799","NEF_GloFung-its1_227_2021",8.66,-82.22,13,517,345,167,566,51,320
"800","NEF_GloFung-its1_228_2021",8.68,-82.21,13,640,343,149,516,51,311
"801","NEF_GloFung-its1_229_2021",8.49,-82.43,13,348,338,163,424,53,345
"802","NEF_GloFung-its1_230_2021",8.76,-82.22,13,680,382,225,768,54,342
"803","NEF_GloFung-its1_231_2021",25.51,-80.5,61,1184,426,269,755,70,298
"804","NEF_GloFung-its1_232_2021",9.49,-75.42,73,378,337,237,480,61,327
"805","NEF_GloFung-its1_233_2021",9.49,-75.46,73,374,325,193,494,60,364
"806","NEF_GloFung-its1_234_2021",8.27,-75.2,73,0,0,0,0,0,0
"807","NEF_GloFung-its1_235_2021",8.28,-75.12,73,318,338,187,378,53,401
"808","NEF_GloFung-its1_236_2021",8.28,-75.13,73,324,318,212,323,54,380
"809","NEF_GloFung-its1_237_2021",13.33,-59.63,74,0,0,0,0,0,0
"810","NEF_GloFung-its1_238_2021",10.5,-84.69,20,654,365,120,391,56,342
"811","NEF_GloFung-its1_239_2021",8.64,-83.72,75,456,339,191,419,54,345
"812","NEF_GloFung-its1_240_2021",-3.83,-73.32,76,0,0,0,0,0,0
"813","NEF_GloFung-its1_241_2021",-37.79,-73,77,634,348,325,1515,55,319
"814","NEF_GloFung-its1_241_2021",-37.79,-73,77,634,348,325,1515,55,319
"815","NEF_GloFung-its1_242_2021",-40.2,-73.43,78,836,501,314,2008,51,293
"816","NEF_GloFung-its1_243_2021",-37.79,-73.02,77,657,361,332,1542,55,331
"817","NEF_GloFung-its1_244_2021",-37.82,-73.01,77,613,345,371,1368,56,311
"818","NEF_GloFung-its1_245_2021",-40.78,-72.2,2,631,746,329,1336,53,204
"819","NEF_GloFung-its1_245_2021",-40.78,-72.2,2,631,746,329,1336,53,204
"820","NEF_GloFung-its1_246_2021",-44.83,-71.73,59,552,578,260,1142,61,249
"821","NEF_GloFung-its1_246_2021",-44.83,-71.73,59,552,578,260,1142,61,249
"822","NEF_GloFung-its1_247_2021",-54.48,-67.45,60,1004,323,382,1383,56,394
"823","NEF_GloFung-its1_248_2021",-54.49,-67.44,60,1297,312,391,1620,56,407
"824","NEF_GloFung-its1_247_2021",-54.48,-67.45,60,1004,323,382,1383,56,394
"825","NEF_GloFung-its1_249_2021",-54.46,-67.52,60,1045,367,396,1576,59,397
"826","NEF_GloFung-its1_250_2021",-54.47,-67.52,60,1006,342,391,1598,58,386
"827","NEF_GloFung-its1_251_2021",-42.78,-71.47,79,693,616,276,1340,58,225
"828","NEF_GloFung-its1_252_2021",-42.78,-71.46,79,626,609,278,1199,58,251
"829","NEF_GloFung-its1_253_2021",-41.25,-71.28,2,716,627,279,1399,57,248
"830","NEF_GloFung-its1_254_2021",-41.23,-71.78,2,606,528,283,1409,53,332
"831","NEF_GloFung-its1_255_2021",-41.2,-71.82,2,736,568,273,1801,55,288
"832","NEF_GloFung-its1_256_2021",-40.14,-71.47,80,476,568,275,1123,57,312
"833","NEF_GloFung-its1_257_2021",-40.12,-71.44,80,538,589,285,1138,57,278
"834","NEF_GloFung-its1_258_2021",-40.13,-71.46,80,505,563,294,1142,56,305
"835","NEF_GloFung-its1_259_2021",-40.13,-71.68,80,605,530,332,1197,55,334
"836","NEF_GloFung-its1_260_2021",-40.13,-71.67,80,572,514,329,1250,55,329
"837","NEF_GloFung-its1_261_2021",-40.13,-71.66,80,548,511,321,1177,55,331
"838","NEF_GloFung-its1_261_2021",-40.13,-71.66,80,548,511,321,1177,55,331
"839","NEF_GloFung-its1_262_2021",-41.35,-71.58,2,0,0,0,0,0,0
"840","NEF_GloFung-its1_263_2021",-41.43,-71.61,2,673,590,297,1681,57,302
"841","NEF_GloFung-its1_264_2021",-41.08,-71.55,2,591,555,333,1212,59,278
"842","NEF_GloFung-its1_265_2021",-41.15,-71.37,2,710,616,263,1633,56,254
"843","NEF_GloFung-its1_266_2021",-44.07,-73.1,59,1131,517,390,1884,50,376
"844","NEF_GloFung-its1_267_2021",29.74,-82.44,58,922,815,117,561,51,112
"845","NEF_GloFung-its1_268_2021",29.75,-82.22,58,1579,943,92,362,45,45
"846","NEF_GloFung-its1_269_2021",5.31,-59.92,57,277,415,162,446,53,283
"847","NEF_GloFung-its1_270_2021",5.28,-59.92,57,270,408,155,413,52,298
"848","NEF_GloFung-its1_271_2021",5.3,-59.91,57,244,425,151,380,52,288
"849","NEF_GloFung-its1_272_2021",5.31,-59.93,57,262,410,156,392,52,304
"850","NEF_GloFung-its1_273_2021",5.43,-60.08,57,332,385,147,438,47,335
"851","NEF_GloFung-its1_274_2021",5.44,-60.09,57,321,394,161,433,49,305
"852","NEF_GloFung-its1_275_2021",5.44,-60.08,57,287,373,170,425,48,334
"853","NEF_GloFung-its1_162_2021",18.32,-65.82,56,660,128,287,847,51,301
"854","NEF_GloFung-its1_162_2021",18.32,-65.82,56,660,128,287,847,51,301
"855","NEF_GloFung-its1_276_2021",18.32,-65.73,56,501,175,288,704,50,405
"856","NEF_GloFung-its1_162_2021",18.32,-65.82,56,660,128,287,847,51,301
"857","NEF_GloFung-its1_162_2021",18.32,-65.82,56,660,128,287,847,51,301
"858","NEF_GloFung-its1_277_2021",21.21,-87.19,51,897,431,280,1065,73,238
"859","NEF_GloFung-its1_278_2021",20.83,-103.85,81,491,472,254,426,60,247
"860","NEF_GloFung-its1_279_2021",20.81,-103.86,81,595,463,251,447,61,249
"861","NEF_GloFung-its1_280_2021",19.62,-101.33,82,337,450,279,490,59,300
"862","NEF_GloFung-its1_281_2021",19.28,-99.36,23,494,505,260,781,59,315
"863","NEF_GloFung-its1_282_2021",19.27,-98.04,72,474,505,242,696,56,358
"864","NEF_GloFung-its1_283_2021",19.85,-97.22,3,417,479,233,562,55,232
"865","NEF_GloFung-its1_284_2021",19.78,-97.1,3,499,355,239,626,53,278
"866","NEF_GloFung-its1_285_2021",20.09,-89.55,50,356,331,325,454,72,200
"867","NEF_GloFung-its1_286_2021",16.09,-91.68,24,615,379,205,759,54,269
"868","NEF_GloFung-its1_287_2021",16.11,-91.68,24,554,426,192,757,55,249
"869","NEF_GloFung-its1_288_2021",18.58,-95.08,83,412,450,170,474,54,276
"870","NEF_GloFung-its1_289_2021",16.81,-91.11,24,459,413,200,544,62,247
"871","NEF_GloFung-its1_290_2021",19.39,-97.7,72,339,537,204,352,67,240
"872","NEF_GloFung-its1_291_2021",30.2937652,-90.33640411,84,0,0,0,0,0,0
"873","NEF_GloFung-its1_292_2021",19.05,-99.31,23,429,434,254,636,58,326
"874","NEF_GloFung-its1_291_2021",30.29372738,-90.33648517,84,0,0,0,0,0,0
"875","NEF_GloFung-its1_293_2021",17.62,-92.47,85,529,499,196,535,57,266
"876","NEF_GloFung-its1_291_2021",30.29372722,-90.33657425,84,0,0,0,0,0,0
"877","NEF_GloFung-its1_294_2021",18.23,-89.8,86,519,350,311,603,74,166
"878","NEF_GloFung-its1_291_2021",30.29366646,-90.33665678,84,0,0,0,0,0,0
"879","NEF_GloFung-its1_295_2021",17.64,-96.38,9,593,456,217,785,52,285
"880","NEF_GloFung-its1_296_2021",30.29374068,-90.33719859,84,0,0,0,0,0,0
"881","NEF_GloFung-its1_297_2021",20.96,-98.68,87,681,370,285,756,55,316
"882","NEF_GloFung-its1_296_2021",30.29378143,-90.33728859,84,0,0,0,0,0,0
"883","NEF_GloFung-its1_298_2021",16.88,-93.45,64,374,399,203,379,58,267
"884","NEF_GloFung-its1_296_2021",30.29379529,-90.33739935,84,0,0,0,0,0,0
"885","NEF_GloFung-its1_299_2021",15.91,-97.08,25,239,719,197,237,64,185
"886","NEF_GloFung-its1_291_2021",30.29365379,-90.33629256,84,0,0,0,0,0,0
"887","NEF_GloFung-its1_300_2021",19.13,-98.66,23,416,471,215,631,61,334
"888","NEF_GloFung-its1_291_2021",30.2935843,-90.33636715,84,0,0,0,0,0,0
"889","NEF_GloFung-its1_301_2021",17.39,-96.46,9,471,441,222,849,51,317
"890","NEF_GloFung-its1_291_2021",30.29350857,-90.3364148,84,0,0,0,0,0,0
"891","NEF_GloFung-its1_302_2021",17.39,-96.45,9,503,431,209,750,48,315
"892","NEF_GloFung-its1_291_2021",30.29348278,-90.33651315,84,1079,96,361,916,57,489
"893","NEF_GloFung-its1_303_2021",20.48,-98.67,87,370,419,257,349,69,228
"894","NEF_GloFung-its1_291_2021",30.29350586,-90.33663423,84,1079,96,361,916,57,489
"895","NEF_GloFung-its1_304_2021",19.51,-105.05,44,268,551,245,214,66,233
"896","NEF_GloFung-its1_291_2021",30.2935559,-90.33669328,84,0,0,0,0,0,0
"897","NEF_GloFung-its1_305_2021",20.64,-98.6,87,511,424,282,552,58,297
"898","NEF_GloFung-its1_296_2021",30.29366792,-90.33721348,84,0,0,0,0,0,0
"899","NEF_GloFung-its1_306_2021",20.16,-98.55,87,340,443,254,337,64,256
"900","NEF_GloFung-its1_296_2021",30.29356131,-90.33717931,84,0,0,0,0,0,0
"901","NEF_GloFung-its1_307_2021",18.16,-97.3,9,243,478,194,370,76,309
"902","NEF_GloFung-its1_291_2021",30.29345294,-90.33673911,84,1079,96,361,916,57,489
"903","NEF_GloFung-its1_308_2021",17.34,-96.47,9,385,431,219,696,51,285
"904","NEF_GloFung-its1_291_2021",30.29339129,-90.33665179,84,1079,96,361,916,57,489
"905","NEF_GloFung-its1_309_2021",15.8,-96.11,25,213,680,217,287,64,197
"906","NEF_GloFung-its1_291_2021",30.29338344,-90.33653084,84,1079,96,361,916,57,489
"907","NEF_GloFung-its1_310_2021",16.88,-93.46,64,403,406,195,384,58,256
"908","NEF_GloFung-its1_291_2021",30.29340157,-90.33638461,84,1079,96,361,916,57,489
"909","NEF_GloFung-its1_293_2021",17.62,-92.47,85,529,499,196,535,57,266
"910","NEF_GloFung-its1_291_2021",30.29350759,-90.33628357,84,0,0,0,0,0,0
"911","NEF_GloFung-its1_288_2021",18.58,-95.08,83,412,450,170,474,54,276
"912","NEF_GloFung-its1_291_2021",30.29356245,-90.33622949,84,0,0,0,0,0,0
"913","NEF_GloFung-its1_311_2021",19.68,-96.85,3,555,487,284,740,55,350
"914","NEF_GloFung-its1_312_2021",30.23715949,-89.62406663,84,916,96,412,562,58,483
"915","NEF_GloFung-its1_313_2021",19.67,-100.29,82,499,496,229,825,57,296
"916","NEF_GloFung-its1_312_2021",30.23706895,-89.62407391,84,916,96,412,562,58,483
"917","NEF_GloFung-its1_312_2021",30.23688775,-89.62401283,84,916,96,412,562,58,483
"918","NEF_GloFung-its1_314_2021",30.23680961,-89.62407804,84,916,96,412,562,58,483
"919","NEF_GloFung-its1_314_2021",30.23671213,-89.62416507,84,916,96,412,562,58,483
"920","NEF_GloFung-its1_314_2021",30.23664481,-89.62423639,84,916,96,412,562,58,483
"921","NEF_GloFung-its1_314_2021",30.23662574,-89.62413078,84,916,96,412,562,58,483
"922","NEF_GloFung-its1_314_2021",30.2366849,-89.62406339,84,916,96,412,562,58,483
"923","NEF_GloFung-its1_314_2021",30.23676857,-89.62398522,84,916,96,412,562,58,483
"924","NEF_GloFung-its1_312_2021",30.23683912,-89.62391547,84,916,96,412,562,58,483
"925","NEF_GloFung-its1_312_2021",30.23691001,-89.62385951,84,916,96,412,562,58,483
"926","NEF_GloFung-its1_312_2021",30.23703638,-89.62381834,84,916,96,412,562,58,483
"927","NEF_GloFung-its1_312_2021",30.23701418,-89.62409045,84,916,96,412,562,58,483
"928","NEF_GloFung-its1_312_2021",30.23714334,-89.62382626,84,916,96,412,562,58,483
"929","NEF_GloFung-its1_314_2021",30.23678881,-89.62417545,84,916,96,412,562,58,483
"930","NEF_GloFung-its1_314_2021",30.23671007,-89.62426598,84,916,96,412,562,58,483
"931","NEF_GloFung-its1_314_2021",30.23662223,-89.62431263,84,916,96,412,562,58,483
"932","NEF_GloFung-its1_314_2021",30.2363901,-89.62449935,84,916,96,412,562,58,483
"933","NEF_GloFung-its1_312_2021",30.23715718,-89.62393918,84,916,96,412,562,58,483
"934","NEF_GloFung-its1_312_2021",30.23705664,-89.62392442,84,916,96,412,562,58,483
"935","NEF_GloFung-its1_312_2021",30.23696142,-89.62397458,84,916,96,412,562,58,483
"936","NEF_GloFung-its1_315_2021",29.2508898,-90.66601292,84,0,0,0,0,0,0
"937","NEF_GloFung-its1_315_2021",29.25086712,-90.66601411,84,0,0,0,0,0,0
"938","NEF_GloFung-its1_315_2021",29.25084593,-90.66601588,84,0,0,0,0,0,0
"939","NEF_GloFung-its1_315_2021",29.25081327,-90.66602019,84,0,0,0,0,0,0
"940","NEF_GloFung-its1_315_2021",29.25078394,-90.66601695,84,0,0,0,0,0,0
"941","NEF_GloFung-its1_315_2021",29.25077809,-90.66606353,84,0,0,0,0,0,0
"942","NEF_GloFung-its1_315_2021",29.25075132,-90.66608949,84,0,0,0,0,0,0
"943","NEF_GloFung-its1_315_2021",29.25074878,-90.66614631,84,0,0,0,0,0,0
"944","NEF_GloFung-its1_315_2021",29.25077442,-90.66613447,84,0,0,0,0,0,0
"945","NEF_GloFung-its1_315_2021",29.25079843,-90.66611573,84,0,0,0,0,0,0
"946","NEF_GloFung-its1_315_2021",29.25082735,-90.66608958,84,0,0,0,0,0,0
"947","NEF_GloFung-its1_315_2021",29.25085698,-90.66608554,84,0,0,0,0,0,0
"948","NEF_GloFung-its1_315_2021",29.25088191,-90.66606979,84,0,0,0,0,0,0
"949","NEF_GloFung-its1_315_2021",29.2509102,-90.66604743,84,0,0,0,0,0,0
"950","NEF_GloFung-its1_315_2021",29.25095597,-90.66610789,84,0,0,0,0,0,0
"951","NEF_GloFung-its1_315_2021",29.25093616,-90.66612963,84,0,0,0,0,0,0
"952","NEF_GloFung-its1_315_2021",29.25091326,-90.6661421,84,0,0,0,0,0,0
"953","NEF_GloFung-its1_315_2021",29.2508888,-90.66616398,84,0,0,0,0,0,0
"954","NEF_GloFung-its1_315_2021",29.25085946,-90.66616075,84,0,0,0,0,0,0
"955","NEF_GloFung-its1_315_2021",29.25083879,-90.66617102,84,0,0,0,0,0,0
"956","NEF_GloFung-its1_315_2021",29.25080393,-90.66620404,84,0,0,0,0,0,0
"957","NEF_GloFung-its1_316_2021",29.25304324,-90.66293811,84,0,0,0,0,0,0
"958","NEF_GloFung-its1_316_2021",29.25302301,-90.66292281,84,0,0,0,0,0,0
"959","NEF_GloFung-its1_316_2021",29.25299963,-90.66291543,84,0,0,0,0,0,0
"960","NEF_GloFung-its1_316_2021",29.25298386,-90.66292104,84,0,0,0,0,0,0
"961","NEF_GloFung-its1_316_2021",29.25296089,-90.66292512,84,0,0,0,0,0,0
"962","NEF_GloFung-its1_316_2021",29.25294638,-90.66294087,84,0,0,0,0,0,0
"963","NEF_GloFung-its1_316_2021",29.25294636,-90.66296703,84,0,0,0,0,0,0
"964","NEF_GloFung-its1_316_2021",29.25300276,-90.66302717,84,0,0,0,0,0,0
"965","NEF_GloFung-its1_316_2021",29.2530143,-90.66304732,84,0,0,0,0,0,0
"966","NEF_GloFung-its1_316_2021",29.25305189,-90.66305118,84,0,0,0,0,0,0
"967","NEF_GloFung-its1_316_2021",29.25307033,-90.66303549,84,0,0,0,0,0,0
"968","NEF_GloFung-its1_316_2021",29.25305899,-90.66301977,84,0,0,0,0,0,0
"969","NEF_GloFung-its1_316_2021",29.25305699,-90.66299501,84,0,0,0,0,0,0
"970","NEF_GloFung-its1_316_2021",29.25308558,-90.66295176,84,0,0,0,0,0,0
"971","NEF_GloFung-its1_316_2021",29.2529943,-90.6631412,84,0,0,0,0,0,0
"972","NEF_GloFung-its1_316_2021",29.25302893,-90.6631323,84,0,0,0,0,0,0
"973","NEF_GloFung-its1_316_2021",29.25306765,-90.66315854,84,0,0,0,0,0,0
"974","NEF_GloFung-its1_316_2021",29.25309294,-90.66315477,84,0,0,0,0,0,0
"975","NEF_GloFung-its1_316_2021",29.25312624,-90.66314645,84,0,0,0,0,0,0
"976","NEF_GloFung-its1_316_2021",29.25315984,-90.66313276,84,0,0,0,0,0,0
"977","NEF_GloFung-its1_316_2021",29.25319506,-90.66312191,84,0,0,0,0,0,0
"978","NEF_GloFung-its1_317_2021",30.33418381,-90.03334425,84,788,226,303,654,57,414
"979","NEF_GloFung-its1_317_2021",30.33412806,-90.03326117,84,788,226,303,654,57,414
"980","NEF_GloFung-its1_317_2021",30.33409285,-90.0331599,84,699,225,289,533,54,421
"981","NEF_GloFung-its1_317_2021",30.33404526,-90.03307871,84,699,225,289,533,54,421
"982","NEF_GloFung-its1_317_2021",30.33400422,-90.03299832,84,699,225,289,533,54,421
"983","NEF_GloFung-its1_317_2021",30.33386173,-90.03286484,84,699,225,289,533,54,421
"984","NEF_GloFung-its1_317_2021",30.33376965,-90.03284479,84,699,225,289,533,54,421
"985","NEF_GloFung-its1_317_2021",30.33413589,-90.03333656,84,788,226,303,654,57,414
"986","NEF_GloFung-its1_317_2021",30.33408916,-90.03326473,84,699,225,289,533,54,421
"987","NEF_GloFung-its1_317_2021",30.33403517,-90.033171,84,699,225,289,533,54,421
"988","NEF_GloFung-its1_317_2021",30.3339691,-90.03309821,84,699,225,289,533,54,421
"989","NEF_GloFung-its1_317_2021",30.33391784,-90.03302759,84,699,225,289,533,54,421
"990","NEF_GloFung-its1_317_2021",30.33384508,-90.03294705,84,699,225,289,533,54,421
"991","NEF_GloFung-its1_317_2021",30.33375194,-90.03293726,84,699,225,289,533,54,421
"992","NEF_GloFung-its1_317_2021",30.33406502,-90.03338702,84,699,225,289,533,54,421
"993","NEF_GloFung-its1_317_2021",30.33401536,-90.03329195,84,699,225,289,533,54,421
"994","NEF_GloFung-its1_317_2021",30.33394562,-90.0332114,84,699,225,289,533,54,421
"995","NEF_GloFung-its1_317_2021",30.33386818,-90.03314016,84,699,225,289,533,54,421
"996","NEF_GloFung-its1_317_2021",30.33379091,-90.03306684,84,699,225,289,533,54,421
"997","NEF_GloFung-its1_317_2021",30.33371413,-90.03301813,84,699,225,289,533,54,421
"998","NEF_GloFung-its1_317_2021",30.33364476,-90.03295353,84,699,225,289,533,54,421
"999","NEF_GloFung-its1_318_2021",30.26216262,-89.95675534,84,0,0,0,0,0,0
"1000","NEF_GloFung-its1_318_2021",30.26220946,-89.9567527,84,0,0,0,0,0,0
"1001","NEF_GloFung-its1_318_2021",30.26225406,-89.95675481,84,0,0,0,0,0,0
"1002","NEF_GloFung-its1_318_2021",30.26228923,-89.95674782,84,0,0,0,0,0,0
"1003","NEF_GloFung-its1_318_2021",30.26231652,-89.95671531,84,0,0,0,0,0,0
"1004","NEF_GloFung-its1_318_2021",30.26237201,-89.9567035,84,0,0,0,0,0,0
"1005","NEF_GloFung-its1_318_2021",30.26240829,-89.9566837,84,0,0,0,0,0,0
"1006","NEF_GloFung-its1_318_2021",30.26217288,-89.95687398,84,0,0,0,0,0,0
"1007","NEF_GloFung-its1_318_2021",30.26222255,-89.95687291,84,0,0,0,0,0,0
"1008","NEF_GloFung-its1_318_2021",30.26226554,-89.95689512,84,0,0,0,0,0,0
"1009","NEF_GloFung-its1_318_2021",30.2623006,-89.95687875,84,0,0,0,0,0,0
"1010","NEF_GloFung-its1_318_2021",30.26229304,-89.95678375,84,0,0,0,0,0,0
"1011","NEF_GloFung-its1_318_2021",30.2623458,-89.95679695,84,0,0,0,0,0,0
"1012","NEF_GloFung-its1_318_2021",30.26238796,-89.95678047,84,0,0,0,0,0,0
"1013","NEF_GloFung-its1_318_2021",30.26221829,-89.95698365,84,0,0,0,0,0,0
"1014","NEF_GloFung-its1_318_2021",30.26227053,-89.95697248,84,0,0,0,0,0,0
"1015","NEF_GloFung-its1_318_2021",30.26233696,-89.95697318,84,0,0,0,0,0,0
"1016","NEF_GloFung-its1_318_2021",30.26238322,-89.95696005,84,0,0,0,0,0,0
"1017","NEF_GloFung-its1_318_2021",30.26242284,-89.95695354,84,0,0,0,0,0,0
"1018","NEF_GloFung-its1_318_2021",30.26246955,-89.9569687,84,859,131,368,618,55,451
"1019","NEF_GloFung-its1_318_2021",30.26250722,-89.95696411,84,859,131,368,618,55,451
"1020","NEF_GloFung-its1_319_2021",30.06187101,-89.86539471,84,760,137,345,453,56,520
"1021","NEF_GloFung-its1_319_2021",30.06186514,-89.86532521,84,760,137,345,453,56,520
"1022","NEF_GloFung-its1_319_2021",30.06191406,-89.86520756,84,760,137,345,453,56,520
"1023","NEF_GloFung-its1_319_2021",30.06195534,-89.86496766,84,760,137,345,453,56,520
"1024","NEF_GloFung-its1_319_2021",30.06199533,-89.86490041,84,760,137,345,453,56,520
"1025","NEF_GloFung-its1_319_2021",30.06206715,-89.86482532,84,760,137,345,453,56,520
"1026","NEF_GloFung-its1_319_2021",30.06211147,-89.8647581,84,760,137,345,453,56,520
"1027","NEF_GloFung-its1_319_2021",30.06192389,-89.86465755,84,760,137,345,453,56,520
"1028","NEF_GloFung-its1_319_2021",30.06193974,-89.86473559,84,760,137,345,453,56,520
"1029","NEF_GloFung-its1_319_2021",30.06196211,-89.86486189,84,760,137,345,453,56,520
"1030","NEF_GloFung-its1_319_2021",30.06192234,-89.86495146,84,760,137,345,453,56,520
"1031","NEF_GloFung-its1_319_2021",30.06189218,-89.86515751,84,760,137,345,453,56,520
"1032","NEF_GloFung-its1_319_2021",30.06181823,-89.8651921,84,760,137,345,453,56,520
"1033","NEF_GloFung-its1_319_2021",30.06178876,-89.86528723,84,760,137,345,453,56,520
"1034","NEF_GloFung-its1_319_2021",30.06168585,-89.86518418,84,757,137,337,431,56,513
"1035","NEF_GloFung-its1_319_2021",30.06174708,-89.86509821,84,760,137,345,453,56,520
"1036","NEF_GloFung-its1_319_2021",30.06183941,-89.86506666,84,760,137,345,453,56,520
"1037","NEF_GloFung-its1_319_2021",30.06181634,-89.86494637,84,760,137,345,453,56,520
"1038","NEF_GloFung-its1_319_2021",30.06181646,-89.86482627,84,760,137,345,453,56,520
"1039","NEF_GloFung-its1_319_2021",30.06182479,-89.86477431,84,760,137,345,453,56,520
"1040","NEF_GloFung-its1_319_2021",30.06183011,-89.86469251,84,760,137,345,453,56,520
"1041","NEF_GloFung-its1_320_2021",29.77876886,-90.13077854,84,958,21,484,780,58,302
"1042","NEF_GloFung-its1_320_2021",29.77882269,-90.13068935,84,958,21,484,780,58,302
"1043","NEF_GloFung-its1_320_2021",29.77888242,-90.13059858,84,958,21,484,780,58,302
"1044","NEF_GloFung-its1_320_2021",29.77895372,-90.13052346,84,958,21,484,780,58,302
"1045","NEF_GloFung-its1_320_2021",29.77902954,-90.13045005,84,958,21,484,780,58,302
"1046","NEF_GloFung-its1_320_2021",29.77838718,-90.13074796,84,958,21,484,780,58,302
"1047","NEF_GloFung-its1_320_2021",29.77842097,-90.13064326,84,958,21,484,780,58,302
"1048","NEF_GloFung-its1_320_2021",29.77845745,-90.13053814,84,958,21,484,780,58,302
"1049","NEF_GloFung-its1_320_2021",29.77848021,-90.13042616,84,958,21,484,780,58,302
"1050","NEF_GloFung-its1_320_2021",29.77851111,-90.13033078,84,958,21,484,780,58,302
"1051","NEF_GloFung-its1_320_2021",29.7784158,-90.13032359,84,958,21,484,780,58,302
"1052","NEF_GloFung-its1_320_2021",29.77835984,-90.13040145,84,958,21,484,780,58,302
"1053","NEF_GloFung-its1_320_2021",29.77851776,-90.13079118,84,958,21,484,780,58,302
"1054","NEF_GloFung-its1_320_2021",29.77856439,-90.13069311,84,958,21,484,780,58,302
"1055","NEF_GloFung-its1_320_2021",29.77859768,-90.13057604,84,958,21,484,780,58,302
"1056","NEF_GloFung-its1_320_2021",29.7787113,-90.13054216,84,958,21,484,780,58,302
"1057","NEF_GloFung-its1_320_2021",29.77873231,-90.13049625,84,958,21,484,780,58,302
"1058","NEF_GloFung-its1_320_2021",29.77870099,-90.13038967,84,958,21,484,780,58,302
"1059","NEF_GloFung-its1_320_2021",29.7786158,-90.13032106,84,958,21,484,780,58,302
"1060","NEF_GloFung-its1_320_2021",29.77861975,-90.13094273,84,958,21,484,780,58,302
"1061","NEF_GloFung-its1_320_2021",29.77869917,-90.13086271,84,958,21,484,780,58,302
"1062","NEF_GloFung-its1_321_2021",14.78,-91,88,446,433,235,645,61,371
"1063","NEF_GloFung-its1_322_2021",14.52,-90.88,88,492,418,228,801,58,377
"1064","NEF_GloFung-its1_323_2021",14.09,-90.62,88,278,297,252,490,63,363
"1065","NEF_GloFung-its1_324_2021",14.05,-90.48,88,297,300,234,409,61,378
"1066","NEF_GloFung-its1_325_2021",13.91,-90.42,88,251,320,217,261,63,370
"1067","NEF_GloFung-its1_326_2021",14.4,-90.47,88,294,335,223,469,59,320
"1068","NEF_GloFung-its1_327_2021",20.26,-87.39,51,0,0,0,0,0,0
"1069","NEF_GloFung-its1_328_2021",20.75,-88.47,50,866,369,292,632,74,208
"1070","NEF_GloFung-its1_329_2021",20.68,-88.57,50,797,356,319,540,72,228
"1071","NEF_GloFung-its1_330_2021",19.08,-91.06,89,0,0,0,0,0,0
"1072","NEF_GloFung-its1_331_2021",19.77,-90.55,89,301,354,289,458,74,219
"1073","NEF_GloFung-its1_332_2021",20.86,-90.14,66,562,384,331,854,79,341
"1074","NEF_GloFung-its1_333_2021",-25.69,-54.43,43,0,0,0,0,0,0
"1075","NEF_GloFung-its1_334_2021",-25.24,-53.96,90,374,153,151,483,55,346
"1076","NEF_GloFung-its1_335_2021",-25.16,-53.84,90,373,183,167,488,54,336
"1077","NEF_GloFung-its1_336_2021",-25.08,-53.19,90,393,147,208,546,52,310
"1078","NEF_GloFung-its1_337_2021",-25.47,-50.4,91,336,293,241,559,50,374
"1079","NEF_GloFung-its1_338_2021",-25.47,-49.7,91,352,252,205,602,51,317
"1080","NEF_GloFung-its1_339_2021",-25.67,-48.45,46,0,0,0,0,0,0
"1081","NEF_GloFung-its1_340_2021",-25.37,-48.87,46,430,288,218,668,47,306
"1082","NEF_GloFung-its1_341_2021",-24.6,-47.88,46,454,483,260,551,50,217
"1083","NEF_GloFung-its1_342_2021",-24.25,-46.92,92,414,413,253,586,49,224
"1084","NEF_GloFung-its1_343_2021",-22.39,-44.76,42,499,509,193,534,50,186
"1085","NEF_GloFung-its1_344_2021",-22.36,-44.74,42,637,451,221,1041,49,235
"1086","NEF_GloFung-its1_345_2021",-22.4,-44.67,42,640,398,223,710,51,287
"1087","NEF_GloFung-its1_346_2021",-22.6,-43.56,93,369,387,152,426,52,331
"1088","NEF_GloFung-its1_347_2021",-22.64,-42.47,93,247,510,176,370,56,201
"1089","NEF_GloFung-its1_348_2021",-22.1,-41.44,94,372,364,265,455,57,332
"1090","NEF_GloFung-its1_349_2021",-22.13,-41.35,94,381,368,253,542,59,339
"1091","NEF_GloFung-its1_350_2021",-22.09,-41.45,94,358,331,269,486,57,317
"1092","NEF_GloFung-its1_351_2021",-21.79,-41.44,94,292,492,189,456,55,180
"1093","NEF_GloFung-its1_352_2021",-21.2,-41.29,94,292,486,183,383,58,214
"1094","NEF_GloFung-its1_353_2021",-20.69,-40.73,95,298,445,201,469,56,256
"1095","NEF_GloFung-its1_354_2021",-19.66,-39.89,96,596,300,252,674,56,234
"1096","NEF_GloFung-its1_355_2021",-19,-40.01,96,333,469,149,413,53,207
"1097","NEF_GloFung-its1_356_2021",-18.1,-39.89,38,359,464,164,496,52,219
"1098","NEF_GloFung-its1_357_2021",-16.99,-39.57,38,291,457,180,460,54,241
"1099","NEF_GloFung-its1_358_2021",-15.88,-39.53,97,320,476,179,554,56,226
"1100","NEF_GloFung-its1_359_2021",-14.43,-39.05,98,324,375,172,391,51,273
"1101","NEF_GloFung-its1_360_2021",-14.16,-39,98,277,320,256,814,50,369
"1102","NEF_GloFung-its1_361_2021",-13.69,-39.06,99,0,0,0,0,0,0
"1103","NEF_GloFung-its1_362_2021",-12.8,-39.2,99,302,486,257,503,58,236
"1104","NEF_GloFung-its1_363_2021",-11.77,-37.73,41,211,492,172,346,53,220
"1105","NEF_GloFung-its1_364_2021",-11.66,-37.48,41,200,407,163,383,53,280
"1106","NEF_GloFung-its1_365_2021",-11.48,-37.48,41,197,420,144,333,51,306
"1107","NEF_GloFung-its1_366_2021",-10.97,-37.26,100,204,404,127,328,53,326
"1108","NEF_GloFung-its1_367_2021",-10.65,-36.87,100,161,491,133,305,54,256
"1109","NEF_GloFung-its1_368_2021",-10.69,-36.84,100,189,497,119,312,54,262
"1110","NEF_GloFung-its1_369_2021",-10.63,-36.76,100,165,423,127,248,53,286
"1111","NEF_GloFung-its1_370_2021",-10.62,-36.71,100,244,398,136,376,53,277
"1112","NEF_GloFung-its1_371_2021",-10.79,-36.91,100,222,340,175,439,54,317
"1113","NEF_GloFung-its1_372_2021",-10.76,-36.97,100,208,435,153,327,51,283
"1114","NEF_GloFung-its1_373_2021",-10.95,-37.15,100,232,402,145,373,52,338
"1115","NEF_GloFung-its1_374_2021",-10.8,-37.29,100,226,505,134,338,52,216
"1116","NEF_GloFung-its1_375_2021",-10.59,-37.49,100,247,522,181,330,61,211
"1117","NEF_GloFung-its1_376_2021",-9.88,-38.05,101,206,577,272,299,67,224
"1118","NEF_GloFung-its1_377_2021",-8.74,-38.47,39,76,643,199,78,67,203
"1119","NEF_GloFung-its1_378_2021",-8.68,-38.81,39,99,591,201,117,68,249
"1120","NEF_GloFung-its1_379_2021",-8.46,-39.19,39,112,582,210,102,66,224
"1121","NEF_GloFung-its1_380_2021",-7.31,-38.93,102,107,527,168,113,61,255
"1122","NEF_GloFung-its1_381_2021",-5.64,-38.99,103,125,664,194,131,60,183
"1123","NEF_GloFung-its1_382_2021",-4.89,-39.05,37,135,617,184,202,61,217
"1124","NEF_GloFung-its1_383_2021",-4.48,-38.88,37,120,738,154,166,58,137
"1125","NEF_GloFung-its1_384_2021",-4.41,-38.91,37,188,573,156,307,54,193
"1126","NEF_GloFung-its1_385_2021",-3.98,-38.63,37,319,480,158,509,51,261
"1127","NEF_GloFung-its1_386_2021",16.04,-61.64,36,735,300,288,908,53,323
"1128","NEF_GloFung-its1_387_2021",16.19,-61.74,36,700,286,271,810,59,267
"1129","NEF_GloFung-its1_388_2021",16.31,-61.8,36,0,0,0,0,0,0
"1130","NEF_GloFung-its1_389_2021",15.5,-61.26,36,671,298,262,613,57,338
"1131","NEF_GloFung-its1_390_2021",15.38,-61.34,36,682,254,288,813,56,349
"1132","NEF_GloFung-its1_391_2021",15.26,-61.34,36,607,241,276,913,57,328
"1133","NEF_GloFung-its1_392_2021",15.35,-61.32,36,629,292,229,959,53,310
"1134","NEF_GloFung-its1_393_2021",15.58,-61.47,36,0,0,0,0,0,0
"1135","NEF_GloFung-its1_394_2021",18.45,-64.53,35,0,0,0,0,0,0
"1136","NEF_GloFung-its1_395_2021",18.4,-64.66,35,585,313,289,697,57,393
"1137","NEF_GloFung-its1_396_2021",18.39,-64.71,35,0,0,0,0,0,0
"1138","NEF_GloFung-its1_397_2021",18.14,-66.97,34,976,203,298,1256,51,340
"1139","NEF_GloFung-its1_398_2021",17.94,-66.95,34,615,202,392,607,72,396
"1140","NEF_GloFung-its1_399_2021",18.18,-66.49,34,715,151,299,1028,52,361
"1141","NEF_GloFung-its1_400_2021",18.13,-66.07,56,466,202,259,538,54,316
"1142","NEF_GloFung-its1_401_2021",18.31,-65.75,56,589,168,266,709,50,407
"1143","NEF_GloFung-its1_402_2021",18.45,-65.91,56,0,0,0,0,0,0
"1144","NEF_GloFung-its1_403_2021",30.28,-94.54,55,424,259,139,407,49,599
"1145","NEF_GloFung-its1_119_2021",30.47,-94.35,55,412,445,143,346,47,423
"1146","NEF_GloFung-its1_404_2021",30.36,-94.1,55,361,462,136,572,48,409
"1147","NEF_GloFung-its1_405_2021",30.33,-94.64,55,440,279,146,627,48,562
"1148","NEF_GloFung-its1_406_2021",30.31,-93.73,55,633,350,175,557,53,472
"1149","NEF_GloFung-its1_407_2021",29.57,-94.39,104,0,0,0,0,0,0
"1150","NEF_GloFung-its1_408_2021",29.68,-94.63,104,631,346,211,463,56,327
"1151","NEF_GloFung-its1_409_2021",20.18254,-87.51699,51,835,501,317,1084,71,213
"1152","NEF_GloFung-its1_409_2021",20.18254,-87.51699,51,835,501,317,1084,71,213
"1153","NEF_GloFung-its1_409_2021",20.18254,-87.51699,51,835,501,317,1084,71,213
"1154","NEF_GloFung-its1_409_2021",20.18254,-87.51699,51,835,501,317,1084,71,213
"1155","NEF_GloFung-its1_410_2021",20.27455,-87.48593,51,775,531,294,942,71,200
"1156","NEF_GloFung-its1_410_2021",20.27455,-87.48593,51,775,531,294,942,71,200
"1157","NEF_GloFung-its1_410_2021",20.27455,-87.48593,51,775,531,294,942,71,200
"1158","NEF_GloFung-its1_410_2021",20.27455,-87.48593,51,775,531,294,942,71,200
"1159","NEF_GloFung-its1_411_2021",20.49968,-87.26145,51,976,498,313,960,73,227
"1160","NEF_GloFung-its1_411_2021",20.49968,-87.26145,51,976,498,313,960,73,227
"1161","NEF_GloFung-its1_411_2021",20.49968,-87.26145,51,976,498,313,960,73,227
"1162","NEF_GloFung-its1_411_2021",20.49968,-87.26145,51,976,498,313,960,73,227
"1163","NEF_GloFung-its1_412_2021",20.51291,-87.24703,51,882,498,296,1028,72,242
"1164","NEF_GloFung-its1_412_2021",20.51291,-87.24703,51,882,498,296,1028,72,242
"1165","NEF_GloFung-its1_412_2021",20.51291,-87.24703,51,882,498,296,1028,72,242
"1166","NEF_GloFung-its1_412_2021",20.51291,-87.24703,51,882,498,296,1028,72,242
"1167","NEF_GloFung-its1_413_2021",20.02,-75.78,32,420,180,408,424,72,355
"1168","NEF_GloFung-its1_414_2021",19.98,-75.84,32,566,154,384,728,68,403
"1169","NEF_GloFung-its1_415_2021",20.01,-75.64,32,593,145,337,882,56,372
"1170","NEF_GloFung-its1_416_2021",20.01,-75.62,32,593,156,305,859,56,427
"1171","NEF_GloFung-its1_417_2021",20.84,-76.13,32,504,213,439,435,70,374
"1172","NEF_GloFung-its1_418_2021",20.78,-76.3,32,262,213,401,347,71,332
"1173","NEF_GloFung-its1_419_2021",20.35,-76.55,32,254,206,407,333,69,314
"1174","NEF_GloFung-its1_420_2021",20.2,-76.45,32,668,294,278,919,60,327
"1175","NEF_GloFung-its1_421_2021",20.17,-76.51,32,587,248,332,708,61,361
"1176","NEF_GloFung-its1_422_2021",21.51,-77.04,105,909,286,343,1504,70,280
"1177","NEF_GloFung-its1_423_2021",22.35,-78.83,106,405,177,347,446,70,357
"1178","NEF_GloFung-its1_424_2021",22.3,-79.22,106,704,154,455,657,67,319
"1179","NEF_GloFung-its1_425_2021",22.16,-80.82,107,832,173,324,1146,68,339
"1180","NEF_GloFung-its1_426_2021",22.28,-81.19,107,0,0,0,0,0,0
"1181","NEF_GloFung-its1_427_2021",22.43,-81.15,107,880,186,309,1561,64,295
"1182","NEF_GloFung-its1_428_2021",22.6,-81.32,107,994,150,329,1493,66,274
"1183","NEF_GloFung-its1_429_2021",22.75,-83.38,30,476,279,234,611,59,279
"1184","NEF_GloFung-its1_430_2021",22.65,-83.71,30,507,264,240,579,60,318
"1185","NEF_GloFung-its1_431_2021",22.54,-83.71,30,445,237,242,516,59,330
"1186","NEF_GloFung-its1_432_2021",22.12,-83.97,30,0,0,0,0,0,0
"1187","NEF_GloFung-its1_433_2021",32.64,-108.34,108,136,564,220,130,70,239
"1188","NEF_GloFung-its1_434_2021",32.95,-108.21,108,642,479,234,496,66,359
"1189","NEF_GloFung-its1_435_2021",32.88,-108.22,108,534,486,221,480,66,323
"1190","NEF_GloFung-its1_436_2021",32.44,-110.79,29,788,596,222,777,56,271
"1191","NEF_GloFung-its1_437_2021",32.44,-110.76,29,694,508,259,411,58,337
"1192","NEF_GloFung-its1_438_2021",11.23,-73.83,53,451,335,264,482,60,290
"1193","NEF_GloFung-its1_439_2021",11.28,-74.01,53,436,339,255,475,65,308
"1194","NEF_GloFung-its1_440_2021",11.26,-73.7,53,0,0,0,0,0,0
"1195","NEF_GloFung-its1_441_2021",11.25,-73.67,53,0,0,0,0,0,0
"1196","NEF_GloFung-its1_442_2021",11.26,-73.6,53,0,0,0,0,0,0
"1197","NEF_GloFung-its1_443_2021",12.21,-72.18,109,0,0,0,0,0,0
"1198","NEF_GloFung-its1_444_2021",11.37,-73.12,109,0,0,0,0,0,0
"1199","NEF_GloFung-its1_445_2021",11.31,-73.93,53,0,0,0,0,0,0
"1200","NEF_GloFung-its1_446_2021",-2.58,-60.03,110,217,450,156,290,41,205
"1201","NEF_GloFung-its1_447_2021",-2.57,-60.02,110,230,453,145,319,41,225
"1202","NEF_GloFung-its1_448_2021",-2.59,-60.03,110,224,425,170,290,40,236
"1203","NEF_GloFung-its1_449_2021",-54.99,-67.68,60,1053,509,352,0,58,325
"1204","NEF_GloFung-its1_450_2021",-53.69,-70.98,21,1245,543,343,2175,54,234
"1205","NEF_GloFung-its1_451_2021",-33.36,-70.29,111,326,585,240,623,68,241
"1206","NEF_GloFung-its1_452_2021",-2.57,-60.32,110,231,356,179,334,40,346
"1207","NEF_GloFung-its1_453_2021",-2.56,-60.32,110,213,362,161,317,40,283
"1208","NEF_GloFung-its1_453_2021",-2.56,-60.32,110,213,362,161,317,40,283
"1209","NEF_GloFung-its1_454_2021",-2.56,-60.33,110,222,386,167,319,40,293
"1210","NEF_GloFung-its1_453_2021",-2.56,-60.32,110,213,362,161,317,40,283
"1211","NEF_GloFung-its1_453_2021",-2.56,-60.32,110,213,362,161,317,40,283
"1212","NEF_GloFung-its1_455_2021",-3.04,-60.77,110,256,345,138,307,41,335
"1213","NEF_GloFung-its1_456_2021",-3.08,-60.78,110,270,317,131,265,42,358
"1214","NEF_GloFung-its1_457_2021",-3.09,-60.84,110,257,368,130,261,40,272
"1215","NEF_GloFung-its1_458_2021",-1.97,-61.49,112,229,309,145,416,42,320
"1216","NEF_GloFung-its1_459_2021",-1.96,-61.44,112,250,328,153,382,43,268
"1217","NEF_GloFung-its1_460_2021",-1.94,-61.45,112,0,0,0,0,0,0
"1218","NEF_GloFung-its1_461_2021",-1.93,-61.45,112,0,0,0,0,0,0
"1219","NEF_GloFung-its1_462_2021",-1.91,-61.46,112,0,0,0,0,0,0
"1220","NEF_GloFung-its1_463_2021",-1.9,-61.46,112,221,350,145,474,43,325
"1221","NEF_GloFung-its1_464_2021",-1.74,-51.39,113,298,380,148,369,45,265
"1222","NEF_GloFung-its1_464_2021",-1.74,-51.39,113,298,380,148,369,45,265
"1223","NEF_GloFung-its1_464_2021",-1.74,-51.39,113,298,380,148,369,45,265
"1224","NEF_GloFung-its1_465_2021",-1.77,-51.42,113,301,416,142,460,46,240
"1225","NEF_GloFung-its1_466_2021",-1.77,-51.43,113,0,0,0,0,0,0
"1226","NEF_GloFung-its1_467_2021",-1.78,-51.43,113,296,304,226,639,49,302
"1227","NEF_GloFung-its1_468_2021",-1.74,-51.46,113,230,436,141,269,45,253
"1228","NEF_GloFung-its1_468_2021",-1.74,-51.46,113,230,436,141,269,45,253
"1229","NEF_GloFung-its1_468_2021",-1.74,-51.46,113,230,436,141,269,45,253
"1230","NEF_GloFung-its1_469_2021",-1.72,-51.45,113,290,398,159,299,45,230
"1231","NEF_GloFung-its1_469_2021",-1.72,-51.45,113,290,398,159,299,45,230
"1232","NEF_GloFung-its1_470_2021",-1.74,-51.44,113,239,464,170,596,44,216
"1233","NEF_GloFung-its1_471_2021",-4.35,-70.03,40,0,0,0,0,0,0
"1234","NEF_GloFung-its1_472_2021",-4.35,-70.02,40,318,140,162,493,44,628
"1235","NEF_GloFung-its1_473_2021",-4.34,-70.01,40,306,142,168,465,43,587
"1236","NEF_GloFung-its1_474_2021",-4.43,-70.08,40,337,180,173,426,43,506
"1237","NEF_GloFung-its1_475_2021",-4.42,-70.06,40,337,314,160,452,42,395
"1238","NEF_GloFung-its1_476_2021",-4.43,-70.07,40,347,240,163,500,43,451
"1239","NEF_GloFung-its1_477_2021",-4.32,-70,40,334,112,160,465,45,616
"1240","NEF_GloFung-its1_477_2021",-4.32,-70,40,334,112,160,465,45,616
"1241","NEF_GloFung-its1_478_2021",-4.33,-70.01,40,336,109,156,597,43,630
"1242","NEF_GloFung-its1_479_2021",6.75,-75.48,47,570,334,269,1080,53,349
"1243","NEF_GloFung-its1_480_2021",6.5,-75.55,47,623,386,300,1042,52,326
"1244","NEF_GloFung-its1_481_2021",5.89,-74.85,47,364,310,210,437,49,352
"1245","NEF_GloFung-its1_482_2021",11.18,-74.24,53,0,0,0,0,0,0
"1246","NEF_GloFung-its1_483_2021",-3.99,-69.9,40,355,368,191,397,42,301
"1247","NEF_GloFung-its1_484_2021",-4,-69.89,40,362,426,201,397,42,296
"1248","NEF_GloFung-its1_485_2021",-4.05,-69.99,40,351,338,189,470,43,357
"1249","NEF_GloFung-its1_486_2021",-4,-69.9,40,339,443,199,420,42,272
"1250","NEF_GloFung-its1_487_2021",-4.01,-69.9,40,339,437,189,396,42,306
"1251","NEF_GloFung-its1_486_2021",-4,-69.9,40,339,443,199,420,42,272
"1252","NEF_GloFung-its1_488_2021",5.72,-73.47,54,452,318,283,750,59,340
"1253","NEF_GloFung-its1_489_2021",5.72,-73.43,54,647,405,305,1132,56,321
"1254","NEF_GloFung-its1_490_2021",4.88,-75.18,45,609,414,307,1095,55,285
"1255","NEF_GloFung-its1_491_2021",4.88,-75.19,45,643,444,322,1167,55,236
"1256","NEF_GloFung-its1_492_2021",6.26,-75.5,47,564,367,239,1124,50,333
"1257","NEF_GloFung-its1_493_2021",6.15,-75.44,47,510,385,266,826,53,328
"1258","NEF_GloFung-its1_494_2021",4.92,-75.27,45,665,457,340,1400,54,281
"1259","NEF_GloFung-its1_495_2021",4.88,-75.17,45,669,399,336,1350,55,304
"1260","NEF_GloFung-its1_495_2021",4.88,-75.17,45,669,399,336,1350,55,304
"1261","NEF_GloFung-its1_496_2021",5.77,-73.43,54,455,339,294,767,54,305
"1262","NEF_GloFung-its1_497_2021",-0.6,-72.41,33,383,534,253,707,43,245
"1263","NEF_GloFung-its1_498_2021",-0.62,-72.4,33,393,534,228,675,43,265
"1264","NEF_GloFung-its1_498_2021",-0.62,-72.4,33,393,534,228,675,43,265
"1265","NEF_GloFung-its1_499_2021",-0.64,-72.07,33,418,477,234,531,41,257
"1266","NEF_GloFung-its1_500_2021",-0.63,-72.09,33,416,436,245,731,41,287
"1267","NEF_GloFung-its1_501_2021",-0.56,-72.11,33,377,460,238,566,41,284
"1268","NEF_GloFung-its1_499_2021",-0.64,-72.07,33,418,477,234,531,41,257
"1269","NEF_GloFung-its1_502_2021",6.7,-75.47,47,499,332,234,988,52,323
"1270","NEF_GloFung-its1_503_2021",6.71,-75.47,47,565,312,239,1070,54,361
"1271","NEF_GloFung-its1_504_2021",6.75,-75.49,47,566,334,229,1179,53,348
"1272","NEF_GloFung-its1_505_2021",4.87,-75.13,45,589,334,318,1003,54,314
"1273","NEF_GloFung-its1_506_2021",4.87,-75.17,45,612,383,318,1173,55,286
"1274","NEF_GloFung-its1_507_2021",4.87,-75.25,45,481,468,284,931,59,291
"1275","NEF_GloFung-its1_485_2021",-4.05,-69.99,40,351,338,189,470,43,357
"1276","NEF_GloFung-its1_486_2021",-4,-69.9,40,339,443,199,420,42,272
"1277","NEF_GloFung-its1_484_2021",-4,-69.89,40,362,426,201,397,42,296
"1278","NEF_GloFung-its1_486_2021",-4,-69.9,40,339,443,199,420,42,272
"1279","NEF_GloFung-its1_487_2021",-4.01,-69.9,40,339,437,189,396,42,306
"1280","NEF_GloFung-its1_487_2021",-4.01,-69.9,40,339,437,189,396,42,306
"1281","NEF_GloFung-its1_487_2021",-4.01,-69.9,40,339,437,189,396,42,306
"1282","NEF_GloFung-its1_487_2021",-4.01,-69.9,40,339,437,189,396,42,306
"1283","NEF_GloFung-its1_508_2021",-0.93,-71.61,33,448,422,246,502,43,319
"1284","NEF_GloFung-its1_499_2021",-0.64,-72.07,33,418,477,234,531,41,257
"1285","NEF_GloFung-its1_499_2021",-0.64,-72.07,33,418,477,234,531,41,257
"1286","NEF_GloFung-its1_509_2021",-0.64,-72.08,33,354,469,228,507,41,274
"1287","NEF_GloFung-its1_510_2021",-0.63,-72.39,33,338,460,240,635,44,308
"1288","NEF_GloFung-its1_511_2021",-0.63,-72.4,33,393,433,228,669,45,309
"1289","NEF_GloFung-its1_512_2021",-0.64,-72.4,33,364,501,241,632,43,278
"1290","NEF_GloFung-its1_483_2021",-3.99,-69.9,40,355,368,191,397,42,301
"1291","NEF_GloFung-its1_486_2021",-4,-69.9,40,339,443,199,420,42,272
"1292","NEF_GloFung-its1_486_2021",-4,-69.9,40,339,443,199,420,42,272
"1293","NEF_GloFung-its1_501_2021",-0.56,-72.11,33,377,460,238,566,41,284
"1294","NEF_GloFung-its1_500_2021",-0.63,-72.09,33,416,436,245,731,41,287
"1295","NEF_GloFung-its1_498_2021",-0.62,-72.4,33,393,534,228,675,43,265
"1296","NEF_GloFung-its1_498_2021",-0.62,-72.4,33,393,534,228,675,43,265
"1297","NEF_GloFung-its1_513_2018",-40.1333333,-71.5,80,680,609,271,1606,56,267
"1298","NEF_GloFung-its1_513_2018",-40.1333333,-71.5,80,680,609,271,1606,56,267
"1299","NEF_GloFung-its1_513_2018",-40.1333333,-71.5,80,680,609,271,1606,56,267
"1300","NEF_GloFung-its1_513_2018",-40.1333333,-71.5,80,680,609,271,1606,56,267
"1301","NEF_GloFung-its1_514_2022",-16.378279,-71.541562,114,0,0,0,0,0,0
"1302","NEF_GloFung-its1_515_2022",-16.372398,-71.541019,114,0,0,0,0,0,0
"1303","NEF_GloFung-its1_516_2022",-16.409991,-71.548939,114,0,0,0,0,0,0
"1304","NEF_GloFung-its1_517_2022",-16.4269722,-71.673333,114,220,643,137,133,79,219
"1305","NEF_GloFung-its1_518_2022",-16.365158,-71.535685,114,0,0,0,0,0,0
"1306","NEF_GloFung-its1_519_2022",-16.368054,-71.592793,114,179,624,106,143,80,272
"1307","NEF_GloFung-its1_520_2022",-16.456254,-71.593083,114,0,0,0,0,0,0
"1308","NEF_GloFung-its1_521_2022",-16.401524,-71.605654,114,144,670,95,197,79,229
"1309","NEF_GloFung-its1_522_2022",-16.356661,-71.558701,114,0,0,0,0,0,0
"1310","NEF_GloFung-its1_523_2022",-16.332262,-71.53447,114,173,597,137,144,77,284
"1311","NEF_GloFung-its1_524_2022",-16.412333,-71.640875,114,161,668,80,185,79,228
"1312","NEF_GloFung-its1_525_2022",-16.427321,-71.631538,114,165,669,104,121,79,222
"1313","NEF_GloFung-its1_447_2020",-2.5708,-60.01995,110,230,453,145,319,41,225
"1314","NEF_GloFung-its1_526_2020",-4.32071666,-70.00263333,40,328,110,162,461,45,620
"1315","NEF_GloFung-its1_527_2020",-3.07933333,-60.77676667,110,248,266,134,307,42,410
"1316","NEF_GloFung-its1_528_2020",-1.73676666,-51.46168333,113,206,436,138,269,45,228
"1317","NEF_GloFung-its1_529_2020",-4.32608333,-70.00603333,40,319,145,156,442,45,585
"1318","NEF_GloFung-its1_530_2020",-4.42538333,-70.07126667,40,325,226,163,453,43,515
"1319","NEF_GloFung-its1_531_2020",-1.95511666,-61.44468333,112,249,316,160,460,42,302
"1320","NEF_GloFung-its1_532_2020",-4.42648333,-70.07526667,40,327,190,157,444,42,498
"1321","NEF_GloFung-its1_533_2020",-1.7403,-51.44491667,113,0,0,0,0,0,0
"1322","NEF_GloFung-its1_534_2020",-1.71751666,-51.45273333,113,290,407,160,300,45,229
"1323","NEF_GloFung-its1_535_2020",-1.78038333,-51.42853333,113,0,0,0,0,0,0
"1324","NEF_GloFung-its1_531_2020",-1.95511666,-61.44468333,112,249,316,160,460,42,302
"1325","NEF_GloFung-its1_536_2020",-1.74335,-51.3872,113,308,350,177,410,47,312
"1326","NEF_GloFung-its1_537_2020",-4.33586666,-70.01043333,40,315,138,166,591,43,611
"1327","NEF_GloFung-its1_538_2020",-2.55518333,-60.31978333,110,265,318,194,357,42,336
"1328","NEF_GloFung-its1_539_2020",-1.93945,-61.44631667,112,240,255,179,539,43,388
"1329","NEF_GloFung-its1_540_2020",-1.46143333,-61.46143333,112,236,244,141,368,40,389
"1330","NEF_GloFung-its1_538_2020",-2.55518333,-60.31978333,110,265,318,194,357,42,336
"1331","NEF_GloFung-its1_541_2020",-1.73941666,-51.45631667,113,229,441,141,276,44,240
"1332","NEF_GloFung-its1_542_2020",-3.08725,-60.84361667,110,263,371,128,267,41,270
"1333","NEF_GloFung-its1_543_2020",-1.926,-61.4529,112,0,0,0,0,0,0
"1334","NEF_GloFung-its1_536_2020",-1.74281666,-51.38715,113,308,350,177,410,47,312
"1335","NEF_GloFung-its1_536_2020",-1.7431,-51.38725,113,308,350,177,410,47,312
"1336","NEF_GloFung-its1_533_2020",-1.7403,-51.44491667,113,0,0,0,0,0,0
"1337","NEF_GloFung-its1_544_2020",-4.34593333,-70.02085,40,318,126,169,731,43,617
"1338","NEF_GloFung-its1_545_2020",-1.7245,-51.45428333,113,211,411,143,284,44,207
"1339","NEF_GloFung-its1_546_2020",-1.96526666,-61.48538333,112,229,324,139,521,42,348
"1340","NEF_GloFung-its1_547_2020",-2.55621666,-60.32216667,110,251,248,198,378,43,442
"1341","NEF_GloFung-its1_546_2020",-1.96526666,-61.48538333,112,229,324,139,521,42,348
"1342","NEF_GloFung-its1_534_2020",-1.71751666,-51.45273333,113,290,407,160,300,45,229
"1343","NEF_GloFung-its1_532_2020",-4.42648333,-70.07526667,40,327,190,157,444,42,498
"1344","NEF_GloFung-its1_548_2020",-2.56315,-60.32613333,110,238,320,190,373,42,388
"1345","NEF_GloFung-its1_549_2020",-1.91293333,-61.46016667,112,0,0,0,0,0,0
"1346","NEF_GloFung-its1_528_2020",-1.73676666,-51.46168333,113,206,436,138,269,45,228
"1347","NEF_GloFung-its1_550_2020",-2.56035,-60.32283333,110,255,296,208,405,43,385
"1348","NEF_GloFung-its1_547_2020",-2.55621666,-60.32216667,110,251,248,198,378,43,442
"1349","NEF_GloFung-its1_543_2020",-1.926,-61.4529,112,0,0,0,0,0,0
"1350","NEF_GloFung-its1_536_2020",-1.74335,-51.3872,113,308,350,177,410,47,312
"1351","NEF_GloFung-its1_455_2020",-3.03988333,-60.76948333,110,248,330,137,318,42,349
"1352","NEF_GloFung-its1_537_2020",-4.33586666,-70.01043333,40,315,138,166,591,43,611
"1353","NEF_GloFung-its1_551_2020",-2.55666666,-60.32081667,110,251,248,198,378,43,442
"1354","NEF_GloFung-its1_536_2020",-1.74281666,-51.38715,113,308,350,177,410,47,312
"1355","NEF_GloFung-its1_455_2020",-3.03988333,-60.76948333,110,248,330,137,318,42,349
"1356","NEF_GloFung-its1_447_2020",-2.5708,-60.01995,110,230,453,145,319,41,225
"1357","NEF_GloFung-its1_552_2020",-2.58758333,-60.03291667,110,255,440,170,297,41,218
"1358","NEF_GloFung-its1_553_2020",-2.566,-60.32075,110,225,307,201,338,43,394
"1359","NEF_GloFung-its1_536_2020",-1.7431,-51.38725,113,308,350,177,410,47,312
"1360","NEF_GloFung-its1_554_2020",-4.35276666,-70.02735,40,305,119,180,544,44,668
"1361","NEF_GloFung-its1_541_2020",-1.73941666,-51.45631667,113,229,441,141,276,44,240
"1362","NEF_GloFung-its1_555_2020",-1.73831666,-51.4586,113,230,443,139,263,45,245
"1363","NEF_GloFung-its1_544_2020",-4.34593333,-70.02085,40,318,126,169,731,43,617
"1364","NEF_GloFung-its1_539_2020",-1.93945,-61.44631667,112,240,255,179,539,43,388
"1365","NEF_GloFung-its1_556_2020",-4.32335,-70.00291667,40,307,132,153,448,45,601
"1366","NEF_GloFung-its1_557_2020",-4.42538333,-70.05903333,40,355,312,160,430,44,424
"1367","NEF_GloFung-its1_557_2020",-4.42538333,-70.05903333,40,355,312,160,430,44,424
"1368","NEF_GloFung-its1_540_2020",-1.46143333,-61.46143333,112,236,244,141,368,40,389
"1369","NEF_GloFung-its1_558_2020",-1.7747,-51.41778333,113,0,0,0,0,0,0
"1370","NEF_GloFung-its1_554_2020",-4.35276666,-70.02735,40,305,119,180,544,44,668
"1371","NEF_GloFung-its1_542_2020",-3.08725,-60.84361667,110,263,371,128,267,41,270
"1372","NEF_GloFung-its1_549_2020",-1.91293333,-61.46016667,112,0,0,0,0,0,0
"1373","NEF_GloFung-its1_550_2020",-2.56035,-60.32283333,110,255,296,208,405,43,385
"1374","NEF_GloFung-its1_551_2020",-2.55666666,-60.32081667,110,251,248,198,378,43,442
"1375","NEF_GloFung-its1_526_2020",-4.32071666,-70.00263333,40,328,110,162,461,45,620
"1376","NEF_GloFung-its1_555_2020",-1.73831666,-51.4586,113,230,443,139,263,45,245
"1377","NEF_GloFung-its1_548_2020",-2.56315,-60.32613333,110,238,320,190,373,42,388
"1378","NEF_GloFung-its1_535_2020",-1.78038333,-51.42853333,113,0,0,0,0,0,0
"1379","NEF_GloFung-its1_545_2020",-1.7245,-51.45428333,113,211,411,143,284,44,207
"1380","NEF_GloFung-its1_527_2020",-3.07933333,-60.77676667,110,248,266,134,307,42,410
"1381","NEF_GloFung-its1_529_2020",-4.32608333,-70.00603333,40,319,145,156,442,45,585
"1382","NEF_GloFung-its1_530_2020",-4.42538333,-70.07126667,40,325,226,163,453,43,515
"1383","NEF_GloFung-its1_552_2020",-2.58758333,-60.03291667,110,255,440,170,297,41,218
"1384","NEF_GloFung-its1_559_2020",-1.77133333,-51.41043333,113,0,0,0,0,0,0
"1385","NEF_GloFung-its1_559_2020",-1.77133333,-51.41043333,113,0,0,0,0,0,0
"1386","NEF_GloFung-its1_558_2020",-1.7747,-51.41778333,113,0,0,0,0,0,0
"1387","NEF_GloFung-its1_556_2020",-4.32335,-70.00291667,40,307,132,153,448,45,601
"1388","NEF_GloFung-its1_560_2020",-2.58156666,-60.03063333,110,219,427,161,312,41,198
"1389","NEF_GloFung-its1_561_2021",29.710387,-81.992363,58,1270,948,135,177,47,32
"1390","NEF_GloFung-its1_561_2021",29.710387,-81.992363,58,1270,948,135,177,47,32
"1391","NEF_GloFung-its1_561_2021",29.710387,-81.992363,58,1270,948,135,177,47,32
"1392","NEF_GloFung-its1_561_2021",29.710387,-81.992363,58,1270,948,135,177,47,32
"1393","NEF_GloFung-its1_562_2021",29.697549,-81.98174,58,0,0,0,0,0,0
"1394","NEF_GloFung-its1_561_2021",29.710387,-81.992363,58,1270,948,135,177,47,32
"1395","NEF_GloFung-its1_561_2021",29.710387,-81.992363,58,1270,948,135,177,47,32
"1396","NEF_GloFung-its1_562_2021",29.697549,-81.98174,58,0,0,0,0,0,0
"1397","NEF_GloFung-its1_562_2021",29.697549,-81.98174,58,0,0,0,0,0,0
"1398","NEF_GloFung-its1_561_2021",29.710387,-81.992363,58,1270,948,135,177,47,32
"1399","NEF_GloFung-its1_562_2021",29.697549,-81.98174,58,0,0,0,0,0,0
"1400","NEF_GloFung-its1_562_2021",29.697549,-81.98174,58,0,0,0,0,0,0
"1401","NEF_GloFung-its1_561_2021",29.710387,-81.992363,58,1270,948,135,177,47,32
"1402","NEF_GloFung-its1_561_2021",29.710387,-81.992363,58,1270,948,135,177,47,32
"1403","NEF_GloFung-its1_562_2021",29.697549,-81.98174,58,0,0,0,0,0,0
"1404","NEF_GloFung-its1_562_2021",29.697549,-81.98174,58,0,0,0,0,0,0
"1405","NEF_GloFung-its1_563_2021",4.197168,-52.151563,11,336,333,223,646,47,323
"1406","NEF_GloFung-its1_564_2021",4.214539,-52.121489,11,343,350,207,660,46,337
"1407","NEF_GloFung-its1_565_2021",5.06893,-53.056313,12,522,319,234,757,46,365
"1408","NEF_GloFung-its1_566_2021",4.096155027,-52.683682,11,418,340,178,662,46,324
"1409","NEF_GloFung-its1_567_2021",4.19652,-52.152224,11,336,333,223,646,47,323
"1410","NEF_GloFung-its1_567_2021",4.196524,-52.15222,11,336,333,223,646,47,323
"1411","NEF_GloFung-its1_566_2021",4.096305985,-52.68348796,11,390,346,175,622,46,323
"1412","NEF_GloFung-its1_568_2021",5.065288,-52.997022,12,419,359,174,635,46,296
"1413","NEF_GloFung-its1_569_2021",5.068006,-53.054934,12,522,319,234,757,46,365
"1414","NEF_GloFung-its1_563_2021",4.197121,-52.151576,11,336,333,223,646,47,323
"1415","NEF_GloFung-its1_563_2021",4.197224,-52.151542,11,336,333,223,646,47,323
"1416","NEF_GloFung-its1_570_2021",4.194585,-52.149037,11,338,326,231,670,46,323
"1417","NEF_GloFung-its1_570_2021",4.194327,-52.149064,11,338,326,231,670,46,323
"1418","NEF_GloFung-its1_567_2021",4.197046,-52.151956,11,336,333,223,646,47,323
"1419","NEF_GloFung-its1_570_2021",4.19432275,-52.14903375,11,338,326,231,670,46,323
"1420","NEF_GloFung-its1_571_2021",4.21005375,-52.12883125,11,332,346,194,715,44,293
"1421","NEF_GloFung-its1_565_2021",5.068913,-53.056478,12,464,327,215,736,45,351
"1422","NEF_GloFung-its1_567_2021",4.196703,-52.151966,11,336,333,223,646,47,323
"1423","NEF_GloFung-its1_572_2021",4.21021725,-52.1233245,11,281,340,187,640,45,297
"1424","NEF_GloFung-its1_563_2021",4.196758,-52.151264,11,336,333,223,646,47,323
"1425","NEF_GloFung-its1_567_2021",4.197146,-52.151825,11,336,333,223,646,47,323
"1426","NEF_GloFung-its1_569_2021",5.068006,-53.054793,12,522,319,234,757,46,365
"1427","NEF_GloFung-its1_567_2021",4.196657,-52.152232,11,336,333,223,646,47,323
"1428","NEF_GloFung-its1_573_2021",5.04114,-53.100134,12,440,423,159,720,45,285
"1429","NEF_GloFung-its1_569_2021",5.067822,-53.054922,12,522,319,234,757,46,365
"1430","NEF_GloFung-its1_563_2021",4.197224,-52.151542,11,336,333,223,646,47,323
"1431","NEF_GloFung-its1_567_2021",4.196931,-52.151978,11,336,333,223,646,47,323
"1432","NEF_GloFung-its1_574_2021",5.068781,-53.056027,12,522,319,234,757,46,365
"1433","NEF_GloFung-its1_575_2021",3.96630099,-51.89163601,11,401,336,179,688,45,290
"1434","NEF_GloFung-its1_576_2021",4.196059,-52.148993,11,338,326,231,670,46,323
"1435","NEF_GloFung-its1_573_2021",5.04087,-53.100118,12,440,423,159,720,45,285
"1436","NEF_GloFung-its1_566_2021",4.095975989,-52.68348704,11,423,311,172,575,48,328
"1437","NEF_GloFung-its1_568_2021",5.065176,-52.996641,12,419,359,174,635,46,296
"1438","NEF_GloFung-its1_565_2021",5.068997,-53.05673,12,489,326,217,730,46,356
"1439","NEF_GloFung-its1_567_2021",4.196967,-52.151966,11,336,333,223,646,47,323
"1440","NEF_GloFung-its1_577_2021",4.095999962,-52.68384998,11,472,306,169,588,46,339
"1441","NEF_GloFung-its1_578_2021",4.197243,-52.148993,11,339,335,192,705,46,345
"1442","NEF_GloFung-its1_575_2021",3.966438982,-51.89167396,11,401,336,179,688,45,290
"1443","NEF_GloFung-its1_567_2021",4.1971,-52.151813,11,336,333,223,646,47,323
"1444","NEF_GloFung-its1_579_2021",5.073928,-52.973993,12,355,415,172,672,45,274
"1445","NEF_GloFung-its1_567_2021",4.197042,-52.151854,11,336,333,223,646,47,323
"1446","NEF_GloFung-its1_566_2021",4.096066011,-52.68348201,11,423,311,172,575,48,328
"1447","NEF_GloFung-its1_568_2021",5.065342,-52.996714,12,419,359,174,635,46,296
"1448","NEF_GloFung-its1_569_2021",5.068128,-53.054761,12,522,319,234,757,46,365
"1449","NEF_GloFung-its1_570_2021",4.1943425,-52.1490545,11,338,326,231,670,46,323
"1450","NEF_GloFung-its1_563_2021",4.197044,-52.151391,11,336,333,223,646,47,323
"1451","NEF_GloFung-its1_568_2021",5.06516,-52.996986,12,419,359,174,635,46,296
"1452","NEF_GloFung-its1_565_2021",5.068912,-53.056401,12,464,327,215,736,45,351
"1453","NEF_GloFung-its1_568_2021",5.065207,-52.996956,12,419,359,174,635,46,296
"1454","NEF_GloFung-its1_565_2021",5.068996,-53.05646,12,489,326,217,730,46,356
"1455","NEF_GloFung-its1_580_2021",4.192065,-52.150066,11,299,333,196,643,46,315
"1456","NEF_GloFung-its1_579_2021",5.074054,-52.973854,12,355,415,172,672,45,274
"1457","NEF_GloFung-its1_579_2021",5.073987,-52.974069,12,355,415,172,672,45,274
"1458","NEF_GloFung-its1_568_2021",5.065277,-52.996716,12,419,359,174,635,46,296
"1459","NEF_GloFung-its1_569_2021",5.067975,-53.054795,12,522,319,234,757,46,365
"1460","NEF_GloFung-its1_574_2021",5.068842,-53.055762,12,522,319,234,757,46,365
"1461","NEF_GloFung-its1_568_2021",5.065294,-52.996777,12,419,359,174,635,46,296
"1462","NEF_GloFung-its1_570_2021",4.194358,-52.149045,11,338,326,231,670,46,323
"1463","NEF_GloFung-its1_567_2021",4.196926,-52.152224,11,336,333,223,646,47,323
"1464","NEF_GloFung-its1_568_2021",5.065294,-52.996777,12,419,359,174,635,46,296
"1465","NEF_GloFung-its1_581_2021",4.196503,-52.151028,11,336,333,223,646,47,323
"1466","NEF_GloFung-its1_582_2021",4.2054915,-52.136187,11,398,355,201,662,45,306
"1467","NEF_GloFung-its1_563_2021",4.197003,-52.151395,11,336,333,223,646,47,323
"1468","NEF_GloFung-its1_570_2021",4.194335667,-52.14905333,11,338,326,231,670,46,323
"1469","NEF_GloFung-its1_567_2021",4.196931,-52.151978,11,336,333,223,646,47,323
"1470","NEF_GloFung-its1_568_2021",5.065079,-52.996809,12,419,359,174,635,46,296
"1471","NEF_GloFung-its1_563_2021",4.197232,-52.151465,11,336,333,223,646,47,323
"1472","NEF_GloFung-its1_573_2021",5.040826,-53.100122,12,440,423,159,720,45,285
"1473","NEF_GloFung-its1_567_2021",4.19716,-52.151814,11,336,333,223,646,47,323
"1474","NEF_GloFung-its1_575_2021",3.966428982,-51.89167396,11,401,336,179,688,45,290
"1475","NEF_GloFung-its1_565_2021",5.06893,-53.056313,12,522,319,234,757,46,365
"1476","NEF_GloFung-its1_575_2021",3.96630999,-51.89163901,11,401,336,179,688,45,290
"1477","NEF_GloFung-its1_563_2021",4.197078,-52.1516,11,336,333,223,646,47,323
"1478","NEF_GloFung-its1_566_2021",4.095975989,-52.68348704,11,423,311,172,575,48,328
"1479","NEF_GloFung-its1_567_2021",4.196921,-52.152227,11,336,333,223,646,47,323
"1480","NEF_GloFung-its1_568_2021",5.065378,-52.996713,12,419,359,174,635,46,296
"1481","NEF_GloFung-its1_583_2021",4.196944,-52.128885,11,372,363,195,673,45,306
"1482","NEF_GloFung-its1_567_2021",4.19702,-52.151944,11,336,333,223,646,47,323
"1483","NEF_GloFung-its1_567_2021",4.1971,-52.151813,11,336,333,223,646,47,323
"1484","NEF_GloFung-its1_575_2021",3.966458982,-51.89169396,11,401,336,179,688,45,290
"1485","NEF_GloFung-its1_566_2021",4.096066011,-52.68348201,11,423,311,172,575,48,328
"1486","NEF_GloFung-its1_563_2021",4.197227,-52.151533,11,336,333,223,646,47,323
"1487","NEF_GloFung-its1_566_2021",4.096305985,-52.68348796,11,390,346,175,622,46,323
"1488","NEF_GloFung-its1_574_2021",5.068781,-53.056027,12,522,319,234,757,46,365
"1489","NEF_GloFung-its1_579_2021",5.073867,-52.974036,12,355,415,172,672,45,274
"1490","NEF_GloFung-its1_567_2021",4.196926,-52.152224,11,336,333,223,646,47,323
"1491","NEF_GloFung-its1_568_2021",5.065342,-52.996714,12,419,359,174,635,46,296
"1492","NEF_GloFung-its1_563_2021",4.197158,-52.151466,11,336,333,223,646,47,323
"1493","NEF_GloFung-its1_568_2021",5.065475,-52.996648,12,419,359,174,635,46,296
"1494","NEF_GloFung-its1_576_2021",4.195746,-52.148762,11,338,326,231,670,46,323
"1495","NEF_GloFung-its1_568_2021",5.065494,-52.996397,12,419,359,174,635,46,296
"1496","NEF_GloFung-its1_568_2021",5.065079,-52.996809,12,419,359,174,635,46,296
"1497","NEF_GloFung-its1_568_2021",5.065176,-52.996641,12,419,359,174,635,46,296
"1498","NEF_GloFung-its1_579_2021",5.07363,-52.973649,12,345,400,177,657,46,275
"1499","NEF_GloFung-its1_567_2021",4.196996,-52.152033,11,336,333,223,646,47,323
"1500","NEF_GloFung-its1_565_2021",5.068996,-53.05646,12,489,326,217,730,46,356
"1501","NEF_GloFung-its1_567_2021",4.196921,-52.152227,11,336,333,223,646,47,323
"1502","NEF_GloFung-its1_563_2021",4.197243,-52.151531,11,336,333,223,646,47,323
"1503","NEF_GloFung-its1_569_2021",5.068029,-53.054805,12,522,319,234,757,46,365
"1504","NEF_GloFung-its1_568_2021",5.065281,-52.996755,12,419,359,174,635,46,296
"1505","NEF_GloFung-its1_569_2021",5.068049,-53.05494,12,522,319,234,757,46,365
"1506","NEF_GloFung-its1_584_2021",4.19067,-52.146816,11,318,339,194,684,45,329
"1507","NEF_GloFung-its1_563_2021",4.197121,-52.151576,11,336,333,223,646,47,323
"1508","NEF_GloFung-its1_570_2021",4.194327,-52.149064,11,338,326,231,670,46,323
"1509","NEF_GloFung-its1_569_2021",5.067728,-53.054841,12,522,319,234,757,46,365
"1510","NEF_GloFung-its1_567_2021",4.197059,-52.15174,11,336,333,223,646,47,323
"1511","NEF_GloFung-its1_585_2021",4.208558667,-52.13127867,11,359,345,193,709,44,292
"1512","NEF_GloFung-its1_584_2021",4.190585,-52.146798,11,318,339,194,684,45,329
"1513","NEF_GloFung-its1_564_2021",4.214693,-52.121462,11,343,350,207,660,46,337
"1514","NEF_GloFung-its1_566_2021",4.096462978,-52.683264,11,390,346,175,622,46,323
"1515","NEF_GloFung-its1_564_2021",4.214539,-52.121489,11,343,350,207,660,46,337
"1516","NEF_GloFung-its1_573_2021",5.04085,-53.100117,12,440,423,159,720,45,285
"1517","NEF_GloFung-its1_581_2021",4.196444,-52.150885,11,336,333,223,646,47,323
"1518","NEF_GloFung-its1_569_2021",5.067776,-53.055021,12,522,319,234,757,46,365
"1519","NEF_GloFung-its1_586_2021",4.18836,-52.141249,11,367,350,203,633,45,306
"1520","NEF_GloFung-its1_577_2021",4.095984958,-52.68403396,11,472,306,169,588,46,339
"1521","NEF_GloFung-its1_570_2021",4.194331917,-52.14903908,11,338,326,231,670,46,323
"1522","NEF_GloFung-its1_563_2021",4.197044,-52.151391,11,336,333,223,646,47,323
"1523","NEF_GloFung-its1_579_2021",5.073917,-52.973842,12,355,415,172,672,45,274
"1524","NEF_GloFung-its1_563_2021",4.196752,-52.151315,11,336,333,223,646,47,323
"1525","NEF_GloFung-its1_570_2021",4.194358,-52.149045,11,338,326,231,670,46,323
"1526","NEF_GloFung-its1_571_2021",4.21005375,-52.12883125,11,332,346,194,715,44,293
"1527","NEF_GloFung-its1_568_2021",5.065288,-52.997022,12,419,359,174,635,46,296
"1528","NEF_GloFung-its1_579_2021",5.074006,-52.973865,12,355,415,172,672,45,274
"1529","NEF_GloFung-its1_567_2021",4.196969,-52.151946,11,336,333,223,646,47,323
"1530","NEF_GloFung-its1_573_2021",5.04071,-53.100117,12,440,423,159,720,45,285
"1531","NEF_GloFung-its1_570_2021",4.194366,-52.149043,11,338,326,231,670,46,323
"1532","NEF_GloFung-its1_574_2021",5.068863,-53.055815,12,522,319,234,757,46,365
"1533","NEF_GloFung-its1_565_2021",5.068913,-53.056478,12,464,327,215,736,45,351
"1534","NEF_GloFung-its1_569_2021",5.067728,-53.054841,12,522,319,234,757,46,365
"1535","NEF_GloFung-its1_563_2021",4.197003,-52.151395,11,336,333,223,646,47,323
"1536","NEF_GloFung-its1_573_2021",5.04086,-53.100123,12,440,423,159,720,45,285
"1537","NEF_GloFung-its1_567_2021",4.196667,-52.1522,11,336,333,223,646,47,323
"1538","NEF_GloFung-its1_564_2021",4.214693,-52.121462,11,343,350,207,660,46,337
"1539","NEF_GloFung-its1_568_2021",5.065484,-52.996517,12,419,359,174,635,46,296
"1540","NEF_GloFung-its1_586_2021",4.188505,-52.141119,11,362,356,199,654,45,307
"1541","NEF_GloFung-its1_573_2021",5.04086,-53.100114,12,440,423,159,720,45,285
"1542","NEF_GloFung-its1_566_2021",4.096268015,-52.68346298,11,390,346,175,622,46,323
"1543","NEF_GloFung-its1_573_2021",5.04078,-53.100116,12,440,423,159,720,45,285
"1544","NEF_GloFung-its1_564_2021",4.214693,-52.121462,11,343,350,207,660,46,337
"1545","NEF_GloFung-its1_565_2021",5.068997,-53.05673,12,489,326,217,730,46,356
"1546","NEF_GloFung-its1_570_2021",4.194322,-52.149051,11,338,326,231,670,46,323
"1547","NEF_GloFung-its1_563_2021",4.197094,-52.151566,11,336,333,223,646,47,323
"1548","NEF_GloFung-its1_564_2021",4.214539,-52.121489,11,343,350,207,660,46,337
"1549","NEF_GloFung-its1_563_2021",4.196853,-52.151328,11,336,333,223,646,47,323
"1550","NEF_GloFung-its1_566_2021",4.096462978,-52.683264,11,390,346,175,622,46,323
"1551","NEF_GloFung-its1_575_2021",3.966480028,-51.89174596,11,401,336,179,688,45,290
"1552","NEF_GloFung-its1_565_2021",5.068826,-53.056266,12,522,319,234,757,46,365
"1553","NEF_GloFung-its1_574_2021",5.068863,-53.055815,12,522,319,234,757,46,365
"1554","NEF_GloFung-its1_567_2021",4.196667,-52.1522,11,336,333,223,646,47,323
"1555","NEF_GloFung-its1_579_2021",5.073929,-52.973835,12,355,415,172,672,45,274
"1556","NEF_GloFung-its1_567_2021",4.19716,-52.151814,11,336,333,223,646,47,323
"1557","NEF_GloFung-its1_568_2021",5.065631,-52.996392,12,419,359,174,635,46,296
"1558","NEF_GloFung-its1_567_2021",4.196572,-52.152223,11,336,333,223,646,47,323
"1559","NEF_GloFung-its1_577_2021",4.095999962,-52.68384998,11,472,306,169,588,46,339
"1560","NEF_GloFung-its1_573_2021",5.04078,-53.100119,12,440,423,159,720,45,285
"1561","NEF_GloFung-its1_575_2021",3.96651498,-51.89177002,11,401,336,179,688,45,290
"1562","NEF_GloFung-its1_568_2021",5.06516,-52.996986,12,419,359,174,635,46,296
"1563","NEF_GloFung-its1_563_2021",4.197036,-52.151583,11,336,333,223,646,47,323
"1564","NEF_GloFung-its1_568_2021",5.065281,-52.996755,12,419,359,174,635,46,296
"1565","NEF_GloFung-its1_573_2021",5.04078,-53.100121,12,440,423,159,720,45,285
"1566","NEF_GloFung-its1_587_2021",4.189703,-52.144105,11,375,352,206,637,45,321
"1567","NEF_GloFung-its1_575_2021",3.966574995,-51.89194997,11,401,336,179,688,45,290
"1568","NEF_GloFung-its1_567_2021",4.196572,-52.152223,11,336,333,223,646,47,323
"1569","NEF_GloFung-its1_567_2021",4.19702,-52.151944,11,336,333,223,646,47,323
"1570","NEF_GloFung-its1_582_2021",4.2054915,-52.136187,11,398,355,201,662,45,306
"1571","NEF_GloFung-its1_566_2021",4.096402964,-52.68354999,11,418,340,178,662,46,324
"1572","NEF_GloFung-its1_568_2021",5.065207,-52.996956,12,419,359,174,635,46,296
"1573","NEF_GloFung-its1_577_2021",4.095984958,-52.68403396,11,472,306,169,588,46,339
"1574","NEF_GloFung-its1_575_2021",3.966576995,-51.89194797,11,401,336,179,688,45,290
"1575","NEF_GloFung-its1_563_2021",4.19718,-52.151521,11,336,333,223,646,47,323
"1576","NEF_GloFung-its1_564_2021",4.214693,-52.121462,11,343,350,207,660,46,337
"1577","NEF_GloFung-its1_586_2021",4.188529,-52.14119,11,367,350,203,633,45,306
"1578","NEF_GloFung-its1_568_2021",5.06568,-52.996641,12,419,359,174,635,46,296
"1579","NEF_GloFung-its1_587_2021",4.189751,-52.144087,11,375,352,206,637,45,321
"1580","NEF_GloFung-its1_566_2021",4.096155027,-52.683682,11,418,340,178,662,46,324
"1581","NEF_GloFung-its1_579_2021",5.073995,-52.973889,12,355,415,172,672,45,274
"1582","NEF_GloFung-its1_568_2021",5.065342,-52.996682,12,419,359,174,635,46,296
"1583","NEF_GloFung-its1_563_2021",4.197168,-52.151563,11,336,333,223,646,47,323
"1584","NEF_GloFung-its1_564_2021",4.214539,-52.121489,11,343,350,207,660,46,337
"1585","NEF_GloFung-its1_565_2021",5.068912,-53.056401,12,464,327,215,736,45,351
"1586","NEF_GloFung-its1_568_2021",5.065378,-52.996713,12,419,359,174,635,46,296
"1587","NEF_GloFung-its1_568_2021",5.065295,-52.996749,12,419,359,174,635,46,296
"1588","NEF_GloFung-its1_570_2021",4.194585,-52.149037,11,338,326,231,670,46,323
"1589","NEF_GloFung-its1_569_2021",5.067976,-53.054928,12,522,319,234,757,46,365
"1590","NEF_GloFung-its1_566_2021",4.096268015,-52.68360397,11,418,340,178,662,46,324
"1591","NEF_GloFung-its1_568_2021",5.065582,-52.996357,12,419,359,174,635,46,296
"1592","NEF_GloFung-its1_567_2021",4.196524,-52.15222,11,336,333,223,646,47,323
"1593","NEF_GloFung-its1_570_2021",4.194276,-52.148977,11,338,326,231,670,46,323
"1594","NEF_GloFung-its1_581_2021",4.196444,-52.150885,11,336,333,223,646,47,323
"1595","NEF_GloFung-its1_568_2021",5.065666,-52.996712,12,419,359,174,635,46,296
"1596","NEF_GloFung-its1_568_2021",5.065351,-52.996826,12,419,359,174,635,46,296
"1597","NEF_GloFung-its1_569_2021",5.068018,-53.054846,12,522,319,234,757,46,365
"1598","NEF_GloFung-its1_567_2021",4.197146,-52.151825,11,336,333,223,646,47,323
"1599","NEF_GloFung-its1_575_2021",3.96651598,-51.89177006,11,401,336,179,688,45,290
"1600","NEF_GloFung-its1_567_2021",4.19652,-52.152224,11,336,333,223,646,47,323
"1601","NEF_GloFung-its1_572_2021",4.21021725,-52.1233245,11,281,340,187,640,45,297
"1602","NEF_GloFung-its1_567_2021",4.19698,-52.15195,11,336,333,223,646,47,323
"1603","NEF_GloFung-its1_567_2021",4.197046,-52.151956,11,336,333,223,646,47,323
"1604","NEF_GloFung-its1_583_2021",4.196944,-52.128885,11,372,363,195,673,45,306
"1605","NEF_GloFung-its1_566_2021",4.096402964,-52.68354999,11,418,340,178,662,46,324
"1606","NEF_GloFung-its1_585_2021",4.208558667,-52.13127867,11,359,345,193,709,44,292
"1607","NEF_GloFung-its1_567_2021",4.196657,-52.152232,11,336,333,223,646,47,323
"1608","NEF_GloFung-its1_568_2021",5.065295,-52.996749,12,419,359,174,635,46,296
"1609","NEF_GloFung-its1_565_2021",5.068826,-53.056266,12,522,319,234,757,46,365
"1610","NEF_GloFung-its1_588_2021",4.189338,-52.142207,11,369,349,203,670,45,310
"1611","NEF_GloFung-its1_567_2021",4.196971,-52.151966,11,336,333,223,646,47,323
"1612","NEF_GloFung-its1_579_2021",5.073911,-52.973764,12,355,415,172,672,45,274
"1613","NEF_GloFung-its1_563_2021",4.197216,-52.151467,11,336,333,223,646,47,323
"1614","NEF_GloFung-its1_570_2021",4.194327,-52.149064,11,338,326,231,670,46,323
"1615","NEF_GloFung-its1_570_2021",4.1943245,-52.1490575,11,338,326,231,670,46,323
"1616","NEF_GloFung-its1_588_2021",4.189306,-52.142171,11,369,349,203,670,45,310
"1617","NEF_GloFung-its1_563_2021",4.197145,-52.151482,11,336,333,223,646,47,323
"1618","NEF_GloFung-its1_589_2021",19.29652,-97.0047,72,401,435,286,584,58,265
"1619","NEF_GloFung-its1_590_2021",17.38509,-96.22688,9,426,396,181,585,56,311
"1620","NEF_GloFung-its1_591_2021",17.37688,-96.213,9,436,422,176,632,56,298
"1621","NEF_GloFung-its1_592_2021",19.29606,-97.00654,72,401,435,286,584,58,265
"1622","NEF_GloFung-its1_592_2021",19.2959,-97.00662,72,401,435,286,584,58,265
"1623","NEF_GloFung-its1_593_2021",17.36591,-96.23128,9,383,411,184,587,55,284
"1624","NEF_GloFung-its1_590_2021",17.38512,-96.22699,9,426,396,181,585,56,311
"1625","NEF_GloFung-its1_594_2021",8.45721,-82.15692,13,439,337,187,384,55,352
"1626","NEF_GloFung-its1_590_2021",17.38504,-96.22684,9,426,396,181,585,56,311
"1627","NEF_GloFung-its1_594_2021",8.45711,-82.15698,13,439,337,187,384,55,352
"1628","NEF_GloFung-its1_593_2021",17.36591,-96.23128,9,383,411,184,587,55,284
"1629","NEF_GloFung-its1_595_2021",8.45321,-82.14422,13,430,308,159,330,54,331
"1630","NEF_GloFung-its1_589_2021",19.29628,-97.00468,72,401,435,286,584,58,265
"1631","NEF_GloFung-its1_592_2021",19.29598,-97.00669,72,411,440,286,584,57,264
"1632","NEF_GloFung-its1_591_2021",17.3768,-96.21288,9,445,403,169,593,56,318
"1633","NEF_GloFung-its1_592_2021",19.29617,-97.00664,72,411,440,286,584,57,264
"1634","NEF_GloFung-its1_596_2021",8.39397,-82.12919,13,401,293,188,394,54,374
"1635","NEF_GloFung-its1_597_2021",8.40428,-82.13047,13,367,311,184,369,54,380
"1636","NEF_GloFung-its1_590_2021",17.38512,-96.22699,9,426,396,181,585,56,311
"1637","NEF_GloFung-its1_594_2021",8.45711,-82.15686,13,439,337,187,384,55,352
"1638","NEF_GloFung-its1_594_2021",8.45704,-82.15693,13,439,337,187,384,55,352
"1639","NEF_GloFung-its1_596_2021",8.39389,-82.1293,13,401,293,188,394,54,374
"1640","NEF_GloFung-its1_597_2021",8.40428,-82.13047,13,367,311,184,369,54,380
"1641","NEF_GloFung-its1_591_2021",17.37687,-96.21298,9,436,422,176,632,56,298
"1642","NEF_GloFung-its1_593_2021",17.36591,-96.23128,9,383,411,184,587,55,284
"1643","NEF_GloFung-its1_593_2021",17.36591,-96.23128,9,383,411,184,587,55,284
"1644","NEF_GloFung-its1_590_2021",17.38501,-96.22696,9,426,396,181,585,56,311
"1645","NEF_GloFung-its1_596_2021",8.39403,-82.12919,13,401,293,188,394,54,374
"1646","NEF_GloFung-its1_593_2021",17.36591,-96.23128,9,383,411,184,587,55,284
"1647","NEF_GloFung-its1_592_2021",19.29621,-97.0066,72,401,435,286,584,58,265
"1648","NEF_GloFung-its1_595_2021",8.45312,-82.14397,13,430,308,159,330,54,331
"1649","NEF_GloFung-its1_589_2021",19.29628,-97.00468,72,401,435,286,584,58,265
"1650","NEF_GloFung-its1_597_2021",8.40423,-82.1304,13,366,305,196,390,53,377
"1651","NEF_GloFung-its1_597_2021",8.40422,-82.13039,13,366,305,196,390,53,377
"1652","NEF_GloFung-its1_593_2021",17.36591,-96.23128,9,383,411,184,587,55,284
"1653","NEF_GloFung-its1_589_2021",19.29628,-97.00468,72,401,435,286,584,58,265
"1654","NEF_GloFung-its1_591_2021",17.37681,-96.21297,9,445,403,169,593,56,318
"1655","NEF_GloFung-its1_592_2021",19.29632,-97.00644,72,401,435,286,584,58,265
"1656","NEF_GloFung-its1_595_2021",8.45323,-82.14447,13,430,308,159,330,54,331
"1657","NEF_GloFung-its1_592_2021",19.29622,-97.00668,72,411,440,286,584,57,264
"1658","NEF_GloFung-its1_597_2021",8.4044,-82.13032,13,367,311,184,369,54,380
"1659","NEF_GloFung-its1_594_2021",8.4571,-82.15692,13,439,337,187,384,55,352
"1660","NEF_GloFung-its1_593_2021",17.36591,-96.23128,9,383,411,184,587,55,284
"1661","NEF_GloFung-its1_593_2021",17.36591,-96.23128,9,383,411,184,587,55,284
"1662","NEF_GloFung-its1_589_2021",19.2964,-97.0047,72,401,435,286,584,58,265
"1663","NEF_GloFung-its1_592_2021",19.29646,-97.00661,72,401,435,286,584,58,265
"1664","NEF_GloFung-its1_596_2021",8.39387,-82.12923,13,401,293,188,394,54,374
"1665","NEF_GloFung-its1_598_2021",17.34724,-96.30418,9,490,440,181,634,53,265
"1666","NEF_GloFung-its1_593_2021",17.36591,-96.23128,9,383,411,184,587,55,284
"1667","NEF_GloFung-its1_590_2021",17.38505,-96.22697,9,426,396,181,585,56,311
"1668","NEF_GloFung-its1_592_2021",19.29622,-97.00669,72,411,440,286,584,57,264
"1669","NEF_GloFung-its1_595_2021",8.45318,-82.14426,13,430,308,159,330,54,331
"1670","NEF_GloFung-its1_595_2021",8.4531,-82.14446,13,430,308,159,330,54,331
"1671","NEF_GloFung-its1_596_2021",8.39393,-82.12911,13,401,293,188,394,54,374
"1672","NEF_GloFung-its1_592_2021",19.29597,-97.00664,72,411,440,286,584,57,264
"1673","NEF_GloFung-its1_592_2021",19.29627,-97.00669,72,411,440,286,584,57,264
"1674","NEF_GloFung-its1_592_2021",19.29597,-97.00664,72,411,440,286,584,57,264
"1675","NEF_GloFung-its1_589_2021",19.29628,-97.00468,72,401,435,286,584,58,265
"1676","NEF_GloFung-its1_513_2018",-40.133,-71.5,80,680,609,271,1606,56,267
"1677","NEF_GloFung-its1_513_2018",-40.133,-71.5,80,680,609,271,1606,56,267
"1678","NEF_GloFung-its1_513_2018",-40.133,-71.5,80,680,609,271,1606,56,267
"1679","NEF_GloFung-its1_513_2018",-40.133,-71.5,80,680,609,271,1606,56,267
"1680","NEF_GloFung-its1_599_2020",-20.158914,-41.020625,95,312,484,146,484,51,183
"1681","NEF_GloFung-its1_600_2020",-20.437333,-41.182483,95,370,498,149,342,53,206
"1682","NEF_GloFung-its1_601_2020",-20.166429,-41.037463,95,441,513,152,537,52,153
"1683","NEF_GloFung-its1_602_2020",-20.53164,-41.080126,95,416,522,147,465,50,199
"1684","NEF_GloFung-its1_603_2020",-20.32622,-41.107041,95,428,546,143,421,50,170
"1685","NEF_GloFung-its1_602_2020",-20.53164,-41.080126,95,416,522,147,465,50,199
"1686","NEF_GloFung-its1_600_2020",-20.437333,-41.182483,95,370,498,149,342,53,206
"1687","NEF_GloFung-its1_599_2020",-20.158914,-41.020625,95,312,484,146,484,51,183
"1688","NEF_GloFung-its1_604_2020",-20.316887,-41.121482,95,313,508,161,330,51,214
"1689","NEF_GloFung-its1_605_2020",-20.555586,-41.0831,95,321,474,160,322,54,212
"1690","NEF_GloFung-its1_603_2020",-20.32622,-41.107041,95,428,546,143,421,50,170
"1691","NEF_GloFung-its1_604_2020",-20.316887,-41.121482,95,313,508,161,330,51,214
"1692","NEF_GloFung-its1_606_2020",-20.161705,-41.026062,95,486,490,146,566,51,185
"1693","NEF_GloFung-its1_603_2020",-20.32622,-41.107041,95,428,546,143,421,50,170
"1694","NEF_GloFung-its1_604_2020",-20.316887,-41.121482,95,313,508,161,330,51,214
"1695","NEF_GloFung-its1_602_2020",-20.53164,-41.080126,95,416,522,147,465,50,199
"1696","NEF_GloFung-its1_600_2020",-20.437333,-41.182483,95,370,498,149,342,53,206
"1697","NEF_GloFung-its1_599_2020",-20.158914,-41.020625,95,312,484,146,484,51,183
"1698","NEF_GloFung-its1_601_2020",-20.166429,-41.037463,95,441,513,152,537,52,153
"1699","NEF_GloFung-its1_601_2020",-20.166429,-41.037463,95,441,513,152,537,52,153
"1700","NEF_GloFung-its1_606_2020",-20.161705,-41.026062,95,486,490,146,566,51,185
"1701","NEF_GloFung-its1_606_2020",-20.161705,-41.026062,95,486,490,146,566,51,185
"1702","NEF_GloFung-its1_605_2020",-20.555586,-41.0831,95,321,474,160,322,54,212
"1703","NEF_GloFung-its1_607_2019",11.55251389,-72.90038889,109,0,0,0,0,0,0
"1704","NEF_GloFung-its1_608_2019",11.55316667,-72.90097222,109,0,0,0,0,0,0
"1705","NEF_GloFung-its1_607_2019",11.55251389,-72.90038889,109,0,0,0,0,0,0
"1706","NEF_GloFung-its1_607_2019",11.55233333,-72.89988889,109,0,0,0,0,0,0
"1707","NEF_GloFung-its1_607_2019",11.55233333,-72.89988889,109,0,0,0,0,0,0
"1708","NEF_GloFung-its1_608_2019",11.55316667,-72.90097222,109,0,0,0,0,0,0
"1709","NEF_GloFung-its1_607_2019",11.55233333,-72.89988889,109,0,0,0,0,0,0
"1710","NEF_GloFung-its1_608_2019",11.55316667,-72.90097222,109,0,0,0,0,0,0
"1711","NEF_GloFung-its1_607_2019",11.55251389,-72.90038889,109,0,0,0,0,0,0
"1712","NEF_GloFung-its1_609_2019",18.586562,-95.074537,83,381,426,175,435,55,269
"1713","NEF_GloFung-its1_609_2019",18.586596,-95.074504,83,381,426,175,435,55,269
"1714","NEF_GloFung-its1_609_2019",18.586556,-95.074544,83,381,426,175,435,55,269
"1715","NEF_GloFung-its1_610_2019",18.586593,-95.075541,83,383,427,178,435,55,274
"1716","NEF_GloFung-its1_611_2019",18.581609,-95.075404,83,404,430,193,459,54,303
"1717","NEF_GloFung-its1_612_2019",18.583915,-95.077315,83,401,434,188,446,55,281
"1718","NEF_GloFung-its1_613_2019",18.586236,-95.080201,83,370,427,179,460,55,271
"1719","NEF_GloFung-its1_614_2019",18.586446,-95.076718,83,383,427,178,435,55,274
"1720","NEF_GloFung-its1_610_2019",18.586576,-95.075536,83,383,427,178,435,55,274
"1721","NEF_GloFung-its1_611_2019",18.5815,-95.0756,83,404,430,193,459,54,303
"1722","NEF_GloFung-its1_611_2019",18.581522,-95.07556,83,404,430,193,459,54,303
"1723","NEF_GloFung-its1_615_2019",18.583467,-95.074334,83,417,439,193,438,55,292
"1724","NEF_GloFung-its1_609_2019",18.586661,-95.074439,83,381,426,175,435,55,269
"1725","NEF_GloFung-its1_611_2019",18.581612,-95.075399,83,404,430,193,459,54,303
"1726","NEF_GloFung-its1_609_2019",18.586694,-95.074407,83,381,426,175,435,55,269
"1727","NEF_GloFung-its1_610_2019",18.58661,-95.075546,83,383,427,178,435,55,274
"1728","NEF_GloFung-its1_612_2019",18.583982,-95.077437,83,401,434,188,446,55,281
"1729","NEF_GloFung-its1_612_2019",18.583913,-95.077311,83,401,434,188,446,55,281
"1730","NEF_GloFung-its1_613_2019",18.586281,-95.080202,83,370,427,179,460,55,271
"1731","NEF_GloFung-its1_611_2019",18.581593,-95.075432,83,404,430,193,459,54,303
"1732","NEF_GloFung-its1_614_2019",18.58644,-95.076723,83,383,427,178,435,55,274
"1733","NEF_GloFung-its1_614_2019",18.586619,-95.076538,83,383,427,178,435,55,274
"1734","NEF_GloFung-its1_613_2019",18.586344,-95.080201,83,370,427,179,460,55,271
"1735","NEF_GloFung-its1_609_2019",18.58653,-95.07457,83,381,426,175,435,55,269
"1736","NEF_GloFung-its1_614_2019",18.586364,-95.076803,83,383,427,178,435,55,274
"1737","NEF_GloFung-its1_611_2019",18.581607,-95.075408,83,404,430,193,459,54,303
"1738","NEF_GloFung-its1_611_2019",18.58161,-95.075403,83,404,430,193,459,54,303
"1739","NEF_GloFung-its1_613_2019",18.586362,-95.080201,83,370,427,179,460,55,271
"1740","NEF_GloFung-its1_612_2019",18.583913,-95.077312,83,401,434,188,446,55,281
"1741","NEF_GloFung-its1_612_2019",18.583928,-95.077338,83,401,434,188,446,55,281
"1742","NEF_GloFung-its1_611_2019",18.581602,-95.075416,83,404,430,193,459,54,303
"1743","NEF_GloFung-its1_616_2019",18.586075,-95.078019,83,382,421,173,418,56,273
"1744","NEF_GloFung-its1_614_2019",18.586587,-95.076571,83,383,427,178,435,55,274
"1745","NEF_GloFung-its1_609_2019",18.586588,-95.074511,83,381,426,175,435,55,269
"1746","NEF_GloFung-its1_612_2019",18.583896,-95.077281,83,401,434,188,446,55,281
"1747","NEF_GloFung-its1_616_2019",18.586075,-95.078018,83,382,421,173,418,56,273
"1748","NEF_GloFung-its1_611_2019",18.581633,-95.07536,83,404,430,193,459,54,303
"1749","NEF_GloFung-its1_609_2019",18.586726,-95.074374,83,381,426,175,435,55,269
"1750","NEF_GloFung-its1_613_2019",18.586299,-95.080201,83,370,427,179,460,55,271
"1751","NEF_GloFung-its1_610_2019",18.586628,-95.075551,83,383,427,178,435,55,274
"1752","NEF_GloFung-its1_615_2019",18.583661,-95.074529,83,405,425,192,413,55,291
"1753","NEF_GloFung-its1_615_2019",18.583569,-95.074437,83,417,439,193,438,55,292
"1754","NEF_GloFung-its1_288_2019",18.580011,-95.08,83,412,450,170,474,54,276
"1755","NEF_GloFung-its1_617_2019",18.582401,-95.074666,83,417,439,193,438,55,292
"1756","NEF_GloFung-its1_615_2019",18.583563,-95.074431,83,417,439,193,438,55,292
"1757","NEF_GloFung-its1_614_2019",18.586484,-95.076678,83,383,427,178,435,55,274
"1758","NEF_GloFung-its1_615_2019",18.583565,-95.074433,83,417,439,193,438,55,292
"1759","NEF_GloFung-its1_616_2019",18.585935,-95.078139,83,401,434,188,446,55,281
"1760","NEF_GloFung-its1_617_2019",18.5824,-95.07446,83,417,439,193,438,55,292
"1761","NEF_GloFung-its1_288_2019",18.580001,-95.08,83,412,450,170,474,54,276
"1762","NEF_GloFung-its1_610_2019",18.5864,-95.07549,83,383,427,178,435,55,274
"1763","NEF_GloFung-its1_611_2019",18.581567,-95.07548,83,404,430,193,459,54,303
"1764","NEF_GloFung-its1_614_2019",18.58646,-95.076705,83,383,427,178,435,55,274
"1765","NEF_GloFung-its1_615_2019",18.583559,-95.074428,83,417,439,193,438,55,292
"1766","NEF_GloFung-its1_617_2019",18.582402,-95.074881,83,404,430,193,459,54,303
"1767","NEF_GloFung-its1_617_2019",18.582401,-95.074689,83,417,439,193,438,55,292
"1768","NEF_GloFung-its1_612_2019",18.583917,-95.077318,83,401,434,188,446,55,281
"1769","NEF_GloFung-its1_615_2019",18.583567,-95.074436,83,417,439,193,438,55,292
"1770","NEF_GloFung-its1_615_2019",18.583553,-95.074421,83,417,439,193,438,55,292
"1771","NEF_GloFung-its1_612_2019",18.583919,-95.077323,83,401,434,188,446,55,281
"1772","NEF_GloFung-its1_612_2019",18.5839,-95.07729,83,401,434,188,446,55,281
"1773","NEF_GloFung-its1_611_2019",18.581612,-95.075398,83,404,430,193,459,54,303
"1774","NEF_GloFung-its1_614_2019",18.586433,-95.076731,83,383,427,178,435,55,274
"1775","NEF_GloFung-its1_614_2019",18.586466,-95.076698,83,383,427,178,435,55,274
"1776","NEF_GloFung-its1_617_2019",18.582402,-95.074834,83,404,430,193,459,54,303
"1777","NEF_GloFung-its1_618_2019",18.586562,-95.07918,83,382,421,173,418,56,273
"1778","NEF_GloFung-its1_612_2019",18.583916,-95.077317,83,401,434,188,446,55,281
"1779","NEF_GloFung-its1_615_2019",18.583566,-95.074435,83,417,439,193,438,55,292
"1780","NEF_GloFung-its1_609_2019",18.586549,-95.07455,83,381,426,175,435,55,269
"1781","NEF_GloFung-its1_610_2019",18.586601,-95.075544,83,383,427,178,435,55,274
"1782","NEF_GloFung-its1_614_2019",18.586458,-95.076706,83,383,427,178,435,55,274
"1783","NEF_GloFung-its1_609_2019",18.586431,-95.074667,83,381,426,175,435,55,269
"1784","NEF_GloFung-its1_617_2019",18.582401,-95.074676,83,417,439,193,438,55,292
"1785","NEF_GloFung-its1_614_2019",18.586491,-95.076672,83,383,427,178,435,55,274
"1786","NEF_GloFung-its1_614_2019",18.586461,-95.076703,83,383,427,178,435,55,274
"1787","NEF_GloFung-its1_613_2019",18.586551,-95.080206,83,370,427,179,460,55,271
"1788","NEF_GloFung-its1_612_2019",18.583931,-95.077345,83,401,434,188,446,55,281
"1789","NEF_GloFung-its1_614_2019",18.586453,-95.076712,83,383,427,178,435,55,274
"1790","NEF_GloFung-its1_611_2019",18.58162,-95.075384,83,404,430,193,459,54,303
"1791","NEF_GloFung-its1_288_2019",18.580006,-95.08,83,412,450,170,474,54,276
"1792","NEF_GloFung-its1_611_2019",18.58161,-95.075402,83,404,430,193,459,54,303
"1793","NEF_GloFung-its1_613_2019",18.586372,-95.080202,83,370,427,179,460,55,271
"1794","NEF_GloFung-its1_610_2019",18.586646,-95.075556,83,383,427,178,435,55,274
"1795","NEF_GloFung-its1_613_2019",18.586417,-95.080204,83,370,427,179,460,55,271
"1796","NEF_GloFung-its1_617_2019",18.582401,-95.074694,83,417,439,193,438,55,292
"1797","NEF_GloFung-its1_614_2019",18.58646,-95.076704,83,383,427,178,435,55,274
"1798","NEF_GloFung-its1_617_2019",18.5824,-95.074657,83,417,439,193,438,55,292
"1799","NEF_GloFung-its1_613_2019",18.586191,-95.0802,83,370,427,179,460,55,271
"1800","NEF_GloFung-its1_612_2019",18.583917,-95.077319,83,401,434,188,446,55,281
"1801","NEF_GloFung-its1_611_2019",18.581609,-95.075403,83,404,430,193,459,54,303
"1802","NEF_GloFung-its1_616_2019",18.586067,-95.078025,83,382,421,173,418,56,273
"1803","NEF_GloFung-its1_612_2019",18.583924,-95.077331,83,401,434,188,446,55,281
"1804","NEF_GloFung-its1_613_2019",18.586146,-95.080199,83,370,427,179,460,55,271
"1805","NEF_GloFung-its1_616_2019",18.586071,-95.078023,83,382,421,173,418,56,273
"1806","NEF_GloFung-its1_611_2019",18.581612,-95.0754,83,404,430,193,459,54,303
"1807","NEF_GloFung-its1_610_2019",18.586532,-95.075524,83,383,427,178,435,55,274
"1808","NEF_GloFung-its1_615_2019",18.583629,-95.074497,83,417,439,193,438,55,292
"1809","NEF_GloFung-its1_609_2019",18.5864,-95.0747,83,381,426,175,435,55,269
"1810","NEF_GloFung-its1_611_2019",18.581615,-95.075393,83,404,430,193,459,54,303
"1811","NEF_GloFung-its1_616_2019",18.586088,-95.078007,83,382,421,173,418,56,273
"1812","NEF_GloFung-its1_614_2019",18.586457,-95.076707,83,383,427,178,435,55,274
"1813","NEF_GloFung-its1_617_2019",18.582402,-95.074927,83,404,430,193,459,54,303
"1814","NEF_GloFung-its1_288_2019",18.580008,-95.08,83,412,450,170,474,54,276
"1815","NEF_GloFung-its1_614_2019",18.586478,-95.076684,83,383,427,178,435,55,274
"1816","NEF_GloFung-its1_617_2019",18.582401,-95.074697,83,417,439,193,438,55,292
"1817","NEF_GloFung-its1_615_2019",18.583595,-95.074464,83,417,439,193,438,55,292
"1818","NEF_GloFung-its1_613_2019",18.586353,-95.080201,83,370,427,179,460,55,271
"1819","NEF_GloFung-its1_288_2019",18.58001,-95.08,83,412,450,170,474,54,276
"1820","NEF_GloFung-its1_288_2019",18.580014,-95.08,83,412,450,170,474,54,276
"1821","NEF_GloFung-its1_288_2019",18.580009,-95.08,83,412,450,170,474,54,276
"1822","NEF_GloFung-its1_613_2019",18.58629,-95.080201,83,370,427,179,460,55,271
"1823","NEF_GloFung-its1_614_2019",18.586459,-95.076706,83,383,427,178,435,55,274
"1824","NEF_GloFung-its1_613_2019",18.586308,-95.080201,83,370,427,179,460,55,271
"1825","NEF_GloFung-its1_616_2019",18.586053,-95.078037,83,382,421,173,418,56,273
"1826","NEF_GloFung-its1_611_2019",18.581611,-95.075401,83,404,430,193,459,54,303
"1827","NEF_GloFung-its1_614_2019",18.586457,-95.076708,83,383,427,178,435,55,274
"1828","NEF_GloFung-its1_614_2019",18.586333,-95.076836,83,383,427,178,435,55,274
"1829","NEF_GloFung-its1_288_2019",18.580013,-95.08,83,412,450,170,474,54,276
"1830","NEF_GloFung-its1_613_2019",18.586461,-95.080204,83,370,427,179,460,55,271
"1831","NEF_GloFung-its1_618_2019",18.586248,-95.079195,83,382,421,173,418,56,273
"1832","NEF_GloFung-its1_615_2019",18.583583,-95.074451,83,417,439,193,438,55,292
"1833","NEF_GloFung-its1_616_2019",18.5859,-95.07817,83,401,434,188,446,55,281
"1834","NEF_GloFung-its1_611_2019",18.581598,-95.075423,83,404,430,193,459,54,303
"1835","NEF_GloFung-its1_615_2019",18.583569,-95.074438,83,417,439,193,438,55,292
"1836","NEF_GloFung-its1_616_2019",18.586071,-95.078022,83,382,421,173,418,56,273
"1837","NEF_GloFung-its1_615_2019",18.583531,-95.0744,83,417,439,193,438,55,292
"1838","NEF_GloFung-its1_615_2019",18.583564,-95.074433,83,417,439,193,438,55,292
"1839","NEF_GloFung-its1_288_2019",18.580005,-95.08,83,412,450,170,474,54,276
"1840","NEF_GloFung-its1_617_2019",18.5824,-95.074507,83,417,439,193,438,55,292
"1841","NEF_GloFung-its1_615_2019",18.583564,-95.074432,83,417,439,193,438,55,292
"1842","NEF_GloFung-its1_615_2019",18.583498,-95.074367,83,417,439,193,438,55,292
"1843","NEF_GloFung-its1_615_2019",18.583571,-95.074439,83,417,439,193,438,55,292
"1844","NEF_GloFung-its1_613_2019",18.586505,-95.080205,83,370,427,179,460,55,271
"1845","NEF_GloFung-its1_613_2019",18.586317,-95.080201,83,370,427,179,460,55,271
"1846","NEF_GloFung-its1_612_2019",18.583959,-95.077396,83,401,434,188,446,55,281
"1847","NEF_GloFung-its1_288_2019",18.580012,-95.08,83,412,450,170,474,54,276
"1848","NEF_GloFung-its1_612_2019",18.583914,-95.077314,83,401,434,188,446,55,281
"1849","NEF_GloFung-its1_288_2019",18.580007,-95.08,83,412,450,170,474,54,276
"1850","NEF_GloFung-its1_617_2019",18.582401,-95.074691,83,417,439,193,438,55,292
"1851","NEF_GloFung-its1_609_2019",18.586628,-95.074472,83,381,426,175,435,55,269
"1852","NEF_GloFung-its1_609_2019",18.586575,-95.074524,83,381,426,175,435,55,269
"1853","NEF_GloFung-its1_615_2019",18.583435,-95.0743,83,417,439,193,438,55,292
"1854","NEF_GloFung-its1_617_2019",18.582401,-95.074692,83,417,439,193,438,55,292
"1855","NEF_GloFung-its1_613_2019",18.586326,-95.080201,83,370,427,179,460,55,271
"1856","NEF_GloFung-its1_617_2019",18.582401,-95.074688,83,417,439,193,438,55,292
"1857","NEF_GloFung-its1_288_2019",18.580003,-95.08,83,412,450,170,474,54,276
"1858","NEF_GloFung-its1_614_2019",18.586461,-95.076702,83,383,427,178,435,55,274
"1859","NEF_GloFung-its1_616_2019",18.586074,-95.078019,83,382,421,173,418,56,273
"1860","NEF_GloFung-its1_611_2019",18.581613,-95.075396,83,404,430,193,459,54,303
"1861","NEF_GloFung-its1_615_2019",18.583693,-95.074562,83,405,425,192,413,55,291
"1862","NEF_GloFung-its1_617_2019",18.582401,-95.074788,83,404,430,193,459,54,303
"1863","NEF_GloFung-its1_614_2019",18.586556,-95.076603,83,383,427,178,435,55,274
"1864","NEF_GloFung-its1_617_2019",18.582401,-95.074693,83,417,439,193,438,55,292
"1865","NEF_GloFung-its1_611_2019",18.581589,-95.07544,83,404,430,193,459,54,303
"1866","NEF_GloFung-its1_616_2019",18.58606,-95.078031,83,382,421,173,418,56,273
"1867","NEF_GloFung-its1_617_2019",18.582401,-95.074695,83,417,439,193,438,55,292
"1868","NEF_GloFung-its1_288_2019",18.580015,-95.08,83,412,450,170,474,54,276
"1869","NEF_GloFung-its1_612_2019",18.583846,-95.077191,83,401,434,188,446,55,281
"1870","NEF_GloFung-its1_288_2019",18.580004,-95.08,83,412,450,170,474,54,276
"1871","NEF_GloFung-its1_617_2019",18.582401,-95.074554,83,417,439,193,438,55,292
"1872","NEF_GloFung-its1_616_2019",18.586073,-95.07802,83,382,421,173,418,56,273
"1873","NEF_GloFung-its1_610_2019",18.586637,-95.075554,83,383,427,178,435,55,274
"1874","NEF_GloFung-its1_610_2019",18.586619,-95.075549,83,383,427,178,435,55,274
"1875","NEF_GloFung-its1_610_2019",18.586444,-95.075501,83,383,427,178,435,55,274
"1876","NEF_GloFung-its1_614_2019",18.586523,-95.076638,83,383,427,178,435,55,274
"1877","NEF_GloFung-its1_615_2019",18.583568,-95.074436,83,417,439,193,438,55,292
"1878","NEF_GloFung-its1_616_2019",18.586078,-95.078016,83,382,421,173,418,56,273
"1879","NEF_GloFung-its1_616_2019",18.586077,-95.078017,83,382,421,173,418,56,273
"1880","NEF_GloFung-its1_616_2019",18.586076,-95.078018,83,382,421,173,418,56,273
"1881","NEF_GloFung-its1_614_2019",18.586456,-95.076708,83,383,427,178,435,55,274
"1882","NEF_GloFung-its1_615_2019",18.583727,-95.074596,83,405,425,192,413,55,291
"1883","NEF_GloFung-its1_616_2019",18.586046,-95.078043,83,382,421,173,418,56,273
"1884","NEF_GloFung-its1_617_2019",18.582401,-95.074741,83,404,430,193,459,54,303
"1885","NEF_GloFung-its1_614_2019",18.586395,-95.07677,83,383,427,178,435,55,274
"1886","NEF_GloFung-its1_614_2019",18.5863,-95.07687,83,383,427,178,435,55,274
"1887","NEF_GloFung-its1_617_2019",18.582401,-95.074648,83,417,439,193,438,55,292
"1888","NEF_GloFung-its1_612_2019",18.583915,-95.077316,83,401,434,188,446,55,281
"1889","NEF_GloFung-its1_616_2019",18.586109,-95.077989,83,382,421,173,418,56,273
"1890","NEF_GloFung-its1_612_2019",18.583822,-95.077149,83,401,434,188,446,55,281
"1891","NEF_GloFung-its1_611_2019",18.581624,-95.075376,83,404,430,193,459,54,303
"1892","NEF_GloFung-its1_609_2019",18.586537,-95.074563,83,381,426,175,435,55,269
"1893","NEF_GloFung-its1_615_2019",18.583589,-95.074458,83,417,439,193,438,55,292
"1894","NEF_GloFung-its1_614_2019",18.586462,-95.076702,83,383,427,178,435,55,274
"1895","NEF_GloFung-its1_614_2019",18.586427,-95.076738,83,383,427,178,435,55,274
"1896","NEF_GloFung-its1_617_2019",18.582401,-95.074684,83,417,439,193,438,55,292
"1897","NEF_GloFung-its1_611_2019",18.581613,-95.075397,83,404,430,193,459,54,303
"1898","NEF_GloFung-its1_611_2019",18.581611,-95.0754,83,404,430,193,459,54,303
"1899","NEF_GloFung-its1_612_2019",18.583904,-95.077297,83,401,434,188,446,55,281
"1900","NEF_GloFung-its1_616_2019",18.586212,-95.0779,83,382,421,173,418,56,273
"1901","NEF_GloFung-its1_609_2019",18.586497,-95.074602,83,381,426,175,435,55,269
"1902","NEF_GloFung-its1_612_2019",18.583914,-95.077313,83,401,434,188,446,55,281
"1903","NEF_GloFung-its1_610_2019",18.586488,-95.075512,83,383,427,178,435,55,274
"1904","NEF_GloFung-its1_616_2019",18.585969,-95.078109,83,401,434,188,446,55,281
"1905","NEF_GloFung-its1_616_2019",18.586004,-95.078079,83,401,434,188,446,55,281
"1906","NEF_GloFung-its1_609_2019",18.586543,-95.074557,83,381,426,175,435,55,269
"1907","NEF_GloFung-its1_612_2019",18.583868,-95.077232,83,401,434,188,446,55,281
"1908","NEF_GloFung-its1_616_2019",18.586073,-95.078021,83,382,421,173,418,56,273
"1909","NEF_GloFung-its1_616_2019",18.586178,-95.07793,83,382,421,173,418,56,273
"1910","NEF_GloFung-its1_616_2019",18.586246,-95.077871,83,382,421,173,418,56,273
"1911","NEF_GloFung-its1_288_2019",18.580002,-95.08,83,412,450,170,474,54,276
"1912","NEF_GloFung-its1_611_2019",18.581629,-95.075368,83,404,430,193,459,54,303
"1913","NEF_GloFung-its1_616_2019",18.586102,-95.077995,83,382,421,173,418,56,273
"1914","NEF_GloFung-its1_612_2019",18.584004,-95.077477,83,401,434,188,446,55,281
"1915","NEF_GloFung-its1_610_2019",18.586584,-95.075538,83,383,427,178,435,55,274
"1916","NEF_GloFung-its1_613_2019",18.5861,-95.0802,83,370,427,179,460,55,271
"1917","NEF_GloFung-its1_616_2019",18.586143,-95.07796,83,382,421,173,418,56,273
"1918","NEF_GloFung-its1_617_2019",18.582401,-95.074696,83,417,439,193,438,55,292
"1919","NEF_GloFung-its1_616_2019",18.586039,-95.078049,83,382,421,173,418,56,273
"1920","NEF_GloFung-its1_615_2019",18.583401,-95.074271,83,417,439,193,438,55,292
"1921","NEF_GloFung-its1_612_2019",18.583891,-95.077273,83,401,434,188,446,55,281
"1922","NEF_GloFung-its1_609_2019",18.586582,-95.074518,83,381,426,175,435,55,269
"1923","NEF_GloFung-its1_619_2018",-35.5986111,-57.9455556,115,413,237,247,549,76,482
"1924","NEF_GloFung-its1_620_2018",-35.7502778,-58.0394444,115,403,319,243,491,70,408
"1925","NEF_GloFung-its1_621_2018",-35.7608333,-58.0605556,115,396,336,257,537,72,410
"1926","NEF_GloFung-its1_620_2018",-35.7502778,-58.0394444,115,403,319,243,491,70,408
"1927","NEF_GloFung-its1_621_2018",-35.7608333,-58.0605556,115,396,336,257,537,72,410
"1928","NEF_GloFung-its1_619_2018",-35.5986111,-57.9455556,115,413,237,247,549,76,482
"1929","NEF_GloFung-its1_620_2018",-35.7502778,-58.0394444,115,403,319,243,491,70,408
"1930","NEF_GloFung-its1_621_2018",-35.7608333,-58.0605556,115,396,336,257,537,72,410
"1931","NEF_GloFung-its1_619_2018",-35.5986111,-57.9455556,115,413,237,247,549,76,482
"1932","NEF_GloFung-its1_622_2019",10.27,-84.16,20,671,343,173,554,54,344
"1933","NEF_GloFung-its1_622_2019",10.27,-84.16,20,671,343,173,554,54,344
"1934","NEF_GloFung-its1_622_2019",10.27,-84.16,20,671,343,173,554,54,344
"1935","NEF_GloFung-its1_622_2019",10.27,-84.16,20,671,343,173,554,54,344
"1936","NEF_GloFung-its1_622_2019",10.27,-84.16,20,671,343,173,554,54,344
"1937","NEF_GloFung-its1_622_2019",10.27,-84.16,20,671,343,173,554,54,344
"1938","NEF_GloFung-its1_622_2019",10.27,-84.16,20,671,343,173,554,54,344
"1939","NEF_GloFung-its1_622_2019",10.27,-84.16,20,671,343,173,554,54,344
"1940","NEF_GloFung-its1_622_2019",10.27,-84.16,20,671,343,173,554,54,344
"1941","NEF_GloFung-its1_622_2019",10.27,-84.16,20,671,343,173,554,54,344
"1942","NEF_GloFung-its1_622_2019",10.27,-84.16,20,671,343,173,554,54,344
"1943","NEF_GloFung-its1_622_2019",10.27,-84.16,20,671,343,173,554,54,344
"1944","NEF_GloFung-its1_622_2019",10.27,-84.16,20,671,343,173,554,54,344
"1945","NEF_GloFung-its1_622_2019",10.27,-84.16,20,671,343,173,554,54,344
"1946","NEF_GloFung-its1_622_2019",10.27,-84.16,20,671,343,173,554,54,344
"1947","NEF_GloFung-its1_622_2019",10.27,-84.16,20,671,343,173,554,54,344
"1948","NEF_GloFung-its1_622_2019",10.27,-84.16,20,671,343,173,554,54,344
"1949","NEF_GloFung-its1_622_2019",10.27,-84.16,20,671,343,173,554,54,344
"1950","NEF_GloFung-its1_623_2016",10.91849666,-85.61330665,28,371,316,290,492,60,365
"1951","NEF_GloFung-its1_624_2016",10.8484067,-85.61342036,28,427,443,191,445,63,267
"1952","NEF_GloFung-its1_625_2016",10.84189631,-85.61131922,28,425,420,221,494,62,273
"1953","NEF_GloFung-its1_624_2016",10.8484067,-85.61342036,28,427,443,191,445,63,267
"1954","NEF_GloFung-its1_626_2016",10.86503544,-85.57414825,28,421,459,205,505,63,250
"1955","NEF_GloFung-its1_627_2016",10.86989124,-85.59982895,28,354,465,195,475,61,259
"1956","NEF_GloFung-its1_628_2016",10.86153383,-85.57554606,28,410,451,192,432,62,284
"1957","NEF_GloFung-its1_625_2016",10.84189631,-85.61131922,28,425,420,221,494,62,273
"1958","NEF_GloFung-its1_629_2016",10.92035724,-85.61286802,28,345,309,293,383,62,362
"1959","NEF_GloFung-its1_624_2016",10.8484067,-85.61342036,28,427,443,191,445,63,267
"1960","NEF_GloFung-its1_626_2016",10.86503544,-85.57414825,28,421,459,205,505,63,250
"1961","NEF_GloFung-its1_623_2016",10.91849666,-85.61330665,28,371,316,290,492,60,365
"1962","NEF_GloFung-its1_630_2016",10.86928313,-85.59733458,28,405,471,238,465,63,271
"1963","NEF_GloFung-its1_624_2016",10.8484067,-85.61342036,28,427,443,191,445,63,267
"1964","NEF_GloFung-its1_624_2016",10.8484067,-85.61342036,28,427,443,191,445,63,267
"1965","NEF_GloFung-its1_630_2016",10.86928313,-85.59733458,28,405,471,238,465,63,271
"1966","NEF_GloFung-its1_623_2016",10.91849666,-85.61330665,28,371,316,290,492,60,365
"1967","NEF_GloFung-its1_630_2016",10.86928313,-85.59733458,28,405,471,238,465,63,271
"1968","NEF_GloFung-its1_629_2016",10.92035724,-85.61286802,28,345,309,293,383,62,362
"1969","NEF_GloFung-its1_629_2016",10.92035724,-85.61286802,28,345,309,293,383,62,362
"1970","NEF_GloFung-its1_625_2016",10.84189631,-85.61131922,28,425,420,221,494,62,273
"1971","NEF_GloFung-its1_625_2016",10.84189631,-85.61131922,28,425,420,221,494,62,273
"1972","NEF_GloFung-its1_626_2016",10.86503544,-85.57414825,28,421,459,205,505,63,250
"1973","NEF_GloFung-its1_624_2016",10.8484067,-85.61342036,28,427,443,191,445,63,267
"1974","NEF_GloFung-its1_627_2016",10.86989124,-85.59982895,28,354,465,195,475,61,259
"1975","NEF_GloFung-its1_629_2016",10.92035724,-85.61286802,28,345,309,293,383,62,362
"1976","NEF_GloFung-its1_626_2016",10.86503544,-85.57414825,28,421,459,205,505,63,250
"1977","NEF_GloFung-its1_627_2016",10.86989124,-85.59982895,28,354,465,195,475,61,259
"1978","NEF_GloFung-its1_623_2016",10.91849666,-85.61330665,28,371,316,290,492,60,365
"1979","NEF_GloFung-its1_624_2016",10.8484067,-85.61342036,28,427,443,191,445,63,267
"1980","NEF_GloFung-its1_625_2016",10.84189631,-85.61131922,28,425,420,221,494,62,273
"1981","NEF_GloFung-its1_628_2016",10.86153383,-85.57554606,28,410,451,192,432,62,284
"1982","NEF_GloFung-its1_625_2016",10.84189631,-85.61131922,28,425,420,221,494,62,273
"1983","NEF_GloFung-its1_626_2016",10.86503544,-85.57414825,28,421,459,205,505,63,250
"1984","NEF_GloFung-its1_630_2016",10.86928313,-85.59733458,28,405,471,238,465,63,271
"1985","NEF_GloFung-its1_630_2016",10.86928313,-85.59733458,28,405,471,238,465,63,271
"1986","NEF_GloFung-its1_627_2016",10.86989124,-85.59982895,28,354,465,195,475,61,259
"1987","NEF_GloFung-its1_629_2016",10.92035724,-85.61286802,28,345,309,293,383,62,362
"1988","NEF_GloFung-its1_629_2016",10.92035724,-85.61286802,28,345,309,293,383,62,362
"1989","NEF_GloFung-its1_630_2016",10.86928313,-85.59733458,28,405,471,238,465,63,271
"1990","NEF_GloFung-its1_625_2016",10.84189631,-85.61131922,28,425,420,221,494,62,273
"1991","NEF_GloFung-its1_628_2016",10.86153383,-85.57554606,28,410,451,192,432,62,284
"1992","NEF_GloFung-its1_630_2016",10.86928313,-85.59733458,28,405,471,238,465,63,271
"1993","NEF_GloFung-its1_627_2016",10.86989124,-85.59982895,28,354,465,195,475,61,259
"1994","NEF_GloFung-its1_624_2016",10.8484067,-85.61342036,28,427,443,191,445,63,267
"1995","NEF_GloFung-its1_630_2016",10.86928313,-85.59733458,28,405,471,238,465,63,271
"1996","NEF_GloFung-its1_625_2016",10.84189631,-85.61131922,28,425,420,221,494,62,273
"1997","NEF_GloFung-its1_629_2016",10.92035724,-85.61286802,28,345,309,293,383,62,362
"1998","NEF_GloFung-its1_626_2016",10.86503544,-85.57414825,28,421,459,205,505,63,250
"1999","NEF_GloFung-its1_623_2016",10.91849666,-85.61330665,28,371,316,290,492,60,365
"2000","NEF_GloFung-its1_626_2016",10.86503544,-85.57414825,28,421,459,205,505,63,250
"2001","NEF_GloFung-its1_628_2016",10.86153383,-85.57554606,28,410,451,192,432,62,284
"2002","NEF_GloFung-its1_625_2016",10.84189631,-85.61131922,28,425,420,221,494,62,273
"2003","NEF_GloFung-its1_630_2016",10.86928313,-85.59733458,28,405,471,238,465,63,271
"2004","NEF_GloFung-its1_628_2016",10.86153383,-85.57554606,28,410,451,192,432,62,284
"2005","NEF_GloFung-its1_623_2016",10.91849666,-85.61330665,28,371,316,290,492,60,365
"2006","NEF_GloFung-its1_623_2016",10.91849666,-85.61330665,28,371,316,290,492,60,365
"2007","NEF_GloFung-its1_630_2016",10.86928313,-85.59733458,28,405,471,238,465,63,271
"2008","NEF_GloFung-its1_630_2016",10.86928313,-85.59733458,28,405,471,238,465,63,271
"2009","NEF_GloFung-its1_628_2016",10.86153383,-85.57554606,28,410,451,192,432,62,284
"2010","NEF_GloFung-its1_626_2016",10.86503544,-85.57414825,28,421,459,205,505,63,250
"2011","NEF_GloFung-its1_629_2016",10.92035724,-85.61286802,28,345,309,293,383,62,362
"2012","NEF_GloFung-its1_624_2016",10.8484067,-85.61342036,28,427,443,191,445,63,267
"2013","NEF_GloFung-its1_627_2016",10.86989124,-85.59982895,28,354,465,195,475,61,259
"2014","NEF_GloFung-its1_628_2016",10.86153383,-85.57554606,28,410,451,192,432,62,284
"2015","NEF_GloFung-its1_624_2016",10.8484067,-85.61342036,28,427,443,191,445,63,267
"2016","NEF_GloFung-its1_627_2016",10.86989124,-85.59982895,28,354,465,195,475,61,259
"2017","NEF_GloFung-its1_624_2016",10.8484067,-85.61342036,28,427,443,191,445,63,267
"2018","NEF_GloFung-its1_629_2016",10.92035724,-85.61286802,28,345,309,293,383,62,362
"2019","NEF_GloFung-its1_623_2016",10.91849666,-85.61330665,28,371,316,290,492,60,365
"2020","NEF_GloFung-its1_626_2016",10.86503544,-85.57414825,28,421,459,205,505,63,250
"2021","NEF_GloFung-its1_627_2016",10.86989124,-85.59982895,28,354,465,195,475,61,259
"2022","NEF_GloFung-its1_623_2016",10.91849666,-85.61330665,28,371,316,290,492,60,365
"2023","NEF_GloFung-its1_624_2016",10.8484067,-85.61342036,28,427,443,191,445,63,267
"2024","NEF_GloFung-its1_626_2016",10.86503544,-85.57414825,28,421,459,205,505,63,250
"2025","NEF_GloFung-its1_624_2016",10.8484067,-85.61342036,28,427,443,191,445,63,267
"2026","NEF_GloFung-its1_627_2016",10.86989124,-85.59982895,28,354,465,195,475,61,259
"2027","NEF_GloFung-its1_630_2016",10.86928313,-85.59733458,28,405,471,238,465,63,271
"2028","NEF_GloFung-its1_627_2016",10.86989124,-85.59982895,28,354,465,195,475,61,259
"2029","NEF_GloFung-its1_629_2016",10.92035724,-85.61286802,28,345,309,293,383,62,362
"2030","NEF_GloFung-its1_630_2016",10.86928313,-85.59733458,28,405,471,238,465,63,271
"2031","NEF_GloFung-its1_623_2016",10.91849666,-85.61330665,28,371,316,290,492,60,365
"2032","NEF_GloFung-its1_624_2016",10.8484067,-85.61342036,28,427,443,191,445,63,267
"2033","NEF_GloFung-its1_627_2016",10.86989124,-85.59982895,28,354,465,195,475,61,259
"2034","NEF_GloFung-its1_627_2016",10.86989124,-85.59982895,28,354,465,195,475,61,259
"2035","NEF_GloFung-its1_629_2016",10.92035724,-85.61286802,28,345,309,293,383,62,362
"2036","NEF_GloFung-its1_630_2016",10.86928313,-85.59733458,28,405,471,238,465,63,271
"2037","NEF_GloFung-its1_626_2016",10.86503544,-85.57414825,28,421,459,205,505,63,250
"2038","NEF_GloFung-its1_628_2016",10.86153383,-85.57554606,28,410,451,192,432,62,284
"2039","NEF_GloFung-its1_628_2016",10.86153383,-85.57554606,28,410,451,192,432,62,284
"2040","NEF_GloFung-its1_623_2016",10.91849666,-85.61330665,28,371,316,290,492,60,365
"2041","NEF_GloFung-its1_626_2016",10.86503544,-85.57414825,28,421,459,205,505,63,250
"2042","NEF_GloFung-its1_628_2016",10.86153383,-85.57554606,28,410,451,192,432,62,284
"2043","NEF_GloFung-its1_623_2016",10.91849666,-85.61330665,28,371,316,290,492,60,365
"2044","NEF_GloFung-its1_626_2016",10.86503544,-85.57414825,28,421,459,205,505,63,250
"2045","NEF_GloFung-its1_626_2016",10.86503544,-85.57414825,28,421,459,205,505,63,250
"2046","NEF_GloFung-its1_629_2016",10.92035724,-85.61286802,28,345,309,293,383,62,362
"2047","NEF_GloFung-its1_623_2016",10.91849666,-85.61330665,28,371,316,290,492,60,365
"2048","NEF_GloFung-its1_629_2016",10.92035724,-85.61286802,28,345,309,293,383,62,362
"2049","NEF_GloFung-its1_629_2016",10.92035724,-85.61286802,28,345,309,293,383,62,362
"2050","NEF_GloFung-its1_623_2016",10.91849666,-85.61330665,28,371,316,290,492,60,365
"2051","NEF_GloFung-its1_627_2016",10.86989124,-85.59982895,28,354,465,195,475,61,259
"2052","NEF_GloFung-its1_628_2016",10.86153383,-85.57554606,28,410,451,192,432,62,284
"2053","NEF_GloFung-its1_629_2016",10.92035724,-85.61286802,28,345,309,293,383,62,362
"2054","NEF_GloFung-its1_627_2016",10.86989124,-85.59982895,28,354,465,195,475,61,259
"2055","NEF_GloFung-its1_623_2016",10.91849666,-85.61330665,28,371,316,290,492,60,365
"2056","NEF_GloFung-its1_628_2016",10.86153383,-85.57554606,28,410,451,192,432,62,284
"2057","NEF_GloFung-its1_626_2016",10.86503544,-85.57414825,28,421,459,205,505,63,250
"2058","NEF_GloFung-its1_630_2016",10.86928313,-85.59733458,28,405,471,238,465,63,271
"2059","NEF_GloFung-its1_624_2016",10.8484067,-85.61342036,28,427,443,191,445,63,267
"2060","NEF_GloFung-its1_624_2016",10.8484067,-85.61342036,28,427,443,191,445,63,267
"2061","NEF_GloFung-its1_630_2016",10.86928313,-85.59733458,28,405,471,238,465,63,271
"2062","NEF_GloFung-its1_628_2016",10.86153383,-85.57554606,28,410,451,192,432,62,284
"2063","NEF_GloFung-its1_629_2016",10.92035724,-85.61286802,28,345,309,293,383,62,362
"2064","NEF_GloFung-its1_623_2016",10.91849666,-85.61330665,28,371,316,290,492,60,365
"2065","NEF_GloFung-its1_626_2016",10.86503544,-85.57414825,28,421,459,205,505,63,250
"2066","NEF_GloFung-its1_627_2016",10.86989124,-85.59982895,28,354,465,195,475,61,259
"2067","NEF_GloFung-its1_628_2016",10.86153383,-85.57554606,28,410,451,192,432,62,284
"2068","NEF_GloFung-its1_628_2016",10.86153383,-85.57554606,28,410,451,192,432,62,284
"2069","NEF_GloFung-its1_628_2016",10.86153383,-85.57554606,28,410,451,192,432,62,284
"2070","NEF_GloFung-its1_627_2016",10.86989124,-85.59982895,28,354,465,195,475,61,259
"2071","NEF_GloFung-its1_631_2019",-54.7592,-68.29712,60,1302,464,371,1844,58,312
"2072","NEF_GloFung-its1_632_2019",-54.56778,-67.2395,60,889,485,375,1541,57,327
"2073","NEF_GloFung-its1_633_2019",-54.766,-68.32727,60,1231,483,367,2038,56,321
"2074","NEF_GloFung-its1_634_2019",-54.74377,-68.32022,60,1162,456,384,2131,59,336
"2075","NEF_GloFung-its1_634_2019",-54.74377,-68.32022,60,1162,456,384,2131,59,336
"2076","NEF_GloFung-its1_634_2019",-54.74377,-68.32022,60,1162,456,384,2131,59,336
"2077","NEF_GloFung-its1_635_2019",-54.34722,-68.82348,116,1272,398,356,1877,60,332
"2078","NEF_GloFung-its1_636_2019",-54.75887,-68.34527,60,1383,492,352,1929,55,326
"2079","NEF_GloFung-its1_637_2019",-54.35392,-68.82118,116,1212,419,344,1753,59,311
"2080","NEF_GloFung-its1_638_2019",-54.61025,-67.24725,60,925,471,387,1527,56,285
"2081","NEF_GloFung-its1_638_2019",-54.61025,-67.24725,60,925,471,387,1527,56,285
"2082","NEF_GloFung-its1_633_2019",-54.766,-68.32727,60,1231,483,367,2038,56,321
"2083","NEF_GloFung-its1_637_2019",-54.35392,-68.82118,116,1212,419,344,1753,59,311
"2084","NEF_GloFung-its1_637_2019",-54.35392,-68.82118,116,1212,419,344,1753,59,311
"2085","NEF_GloFung-its1_636_2019",-54.75887,-68.34527,60,1383,492,352,1929,55,326
"2086","NEF_GloFung-its1_639_2019",-54.58998,-67.24298,60,974,447,382,1765,58,313
"2087","NEF_GloFung-its1_640_2019",-54.57708,-67.22173,60,1150,471,407,1652,56,285
"2088","NEF_GloFung-its1_634_2019",-54.74377,-68.32022,60,1162,456,384,2131,59,336
"2089","NEF_GloFung-its1_636_2019",-54.75887,-68.34527,60,1383,492,352,1929,55,326
"2090","NEF_GloFung-its1_634_2019",-54.74377,-68.32022,60,1162,456,384,2131,59,336
"2091","NEF_GloFung-its1_641_2019",-54.34212,-68.82703,116,1229,385,355,1964,59,354
"2092","NEF_GloFung-its1_639_2019",-54.58998,-67.24298,60,974,447,382,1765,58,313
"2093","NEF_GloFung-its1_634_2019",-54.74377,-68.32022,60,1162,456,384,2131,59,336
"2094","NEF_GloFung-its1_637_2019",-54.35392,-68.82118,116,1212,419,344,1753,59,311
"2095","NEF_GloFung-its1_639_2019",-54.58998,-67.24298,60,974,447,382,1765,58,313
"2096","NEF_GloFung-its1_642_2019",-54.3735,-68.80555,116,1206,417,376,2039,57,322
"2097","NEF_GloFung-its1_635_2019",-54.34722,-68.82348,116,1272,398,356,1877,60,332
"2098","NEF_GloFung-its1_634_2019",-54.74377,-68.32022,60,1162,456,384,2131,59,336
"2099","NEF_GloFung-its1_638_2019",-54.61025,-67.24725,60,925,471,387,1527,56,285
"2100","NEF_GloFung-its1_638_2019",-54.61025,-67.24725,60,925,471,387,1527,56,285
"2101","NEF_GloFung-its1_641_2019",-54.34212,-68.82703,116,1229,385,355,1964,59,354
"2102","NEF_GloFung-its1_643_2019",-54.57917,-67.22317,60,1037,445,408,1869,55,315
"2103","NEF_GloFung-its1_644_2019",-54.76438,-68.32678,60,1231,483,367,2038,56,321
"2104","NEF_GloFung-its1_641_2019",-54.34212,-68.82703,116,1229,385,355,1964,59,354
"2105","NEF_GloFung-its1_639_2019",-54.58998,-67.24298,60,974,447,382,1765,58,313
"2106","NEF_GloFung-its1_645_2019",-54.35932,-68.83732,116,1123,478,386,1802,58,312
"2107","NEF_GloFung-its1_641_2019",-54.34212,-68.82703,116,1229,385,355,1964,59,354
"2108","NEF_GloFung-its1_644_2019",-54.76438,-68.32678,60,1231,483,367,2038,56,321
"2109","NEF_GloFung-its1_639_2019",-54.58998,-67.24298,60,974,447,382,1765,58,313
"2110","NEF_GloFung-its1_646_2019",-54.59147,-67.24283,60,974,447,382,1765,58,313
"2111","NEF_GloFung-its1_646_2019",-54.59147,-67.24283,60,974,447,382,1765,58,313
"2112","NEF_GloFung-its1_632_2019",-54.56778,-67.2395,60,889,485,375,1541,57,327
"2113","NEF_GloFung-its1_646_2019",-54.59147,-67.24283,60,974,447,382,1765,58,313
"2114","NEF_GloFung-its1_641_2019",-54.34212,-68.82703,116,1229,385,355,1964,59,354
"2115","NEF_GloFung-its1_645_2019",-54.35932,-68.83732,116,1123,478,386,1802,58,312
"2116","NEF_GloFung-its1_647_2019",-54.37533,-68.80772,116,1206,417,376,2039,57,322
"2117","NEF_GloFung-its1_644_2019",-54.76438,-68.32678,60,1231,483,367,2038,56,321
"2118","NEF_GloFung-its1_648_2019",-54.74555,-68.3207,60,1162,456,384,2131,59,336
"2119","NEF_GloFung-its1_635_2019",-54.34722,-68.82348,116,1272,398,356,1877,60,332
"2120","NEF_GloFung-its1_637_2019",-54.35392,-68.82118,116,1212,419,344,1753,59,311
"2121","NEF_GloFung-its1_644_2019",-54.76438,-68.32678,60,1231,483,367,2038,56,321
"2122","NEF_GloFung-its1_634_2019",-54.74377,-68.32022,60,1162,456,384,2131,59,336
"2123","NEF_GloFung-its1_645_2019",-54.35932,-68.83732,116,1123,478,386,1802,58,312
"2124","NEF_GloFung-its1_640_2019",-54.57708,-67.22173,60,1150,471,407,1652,56,285
"2125","NEF_GloFung-its1_648_2019",-54.74555,-68.3207,60,1162,456,384,2131,59,336
"2126","NEF_GloFung-its1_631_2019",-54.7592,-68.29712,60,1302,464,371,1844,58,312
"2127","NEF_GloFung-its1_648_2019",-54.74555,-68.3207,60,1162,456,384,2131,59,336
"2128","NEF_GloFung-its1_635_2019",-54.34722,-68.82348,116,1272,398,356,1877,60,332
"2129","NEF_GloFung-its1_634_2019",-54.74377,-68.32022,60,1162,456,384,2131,59,336
"2130","NEF_GloFung-its1_633_2019",-54.766,-68.32727,60,1231,483,367,2038,56,321
"2131","NEF_GloFung-its1_644_2019",-54.76438,-68.32678,60,1231,483,367,2038,56,321
"2132","NEF_GloFung-its1_647_2019",-54.37533,-68.80772,116,1206,417,376,2039,57,322
"2133","NEF_GloFung-its1_631_2019",-54.7592,-68.29712,60,1302,464,371,1844,58,312
"2134","NEF_GloFung-its1_648_2019",-54.74555,-68.3207,60,1162,456,384,2131,59,336
"2135","NEF_GloFung-its1_636_2019",-54.75887,-68.34527,60,1383,492,352,1929,55,326
"2136","NEF_GloFung-its1_647_2019",-54.37533,-68.80772,116,1206,417,376,2039,57,322
"2137","NEF_GloFung-its1_640_2019",-54.57708,-67.22173,60,1150,471,407,1652,56,285
"2138","NEF_GloFung-its1_632_2019",-54.56778,-67.2395,60,889,485,375,1541,57,327
"2139","NEF_GloFung-its1_632_2019",-54.56778,-67.2395,60,889,485,375,1541,57,327
"2140","NEF_GloFung-its1_643_2019",-54.57917,-67.22317,60,1037,445,408,1869,55,315
"2141","NEF_GloFung-its1_642_2019",-54.3735,-68.80555,116,1206,417,376,2039,57,322
"2142","NEF_GloFung-its1_640_2019",-54.57708,-67.22173,60,1150,471,407,1652,56,285
"2143","NEF_GloFung-its1_639_2019",-54.58998,-67.24298,60,974,447,382,1765,58,313
"2144","NEF_GloFung-its1_648_2019",-54.74555,-68.3207,60,1162,456,384,2131,59,336
"2145","NEF_GloFung-its1_642_2019",-54.3735,-68.80555,116,1206,417,376,2039,57,322
"2146","NEF_GloFung-its1_647_2019",-54.37533,-68.80772,116,1206,417,376,2039,57,322
"2147","NEF_GloFung-its1_638_2019",-54.61025,-67.24725,60,925,471,387,1527,56,285
"2148","NEF_GloFung-its1_643_2019",-54.57917,-67.22317,60,1037,445,408,1869,55,315
"2149","NEF_GloFung-its1_642_2019",-54.3735,-68.80555,116,1206,417,376,2039,57,322
"2150","NEF_GloFung-its1_644_2019",-54.76438,-68.32678,60,1231,483,367,2038,56,321
"2151","NEF_GloFung-its1_637_2019",-54.35392,-68.82118,116,1212,419,344,1753,59,311
"2152","NEF_GloFung-its1_635_2019",-54.34722,-68.82348,116,1272,398,356,1877,60,332
"2153","NEF_GloFung-its1_645_2019",-54.35932,-68.83732,116,1123,478,386,1802,58,312
"2154","NEF_GloFung-its1_637_2019",-54.35392,-68.82118,116,1212,419,344,1753,59,311
"2155","NEF_GloFung-its1_641_2019",-54.34212,-68.82703,116,1229,385,355,1964,59,354
"2156","NEF_GloFung-its1_638_2019",-54.61025,-67.24725,60,925,471,387,1527,56,285
"2157","NEF_GloFung-its1_646_2019",-54.59147,-67.24283,60,974,447,382,1765,58,313
"2158","NEF_GloFung-its1_640_2019",-54.57708,-67.22173,60,1150,471,407,1652,56,285
"2159","NEF_GloFung-its1_643_2019",-54.57917,-67.22317,60,1037,445,408,1869,55,315
"2160","NEF_GloFung-its1_641_2019",-54.34212,-68.82703,116,1229,385,355,1964,59,354
"2161","NEF_GloFung-its1_646_2019",-54.59147,-67.24283,60,974,447,382,1765,58,313
"2162","NEF_GloFung-its1_647_2019",-54.37533,-68.80772,116,1206,417,376,2039,57,322
"2163","NEF_GloFung-its1_635_2019",-54.34722,-68.82348,116,1272,398,356,1877,60,332
"2164","NEF_GloFung-its1_635_2019",-54.34722,-68.82348,116,1272,398,356,1877,60,332
"2165","NEF_GloFung-its1_639_2019",-54.58998,-67.24298,60,974,447,382,1765,58,313
"2166","NEF_GloFung-its1_646_2019",-54.59147,-67.24283,60,974,447,382,1765,58,313
"2167","NEF_GloFung-its1_635_2019",-54.34722,-68.82348,116,1272,398,356,1877,60,332
"2168","NEF_GloFung-its1_646_2019",-54.59147,-67.24283,60,974,447,382,1765,58,313
"2169","NEF_GloFung-its1_636_2019",-54.75887,-68.34527,60,1383,492,352,1929,55,326
"2170","NEF_GloFung-its1_639_2019",-54.58998,-67.24298,60,974,447,382,1765,58,313
"2171","NEF_GloFung-its1_633_2019",-54.766,-68.32727,60,1231,483,367,2038,56,321
"2172","NEF_GloFung-its1_635_2019",-54.34722,-68.82348,116,1272,398,356,1877,60,332
"2173","NEF_GloFung-its1_631_2019",-54.7592,-68.29712,60,1302,464,371,1844,58,312
"2174","NEF_GloFung-its1_634_2019",-54.74377,-68.32022,60,1162,456,384,2131,59,336
"2175","NEF_GloFung-its1_637_2019",-54.35392,-68.82118,116,1212,419,344,1753,59,311
"2176","NEF_GloFung-its1_645_2019",-54.35932,-68.83732,116,1123,478,386,1802,58,312
"2177","NEF_GloFung-its1_648_2019",-54.74555,-68.3207,60,1162,456,384,2131,59,336
"2178","NEF_GloFung-its1_642_2019",-54.3735,-68.80555,116,1206,417,376,2039,57,322
"2179","NEF_GloFung-its1_646_2019",-54.59147,-67.24283,60,974,447,382,1765,58,313
"2180","NEF_GloFung-its1_632_2019",-54.56778,-67.2395,60,889,485,375,1541,57,327
"2181","NEF_GloFung-its1_632_2019",-54.56778,-67.2395,60,889,485,375,1541,57,327
"2182","NEF_GloFung-its1_631_2019",-54.7592,-68.29712,60,1302,464,371,1844,58,312
"2183","NEF_GloFung-its1_636_2019",-54.75887,-68.34527,60,1383,492,352,1929,55,326
"2184","NEF_GloFung-its1_631_2019",-54.7592,-68.29712,60,1302,464,371,1844,58,312
"2185","NEF_GloFung-its1_633_2019",-54.766,-68.32727,60,1231,483,367,2038,56,321
"2186","NEF_GloFung-its1_648_2019",-54.74555,-68.3207,60,1162,456,384,2131,59,336
"2187","NEF_GloFung-its1_647_2019",-54.37533,-68.80772,116,1206,417,376,2039,57,322
"2188","NEF_GloFung-its1_633_2019",-54.766,-68.32727,60,1231,483,367,2038,56,321
"2189","NEF_GloFung-its1_640_2019",-54.57708,-67.22173,60,1150,471,407,1652,56,285
"2190","NEF_GloFung-its1_636_2019",-54.75887,-68.34527,60,1383,492,352,1929,55,326
"2191","NEF_GloFung-its1_642_2019",-54.3735,-68.80555,116,1206,417,376,2039,57,322
"2192","NEF_GloFung-its1_632_2019",-54.56778,-67.2395,60,889,485,375,1541,57,327
"2193","NEF_GloFung-its1_639_2019",-54.58998,-67.24298,60,974,447,382,1765,58,313
"2194","NEF_GloFung-its1_632_2019",-54.56778,-67.2395,60,889,485,375,1541,57,327
"2195","NEF_GloFung-its1_641_2019",-54.34212,-68.82703,116,1229,385,355,1964,59,354
"2196","NEF_GloFung-its1_643_2019",-54.57917,-67.22317,60,1037,445,408,1869,55,315
"2197","NEF_GloFung-its1_644_2019",-54.76438,-68.32678,60,1231,483,367,2038,56,321
"2198","NEF_GloFung-its1_643_2019",-54.57917,-67.22317,60,1037,445,408,1869,55,315
"2199","NEF_GloFung-its1_640_2019",-54.57708,-67.22173,60,1150,471,407,1652,56,285
"2200","NEF_GloFung-its1_641_2019",-54.34212,-68.82703,116,1229,385,355,1964,59,354
"2201","NEF_GloFung-its1_637_2019",-54.35392,-68.82118,116,1212,419,344,1753,59,311
"2202","NEF_GloFung-its1_648_2019",-54.74555,-68.3207,60,1162,456,384,2131,59,336
"2203","NEF_GloFung-its1_643_2019",-54.57917,-67.22317,60,1037,445,408,1869,55,315
"2204","NEF_GloFung-its1_640_2019",-54.57708,-67.22173,60,1150,471,407,1652,56,285
"2205","NEF_GloFung-its1_642_2019",-54.3735,-68.80555,116,1206,417,376,2039,57,322
"2206","NEF_GloFung-its1_648_2019",-54.74555,-68.3207,60,1162,456,384,2131,59,336
"2207","NEF_GloFung-its1_633_2019",-54.766,-68.32727,60,1231,483,367,2038,56,321
"2208","NEF_GloFung-its1_631_2019",-54.7592,-68.29712,60,1302,464,371,1844,58,312
"2209","NEF_GloFung-its1_638_2019",-54.61025,-67.24725,60,925,471,387,1527,56,285
"2210","NEF_GloFung-its1_640_2019",-54.57708,-67.22173,60,1150,471,407,1652,56,285
"2211","NEF_GloFung-its1_639_2019",-54.58998,-67.24298,60,974,447,382,1765,58,313
"2212","NEF_GloFung-its1_645_2019",-54.35932,-68.83732,116,1123,478,386,1802,58,312
"2213","NEF_GloFung-its1_640_2019",-54.57708,-67.22173,60,1150,471,407,1652,56,285
"2214","NEF_GloFung-its1_642_2019",-54.3735,-68.80555,116,1206,417,376,2039,57,322
"2215","NEF_GloFung-its1_633_2019",-54.766,-68.32727,60,1231,483,367,2038,56,321
"2216","NEF_GloFung-its1_643_2019",-54.57917,-67.22317,60,1037,445,408,1869,55,315
"2217","NEF_GloFung-its1_636_2019",-54.75887,-68.34527,60,1383,492,352,1929,55,326
"2218","NEF_GloFung-its1_648_2019",-54.74555,-68.3207,60,1162,456,384,2131,59,336
"2219","NEF_GloFung-its1_647_2019",-54.37533,-68.80772,116,1206,417,376,2039,57,322
"2220","NEF_GloFung-its1_647_2019",-54.37533,-68.80772,116,1206,417,376,2039,57,322
"2221","NEF_GloFung-its1_636_2019",-54.75887,-68.34527,60,1383,492,352,1929,55,326
"2222","NEF_GloFung-its1_638_2019",-54.61025,-67.24725,60,925,471,387,1527,56,285
"2223","NEF_GloFung-its1_644_2019",-54.76438,-68.32678,60,1231,483,367,2038,56,321
"2224","NEF_GloFung-its1_644_2019",-54.76438,-68.32678,60,1231,483,367,2038,56,321
"2225","NEF_GloFung-its1_646_2019",-54.59147,-67.24283,60,974,447,382,1765,58,313
"2226","NEF_GloFung-its1_631_2019",-54.7592,-68.29712,60,1302,464,371,1844,58,312
"2227","NEF_GloFung-its1_632_2019",-54.56778,-67.2395,60,889,485,375,1541,57,327
"2228","NEF_GloFung-its1_643_2019",-54.57917,-67.22317,60,1037,445,408,1869,55,315
"2229","NEF_GloFung-its1_641_2019",-54.34212,-68.82703,116,1229,385,355,1964,59,354
"2230","NEF_GloFung-its1_645_2019",-54.35932,-68.83732,116,1123,478,386,1802,58,312
"2231","NEF_GloFung-its1_642_2019",-54.3735,-68.80555,116,1206,417,376,2039,57,322
"2232","NEF_GloFung-its1_645_2019",-54.35932,-68.83732,116,1123,478,386,1802,58,312
"2233","NEF_GloFung-its1_636_2019",-54.75887,-68.34527,60,1383,492,352,1929,55,326
"2234","NEF_GloFung-its1_647_2019",-54.37533,-68.80772,116,1206,417,376,2039,57,322
"2235","NEF_GloFung-its1_631_2019",-54.7592,-68.29712,60,1302,464,371,1844,58,312
"2236","NEF_GloFung-its1_631_2019",-54.7592,-68.29712,60,1302,464,371,1844,58,312
"2237","NEF_GloFung-its1_632_2019",-54.56778,-67.2395,60,889,485,375,1541,57,327
"2238","NEF_GloFung-its1_633_2019",-54.766,-68.32727,60,1231,483,367,2038,56,321
"2239","NEF_GloFung-its1_647_2019",-54.37533,-68.80772,116,1206,417,376,2039,57,322
"2240","NEF_GloFung-its1_644_2019",-54.76438,-68.32678,60,1231,483,367,2038,56,321
"2241","NEF_GloFung-its1_637_2019",-54.35392,-68.82118,116,1212,419,344,1753,59,311
"2242","NEF_GloFung-its1_642_2019",-54.3735,-68.80555,116,1206,417,376,2039,57,322
"2243","NEF_GloFung-its1_633_2019",-54.766,-68.32727,60,1231,483,367,2038,56,321
"2244","NEF_GloFung-its1_645_2019",-54.35932,-68.83732,116,1123,478,386,1802,58,312
"2245","NEF_GloFung-its1_643_2019",-54.57917,-67.22317,60,1037,445,408,1869,55,315
"2246","NEF_GloFung-its1_645_2019",-54.35932,-68.83732,116,1123,478,386,1802,58,312
"2247","NEF_GloFung-its1_646_2019",-54.59147,-67.24283,60,974,447,382,1765,58,313
"2248","NEF_GloFung-its1_638_2019",-54.61025,-67.24725,60,925,471,387,1527,56,285
"2249","NEF_GloFung-its1_635_2019",-54.34722,-68.82348,116,1272,398,356,1877,60,332
"2250","NEF_GloFung-its1_638_2019",-54.61025,-67.24725,60,925,471,387,1527,56,285
"2251","NEF_GloFung-its1_649_2014",29.71003,-82.47547,58,1565,890,127,371,50,65
"2252","NEF_GloFung-its1_649_2014",29.71003,-82.47547,58,1565,890,127,371,50,65
"2253","NEF_GloFung-its1_649_2014",29.71003,-82.47547,58,1565,890,127,371,50,65
"2254","NEF_GloFung-its1_649_2014",29.71003,-82.47547,58,1565,890,127,371,50,65
"2255","NEF_GloFung-its1_649_2014",29.71003,-82.47547,58,1565,890,127,371,50,65
"2256","NEF_GloFung-its1_649_2014",29.71003,-82.47547,58,1565,890,127,371,50,65
"2257","NEF_GloFung-its1_649_2014",29.71003,-82.47547,58,1565,890,127,371,50,65
"2258","NEF_GloFung-its1_649_2014",29.71003,-82.47547,58,1565,890,127,371,50,65
"2259","NEF_GloFung-its1_649_2014",29.71003,-82.47547,58,1565,890,127,371,50,65
"2260","NEF_GloFung-its1_649_2014",29.71003,-82.47547,58,1565,890,127,371,50,65
"2261","NEF_GloFung-its1_649_2014",29.71003,-82.47547,58,1565,890,127,371,50,65
"2262","NEF_GloFung-its1_649_2014",29.71003,-82.47547,58,1565,890,127,371,50,65
"2263","NEF_GloFung-its1_650_2014",29.73961,-82.23083,58,1561,945,104,416,45,45
"2264","NEF_GloFung-its1_649_2014",29.71003,-82.47547,58,1565,890,127,371,50,65
"2265","NEF_GloFung-its1_649_2014",29.71003,-82.47547,58,1565,890,127,371,50,65
"2266","NEF_GloFung-its1_650_2014",29.73961,-82.23083,58,1561,945,104,416,45,45
"2267","NEF_GloFung-its1_650_2014",29.73961,-82.23083,58,1561,945,104,416,45,45
"2268","NEF_GloFung-its1_650_2014",29.73961,-82.23083,58,1561,945,104,416,45,45
"2269","NEF_GloFung-its1_650_2014",29.73961,-82.23083,58,1561,945,104,416,45,45
"2270","NEF_GloFung-its1_650_2014",29.73961,-82.23083,58,1561,945,104,416,45,45
"2271","NEF_GloFung-its1_649_2014",29.71003,-82.47547,58,1565,890,127,371,50,65
"2272","NEF_GloFung-its1_650_2014",29.73961,-82.23083,58,1561,945,104,416,45,45
"2273","NEF_GloFung-its1_649_2014",29.71003,-82.47547,58,1565,890,127,371,50,65
"2274","NEF_GloFung-its1_650_2014",29.73961,-82.23083,58,1561,945,104,416,45,45
"2275","NEF_GloFung-its1_649_2014",29.71003,-82.47547,58,1565,890,127,371,50,65
"2276","NEF_GloFung-its1_649_2014",29.71003,-82.47547,58,1565,890,127,371,50,65
"2277","NEF_GloFung-its1_649_2014",29.71003,-82.47547,58,1565,890,127,371,50,65
"2278","NEF_GloFung-its1_649_2014",29.71003,-82.47547,58,1565,890,127,371,50,65
"2279","NEF_GloFung-its1_649_2014",29.71003,-82.47547,58,1565,890,127,371,50,65
"2280","NEF_GloFung-its1_649_2014",29.71003,-82.47547,58,1565,890,127,371,50,65
"2281","NEF_GloFung-its1_649_2014",29.71003,-82.47547,58,1565,890,127,371,50,65
"2282","NEF_GloFung-its1_649_2014",29.71003,-82.47547,58,1565,890,127,371,50,65
"2283","NEF_GloFung-its1_650_2014",29.73961,-82.23083,58,1561,945,104,416,45,45
"2284","NEF_GloFung-its1_650_2014",29.73961,-82.23083,58,1561,945,104,416,45,45
"2285","NEF_GloFung-its1_649_2014",29.71003,-82.47547,58,1565,890,127,371,50,65
"2286","NEF_GloFung-its1_649_2014",29.71003,-82.47547,58,1565,890,127,371,50,65
"2287","NEF_GloFung-its1_650_2014",29.73961,-82.23083,58,1561,945,104,416,45,45
"2288","NEF_GloFung-its1_650_2014",29.73961,-82.23083,58,1561,945,104,416,45,45
"2289","NEF_GloFung-its1_650_2014",29.73961,-82.23083,58,1561,945,104,416,45,45
"2290","NEF_GloFung-its1_650_2014",29.73961,-82.23083,58,1561,945,104,416,45,45
"2291","NEF_GloFung-its1_650_2014",29.73961,-82.23083,58,1561,945,104,416,45,45
"2292","NEF_GloFung-its1_650_2014",29.73961,-82.23083,58,1561,945,104,416,45,45
"2293","NEF_GloFung-its1_650_2014",29.73961,-82.23083,58,1561,945,104,416,45,45
"2294","NEF_GloFung-its1_650_2014",29.73961,-82.23083,58,1561,945,104,416,45,45
"2295","NEF_GloFung-its1_650_2014",29.73961,-82.23083,58,1561,945,104,416,45,45
"2296","NEF_GloFung-its1_650_2014",29.73961,-82.23083,58,1561,945,104,416,45,45
"2297","NEF_GloFung-its1_650_2014",29.73961,-82.23083,58,1561,945,104,416,45,45
"2298","NEF_GloFung-its1_650_2014",29.73961,-82.23083,58,1561,945,104,416,45,45
"2299","NEF_GloFung-its1_650_2014",29.73961,-82.23083,58,1561,945,104,416,45,45
"2300","NEF_GloFung-its1_650_2014",29.73961,-82.23083,58,1561,945,104,416,45,45
"2301","NEF_GloFung-its1_650_2014",29.73961,-82.23083,58,1561,945,104,416,45,45
"2302","NEF_GloFung-its1_651_2017",5.266007883,-59.765625,57,283,403,147,440,52,266
"2303","NEF_GloFung-its1_651_2017",5.266007883,-59.765625,57,283,403,147,440,52,266
"2304","NEF_GloFung-its1_651_2017",5.266007883,-59.765625,57,283,403,147,440,52,266
"2305","NEF_GloFung-its1_651_2017",5.266007883,-59.765625,57,283,403,147,440,52,266
"2306","NEF_GloFung-its1_651_2017",5.266007883,-59.765625,57,283,403,147,440,52,266
"2307","NEF_GloFung-its1_651_2017",5.266007883,-59.765625,57,283,403,147,440,52,266
"2308","NEF_GloFung-its1_651_2017",5.266007883,-59.765625,57,283,403,147,440,52,266
"2309","NEF_GloFung-its1_651_2017",5.266007883,-59.765625,57,283,403,147,440,52,266
"2310","NEF_GloFung-its1_651_2017",5.266007883,-59.765625,57,283,403,147,440,52,266
"2311","NEF_GloFung-its1_651_2017",5.266007883,-59.765625,57,283,403,147,440,52,266
"2312","NEF_GloFung-its1_651_2017",5.266007883,-59.765625,57,283,403,147,440,52,266
"2313","NEF_GloFung-its1_651_2017",5.266007883,-59.765625,57,283,403,147,440,52,266
"2314","NEF_GloFung-its1_651_2017",5.266007883,-59.765625,57,283,403,147,440,52,266
"2315","NEF_GloFung-its1_651_2017",5.266007883,-59.765625,57,283,403,147,440,52,266
"2316","NEF_GloFung-its1_651_2017",5.266007883,-59.765625,57,283,403,147,440,52,266
"2317","NEF_GloFung-its1_651_2017",5.266007883,-59.765625,57,283,403,147,440,52,266
"2318","NEF_GloFung-its1_651_2017",5.266007883,-59.765625,57,283,403,147,440,52,266
"2319","NEF_GloFung-its1_651_2017",5.266007883,-59.765625,57,283,403,147,440,52,266
"2320","NEF_GloFung-its1_651_2017",5.266007883,-59.765625,57,283,403,147,440,52,266
"2321","NEF_GloFung-its1_651_2017",5.266007883,-59.765625,57,283,403,147,440,52,266
"2322","NEF_GloFung-its1_651_2017",5.266007883,-59.765625,57,283,403,147,440,52,266
"2323","NEF_GloFung-its1_651_2017",5.266007883,-59.765625,57,283,403,147,440,52,266
"2324","NEF_GloFung-its1_651_2017",5.266007883,-59.765625,57,283,403,147,440,52,266
"2325","NEF_GloFung-its1_651_2017",5.266007883,-59.765625,57,283,403,147,440,52,266
"2326","NEF_GloFung-its1_651_2017",5.266007883,-59.765625,57,283,403,147,440,52,266
"2327","NEF_GloFung-its1_651_2017",5.266007883,-59.765625,57,283,403,147,440,52,266
"2328","NEF_GloFung-its1_651_2017",5.266007883,-59.765625,57,283,403,147,440,52,266
"2329","NEF_GloFung-its1_651_2017",5.266007883,-59.765625,57,283,403,147,440,52,266
"2330","NEF_GloFung-its1_651_2017",5.266007883,-59.765625,57,283,403,147,440,52,266
"2331","NEF_GloFung-its1_651_2017",5.266007883,-59.765625,57,283,403,147,440,52,266
"2332","NEF_GloFung-its1_651_2017",5.266007883,-59.765625,57,283,403,147,440,52,266
"2333","NEF_GloFung-its1_651_2017",5.266007883,-59.765625,57,283,403,147,440,52,266
"2334","NEF_GloFung-its1_651_2017",5.266007883,-59.765625,57,283,403,147,440,52,266
"2335","NEF_GloFung-its1_651_2017",5.266007883,-59.765625,57,283,403,147,440,52,266
"2336","NEF_GloFung-its1_651_2017",5.266007883,-59.765625,57,283,403,147,440,52,266
"2337","NEF_GloFung-its1_651_2017",5.266007883,-59.765625,57,283,403,147,440,52,266
"2338","NEF_GloFung-its1_651_2017",5.266007883,-59.765625,57,283,403,147,440,52,266
"2339","NEF_GloFung-its1_651_2017",5.266007883,-59.765625,57,283,403,147,440,52,266
"2340","NEF_GloFung-its1_651_2017",5.266007883,-59.765625,57,283,403,147,440,52,266
"2341","NEF_GloFung-its1_651_2017",5.266007883,-59.765625,57,283,403,147,440,52,266
"2342","NEF_GloFung-its1_651_2017",5.266007883,-59.765625,57,283,403,147,440,52,266
"2343","NEF_GloFung-its1_651_2017",5.266007883,-59.765625,57,283,403,147,440,52,266
"2344","NEF_GloFung-its1_651_2017",5.266007883,-59.765625,57,283,403,147,440,52,266
"2345","NEF_GloFung-its1_651_2017",5.266007883,-59.765625,57,283,403,147,440,52,266
"2346","NEF_GloFung-its1_651_2017",5.266007883,-59.765625,57,283,403,147,440,52,266
"2347","NEF_GloFung-its1_651_2017",5.266007883,-59.765625,57,283,403,147,440,52,266
"2348","NEF_GloFung-its1_651_2017",5.266007883,-59.765625,57,283,403,147,440,52,266
"2349","NEF_GloFung-its1_651_2017",5.266007883,-59.765625,57,283,403,147,440,52,266
"2350","NEF_GloFung-its1_651_2017",5.266007883,-59.765625,57,283,403,147,440,52,266
"2351","NEF_GloFung-its1_651_2017",5.266007883,-59.765625,57,283,403,147,440,52,266
"2352","NEF_GloFung-its1_651_2017",5.266007883,-59.765625,57,283,403,147,440,52,266
"2353","NEF_GloFung-its1_651_2017",5.266007883,-59.765625,57,283,403,147,440,52,266
"2354","NEF_GloFung-its1_651_2017",5.266007883,-59.765625,57,283,403,147,440,52,266
"2355","NEF_GloFung-its1_651_2017",5.266007883,-59.765625,57,283,403,147,440,52,266
"2356","NEF_GloFung-its1_651_2017",5.266007883,-59.765625,57,283,403,147,440,52,266
"2357","NEF_GloFung-its1_651_2017",5.266007883,-59.765625,57,283,403,147,440,52,266
"2358","NEF_GloFung-its1_651_2017",5.266007883,-59.765625,57,283,403,147,440,52,266
"2359","NEF_GloFung-its1_651_2017",5.266007883,-59.765625,57,283,403,147,440,52,266
"2360","NEF_GloFung-its1_651_2017",5.266007883,-59.765625,57,283,403,147,440,52,266
"2361","NEF_GloFung-its1_651_2017",5.266007883,-59.765625,57,283,403,147,440,52,266
"2362","NEF_GloFung-its1_651_2017",5.266007883,-59.765625,57,283,403,147,440,52,266
"2363","NEF_GloFung-its1_651_2017",5.266007883,-59.765625,57,283,403,147,440,52,266
"2364","NEF_GloFung-its1_651_2017",5.266007883,-59.765625,57,283,403,147,440,52,266
"2365","NEF_GloFung-its1_651_2017",5.266007883,-59.765625,57,283,403,147,440,52,266
"2366","NEF_GloFung-its1_651_2017",5.266007883,-59.765625,57,283,403,147,440,52,266
"2367","NEF_GloFung-its1_651_2017",5.266007883,-59.765625,57,283,403,147,440,52,266
"2368","NEF_GloFung-its1_651_2017",5.266007883,-59.765625,57,283,403,147,440,52,266
"2369","NEF_GloFung-its1_651_2017",5.266007883,-59.765625,57,283,403,147,440,52,266
"2370","NEF_GloFung-its1_651_2017",5.266007883,-59.765625,57,283,403,147,440,52,266
"2371","NEF_GloFung-its1_651_2017",5.266007883,-59.765625,57,283,403,147,440,52,266
"2372","NEF_GloFung-its1_651_2017",5.266007883,-59.765625,57,283,403,147,440,52,266
"2373","NEF_GloFung-its1_651_2017",5.266007883,-59.765625,57,283,403,147,440,52,266
"2374","NEF_GloFung-its1_651_2017",5.266007883,-59.765625,57,283,403,147,440,52,266
"2375","NEF_GloFung-its1_651_2017",5.266007883,-59.765625,57,283,403,147,440,52,266
"2376","NEF_GloFung-its1_651_2017",5.266007883,-59.765625,57,283,403,147,440,52,266
"2377","NEF_GloFung-its1_651_2017",5.266007883,-59.765625,57,283,403,147,440,52,266
"2378","NEF_GloFung-its1_651_2017",5.266007883,-59.765625,57,283,403,147,440,52,266
"2379","NEF_GloFung-its1_651_2017",5.266007883,-59.765625,57,283,403,147,440,52,266
"2380","NEF_GloFung-its1_651_2017",5.266007883,-59.765625,57,283,403,147,440,52,266
"2381","NEF_GloFung-its1_651_2017",5.266007883,-59.765625,57,283,403,147,440,52,266
"2382","NEF_GloFung-its1_288_2018",18.58,-95.08,83,412,450,170,474,54,276
"2383","NEF_GloFung-its1_288_2018",18.58,-95.08,83,412,450,170,474,54,276
"2384","NEF_GloFung-its1_288_2018",18.58,-95.08,83,412,450,170,474,54,276
"2385","NEF_GloFung-its1_288_2018",18.58,-95.08,83,412,450,170,474,54,276
"2386","NEF_GloFung-its1_288_2018",18.58,-95.08,83,412,450,170,474,54,276
"2387","NEF_GloFung-its1_288_2018",18.58,-95.08,83,412,450,170,474,54,276
"2388","NEF_GloFung-its1_288_2018",18.58,-95.08,83,412,450,170,474,54,276
"2389","NEF_GloFung-its1_288_2018",18.58,-95.08,83,412,450,170,474,54,276
"2390","NEF_GloFung-its1_288_2018",18.58,-95.08,83,412,450,170,474,54,276
"2391","NEF_GloFung-its1_288_2018",18.58,-95.08,83,412,450,170,474,54,276
"2392","NEF_GloFung-its1_288_2018",18.58,-95.08,83,412,450,170,474,54,276
"2393","NEF_GloFung-its1_288_2018",18.58,-95.08,83,412,450,170,474,54,276
"2394","NEF_GloFung-its1_288_2018",18.58,-95.08,83,412,450,170,474,54,276
"2395","NEF_GloFung-its1_288_2018",18.58,-95.08,83,412,450,170,474,54,276
"2396","NEF_GloFung-its1_288_2018",18.58,-95.08,83,412,450,170,474,54,276
"2397","NEF_GloFung-its1_288_2018",18.58,-95.08,83,412,450,170,474,54,276
"2398","NEF_GloFung-its1_288_2018",18.58,-95.08,83,412,450,170,474,54,276
"2399","NEF_GloFung-its1_288_2018",18.58,-95.08,83,412,450,170,474,54,276
"2400","NEF_GloFung-its1_288_2018",18.58,-95.08,83,412,450,170,474,54,276
"2401","NEF_GloFung-its1_288_2018",18.58,-95.08,83,412,450,170,474,54,276
"2402","NEF_GloFung-its1_288_2018",18.58,-95.08,83,412,450,170,474,54,276
"2403","NEF_GloFung-its1_288_2018",18.58,-95.08,83,412,450,170,474,54,276
"2404","NEF_GloFung-its1_288_2018",18.58,-95.08,83,412,450,170,474,54,276
"2405","NEF_GloFung-its1_288_2018",18.58,-95.08,83,412,450,170,474,54,276
"2406","NEF_GloFung-its1_288_2018",18.58,-95.08,83,412,450,170,474,54,276
"2407","NEF_GloFung-its1_288_2018",18.58,-95.08,83,412,450,170,474,54,276
"2408","NEF_GloFung-its1_288_2018",18.58,-95.08,83,412,450,170,474,54,276
"2409","NEF_GloFung-its1_288_2018",18.58,-95.08,83,412,450,170,474,54,276
"2410","NEF_GloFung-its1_288_2018",18.58,-95.08,83,412,450,170,474,54,276
"2411","NEF_GloFung-its1_288_2018",18.58,-95.08,83,412,450,170,474,54,276
"2412","NEF_GloFung-its1_288_2018",18.58,-95.08,83,412,450,170,474,54,276
"2413","NEF_GloFung-its1_288_2018",18.58,-95.08,83,412,450,170,474,54,276
"2414","NEF_GloFung-its1_288_2018",18.58,-95.08,83,412,450,170,474,54,276
"2415","NEF_GloFung-its1_288_2018",18.58,-95.08,83,412,450,170,474,54,276
"2416","NEF_GloFung-its1_288_2018",18.58,-95.08,83,412,450,170,474,54,276
"2417","NEF_GloFung-its1_288_2018",18.58,-95.08,83,412,450,170,474,54,276
"2418","NEF_GloFung-its1_288_2018",18.58,-95.08,83,412,450,170,474,54,276
"2419","NEF_GloFung-its1_288_2018",18.58,-95.08,83,412,450,170,474,54,276
"2420","NEF_GloFung-its1_288_2018",18.58,-95.08,83,412,450,170,474,54,276
"2421","NEF_GloFung-its1_288_2018",18.58,-95.08,83,412,450,170,474,54,276
"2422","NEF_GloFung-its1_288_2018",18.58,-95.08,83,412,450,170,474,54,276
"2423","NEF_GloFung-its1_288_2018",18.58,-95.08,83,412,450,170,474,54,276
"2424","NEF_GloFung-its1_288_2018",18.58,-95.08,83,412,450,170,474,54,276
"2425","NEF_GloFung-its1_288_2018",18.58,-95.08,83,412,450,170,474,54,276
"2426","NEF_GloFung-its1_288_2018",18.58,-95.08,83,412,450,170,474,54,276
"2427","NEF_GloFung-its1_288_2018",18.58,-95.08,83,412,450,170,474,54,276
"2428","NEF_GloFung-its1_288_2018",18.58,-95.08,83,412,450,170,474,54,276
"2429","NEF_GloFung-its1_288_2018",18.58,-95.08,83,412,450,170,474,54,276
"2430","NEF_GloFung-its1_288_2018",18.58,-95.08,83,412,450,170,474,54,276
"2431","NEF_GloFung-its1_288_2018",18.58,-95.08,83,412,450,170,474,54,276
"2432","NEF_GloFung-its1_288_2018",18.58,-95.08,83,412,450,170,474,54,276
"2433","NEF_GloFung-its1_288_2018",18.58,-95.08,83,412,450,170,474,54,276
"2434","NEF_GloFung-its1_288_2018",18.58,-95.08,83,412,450,170,474,54,276
"2435","NEF_GloFung-its1_288_2018",18.58,-95.08,83,412,450,170,474,54,276
"2436","NEF_GloFung-its1_288_2018",18.58,-95.08,83,412,450,170,474,54,276
"2437","NEF_GloFung-its1_288_2018",18.58,-95.08,83,412,450,170,474,54,276
"2438","NEF_GloFung-its1_288_2018",18.58,-95.08,83,412,450,170,474,54,276
"2439","NEF_GloFung-its1_288_2018",18.58,-95.08,83,412,450,170,474,54,276
"2440","NEF_GloFung-its1_288_2018",18.58,-95.08,83,412,450,170,474,54,276
"2441","NEF_GloFung-its1_288_2018",18.58,-95.08,83,412,450,170,474,54,276
"2442","NEF_GloFung-its1_288_2018",18.58,-95.08,83,412,450,170,474,54,276
"2443","NEF_GloFung-its1_288_2018",18.58,-95.08,83,412,450,170,474,54,276
"2444","NEF_GloFung-its1_288_2018",18.58,-95.08,83,412,450,170,474,54,276
"2445","NEF_GloFung-its1_288_2018",18.58,-95.08,83,412,450,170,474,54,276
"2446","NEF_GloFung-its1_288_2018",18.58,-95.08,83,412,450,170,474,54,276
"2447","NEF_GloFung-its1_288_2018",18.58,-95.08,83,412,450,170,474,54,276
"2448","NEF_GloFung-its1_288_2018",18.58,-95.08,83,412,450,170,474,54,276
"2449","NEF_GloFung-its1_288_2018",18.58,-95.08,83,412,450,170,474,54,276
"2450","NEF_GloFung-its1_288_2018",18.58,-95.08,83,412,450,170,474,54,276
"2451","NEF_GloFung-its1_288_2018",18.58,-95.08,83,412,450,170,474,54,276
"2452","NEF_GloFung-its1_288_2018",18.58,-95.08,83,412,450,170,474,54,276
"2453","NEF_GloFung-its1_288_2018",18.58,-95.08,83,412,450,170,474,54,276
"2454","NEF_GloFung-its1_288_2018",18.58,-95.08,83,412,450,170,474,54,276
"2455","NEF_GloFung-its1_288_2018",18.58,-95.08,83,412,450,170,474,54,276
"2456","NEF_GloFung-its1_288_2018",18.58,-95.08,83,412,450,170,474,54,276
"2457","NEF_GloFung-its1_288_2018",18.58,-95.08,83,412,450,170,474,54,276
"2458","NEF_GloFung-its1_288_2018",18.58,-95.08,83,412,450,170,474,54,276
"2459","NEF_GloFung-its1_288_2018",18.58,-95.08,83,412,450,170,474,54,276
"2460","NEF_GloFung-its1_288_2018",18.58,-95.08,83,412,450,170,474,54,276
"2461","NEF_GloFung-its1_288_2018",18.58,-95.08,83,412,450,170,474,54,276
"2462","NEF_GloFung-its1_288_2018",18.58,-95.08,83,412,450,170,474,54,276
"2463","NEF_GloFung-its1_288_2018",18.58,-95.08,83,412,450,170,474,54,276
"2464","NEF_GloFung-its1_288_2018",18.58,-95.08,83,412,450,170,474,54,276
"2465","NEF_GloFung-its1_288_2018",18.58,-95.08,83,412,450,170,474,54,276
"2466","NEF_GloFung-its1_288_2018",18.58,-95.08,83,412,450,170,474,54,276
"2467","NEF_GloFung-its1_288_2018",18.58,-95.08,83,412,450,170,474,54,276
"2468","NEF_GloFung-its1_288_2018",18.58,-95.08,83,412,450,170,474,54,276
"2469","NEF_GloFung-its1_288_2018",18.58,-95.08,83,412,450,170,474,54,276
"2470","NEF_GloFung-its1_288_2018",18.58,-95.08,83,412,450,170,474,54,276
"2471","NEF_GloFung-its1_288_2018",18.58,-95.08,83,412,450,170,474,54,276
"2472","NEF_GloFung-its1_288_2018",18.58,-95.08,83,412,450,170,474,54,276
"2473","NEF_GloFung-its1_288_2018",18.58,-95.08,83,412,450,170,474,54,276
"2474","NEF_GloFung-its1_288_2018",18.58,-95.08,83,412,450,170,474,54,276
"2475","NEF_GloFung-its1_288_2018",18.58,-95.08,83,412,450,170,474,54,276
"2476","NEF_GloFung-its1_288_2018",18.58,-95.08,83,412,450,170,474,54,276
"2477","NEF_GloFung-its1_288_2018",18.58,-95.08,83,412,450,170,474,54,276
"2478","NEF_GloFung-its1_288_2018",18.58,-95.08,83,412,450,170,474,54,276
"2479","NEF_GloFung-its1_288_2018",18.58,-95.08,83,412,450,170,474,54,276
"2480","NEF_GloFung-its1_288_2018",18.58,-95.08,83,412,450,170,474,54,276
"2481","NEF_GloFung-its1_288_2018",18.58,-95.08,83,412,450,170,474,54,276
"2482","NEF_GloFung-its1_288_2018",18.58,-95.08,83,412,450,170,474,54,276
"2483","NEF_GloFung-its1_288_2018",18.58,-95.08,83,412,450,170,474,54,276
"2484","NEF_GloFung-its1_288_2018",18.58,-95.08,83,412,450,170,474,54,276
"2485","NEF_GloFung-its1_288_2018",18.58,-95.08,83,412,450,170,474,54,276
"2486","NEF_GloFung-its1_288_2018",18.58,-95.08,83,412,450,170,474,54,276
"2487","NEF_GloFung-its1_288_2018",18.58,-95.08,83,412,450,170,474,54,276
"2488","NEF_GloFung-its1_288_2018",18.58,-95.08,83,412,450,170,474,54,276
"2489","NEF_GloFung-its1_288_2018",18.58,-95.08,83,412,450,170,474,54,276
"2490","NEF_GloFung-its1_288_2018",18.58,-95.08,83,412,450,170,474,54,276
"2491","NEF_GloFung-its1_288_2018",18.58,-95.08,83,412,450,170,474,54,276
"2492","NEF_GloFung-its1_288_2018",18.58,-95.08,83,412,450,170,474,54,276
"2493","NEF_GloFung-its1_288_2018",18.58,-95.08,83,412,450,170,474,54,276
"2494","NEF_GloFung-its1_288_2018",18.58,-95.08,83,412,450,170,474,54,276
"2495","NEF_GloFung-its1_288_2018",18.58,-95.08,83,412,450,170,474,54,276
"2496","NEF_GloFung-its1_288_2018",18.58,-95.08,83,412,450,170,474,54,276
"2497","NEF_GloFung-its1_288_2018",18.58,-95.08,83,412,450,170,474,54,276
"2498","NEF_GloFung-its1_288_2018",18.58,-95.08,83,412,450,170,474,54,276
"2499","NEF_GloFung-its1_288_2018",18.58,-95.08,83,412,450,170,474,54,276
"2500","NEF_GloFung-its1_288_2018",18.58,-95.08,83,412,450,170,474,54,276
"2501","NEF_GloFung-its1_288_2018",18.58,-95.08,83,412,450,170,474,54,276
"2502","NEF_GloFung-its1_288_2018",18.58,-95.08,83,412,450,170,474,54,276
"2503","NEF_GloFung-its1_288_2018",18.58,-95.08,83,412,450,170,474,54,276
"2504","NEF_GloFung-its1_288_2018",18.58,-95.08,83,412,450,170,474,54,276
"2505","NEF_GloFung-its1_288_2018",18.58,-95.08,83,412,450,170,474,54,276
"2506","NEF_GloFung-its1_288_2018",18.58,-95.08,83,412,450,170,474,54,276
"2507","NEF_GloFung-its1_288_2018",18.58,-95.08,83,412,450,170,474,54,276
"2508","NEF_GloFung-its1_288_2018",18.58,-95.08,83,412,450,170,474,54,276
"2509","NEF_GloFung-its1_288_2018",18.58,-95.08,83,412,450,170,474,54,276
"2510","NEF_GloFung-its1_288_2018",18.58,-95.08,83,412,450,170,474,54,276
"2511","NEF_GloFung-its1_288_2018",18.58,-95.08,83,412,450,170,474,54,276
"2512","NEF_GloFung-its1_288_2018",18.58,-95.08,83,412,450,170,474,54,276
"2513","NEF_GloFung-its1_288_2018",18.58,-95.08,83,412,450,170,474,54,276
"2514","NEF_GloFung-its1_288_2018",18.58,-95.08,83,412,450,170,474,54,276
"2515","NEF_GloFung-its1_288_2018",18.58,-95.08,83,412,450,170,474,54,276
"2516","NEF_GloFung-its1_288_2018",18.58,-95.08,83,412,450,170,474,54,276
"2517","NEF_GloFung-its1_288_2018",18.58,-95.08,83,412,450,170,474,54,276
"2518","NEF_GloFung-its1_288_2018",18.58,-95.08,83,412,450,170,474,54,276
"2519","NEF_GloFung-its1_288_2018",18.58,-95.08,83,412,450,170,474,54,276
"2520","NEF_GloFung-its1_288_2018",18.58,-95.08,83,412,450,170,474,54,276
"2521","NEF_GloFung-its1_288_2018",18.58,-95.08,83,412,450,170,474,54,276
"2522","NEF_GloFung-its1_288_2018",18.58,-95.08,83,412,450,170,474,54,276
"2523","NEF_GloFung-its1_288_2018",18.58,-95.08,83,412,450,170,474,54,276
"2524","NEF_GloFung-its1_288_2018",18.58,-95.08,83,412,450,170,474,54,276
"2525","NEF_GloFung-its1_288_2018",18.58,-95.08,83,412,450,170,474,54,276
"2526","NEF_GloFung-its1_288_2018",18.58,-95.08,83,412,450,170,474,54,276
"2527","NEF_GloFung-its1_288_2018",18.58,-95.08,83,412,450,170,474,54,276
"2528","NEF_GloFung-its1_288_2018",18.58,-95.08,83,412,450,170,474,54,276
"2529","NEF_GloFung-its1_288_2018",18.58,-95.08,83,412,450,170,474,54,276
"2530","NEF_GloFung-its1_288_2018",18.58,-95.08,83,412,450,170,474,54,276
"2531","NEF_GloFung-its1_288_2018",18.58,-95.08,83,412,450,170,474,54,276
"2532","NEF_GloFung-its1_288_2018",18.58,-95.08,83,412,450,170,474,54,276
"2533","NEF_GloFung-its1_288_2018",18.58,-95.08,83,412,450,170,474,54,276
"2534","NEF_GloFung-its1_288_2018",18.58,-95.08,83,412,450,170,474,54,276
"2535","NEF_GloFung-its1_288_2018",18.58,-95.08,83,412,450,170,474,54,276
"2536","NEF_GloFung-its1_288_2018",18.58,-95.08,83,412,450,170,474,54,276
"2537","NEF_GloFung-its1_288_2018",18.58,-95.08,83,412,450,170,474,54,276
"2538","NEF_GloFung-its1_288_2018",18.58,-95.08,83,412,450,170,474,54,276
"2539","NEF_GloFung-its1_288_2018",18.58,-95.08,83,412,450,170,474,54,276
"2540","NEF_GloFung-its1_288_2018",18.58,-95.08,83,412,450,170,474,54,276
"2541","NEF_GloFung-its1_288_2018",18.58,-95.08,83,412,450,170,474,54,276
"2542","NEF_GloFung-its1_288_2018",18.58,-95.08,83,412,450,170,474,54,276
"2543","NEF_GloFung-its1_652_2017",9.211472,-79.599806,117,451,323,176,456,54,305
"2544","NEF_GloFung-its1_653_2017",9.160944,-79.742694,117,486,348,212,383,53,304
"2545","NEF_GloFung-its1_654_2017",9.333889,-79.78,117,490,333,137,514,52,306
"2546","NEF_GloFung-its1_655_2013",-3.833,-73.5979,76,301,327,207,586,46,367
"2547","NEF_GloFung-its1_656_2013",-4.1291,-73.4707,76,330,287,211,1008,45,379
"2548","NEF_GloFung-its1_657_2013",-3.8918,-73.5603,76,327,401,197,682,45,315
"2549","NEF_GloFung-its1_658_2013",-4.8793,-73.6479,118,379,194,245,795,42,435
"2550","NEF_GloFung-its1_658_2013",-4.8793,-73.6479,118,379,194,245,795,42,435
"2551","NEF_GloFung-its1_659_2013",-4.9336,-73.7221,118,355,236,187,776,43,454
"2552","NEF_GloFung-its1_655_2013",-3.833,-73.5979,76,301,327,207,586,46,367
"2553","NEF_GloFung-its1_660_2013",-4.8997,-73.6299,118,350,237,218,807,42,406
"2554","NEF_GloFung-its1_656_2013",-4.1291,-73.4707,76,330,287,211,1008,45,379
"2555","NEF_GloFung-its1_657_2013",-3.8918,-73.5603,76,327,401,197,682,45,315
"2556","NEF_GloFung-its1_656_2013",-4.1291,-73.4707,76,330,287,211,1008,45,379
"2557","NEF_GloFung-its1_655_2013",-3.833,-73.5979,76,301,327,207,586,46,367
"2558","NEF_GloFung-its1_658_2013",-4.8793,-73.6479,118,379,194,245,795,42,435
"2559","NEF_GloFung-its1_655_2013",-3.833,-73.5979,76,301,327,207,586,46,367
"2560","NEF_GloFung-its1_660_2013",-4.8997,-73.6299,118,350,237,218,807,42,406
"2561","NEF_GloFung-its1_656_2013",-4.1291,-73.4707,76,330,287,211,1008,45,379
"2562","NEF_GloFung-its1_657_2013",-3.8918,-73.5603,76,327,401,197,682,45,315
"2563","NEF_GloFung-its1_659_2013",-4.9336,-73.7221,118,355,236,187,776,43,454
"2564","NEF_GloFung-its1_656_2013",-4.1291,-73.4707,76,330,287,211,1008,45,379
"2565","NEF_GloFung-its1_656_2013",-4.1291,-73.4707,76,330,287,211,1008,45,379
"2566","NEF_GloFung-its1_657_2013",-3.8918,-73.5603,76,327,401,197,682,45,315
"2567","NEF_GloFung-its1_656_2013",-4.1291,-73.4707,76,330,287,211,1008,45,379
"2568","NEF_GloFung-its1_661_2013",-3.9758,-73.427,76,313,285,179,889,45,383
"2569","NEF_GloFung-its1_658_2013",-4.8793,-73.6479,118,379,194,245,795,42,435
"2570","NEF_GloFung-its1_657_2013",-3.8918,-73.5603,76,327,401,197,682,45,315
"2571","NEF_GloFung-its1_655_2013",-3.833,-73.5979,76,301,327,207,586,46,367
"2572","NEF_GloFung-its1_660_2013",-4.8997,-73.6299,118,350,237,218,807,42,406
"2573","NEF_GloFung-its1_656_2013",-4.1291,-73.4707,76,330,287,211,1008,45,379
"2574","NEF_GloFung-its1_661_2013",-3.9758,-73.427,76,313,285,179,889,45,383
"2575","NEF_GloFung-its1_660_2013",-4.8997,-73.6299,118,350,237,218,807,42,406
"2576","NEF_GloFung-its1_658_2013",-4.8793,-73.6479,118,379,194,245,795,42,435
"2577","NEF_GloFung-its1_659_2013",-4.9336,-73.7221,118,355,236,187,776,43,454
"2578","NEF_GloFung-its1_657_2013",-3.8918,-73.5603,76,327,401,197,682,45,315
"2579","NEF_GloFung-its1_658_2013",-4.8793,-73.6479,118,379,194,245,795,42,435
"2580","NEF_GloFung-its1_659_2013",-4.9336,-73.7221,118,355,236,187,776,43,454
"2581","NEF_GloFung-its1_660_2013",-4.8997,-73.6299,118,350,237,218,807,42,406
"2582","NEF_GloFung-its1_661_2013",-3.9758,-73.427,76,313,285,179,889,45,383
"2583","NEF_GloFung-its1_660_2013",-4.8997,-73.6299,118,350,237,218,807,42,406
"2584","NEF_GloFung-its1_659_2013",-4.9336,-73.7221,118,355,236,187,776,43,454
"2585","NEF_GloFung-its1_661_2013",-3.9758,-73.427,76,313,285,179,889,45,383
"2586","NEF_GloFung-its1_661_2013",-3.9758,-73.427,76,313,285,179,889,45,383
"2587","NEF_GloFung-its1_656_2013",-4.1291,-73.4707,76,330,287,211,1008,45,379
"2588","NEF_GloFung-its1_659_2013",-4.9336,-73.7221,118,355,236,187,776,43,454
"2589","NEF_GloFung-its1_657_2013",-3.8918,-73.5603,76,327,401,197,682,45,315
"2590","NEF_GloFung-its1_655_2013",-3.833,-73.5979,76,301,327,207,586,46,367
"2591","NEF_GloFung-its1_655_2013",-3.833,-73.5979,76,301,327,207,586,46,367
"2592","NEF_GloFung-its1_658_2013",-4.8793,-73.6479,118,379,194,245,795,42,435
"2593","NEF_GloFung-its1_657_2013",-3.8918,-73.5603,76,327,401,197,682,45,315
"2594","NEF_GloFung-its1_659_2013",-4.9336,-73.7221,118,355,236,187,776,43,454
"2595","NEF_GloFung-its1_659_2013",-4.9336,-73.7221,118,355,236,187,776,43,454
"2596","NEF_GloFung-its1_655_2013",-3.833,-73.5979,76,301,327,207,586,46,367
"2597","NEF_GloFung-its1_661_2013",-3.9758,-73.427,76,313,285,179,889,45,383
"2598","NEF_GloFung-its1_658_2013",-4.8793,-73.6479,118,379,194,245,795,42,435
"2599","NEF_GloFung-its1_660_2013",-4.8997,-73.6299,118,350,237,218,807,42,406
"2600","NEF_GloFung-its1_656_2013",-4.1291,-73.4707,76,330,287,211,1008,45,379
"2601","NEF_GloFung-its1_660_2013",-4.8997,-73.6299,118,350,237,218,807,42,406
"2602","NEF_GloFung-its1_661_2013",-3.9758,-73.427,76,313,285,179,889,45,383
"2603","NEF_GloFung-its1_661_2013",-3.9758,-73.427,76,313,285,179,889,45,383
"2604","NEF_GloFung-its1_655_2013",-3.833,-73.5979,76,301,327,207,586,46,367
"2605","NEF_GloFung-its1_659_2013",-4.9336,-73.7221,118,355,236,187,776,43,454
"2606","NEF_GloFung-its1_661_2013",-3.9758,-73.427,76,313,285,179,889,45,383
"2607","NEF_GloFung-its1_661_2013",-3.9758,-73.427,76,313,285,179,889,45,383
"2608","NEF_GloFung-its1_658_2013",-4.8793,-73.6479,118,379,194,245,795,42,435
"2609","NEF_GloFung-its1_660_2013",-4.8997,-73.6299,118,350,237,218,807,42,406
"2610","NEF_GloFung-its1_657_2013",-3.8918,-73.5603,76,327,401,197,682,45,315
"2611","NEF_GloFung-its1_660_2013",-4.8997,-73.6299,118,350,237,218,807,42,406
"2612","NEF_GloFung-its1_662_2017",-40.79,-72.95,78,850,345,355,1440,54,416
"2613","NEF_GloFung-its1_662_2017",-40.79,-72.95,78,850,345,355,1440,54,416
"2614","NEF_GloFung-its1_662_2017",-40.79,-72.95,78,850,345,355,1440,54,416
"2615","NEF_GloFung-its1_662_2017",-40.79,-72.95,78,850,345,355,1440,54,416
"2616","NEF_GloFung-its1_662_2017",-40.79,-72.95,78,850,345,355,1440,54,416
"2617","NEF_GloFung-its1_662_2017",-40.79,-72.95,78,850,345,355,1440,54,416
"2618","NEF_GloFung-its1_662_2017",-40.79,-72.95,78,850,345,355,1440,54,416
"2619","NEF_GloFung-its1_662_2017",-40.79,-72.95,78,850,345,355,1440,54,416
"2620","NEF_GloFung-its1_662_2017",-40.79,-72.95,78,850,345,355,1440,54,416
"2621","NEF_GloFung-its1_662_2017",-40.79,-72.95,78,850,345,355,1440,54,416
"2622","NEF_GloFung-its1_662_2017",-40.79,-72.95,78,850,345,355,1440,54,416
"2623","NEF_GloFung-its1_662_2017",-40.79,-72.95,78,850,345,355,1440,54,416
"2624","NEF_GloFung-its1_662_2017",-40.79,-72.95,78,850,345,355,1440,54,416
"2625","NEF_GloFung-its1_662_2017",-40.79,-72.95,78,850,345,355,1440,54,416
"2626","NEF_GloFung-its1_662_2017",-40.79,-72.95,78,850,345,355,1440,54,416
"2627","NEF_GloFung-its1_662_2017",-40.79,-72.95,78,850,345,355,1440,54,416
"2628","NEF_GloFung-its1_662_2017",-40.79,-72.95,78,850,345,355,1440,54,416
"2629","NEF_GloFung-its1_662_2017",-40.79,-72.95,78,850,345,355,1440,54,416
"2630","NEF_GloFung-its1_663_2017",31,-83,119,1042,781,119,721,49,112
"2631","NEF_GloFung-its1_663_2017",31,-83,119,1042,781,119,721,49,112
"2632","NEF_GloFung-its1_664_2017",29,-82,58,1191,888,157,213,53,52
"2633","NEF_GloFung-its1_663_2017",31,-83,119,1042,781,119,721,49,112
"2634","NEF_GloFung-its1_663_2017",31,-83,119,1042,781,119,721,49,112
"2635","NEF_GloFung-its1_663_2017",31,-83,119,1042,781,119,721,49,112
"2636","NEF_GloFung-its1_663_2017",31,-83,119,1042,781,119,721,49,112
"2637","NEF_GloFung-its1_664_2017",29,-82,58,1191,888,157,213,53,52
"2638","NEF_GloFung-its1_664_2017",29,-82,58,1191,888,157,213,53,52
"2639","NEF_GloFung-its1_663_2017",31,-83,119,1042,781,119,721,49,112
"2640","NEF_GloFung-its1_664_2017",29,-82,58,1191,888,157,213,53,52
"2641","NEF_GloFung-its1_663_2017",31,-83,119,1042,781,119,721,49,112
"2642","NEF_GloFung-its1_663_2017",31,-83,119,1042,781,119,721,49,112
"2643","NEF_GloFung-its1_663_2017",31,-83,119,1042,781,119,721,49,112
"2644","NEF_GloFung-its1_664_2017",29,-82,58,1191,888,157,213,53,52
"2645","NEF_GloFung-its1_664_2017",29,-82,58,1191,888,157,213,53,52
"2646","NEF_GloFung-its1_664_2017",29,-82,58,1191,888,157,213,53,52
"2647","NEF_GloFung-its1_664_2017",29,-82,58,1191,888,157,213,53,52
"2648","NEF_GloFung-its1_663_2017",31,-83,119,1042,781,119,721,49,112
"2649","NEF_GloFung-its1_663_2017",31,-83,119,1042,781,119,721,49,112
"2650","NEF_GloFung-its1_664_2017",29,-82,58,1191,888,157,213,53,52
"2651","NEF_GloFung-its1_663_2017",31,-83,119,1042,781,119,721,49,112
"2652","NEF_GloFung-its1_663_2017",31,-83,119,1042,781,119,721,49,112
"2653","NEF_GloFung-its1_663_2017",31,-83,119,1042,781,119,721,49,112
"2654","NEF_GloFung-its1_663_2017",31,-83,119,1042,781,119,721,49,112
"2655","NEF_GloFung-its1_663_2017",31,-83,119,1042,781,119,721,49,112
"2656","NEF_GloFung-its1_664_2017",29,-82,58,1191,888,157,213,53,52
"2657","NEF_GloFung-its1_664_2017",29,-82,58,1191,888,157,213,53,52
"2658","NEF_GloFung-its1_664_2017",29,-82,58,1191,888,157,213,53,52
"2659","NEF_GloFung-its1_664_2017",29,-82,58,1191,888,157,213,53,52
"2660","NEF_GloFung-its1_663_2017",31,-83,119,1042,781,119,721,49,112
"2661","NEF_GloFung-its1_664_2017",29,-82,58,1191,888,157,213,53,52
"2662","NEF_GloFung-its1_663_2017",31,-83,119,1042,781,119,721,49,112
"2663","NEF_GloFung-its1_663_2017",31,-83,119,1042,781,119,721,49,112
"2664","NEF_GloFung-its1_664_2017",29,-82,58,1191,888,157,213,53,52
"2665","NEF_GloFung-its1_663_2017",31,-83,119,1042,781,119,721,49,112
"2666","NEF_GloFung-its1_663_2017",31,-83,119,1042,781,119,721,49,112
"2667","NEF_GloFung-its1_664_2017",29,-82,58,1191,888,157,213,53,52
"2668","NEF_GloFung-its1_663_2017",31,-83,119,1042,781,119,721,49,112
"2669","NEF_GloFung-its1_663_2017",31,-83,119,1042,781,119,721,49,112
"2670","NEF_GloFung-its1_664_2017",29,-82,58,1191,888,157,213,53,52
"2671","NEF_GloFung-its1_663_2017",31,-83,119,1042,781,119,721,49,112
"2672","NEF_GloFung-its1_664_2017",29,-82,58,1191,888,157,213,53,52
"2673","NEF_GloFung-its1_663_2017",31,-83,119,1042,781,119,721,49,112
"2674","NEF_GloFung-its1_663_2017",31,-83,119,1042,781,119,721,49,112
"2675","NEF_GloFung-its1_663_2017",31,-83,119,1042,781,119,721,49,112
"2676","NEF_GloFung-its1_664_2017",29,-82,58,1191,888,157,213,53,52
"2677","NEF_GloFung-its1_664_2017",29,-82,58,1191,888,157,213,53,52
"2678","NEF_GloFung-its1_664_2017",29,-82,58,1191,888,157,213,53,52
"2679","NEF_GloFung-its1_663_2017",31,-83,119,1042,781,119,721,49,112
"2680","NEF_GloFung-its1_664_2017",29,-82,58,1191,888,157,213,53,52
"2681","NEF_GloFung-its1_663_2017",31,-83,119,1042,781,119,721,49,112
"2682","NEF_GloFung-its1_664_2017",29,-82,58,1191,888,157,213,53,52
"2683","NEF_GloFung-its1_664_2017",29,-82,58,1191,888,157,213,53,52
"2684","NEF_GloFung-its1_664_2017",29,-82,58,1191,888,157,213,53,52
"2685","NEF_GloFung-its1_664_2017",29,-82,58,1191,888,157,213,53,52
"2686","NEF_GloFung-its1_664_2017",29,-82,58,1191,888,157,213,53,52
"2687","NEF_GloFung-its1_664_2017",29,-82,58,1191,888,157,213,53,52
"2688","NEF_GloFung-its1_663_2017",31,-83,119,1042,781,119,721,49,112
"2689","NEF_GloFung-its1_664_2017",29,-82,58,1191,888,157,213,53,52
"2690","NEF_GloFung-its1_663_2017",31,-83,119,1042,781,119,721,49,112
"2691","NEF_GloFung-its1_664_2017",29,-82,58,1191,888,157,213,53,52
"2692","NEF_GloFung-its1_663_2017",31,-83,119,1042,781,119,721,49,112
"2693","NEF_GloFung-its1_664_2017",29,-82,58,1191,888,157,213,53,52
"2694","NEF_GloFung-its1_664_2017",29,-82,58,1191,888,157,213,53,52
"2695","NEF_GloFung-its1_663_2017",31,-83,119,1042,781,119,721,49,112
"2696","NEF_GloFung-its1_664_2017",29,-82,58,1191,888,157,213,53,52
"2697","NEF_GloFung-its1_664_2017",29,-82,58,1191,888,157,213,53,52
"2698","NEF_GloFung-its1_663_2017",31,-83,119,1042,781,119,721,49,112
"2699","NEF_GloFung-its1_664_2017",29,-82,58,1191,888,157,213,53,52
"2700","NEF_GloFung-its1_664_2017",29,-82,58,1191,888,157,213,53,52
"2701","NEF_GloFung-its1_663_2017",31,-83,119,1042,781,119,721,49,112
"2702","NEF_GloFung-its1_663_2017",31,-83,119,1042,781,119,721,49,112
"2703","NEF_GloFung-its1_663_2017",31,-83,119,1042,781,119,721,49,112
"2704","NEF_GloFung-its1_663_2017",31,-83,119,1042,781,119,721,49,112
"2705","NEF_GloFung-its1_664_2017",29,-82,58,1191,888,157,213,53,52
"2706","NEF_GloFung-its1_664_2017",29,-82,58,1191,888,157,213,53,52
"2707","NEF_GloFung-its1_664_2017",29,-82,58,1191,888,157,213,53,52
"2708","NEF_GloFung-its1_664_2017",29,-82,58,1191,888,157,213,53,52
"2709","NEF_GloFung-its1_664_2017",29,-82,58,1191,888,157,213,53,52
"2710","NEF_GloFung-its1_663_2017",31,-83,119,1042,781,119,721,49,112
"2711","NEF_GloFung-its1_664_2017",29,-82,58,1191,888,157,213,53,52
"2712","NEF_GloFung-its1_664_2017",29,-82,58,1191,888,157,213,53,52
"2713","NEF_GloFung-its1_663_2017",31,-83,119,1042,781,119,721,49,112
"2714","NEF_GloFung-its1_663_2017",31,-83,119,1042,781,119,721,49,112
"2715","NEF_GloFung-its1_663_2017",31,-83,119,1042,781,119,721,49,112
"2716","NEF_GloFung-its1_664_2017",29,-82,58,1191,888,157,213,53,52
"2717","NEF_GloFung-its1_663_2017",31,-83,119,1042,781,119,721,49,112
"2718","NEF_GloFung-its1_664_2017",29,-82,58,1191,888,157,213,53,52
"2719","NEF_GloFung-its1_664_2017",29,-82,58,1191,888,157,213,53,52
"2720","NEF_GloFung-its1_664_2017",29,-82,58,1191,888,157,213,53,52
"2721","NEF_GloFung-its1_664_2017",29,-82,58,1191,888,157,213,53,52
"2722","NEF_GloFung-its1_663_2017",31,-83,119,1042,781,119,721,49,112
"2723","NEF_GloFung-its1_664_2017",29,-82,58,1191,888,157,213,53,52
"2724","NEF_GloFung-its1_663_2017",31,-83,119,1042,781,119,721,49,112
"2725","NEF_GloFung-its1_665_2016",10.35,-61.27,120,387,323,153,430,53,338
"2726","NEF_GloFung-its1_665_2016",10.35,-61.27,120,387,323,153,430,53,338
"2727","NEF_GloFung-its1_666_2016",10.38,-61.28,120,396,320,159,444,52,303
"2728","NEF_GloFung-its1_667_2016",10.48,-61.1,120,468,273,200,560,55,311
"2729","NEF_GloFung-its1_666_2016",10.38,-61.28,120,396,320,159,444,52,303
"2730","NEF_GloFung-its1_668_2016",10.47,-61.1,120,459,287,241,551,53,301
"2731","NEF_GloFung-its1_668_2016",10.47,-61.1,120,459,287,241,551,53,301
"2732","NEF_GloFung-its1_669_2016",10.48,-61.11,120,488,266,222,529,55,299
"2733","NEF_GloFung-its1_669_2016",10.48,-61.11,120,488,266,222,529,55,299
"2734","NEF_GloFung-its1_666_2016",10.38,-61.28,120,396,320,159,444,52,303
"2735","NEF_GloFung-its1_670_2016",10.46,-61.1,120,523,292,283,662,54,354
"2736","NEF_GloFung-its1_666_2016",10.38,-61.28,120,396,320,159,444,52,303
"2737","NEF_GloFung-its1_670_2016",10.46,-61.1,120,523,292,283,662,54,354
"2738","NEF_GloFung-its1_666_2016",10.38,-61.28,120,396,320,159,444,52,303
"2739","NEF_GloFung-its1_666_2016",10.38,-61.28,120,396,320,159,444,52,303
"2740","NEF_GloFung-its1_671_2016",10.38,-61.29,120,386,319,178,444,54,323
"2741","NEF_GloFung-its1_667_2016",10.48,-61.1,120,468,273,200,560,55,311
"2742","NEF_GloFung-its1_671_2016",10.38,-61.29,120,386,319,178,444,54,323
"2743","NEF_GloFung-its1_669_2016",10.48,-61.11,120,488,266,222,529,55,299
"2744","NEF_GloFung-its1_668_2016",10.47,-61.1,120,459,287,241,551,53,301
"2745","NEF_GloFung-its1_665_2016",10.35,-61.27,120,387,323,153,430,53,338
"2746","NEF_GloFung-its1_670_2016",10.46,-61.1,120,523,292,283,662,54,354
"2747","NEF_GloFung-its1_671_2016",10.38,-61.29,120,386,319,178,444,54,323
"2748","NEF_GloFung-its1_667_2016",10.48,-61.1,120,468,273,200,560,55,311
"2749","NEF_GloFung-its1_672_2017",-54.77,-69.77,116,1203,545,313,2194,54,275
"2750","NEF_GloFung-its1_673_2017",-54.68,-69.38,116,1083,503,321,1967,58,290
"2751","NEF_GloFung-its1_673_2017",-54.68,-69.38,116,1083,503,321,1967,58,290
"2752","NEF_GloFung-its1_672_2017",-54.77,-69.77,116,1203,545,313,2194,54,275
"2753","NEF_GloFung-its1_672_2017",-54.77,-69.77,116,1203,545,313,2194,54,275
"2754","NEF_GloFung-its1_673_2017",-54.68,-69.38,116,1083,503,321,1967,58,290
"2755","NEF_GloFung-its1_673_2017",-54.68,-69.38,116,1083,503,321,1967,58,290
"2756","NEF_GloFung-its1_672_2017",-54.77,-69.77,116,1203,545,313,2194,54,275
"2757","NEF_GloFung-its1_673_2017",-54.68,-69.38,116,1083,503,321,1967,58,290
"2758","NEF_GloFung-its1_672_2017",-54.77,-69.77,116,1203,545,313,2194,54,275
"2759","NEF_GloFung-its1_672_2017",-54.77,-69.77,116,1203,545,313,2194,54,275
"2760","NEF_GloFung-its1_674_2016",-54.0089,-38.0662,1,0,0,0,0,0,0
"2761","NEF_GloFung-its1_674_2016",-54.0089,-38.0662,1,0,0,0,0,0,0
"2762","NEF_GloFung-its1_674_2016",-54.0089,-38.0662,1,0,0,0,0,0,0
"2763","NEF_GloFung-its1_674_2016",-54.0089,-38.0662,1,0,0,0,0,0,0
"2764","NEF_GloFung-its1_674_2016",-54.0089,-38.0662,1,0,0,0,0,0,0
"2765","NEF_GloFung-its1_674_2016",-54.0089,-38.0662,1,0,0,0,0,0,0
"2766","NEF_GloFung-its1_674_2016",-54.0089,-38.0662,1,0,0,0,0,0,0
"2767","NEF_GloFung-its1_674_2016",-54.0089,-38.0662,1,0,0,0,0,0,0
"2768","NEF_GloFung-its1_674_2016",-54.0089,-38.0662,1,0,0,0,0,0,0
"2769","NEF_GloFung-its1_674_2016",-54.0089,-38.0662,1,0,0,0,0,0,0
"2770","NEF_GloFung-its1_674_2016",-54.0089,-38.0662,1,0,0,0,0,0,0
"2771","NEF_GloFung-its1_674_2016",-54.0089,-38.0662,1,0,0,0,0,0,0
"2772","NEF_GloFung-its1_674_2016",-54.0089,-38.0662,1,0,0,0,0,0,0
"2773","NEF_GloFung-its1_674_2016",-54.0089,-38.0662,1,0,0,0,0,0,0
"2774","NEF_GloFung-its1_674_2016",-54.0089,-38.0662,1,0,0,0,0,0,0
"2775","NEF_GloFung-its1_674_2016",-54.0089,-38.0662,1,0,0,0,0,0,0
"2776","NEF_GloFung-its1_674_2016",-54.0089,-38.0662,1,0,0,0,0,0,0
"2777","NEF_GloFung-its1_674_2016",-54.0089,-38.0662,1,0,0,0,0,0,0
"2778","NEF_GloFung-its1_674_2016",-54.0089,-38.0662,1,0,0,0,0,0,0
"2779","NEF_GloFung-its1_674_2016",-54.0089,-38.0662,1,0,0,0,0,0,0
"2780","NEF_GloFung-its1_674_2016",-54.0089,-38.0662,1,0,0,0,0,0,0
"2781","NEF_GloFung-its1_674_2016",-54.0089,-38.0662,1,0,0,0,0,0,0
"2782","NEF_GloFung-its1_674_2016",-54.0089,-38.0662,1,0,0,0,0,0,0
"2783","NEF_GloFung-its1_674_2016",-54.0089,-38.0662,1,0,0,0,0,0,0
"2784","NEF_GloFung-its1_674_2016",-54.0089,-38.0662,1,0,0,0,0,0,0
"2785","NEF_GloFung-its1_674_2016",-54.0089,-38.0662,1,0,0,0,0,0,0
"2786","NEF_GloFung-its1_674_2016",-54.0089,-38.0662,1,0,0,0,0,0,0
"2787","NEF_GloFung-its1_674_2016",-54.0089,-38.0662,1,0,0,0,0,0,0
"2788","NEF_GloFung-its1_674_2016",-54.0089,-38.0662,1,0,0,0,0,0,0
"2789","NEF_GloFung-its1_674_2016",-54.0089,-38.0662,1,0,0,0,0,0,0
"2790","NEF_GloFung-its1_674_2016",-54.0089,-38.0662,1,0,0,0,0,0,0
"2791","NEF_GloFung-its1_674_2016",-54.0089,-38.0662,1,0,0,0,0,0,0
"2792","NEF_GloFung-its1_674_2016",-54.0089,-38.0662,1,0,0,0,0,0,0
"2793","NEF_GloFung-its1_674_2016",-54.0089,-38.0662,1,0,0,0,0,0,0
"2794","NEF_GloFung-its1_674_2016",-54.0089,-38.0662,1,0,0,0,0,0,0
"2795","NEF_GloFung-its1_674_2016",-54.0089,-38.0662,1,0,0,0,0,0,0
"2796","NEF_GloFung-its1_674_2016",-54.0089,-38.0662,1,0,0,0,0,0,0
"2797","NEF_GloFung-its1_674_2016",-54.0089,-38.0662,1,0,0,0,0,0,0
"2798","NEF_GloFung-its1_674_2016",-54.0089,-38.0662,1,0,0,0,0,0,0
"2799","NEF_GloFung-its1_674_2016",-54.0089,-38.0662,1,0,0,0,0,0,0
"2800","NEF_GloFung-its1_674_2016",-54.0089,-38.0662,1,0,0,0,0,0,0
"2801","NEF_GloFung-its1_674_2016",-54.0089,-38.0662,1,0,0,0,0,0,0
"2802","NEF_GloFung-its1_674_2016",-54.0089,-38.0662,1,0,0,0,0,0,0
"2803","NEF_GloFung-its1_674_2016",-54.0089,-38.0662,1,0,0,0,0,0,0
"2804","NEF_GloFung-its1_674_2016",-54.0089,-38.0662,1,0,0,0,0,0,0
"2805","NEF_GloFung-its1_675_2017",-25.833,-53.93231,43,384,144,181,417,54,355
"2806","NEF_GloFung-its1_676_2017",-27.10304,-55.31535,121,376,150,161,368,51,322
"2807","NEF_GloFung-its1_677_2017",-25.85444,-53.93086,43,411,137,198,506,52,336
"2808","NEF_GloFung-its1_678_2017",-25.79449,-53.97408,43,360,110,168,404,52,347
"2809","NEF_GloFung-its1_679_2017",-26.99299,-55.2336,121,348,271,169,385,53,268
"2810","NEF_GloFung-its1_679_2017",-26.99318,-55.23393,121,353,265,164,327,53,269
"2811","NEF_GloFung-its1_680_2017",-27.13835,-55.4242,121,390,170,184,354,52,311
"2812","NEF_GloFung-its1_681_2017",-25.86694,-54.17972,43,360,124,190,493,52,361
"2813","NEF_GloFung-its1_679_2017",-26.99241,-55.2338,121,348,271,169,385,53,268
"2814","NEF_GloFung-its1_682_2017",-25.83451,-53.93188,43,386,144,185,426,54,354
"2815","NEF_GloFung-its1_675_2017",-25.83369,-53.93222,43,386,144,185,426,54,354
"2816","NEF_GloFung-its2_1_2023",-6.01374,-50.3012,122,0,0,0,0,0,0
"2817","NEF_GloFung-its2_2_2023",-6.01288,-50.301,122,0,0,0,0,0,0
"2818","NEF_GloFung-its2_3_2023",-6.05585,-50.2536,122,320,371,121,425,47,348
"2819","NEF_GloFung-its2_3_2023",-6.05536,-50.2532,122,320,371,121,425,47,348
"2820","NEF_GloFung-its2_4_2023",-6.3937,-50.3769,122,329,354,155,352,49,365
"2821","NEF_GloFung-its2_5_2023",-6.394,-50.3778,122,335,355,148,332,49,353
"2822","NEF_GloFung-its2_5_2023",-6.39448,-50.3783,122,335,355,148,332,49,353
"2823","NEF_GloFung-its2_6_2023",-6.39279,-50.3768,122,329,354,155,352,49,365
"2824","NEF_GloFung-its2_7_2023",-6.37718,-50.3839,122,317,368,133,364,49,359
"2825","NEF_GloFung-its2_8_2023",-6.37827,-50.3835,122,331,357,136,307,49,346
"2826","NEF_GloFung-its2_8_2023",-6.37796,-50.3837,122,331,357,136,307,49,346
"2827","NEF_GloFung-its2_7_2023",-6.37672,-50.384,122,317,368,133,364,49,359
"2828","NEF_GloFung-its2_2_2023",-6.01288,-50.301,122,0,0,0,0,0,0
"2829","NEF_GloFung-its2_9_2023",-6.35067,-50.3995,122,359,346,143,335,48,366
"2830","NEF_GloFung-its2_10_2023",-6.35133,-50.3998,122,359,346,143,335,48,366
"2831","NEF_GloFung-its2_10_2023",-6.35169,-50.4003,122,319,336,156,313,48,359
"2832","NEF_GloFung-its2_11_2023",-6.35218,-50.4011,122,319,336,156,313,48,359
"2833","NEF_GloFung-its2_12_2023",-6.32201,-50.4508,122,337,361,131,443,49,366
"2834","NEF_GloFung-its2_13_2023",-6.32362,-50.4506,122,349,360,141,443,49,372
"2835","NEF_GloFung-its2_14_2023",-6.32477,-50.4505,122,349,360,141,443,49,372
"2836","NEF_GloFung-its2_15_2023",-6.33422,-50.45,122,358,387,130,462,47,327
"2837","NEF_GloFung-its2_16_2023",-6.34855,-50.4417,122,332,356,146,383,48,342
"2838","NEF_GloFung-its2_17_2023",-6.34896,-50.4428,122,332,356,146,383,48,342
"2839","NEF_GloFung-its2_18_2023",-6.01118,-50.3005,122,346,370,160,470,46,356
"2840","NEF_GloFung-its2_17_2023",-6.34867,-50.4435,122,330,357,136,340,48,330
"2841","NEF_GloFung-its2_19_2023",-6.34967,-50.4433,122,330,360,142,362,50,329
"2842","NEF_GloFung-its2_20_2023",-6.34907,-50.4351,122,321,358,150,341,47,341
"2843","NEF_GloFung-its2_21_2023",-6.34864,-50.4358,122,321,358,150,341,47,341
"2844","NEF_GloFung-its2_20_2023",-6.34865,-50.4347,122,321,358,150,341,47,341
"2845","NEF_GloFung-its2_22_2023",-6.34996,-50.4361,122,313,351,152,319,49,345
"2846","NEF_GloFung-its2_23_2023",-6.33315,-49.9676,122,337,340,111,442,48,357
"2847","NEF_GloFung-its2_24_2023",-6.33361,-49.9658,122,309,339,109,417,49,361
"2848","NEF_GloFung-its2_25_2023",-6.33327,-49.9634,122,0,0,0,0,0,0
"2849","NEF_GloFung-its2_25_2023",-6.3337,-49.9638,122,309,339,109,417,49,361
"2850","NEF_GloFung-its2_26_2023",-6.04904,-50.2851,122,0,0,0,0,0,0
"2851","NEF_GloFung-its2_27_2023",-6.3289,-49.9354,122,289,355,115,439,50,323
"2852","NEF_GloFung-its2_28_2023",-6.32885,-49.936,122,289,355,115,439,50,323
"2853","NEF_GloFung-its2_28_2023",-6.32846,-49.9364,122,289,355,115,439,50,323
"2854","NEF_GloFung-its2_27_2023",-6.32941,-49.935,122,289,355,115,439,50,323
"2855","NEF_GloFung-its2_29_2023",-6.13311,-50.1709,122,334,343,128,429,48,358
"2856","NEF_GloFung-its2_30_2023",-6.13215,-50.172,122,282,357,126,375,49,338
"2857","NEF_GloFung-its2_31_2023",-6.13071,-50.1754,122,304,346,134,382,50,329
"2858","NEF_GloFung-its2_32_2023",-6.13032,-50.174,122,304,346,134,382,50,329
"2859","NEF_GloFung-its2_33_2023",-6.05087,-50.2851,122,0,0,0,0,0,0
"2860","NEF_GloFung-its2_26_2023",-6.04897,-50.2846,122,0,0,0,0,0,0
"2861","NEF_GloFung-its2_34_2023",-6.0463,-50.2839,122,0,0,0,0,0,0
"2862","NEF_GloFung-its2_35_2023",-6.05616,-50.2504,122,0,0,0,0,0,0
"2863","NEF_GloFung-its2_3_2023",-6.05522,-50.2538,122,297,374,122,406,47,345
"2864","NEF_GloFung-its2_36_2023",-19.282,-43.596,123,228,400,150,449,50,310
"2865","NEF_GloFung-its2_36_2023",-19.282,-43.596,123,228,400,150,449,50,310
"2866","NEF_GloFung-its2_36_2023",-19.282,-43.596,123,228,400,150,449,50,310
"2867","NEF_GloFung-its2_36_2023",-19.282,-43.596,123,228,400,150,449,50,310
"2868","NEF_GloFung-its2_36_2023",-19.282,-43.596,123,228,400,150,449,50,310
"2869","NEF_GloFung-its2_36_2023",-19.282,-43.596,123,228,400,150,449,50,310
"2870","NEF_GloFung-its2_36_2023",-19.282,-43.596,123,228,400,150,449,50,310
"2871","NEF_GloFung-its2_36_2023",-19.282,-43.596,123,228,400,150,449,50,310
"2872","NEF_GloFung-its2_36_2023",-19.282,-43.596,123,228,400,150,449,50,310
"2873","NEF_GloFung-its2_36_2023",-19.282,-43.596,123,228,400,150,449,50,310
"2874","NEF_GloFung-its2_36_2023",-19.282,-43.596,123,228,400,150,449,50,310
"2875","NEF_GloFung-its2_36_2023",-19.282,-43.596,123,228,400,150,449,50,310
"2876","NEF_GloFung-its2_36_2023",-19.282,-43.596,123,228,400,150,449,50,310
"2877","NEF_GloFung-its2_36_2023",-19.282,-43.596,123,228,400,150,449,50,310
"2878","NEF_GloFung-its2_36_2023",-19.282,-43.596,123,228,400,150,449,50,310
"2879","NEF_GloFung-its2_36_2023",-19.282,-43.596,123,228,400,150,449,50,310
"2880","NEF_GloFung-its2_36_2023",-19.282,-43.596,123,228,400,150,449,50,310
"2881","NEF_GloFung-its2_36_2023",-19.282,-43.596,123,228,400,150,449,50,310
"2882","NEF_GloFung-its2_36_2023",-19.282,-43.596,123,228,400,150,449,50,310
"2883","NEF_GloFung-its2_36_2023",-19.282,-43.596,123,228,400,150,449,50,310
"2884","NEF_GloFung-its2_36_2023",-19.282,-43.596,123,228,400,150,449,50,310
"2885","NEF_GloFung-its2_36_2023",-19.282,-43.596,123,228,400,150,449,50,310
"2886","NEF_GloFung-its2_36_2023",-19.282,-43.596,123,228,400,150,449,50,310
"2887","NEF_GloFung-its2_36_2023",-19.282,-43.596,123,228,400,150,449,50,310
"2888","NEF_GloFung-its2_36_2023",-19.282,-43.596,123,228,400,150,449,50,310
"2889","NEF_GloFung-its2_36_2023",-19.282,-43.596,123,228,400,150,449,50,310
"2890","NEF_GloFung-its2_36_2023",-19.282,-43.596,123,228,400,150,449,50,310
"2891","NEF_GloFung-its2_36_2023",-19.282,-43.596,123,228,400,150,449,50,310
"2892","NEF_GloFung-its2_36_2023",-19.282,-43.596,123,228,400,150,449,50,310
"2893","NEF_GloFung-its2_36_2023",-19.282,-43.596,123,228,400,150,449,50,310
"2894","NEF_GloFung-its2_36_2023",-19.282,-43.596,123,228,400,150,449,50,310
"2895","NEF_GloFung-its2_36_2023",-19.282,-43.596,123,228,400,150,449,50,310
"2896","NEF_GloFung-its2_36_2023",-19.282,-43.596,123,228,400,150,449,50,310
"2897","NEF_GloFung-its2_36_2023",-19.282,-43.596,123,228,400,150,449,50,310
"2898","NEF_GloFung-its2_36_2023",-19.282,-43.596,123,228,400,150,449,50,310
"2899","NEF_GloFung-its2_36_2023",-19.282,-43.596,123,228,400,150,449,50,310
"2900","NEF_GloFung-its2_37_2023",-40.19628333,-73.43548333,78,884,498,328,2032,52,305
"2901","NEF_GloFung-its2_37_2023",-40.19628333,-73.43548333,78,884,498,328,2032,52,305
"2902","NEF_GloFung-its2_37_2023",-40.19628333,-73.43548333,78,884,498,328,2032,52,305
"2903","NEF_GloFung-its2_37_2023",-40.19613333,-73.43513333,78,879,508,326,1980,52,293
"2904","NEF_GloFung-its2_37_2023",-40.19613333,-73.43513333,78,879,508,326,1980,52,293
"2905","NEF_GloFung-its2_37_2023",-40.19613333,-73.43513333,78,879,508,326,1980,52,293
"2906","NEF_GloFung-its2_38_2023",-40.19858333,-73.43145,78,850,511,318,1942,51,293
"2907","NEF_GloFung-its2_38_2023",-40.19858333,-73.43145,78,850,511,318,1942,51,293
"2908","NEF_GloFung-its2_38_2023",-40.19858333,-73.43145,78,850,511,318,1942,51,293
"2909","NEF_GloFung-its2_39_2023",-37.78791667,-72.99783333,77,694,341,348,1493,56,332
"2910","NEF_GloFung-its2_39_2023",-37.78791667,-72.99783333,77,694,341,348,1493,56,332
"2911","NEF_GloFung-its2_39_2023",-37.78791667,-72.99783333,77,694,341,348,1493,56,332
"2912","NEF_GloFung-its2_40_2023",-37.81586667,-73.00896667,77,617,336,364,1479,56,301
"2913","NEF_GloFung-its2_40_2023",-37.81586667,-73.00896667,77,617,336,364,1479,56,301
"2914","NEF_GloFung-its2_40_2023",-37.81586667,-73.00896667,77,617,336,364,1479,56,301
"2915","NEF_GloFung-its2_41_2023",-39.60133333,-72.09656667,80,676,426,311,1513,53,396
"2916","NEF_GloFung-its2_41_2023",-39.60133333,-72.09656667,80,676,426,311,1513,53,396
"2917","NEF_GloFung-its2_41_2023",-39.60133333,-72.09656667,80,676,426,311,1513,53,396
"2918","NEF_GloFung-its2_42_2023",-39.6012,-72.11831667,80,799,376,323,1765,52,402
"2919","NEF_GloFung-its2_42_2023",-39.6012,-72.11831667,80,799,376,323,1765,52,402
"2920","NEF_GloFung-its2_42_2023",-39.6012,-72.11831667,80,799,376,323,1765,52,402
"2921","NEF_GloFung-its2_43_2023",-38.19981667,-71.81073333,77,640,320,349,1324,56,428
"2922","NEF_GloFung-its2_43_2023",-38.19981667,-71.81073333,77,640,320,349,1324,56,428
"2923","NEF_GloFung-its2_44_2023",-38.20496667,-71.8174,77,605,321,342,1428,54,429
"2924","NEF_GloFung-its2_44_2023",-38.20496667,-71.8174,77,605,321,342,1428,54,429
"2925","NEF_GloFung-its2_45_2023",-40.75921667,-72.29763333,2,770,674,382,1624,53,255
"2926","NEF_GloFung-its2_45_2023",-40.75921667,-72.29763333,2,770,674,382,1624,53,255
"2927","NEF_GloFung-its2_45_2023",-40.75921667,-72.29763333,2,770,674,382,1624,53,255
"2928","NEF_GloFung-its2_46_2023",-40.77673333,-72.19783333,2,559,765,255,1309,56,182
"2929","NEF_GloFung-its2_46_2023",-40.77673333,-72.19783333,2,559,765,255,1309,56,182
"2930","NEF_GloFung-its2_46_2023",-40.77673333,-72.19783333,2,559,765,255,1309,56,182
"2931","NEF_GloFung-its2_47_2023",-31.483751,-64.191293,124,146,250,158,214,67,477
"2932","NEF_GloFung-its2_48_2023",-31.513017,-64.18699,124,138,211,179,197,67,468
"2933","NEF_GloFung-its2_49_2023",-31.526857,-64.174301,124,143,223,171,212,67,466
"2934","NEF_GloFung-its2_50_2023",-31.524888,-64.174127,124,144,238,178,208,68,445
"2935","NEF_GloFung-its2_51_2023",-31.533948,-64.160749,124,136,234,168,189,67,482
"2936","NEF_GloFung-its2_52_2023",-31.529431,-64.152735,124,137,270,160,189,67,449
"2937","NEF_GloFung-its2_53_2023",-31.367,-64.06387,124,130,246,169,178,66,453
"2938","NEF_GloFung-its2_54_2023",-31.374171,-64.0559,124,0,0,0,0,0,0
"2939","NEF_GloFung-its2_55_2023",-31.328709,-64.155119,124,146,236,192,211,66,449
"2940","NEF_GloFung-its2_56_2023",-31.329095,-64.153566,124,146,236,192,211,66,449
"2941","NEF_GloFung-its2_57_2023",-31.299382,-64.13192,124,142,260,167,215,67,439
"2942","NEF_GloFung-its2_58_2023",-31.303213,-64.128485,124,138,255,171,214,67,433
"2943","NEF_GloFung-its2_59_2023",-31.307127,-64.16955,124,154,247,172,211,66,431
"2944","NEF_GloFung-its2_60_2023",-31.308151,-64.168499,124,0,0,0,0,0,0
"2945","NEF_GloFung-its2_61_2022",-37.08,-71.65,125,521,234,248,1240,59,342
"2946","NEF_GloFung-its2_61_2022",-37.08,-71.65,125,521,234,248,1240,59,342
"2947","NEF_GloFung-its2_61_2022",-37.08,-71.65,125,521,234,248,1240,59,342
"2948","NEF_GloFung-its2_62_2022",-37.076,-71.644,125,516,238,246,1198,59,345
"2949","NEF_GloFung-its2_62_2022",-37.076,-71.644,125,516,238,246,1198,59,345
"2950","NEF_GloFung-its2_62_2022",-37.076,-71.644,125,516,238,246,1198,59,345
"2951","NEF_GloFung-its2_63_2022",-37.07,-71.64,125,515,253,271,1226,60,368
"2952","NEF_GloFung-its2_63_2022",-37.07,-71.64,125,515,253,271,1226,60,368
"2953","NEF_GloFung-its2_63_2022",-37.07,-71.64,125,515,253,271,1226,60,368
"2954","NEF_GloFung-its2_64_2022",-37.06,-71.64,125,524,244,245,1151,60,375
"2955","NEF_GloFung-its2_64_2022",-37.06,-71.64,125,524,244,245,1151,60,375
"2956","NEF_GloFung-its2_64_2022",-37.06,-71.64,125,524,244,245,1151,60,375
"2957","NEF_GloFung-its2_65_2022",-3.98242197,-79.08202859,126,778,425,318,1225,56,330
"2958","NEF_GloFung-its2_65_2022",-3.98239482,-79.08206453,126,778,425,318,1225,56,330
"2959","NEF_GloFung-its2_65_2022",-3.98239488,-79.08209122,126,778,425,318,1225,56,330
"2960","NEF_GloFung-its2_65_2022",-3.98239483,-79.08201028,126,778,425,318,1225,56,330
"2961","NEF_GloFung-its2_65_2022",-3.98245812,-79.08201932,126,778,425,318,1225,56,330
"2962","NEF_GloFung-its2_65_2022",-3.9824943,-79.08201923,126,778,425,318,1225,56,330
"2963","NEF_GloFung-its2_65_2022",-3.98227851,-79.08248771,126,778,425,318,1225,56,330
"2964","NEF_GloFung-its2_65_2022",-3.98227828,-79.08251484,126,778,425,318,1225,56,330
"2965","NEF_GloFung-its2_65_2022",-3.98227853,-79.0825599,126,778,425,318,1225,56,330
"2966","NEF_GloFung-its2_65_2022",-3.9822153,-79.08251498,126,778,425,318,1225,56,330
"2967","NEF_GloFung-its2_65_2022",-3.98225119,-79.0825149,126,778,425,318,1225,56,330
"2968","NEF_GloFung-its2_65_2022",-3.98229644,-79.08251494,126,778,425,318,1225,56,330
"2969","NEF_GloFung-its2_66_2022",-3.98109502,-79.08279602,126,820,417,314,1238,56,351
"2970","NEF_GloFung-its2_66_2022",-3.98109457,-79.08284129,126,820,417,314,1238,56,351
"2971","NEF_GloFung-its2_66_2022",-3.98109467,-79.08288713,126,820,417,314,1238,56,351
"2972","NEF_GloFung-its2_66_2022",-3.98107663,-79.0828055,126,820,417,314,1238,56,351
"2973","NEF_GloFung-its2_66_2022",-3.98112182,-79.0828054,126,820,417,314,1238,56,351
"2974","NEF_GloFung-its2_66_2022",-3.98119435,-79.08280467,126,820,417,314,1238,56,351
"2975","NEF_GloFung-its2_66_2022",-3.98149227,-79.08277779,126,778,425,318,1225,56,330
"2976","NEF_GloFung-its2_66_2022",-3.98147442,-79.08282285,126,778,425,318,1225,56,330
"2977","NEF_GloFung-its2_66_2022",-3.98147451,-79.08285871,126,778,425,318,1225,56,330
"2978","NEF_GloFung-its2_66_2022",-3.98138397,-79.08281378,126,820,417,314,1238,56,351
"2979","NEF_GloFung-its2_66_2022",-3.98143816,-79.08281388,126,778,425,318,1225,56,330
"2980","NEF_GloFung-its2_66_2022",-3.98148338,-79.08281366,126,778,425,318,1225,56,330
"2981","NEF_GloFung-its2_67_2022",-3.98086958,-79.08327461,126,820,417,314,1238,56,351
"2982","NEF_GloFung-its2_67_2022",-3.98086932,-79.08328294,126,820,417,314,1238,56,351
"2983","NEF_GloFung-its2_67_2022",-3.98086951,-79.08336433,126,820,417,314,1238,56,351
"2984","NEF_GloFung-its2_67_2022",-3.98079687,-79.08331977,126,820,417,314,1238,56,351
"2985","NEF_GloFung-its2_67_2022",-3.9808337,-79.08331969,126,820,417,314,1238,56,351
"2986","NEF_GloFung-its2_67_2022",-3.98089674,-79.0833201,126,820,417,314,1238,56,351
"2987","NEF_GloFung-its2_67_2022",-3.98063461,-79.08341918,126,780,425,328,1167,55,342
"2988","NEF_GloFung-its2_67_2022",-3.98063527,-79.0834639,126,780,425,328,1167,55,342
"2989","NEF_GloFung-its2_67_2022",-3.98063479,-79.08349973,126,780,425,328,1167,55,342
"2990","NEF_GloFung-its2_67_2022",-3.98064355,-79.08342805,126,780,425,328,1167,55,342
"2991","NEF_GloFung-its2_67_2022",-3.98066168,-79.08342689,126,780,425,328,1167,55,342
"2992","NEF_GloFung-its2_67_2022",-3.98070688,-79.08342818,126,780,425,328,1167,55,342
"2993","NEF_GloFung-its2_68_2022",-3.98008401,-79.0836453,126,780,425,328,1167,55,342
"2994","NEF_GloFung-its2_68_2022",-3.98008416,-79.08370832,126,780,425,328,1167,55,342
"2995","NEF_GloFung-its2_68_2022",-3.98008491,-79.08375347,126,780,425,328,1167,55,342
"2996","NEF_GloFung-its2_68_2022",-3.98003873,-79.08367269,126,780,425,328,1167,55,342
"2997","NEF_GloFung-its2_68_2022",-3.98008472,-79.08367194,126,780,425,328,1167,55,342
"2998","NEF_GloFung-its2_68_2022",-3.9801379,-79.08367214,126,780,425,328,1167,55,342
"2999","NEF_GloFung-its2_68_2022",-3.98028287,-79.08381614,126,780,425,328,1167,55,342
"3000","NEF_GloFung-its2_68_2022",-3.98028262,-79.08385187,126,780,425,328,1167,55,342
"3001","NEF_GloFung-its2_68_2022",-3.98028306,-79.08389702,126,780,425,328,1167,55,342
"3002","NEF_GloFung-its2_68_2022",-3.98022019,-79.08379777,126,780,425,328,1167,55,342
"3003","NEF_GloFung-its2_68_2022",-3.98027434,-79.08379797,126,780,425,328,1167,55,342
"3004","NEF_GloFung-its2_68_2022",-3.98033698,-79.08379815,126,780,425,328,1167,55,342
"3005","NEF_GloFung-its2_69_2022",-28.1448,-49.6229,127,529,188,247,762,51,282
"3006","NEF_GloFung-its2_70_2022",-28.1493,-49.6325,127,504,189,248,790,50,278
"3007","NEF_GloFung-its2_71_2022",-28.1638,-49.6159,127,461,157,270,914,48,276
"3008","NEF_GloFung-its2_72_2022",-28.1541,-49.6409,127,523,178,280,833,50,269
"3009","NEF_GloFung-its2_73_2022",-27.702,-48.963,127,449,225,222,564,51,359
"3010","NEF_GloFung-its2_74_2022",-27.6987,-49.2404,127,513,259,235,583,51,330
"3011","NEF_GloFung-its2_75_2022",-27.7062,-49.2646,127,502,286,268,586,50,296
"3012","NEF_GloFung-its2_76_2022",-27.8318,-48.5603,127,0,0,0,0,0,0
"3013","NEF_GloFung-its2_77_2022",-27.8218,-48.5635,127,354,310,237,803,52,346
"3014","NEF_GloFung-its2_78_2022",-27.5289,-48.5115,127,407,278,219,522,50,315
"3015","NEF_GloFung-its2_79_2022",-27.5282,-48.5106,127,430,260,219,542,50,307
"3016","NEF_GloFung-its2_80_2022",8.812,-82.5103,13,680,347,167,1298,50,388
"3017","NEF_GloFung-its2_80_2022",8.8123,-82.5103,13,680,347,167,1298,50,388
"3018","NEF_GloFung-its2_81_2022",8.8097,-82.5151,13,588,344,169,1278,50,404
"3019","NEF_GloFung-its2_81_2022",8.8098,-82.5158,13,588,344,169,1278,50,404
"3020","NEF_GloFung-its2_82_2022",8.8106,-82.559,13,630,371,193,1071,52,350
"3021","NEF_GloFung-its2_83_2022",8.8112,-82.5594,13,630,371,193,1071,52,350
"3022","NEF_GloFung-its2_83_2022",8.8114,-82.5596,13,630,371,193,1071,52,350
"3023","NEF_GloFung-its2_84_2022",8.7223,-82.2388,13,672,343,216,853,52,342
"3024","NEF_GloFung-its2_84_2022",8.7223,-82.2388,13,672,343,216,853,52,342
"3025","NEF_GloFung-its2_85_2022",8.6846,-79.927,117,512,330,202,486,52,319
"3026","NEF_GloFung-its2_86_2022",8.6822,-79.9303,117,496,331,176,510,52,321
"3027","NEF_GloFung-its2_87_2022",9.1195,-79.6961,117,397,329,145,421,52,309
"3028","NEF_GloFung-its2_88_2022",9.2592,-82.1541,13,0,0,0,0,0,0
"3029","NEF_GloFung-its2_88_2022",9.2591,-82.1537,13,0,0,0,0,0,0
"3030","NEF_GloFung-its2_89_2022",8.0976,-82.366,13,0,0,0,0,0,0
"3031","NEF_GloFung-its2_89_2022",8.0972,-82.3663,13,0,0,0,0,0,0
"3032","NEF_GloFung-its2_90_2021",20.483,-97.5025,3,296,331,211,298,72,322
"3033","NEF_GloFung-its2_90_2021",20.483,-97.5025,3,296,331,211,298,72,322
"3034","NEF_GloFung-its2_90_2021",20.483,-97.5025,3,296,331,211,298,72,322
"3035","NEF_GloFung-its2_90_2021",20.483,-97.5025,3,296,331,211,298,72,322
"3036","NEF_GloFung-its2_90_2021",20.483,-97.5025,3,296,331,211,298,72,322
"3037","NEF_GloFung-its2_90_2021",20.483,-97.5025,3,296,331,211,298,72,322
"3038","NEF_GloFung-its2_90_2021",20.483,-97.5025,3,296,331,211,298,72,322
"3039","NEF_GloFung-its2_90_2021",20.483,-97.5025,3,296,331,211,298,72,322
"3040","NEF_GloFung-its2_90_2021",20.483,-97.5025,3,296,331,211,298,72,322
"3041","NEF_GloFung-its2_90_2021",20.483,-97.5025,3,296,331,211,298,72,322
"3042","NEF_GloFung-its2_91_2021",20.505,-97.8894,3,407,376,215,376,67,274
"3043","NEF_GloFung-its2_91_2021",20.505,-97.8894,3,407,376,215,376,67,274
"3044","NEF_GloFung-its2_91_2021",20.505,-97.8894,3,407,376,215,376,67,274
"3045","NEF_GloFung-its2_91_2021",20.505,-97.8894,3,407,376,215,376,67,274
"3046","NEF_GloFung-its2_91_2021",20.505,-97.8894,3,407,376,215,376,67,274
"3047","NEF_GloFung-its2_91_2021",20.505,-97.8894,3,407,376,215,376,67,274
"3048","NEF_GloFung-its2_91_2021",20.505,-97.8894,3,407,376,215,376,67,274
"3049","NEF_GloFung-its2_91_2021",20.505,-97.8894,3,407,376,215,376,67,274
"3050","NEF_GloFung-its2_91_2021",20.505,-97.8894,3,407,376,215,376,67,274
"3051","NEF_GloFung-its2_91_2021",20.505,-97.8894,3,407,376,215,376,67,274
"3052","NEF_GloFung-its2_92_2021",20.4169,-97.3022,3,435,407,212,493,58,286
"3053","NEF_GloFung-its2_92_2021",20.4169,-97.3022,3,435,407,212,493,58,286
"3054","NEF_GloFung-its2_92_2021",20.4169,-97.3022,3,435,407,212,493,58,286
"3055","NEF_GloFung-its2_92_2021",20.4169,-97.3022,3,435,407,212,493,58,286
"3056","NEF_GloFung-its2_92_2021",20.4169,-97.3022,3,435,407,212,493,58,286
"3057","NEF_GloFung-its2_92_2021",20.4169,-97.3022,3,435,407,212,493,58,286
"3058","NEF_GloFung-its2_92_2021",20.4169,-97.3022,3,435,407,212,493,58,286
"3059","NEF_GloFung-its2_92_2021",20.4169,-97.3022,3,435,407,212,493,58,286
"3060","NEF_GloFung-its2_92_2021",20.4169,-97.3022,3,435,407,212,493,58,286
"3061","NEF_GloFung-its2_92_2021",20.4169,-97.3022,3,435,407,212,493,58,286
"3062","NEF_GloFung-its2_93_2021",20.1791,-96.9036,3,509,271,247,491,64,438
"3063","NEF_GloFung-its2_93_2021",20.1791,-96.9036,3,509,271,247,491,64,438
"3064","NEF_GloFung-its2_93_2021",20.1791,-96.9036,3,509,271,247,491,64,438
"3065","NEF_GloFung-its2_93_2021",20.1791,-96.9036,3,509,271,247,491,64,438
"3066","NEF_GloFung-its2_93_2021",20.1791,-96.9036,3,509,271,247,491,64,438
"3067","NEF_GloFung-its2_93_2021",20.1791,-96.9036,3,509,271,247,491,64,438
"3068","NEF_GloFung-its2_93_2021",20.1791,-96.9036,3,509,271,247,491,64,438
"3069","NEF_GloFung-its2_93_2021",20.1791,-96.9036,3,509,271,247,491,64,438
"3070","NEF_GloFung-its2_93_2021",20.1791,-96.9036,3,509,271,247,491,64,438
"3071","NEF_GloFung-its2_93_2021",20.1791,-96.9036,3,509,271,247,491,64,438
"3072","NEF_GloFung-its2_94_2022",-3.59,-79.08,126,677,401,341,814,58,417
"3073","NEF_GloFung-its2_94_2022",-3.59,-79.08,126,677,401,341,814,58,417
"3074","NEF_GloFung-its2_94_2022",-3.59,-79.08,126,677,401,341,814,58,417
"3075","NEF_GloFung-its2_94_2022",-3.59,-79.08,126,677,401,341,814,58,417
"3076","NEF_GloFung-its2_94_2022",-3.59,-79.08,126,677,401,341,814,58,417
"3077","NEF_GloFung-its2_94_2022",-3.59,-79.08,126,677,401,341,814,58,417
"3078","NEF_GloFung-its2_94_2022",-3.59,-79.08,126,677,401,341,814,58,417
"3079","NEF_GloFung-its2_95_2020",-26.094,-54.4439,43,325,164,167,342,54,385
"3080","NEF_GloFung-its2_96_2020",-26.0949,-54.4452,43,325,164,167,342,54,385
"3081","NEF_GloFung-its2_96_2020",-26.0954,-54.4448,43,325,164,167,342,54,385
"3082","NEF_GloFung-its2_97_2020",-26.162,-54.4418,43,335,213,167,405,54,390
"3083","NEF_GloFung-its2_98_2020",-26.1621,-54.4439,43,342,226,174,411,54,374
"3084","NEF_GloFung-its2_99_2020",-26.1614,-54.4425,43,335,213,167,405,54,390
"3085","NEF_GloFung-its2_100_2020",-26.1669,-54.4414,43,347,215,166,402,54,382
"3086","NEF_GloFung-its2_100_2020",-26.1666,-54.4407,43,339,206,171,396,54,374
"3087","NEF_GloFung-its2_101_2020",-26.1658,-54.4402,43,339,206,171,396,54,374
"3088","NEF_GloFung-its2_102_2021",32.893948,-117.094633,7,0,0,0,0,0,0
"3089","NEF_GloFung-its2_102_2021",32.893427,-117.094595,7,0,0,0,0,0,0
"3090","NEF_GloFung-its2_103_2021",32.87572,-117.249609,7,0,0,0,0,0,0
"3091","NEF_GloFung-its2_104_2021",32.876521,-117.249224,7,0,0,0,0,0,0
"3092","NEF_GloFung-its2_105_2021",32.794706,-117.228152,7,0,0,0,0,0,0
"3093","NEF_GloFung-its2_106_2021",33.148582,-117.249738,7,528,444,157,571,68,331
"3094","NEF_GloFung-its2_107_2022",19.55,-98.73,23,318,500,239,284,67,273
"3095","NEF_GloFung-its2_107_2022",19.55,-98.73,23,318,500,239,284,67,273
"3096","NEF_GloFung-its2_107_2022",19.55,-98.73,23,318,500,239,284,67,273
"3097","NEF_GloFung-its2_107_2022",19.55,-98.73,23,318,500,239,284,67,273
"3098","NEF_GloFung-its2_107_2022",19.55,-98.73,23,318,500,239,284,67,273
"3099","NEF_GloFung-its2_107_2022",19.55,-98.73,23,318,500,239,284,67,273
"3100","NEF_GloFung-its2_107_2022",19.55,-98.73,23,318,500,239,284,67,273
"3101","NEF_GloFung-its2_107_2022",19.55,-98.73,23,318,500,239,284,67,273
"3102","NEF_GloFung-its2_107_2022",19.55,-98.73,23,318,500,239,284,67,273
"3103","NEF_GloFung-its2_107_2022",19.55,-98.73,23,318,500,239,284,67,273
"3104","NEF_GloFung-its2_107_2022",19.55,-98.73,23,318,500,239,284,67,273
"3105","NEF_GloFung-its2_107_2022",19.55,-98.73,23,318,500,239,284,67,273
"3106","NEF_GloFung-its2_107_2022",19.55,-98.73,23,318,500,239,284,67,273
"3107","NEF_GloFung-its2_107_2022",19.55,-98.73,23,318,500,239,284,67,273
"3108","NEF_GloFung-its2_107_2022",19.55,-98.73,23,318,500,239,284,67,273
"3109","NEF_GloFung-its2_107_2022",19.55,-98.73,23,318,500,239,284,67,273
"3110","NEF_GloFung-its2_107_2022",19.55,-98.73,23,318,500,239,284,67,273
"3111","NEF_GloFung-its2_107_2022",19.55,-98.73,23,318,500,239,284,67,273
"3112","NEF_GloFung-its2_107_2022",19.55,-98.73,23,318,500,239,284,67,273
"3113","NEF_GloFung-its2_107_2022",19.55,-98.73,23,318,500,239,284,67,273
"3114","NEF_GloFung-its2_107_2022",19.55,-98.73,23,318,500,239,284,67,273
"3115","NEF_GloFung-its2_107_2022",19.55,-98.73,23,318,500,239,284,67,273
"3116","NEF_GloFung-its2_107_2022",19.55,-98.73,23,318,500,239,284,67,273
"3117","NEF_GloFung-its2_107_2022",19.55,-98.73,23,318,500,239,284,67,273
"3118","NEF_GloFung-its2_107_2022",19.55,-98.73,23,318,500,239,284,67,273
"3119","NEF_GloFung-its2_107_2022",19.55,-98.73,23,318,500,239,284,67,273
"3120","NEF_GloFung-its2_107_2022",19.55,-98.73,23,318,500,239,284,67,273
"3121","NEF_GloFung-its2_107_2022",19.55,-98.73,23,318,500,239,284,67,273
"3122","NEF_GloFung-its2_107_2022",19.55,-98.73,23,318,500,239,284,67,273
"3123","NEF_GloFung-its2_107_2022",19.55,-98.73,23,318,500,239,284,67,273
"3124","NEF_GloFung-its2_107_2022",19.55,-98.73,23,318,500,239,284,67,273
"3125","NEF_GloFung-its2_107_2022",19.55,-98.73,23,318,500,239,284,67,273
"3126","NEF_GloFung-its2_107_2022",19.55,-98.73,23,318,500,239,284,67,273
"3127","NEF_GloFung-its2_107_2022",19.55,-98.73,23,318,500,239,284,67,273
"3128","NEF_GloFung-its2_107_2022",19.55,-98.73,23,318,500,239,284,67,273
"3129","NEF_GloFung-its2_107_2022",19.55,-98.73,23,318,500,239,284,67,273
"3130","NEF_GloFung-its2_108_2021",17.583433,-96.3935,9,609,411,192,1098,52,276
"3131","NEF_GloFung-its2_109_2022",-38.660708,-72.600044,77,499,189,360,1198,56,462
"3132","NEF_GloFung-its2_109_2022",-38.660708,-72.600044,77,499,189,360,1198,56,462
"3133","NEF_GloFung-its2_109_2022",-38.660708,-72.600044,77,499,189,360,1198,56,462
"3134","NEF_GloFung-its2_110_2022",-38.658297,-72.60025,77,500,190,332,1141,55,469
"3135","NEF_GloFung-its2_110_2022",-38.658297,-72.60025,77,500,190,332,1141,55,469
"3136","NEF_GloFung-its2_110_2022",-38.658297,-72.60025,77,500,190,332,1141,55,469
"3137","NEF_GloFung-its2_109_2022",-38.660708,-72.600044,77,499,189,360,1198,56,462
"3138","NEF_GloFung-its2_109_2022",-38.660708,-72.600044,77,499,189,360,1198,56,462
"3139","NEF_GloFung-its2_109_2022",-38.660708,-72.600044,77,499,189,360,1198,56,462
"3140","NEF_GloFung-its2_110_2022",-38.658297,-72.60025,77,500,190,332,1141,55,469
"3141","NEF_GloFung-its2_110_2022",-38.658297,-72.60025,77,500,190,332,1141,55,469
"3142","NEF_GloFung-its2_110_2022",-38.658297,-72.60025,77,500,190,332,1141,55,469
"3143","NEF_GloFung-its2_111_2020",13.8186,-89.58166,128,373,291,293,630,61,350
"3144","NEF_GloFung-its2_111_2020",13.8186,-89.58166,128,373,291,293,630,61,350
"3145","NEF_GloFung-its2_111_2020",13.8186,-89.58166,128,373,291,293,630,61,350
"3146","NEF_GloFung-its2_112_2020",13.8281,-89.5695,128,464,305,324,652,61,367
"3147","NEF_GloFung-its2_112_2020",13.8281,-89.5695,128,464,305,324,652,61,367
"3148","NEF_GloFung-its2_112_2020",13.8281,-89.5695,128,464,305,324,652,61,367
"3149","NEF_GloFung-its2_112_2020",13.8281,-89.5695,128,464,305,324,652,61,367
"3150","NEF_GloFung-its2_112_2020",13.8281,-89.5695,128,464,305,324,652,61,367
"3151","NEF_GloFung-its2_112_2020",13.8281,-89.5695,128,464,305,324,652,61,367
"3152","NEF_GloFung-its2_112_2020",13.8281,-89.5695,128,464,305,324,652,61,367
"3153","NEF_GloFung-its2_112_2020",13.8281,-89.5695,128,464,305,324,652,61,367
"3154","NEF_GloFung-its2_111_2020",13.8186,-89.58166,128,373,291,293,630,61,350
"3155","NEF_GloFung-its2_111_2020",13.8186,-89.58166,128,373,291,293,630,61,350
"3156","NEF_GloFung-its2_112_2020",13.8281,-89.5695,128,464,305,324,652,61,367
"3157","NEF_GloFung-its2_112_2020",13.8281,-89.5695,128,464,305,324,652,61,367
"3158","NEF_GloFung-its2_113_2020",13.8075,-89.5992,128,356,283,268,536,60,331
"3159","NEF_GloFung-its2_113_2020",13.8075,-89.5992,128,356,283,268,536,60,331
"3160","NEF_GloFung-its2_111_2020",13.8186,-89.58166,128,373,291,293,630,61,350
"3161","NEF_GloFung-its2_111_2020",13.8186,-89.58166,128,373,291,293,630,61,350
"3162","NEF_GloFung-its2_111_2020",13.8186,-89.58166,128,373,291,293,630,61,350
"3163","NEF_GloFung-its2_111_2020",13.8186,-89.58166,128,373,291,293,630,61,350
"3164","NEF_GloFung-its2_111_2020",13.8186,-89.58166,128,373,291,293,630,61,350
"3165","NEF_GloFung-its2_113_2020",13.8075,-89.5992,128,356,283,268,536,60,331
"3166","NEF_GloFung-its2_111_2020",13.8186,-89.58166,128,373,291,293,630,61,350
"3167","NEF_GloFung-its2_111_2020",13.8186,-89.58166,128,373,291,293,630,61,350
"3168","NEF_GloFung-its2_111_2020",13.8186,-89.58166,128,373,291,293,630,61,350
"3169","NEF_GloFung-its2_111_2020",13.8186,-89.58166,128,373,291,293,630,61,350
"3170","NEF_GloFung-its2_111_2020",13.8186,-89.58166,128,373,291,293,630,61,350
"3171","NEF_GloFung-its2_113_2020",13.8075,-89.5992,128,356,283,268,536,60,331
"3172","NEF_GloFung-its2_111_2020",13.8186,-89.58166,128,373,291,293,630,61,350
"3173","NEF_GloFung-its2_113_2020",13.8075,-89.5992,128,356,283,268,536,60,331
"3174","NEF_GloFung-its2_113_2020",13.8075,-89.5992,128,356,283,268,536,60,331
"3175","NEF_GloFung-its2_113_2020",13.8075,-89.5992,128,356,283,268,536,60,331
"3176","NEF_GloFung-its2_113_2020",13.8075,-89.5992,128,356,283,268,536,60,331
"3177","NEF_GloFung-its2_113_2020",13.8075,-89.5992,128,356,283,268,536,60,331
"3178","NEF_GloFung-its2_113_2020",13.8075,-89.5992,128,356,283,268,536,60,331
"3179","NEF_GloFung-its2_113_2020",13.8075,-89.5992,128,356,283,268,536,60,331
"3180","NEF_GloFung-its2_113_2020",13.8075,-89.5992,128,356,283,268,536,60,331
"3181","NEF_GloFung-its2_113_2020",13.8075,-89.5992,128,356,283,268,536,60,331
"3182","NEF_GloFung-its2_113_2020",13.8075,-89.5992,128,356,283,268,536,60,331
"3183","NEF_GloFung-its2_113_2020",13.8075,-89.5992,128,356,283,268,536,60,331
"3184","NEF_GloFung-its2_113_2020",13.8075,-89.5992,128,356,283,268,536,60,331
"3185","NEF_GloFung-its2_113_2020",13.8075,-89.5992,128,356,283,268,536,60,331
"3186","NEF_GloFung-its2_113_2020",13.8075,-89.5992,128,356,283,268,536,60,331
"3187","NEF_GloFung-its2_113_2020",13.8075,-89.5992,128,356,283,268,536,60,331
"3188","NEF_GloFung-its2_111_2020",13.8186,-89.58166,128,373,291,293,630,61,350
"3189","NEF_GloFung-its2_111_2020",13.8186,-89.58166,128,373,291,293,630,61,350
"3190","NEF_GloFung-its2_111_2020",13.8186,-89.58166,128,373,291,293,630,61,350
"3191","NEF_GloFung-its2_111_2020",13.8186,-89.58166,128,373,291,293,630,61,350
"3192","NEF_GloFung-its2_111_2020",13.8186,-89.58166,128,373,291,293,630,61,350
"3193","NEF_GloFung-its2_111_2020",13.8186,-89.58166,128,373,291,293,630,61,350
"3194","NEF_GloFung-its2_111_2020",13.8186,-89.58166,128,373,291,293,630,61,350
"3195","NEF_GloFung-its2_111_2020",13.8186,-89.58166,128,373,291,293,630,61,350
"3196","NEF_GloFung-its2_111_2020",13.8186,-89.58166,128,373,291,293,630,61,350
"3197","NEF_GloFung-its2_111_2020",13.8186,-89.58166,128,373,291,293,630,61,350
"3198","NEF_GloFung-its2_113_2020",13.8075,-89.5992,128,356,283,268,536,60,331
"3199","NEF_GloFung-its2_111_2020",13.8186,-89.58166,128,373,291,293,630,61,350
"3200","NEF_GloFung-its2_111_2020",13.8186,-89.58166,128,373,291,293,630,61,350
"3201","NEF_GloFung-its2_112_2020",13.8281,-89.5695,128,464,305,324,652,61,367
"3202","NEF_GloFung-its2_112_2020",13.8281,-89.5695,128,464,305,324,652,61,367
"3203","NEF_GloFung-its2_112_2020",13.8281,-89.5695,128,464,305,324,652,61,367
"3204","NEF_GloFung-its2_112_2020",13.8281,-89.5695,128,464,305,324,652,61,367
"3205","NEF_GloFung-its2_113_2020",13.8075,-89.5992,128,356,283,268,536,60,331
"3206","NEF_GloFung-its2_113_2020",13.8075,-89.5992,128,356,283,268,536,60,331
"3207","NEF_GloFung-its2_113_2020",13.8075,-89.5992,128,356,283,268,536,60,331
"3208","NEF_GloFung-its2_113_2020",13.8075,-89.5992,128,356,283,268,536,60,331
"3209","NEF_GloFung-its2_113_2020",13.8075,-89.5992,128,356,283,268,536,60,331
"3210","NEF_GloFung-its2_113_2020",13.8075,-89.5992,128,356,283,268,536,60,331
"3211","NEF_GloFung-its2_113_2020",13.8075,-89.5992,128,356,283,268,536,60,331
"3212","NEF_GloFung-its2_113_2020",13.8075,-89.5992,128,356,283,268,536,60,331
"3213","NEF_GloFung-its2_114_2016",30.576977,-84.949673,129,636,723,276,584,51,152
"3214","NEF_GloFung-its2_114_2016",30.576958,-84.949621,129,636,723,276,584,51,152
"3215","NEF_GloFung-its2_114_2016",30.576958,-84.949621,129,636,723,276,584,51,152
"3216","NEF_GloFung-its2_114_2016",30.576966,-84.949789,129,636,723,276,584,51,152
"3217","NEF_GloFung-its2_114_2016",30.576966,-84.949789,129,636,723,276,584,51,152
"3218","NEF_GloFung-its2_114_2016",30.576985,-84.9496,129,636,723,276,584,51,152
"3219","NEF_GloFung-its2_114_2016",30.577005,-84.94957,129,636,723,276,584,51,152
"3220","NEF_GloFung-its2_115_2016",30.57676,-84.951142,129,636,723,276,584,51,152
"3221","NEF_GloFung-its2_116_2016",30.577019,-84.950917,129,636,723,276,584,51,152
"3222","NEF_GloFung-its2_116_2016",30.577111,-84.950762,129,636,723,276,584,51,152
"3223","NEF_GloFung-its2_116_2016",30.577249,-84.950621,129,636,723,276,584,51,152
"3224","NEF_GloFung-its2_115_2016",30.576478,-84.951024,129,636,723,276,584,51,152
"3225","NEF_GloFung-its2_115_2016",30.576525,-84.951378,129,616,712,278,560,52,157
"3226","NEF_GloFung-its2_115_2016",30.576525,-84.951378,129,616,712,278,560,52,157
"3227","NEF_GloFung-its2_115_2016",30.576371,-84.951323,129,636,723,276,584,51,152
"3228","NEF_GloFung-its2_115_2016",30.576341,-84.951254,129,636,723,276,584,51,152
"3229","NEF_GloFung-its2_115_2016",30.576341,-84.951254,129,636,723,276,584,51,152
"3230","NEF_GloFung-its2_115_2016",30.576298,-84.951357,129,616,712,278,560,52,157
"3231","NEF_GloFung-its2_117_2020",-31.4519,-68.7087167,10,82,508,172,99,81,326
"3232","NEF_GloFung-its2_117_2020",-31.4519,-68.7087167,10,82,508,172,99,81,326
"3233","NEF_GloFung-its2_118_2020",-31.47345,-68.7581,10,110,537,179,102,81,302
"3234","NEF_GloFung-its2_118_2020",-31.47345,-68.7581,10,110,537,179,102,81,302
"3235","NEF_GloFung-its2_118_2020",-31.47345,-68.7581,10,110,537,179,102,81,302
"3236","NEF_GloFung-its2_119_2022",8.7608,-82.2175,13,702,379,206,736,53,354
"3237","NEF_GloFung-its2_120_2022",22.1989,-102.6003,14,261,478,263,333,61,265
"3238","NEF_GloFung-its2_121_2022",-28.1872,-65.8789,15,183,421,184,215,65,331
"3239","NEF_GloFung-its2_122_2022",-49.3761,-72.8811,16,564,624,298,595,58,203
"3240","NEF_GloFung-its2_123_2022",4.5533,-52.2092,11,430,327,178,587,47,357
"3241","NEF_GloFung-its2_124_2022",25.2464,-100.9128,17,431,322,218,562,72,280
"3242","NEF_GloFung-its2_125_2022",-15.81,-48.8522,18,210,424,112,445,52,186
"3243","NEF_GloFung-its2_126_2022",-13.6367,-47.4783,19,173,425,106,337,51,246
"3244","NEF_GloFung-its2_127_2022",9.5958,-84.6139,20,432,322,212,381,55,275
"3245","NEF_GloFung-its2_128_2022",-53.1619,-70.9011,21,0,0,0,0,0,0
"3246","NEF_GloFung-its2_129_2022",4.5542,-52.21,11,430,327,178,587,47,357
"3247","NEF_GloFung-its2_130_2022",-24.0653,-48.9878,22,305,468,175,379,55,238
"3248","NEF_GloFung-its2_131_2022",19.2822,-99.3681,23,386,510,267,534,62,291
"3249","NEF_GloFung-its2_132_2022",16.1581,-91.3106,24,453,378,227,435,59,264
"3250","NEF_GloFung-its2_133_2022",15.7167,-96.4128,25,356,572,219,253,62,256
"3251","NEF_GloFung-its2_134_2022",-18.1692,-63.5181,26,276,497,157,447,57,208
"3252","NEF_GloFung-its2_135_2022",-17.5814,-66.3442,27,241,463,185,218,74,283
"3253","NEF_GloFung-its2_136_2022",10.8483,-85.6081,28,428,450,191,557,63,259
"3254","NEF_GloFung-its2_137_2022",32.4403,-110.7856,29,727,602,247,623,57,274
"3255","NEF_GloFung-its2_138_2022",22.5431,-83.705,30,480,245,240,561,59,311
"3256","NEF_GloFung-its2_139_2022",-32.7689,-64.9406,31,246,456,187,271,67,386
"3257","NEF_GloFung-its2_140_2022",20.0064,-75.6167,32,559,164,313,896,56,408
"3258","NEF_GloFung-its2_141_2022",-0.5628,-72.1131,33,361,475,239,531,41,290
"3259","NEF_GloFung-its2_142_2022",18.1447,-66.9667,34,931,186,297,1315,51,365
"3260","NEF_GloFung-its2_143_2022",18.4044,-64.6603,35,607,288,292,727,57,390
"3261","NEF_GloFung-its2_144_2022",15.375,-61.34,36,659,235,299,804,55,356
"3262","NEF_GloFung-its2_145_2022",16.1856,-61.7447,36,721,295,274,863,60,261
"3263","NEF_GloFung-its2_146_2022",-4.4769,-38.8819,37,127,720,153,163,57,141
"3264","NEF_GloFung-its2_147_2022",-18.0997,-39.8911,38,363,465,159,438,52,220
"3265","NEF_GloFung-its2_148_2022",-8.4558,-39.1928,39,133,568,225,107,66,235
"3266","NEF_GloFung-its2_149_2022",-4.0086,-69.8975,40,362,441,186,388,42,306
"3267","NEF_GloFung-its2_150_2022",-11.6647,-37.4833,41,253,390,162,375,54,283
"3268","NEF_GloFung-its2_151_2022",-22.3978,-44.6706,42,611,384,225,651,51,282
"3269","NEF_GloFung-its2_152_2022",-25.6911,-54.4308,43,325,197,197,867,53,337
"3270","NEF_GloFung-its2_153_2022",-32.6047,-63.9519,31,135,345,170,178,65,455
"3271","NEF_GloFung-its2_154_2022",19.5083,-105.0486,44,268,551,245,214,66,233
"3272","NEF_GloFung-its2_155_2022",4.8669,-75.25,45,543,488,307,956,56,275
"3273","NEF_GloFung-its2_156_2022",-25.1008,-47.9275,46,485,213,251,727,48,401
"3274","NEF_GloFung-its2_157_2022",-23.3167,-45.0836,42,383,499,174,507,49,203
"3275","NEF_GloFung-its2_151_2022",-22.3981,-44.6706,42,611,384,225,651,51,282
"3276","NEF_GloFung-its2_158_2022",6.705,-75.4667,47,523,328,241,976,54,332
"3277","NEF_GloFung-its2_159_2022",-14.7919,-47.5569,48,160,269,106,204,53,286
"3278","NEF_GloFung-its2_160_2022",-23.9186,-64.9344,49,186,349,208,478,60,372
"3279","NEF_GloFung-its2_161_2022",16.1783,-61.7317,36,691,291,256,819,58,276
"3280","NEF_GloFung-its2_162_2022",19.9583,-89.1725,50,389,317,313,475,72,228
"3281","NEF_GloFung-its2_163_2022",20.1958,-87.4775,51,835,607,336,1093,72,180
"3282","NEF_GloFung-its2_164_2022",-28.8781,-66.2608,15,100,550,174,106,68,277
"3283","NEF_GloFung-its2_165_2022",-40.6653,-72.1731,2,747,468,335,1509,52,344
"3284","NEF_GloFung-its2_166_2022",-29.9697,-67.0914,52,83,621,158,100,79,251
"3285","NEF_GloFung-its2_167_2022",10.2211,-84.5992,20,784,353,214,769,53,344
"3286","NEF_GloFung-its2_168_2022",11.2842,-74.0114,53,386,349,242,432,66,298
"3287","NEF_GloFung-its2_169_2022",-3.7739,-70.3636,40,383,248,193,486,44,415
"3288","NEF_GloFung-its2_148_2022",-8.4558,-39.1928,39,133,568,225,107,66,235
"3289","NEF_GloFung-its2_170_2022",-13.5606,-47.4806,19,186,414,110,332,52,200
"3290","NEF_GloFung-its2_171_2022",-4.1231,-69.9481,40,373,257,182,485,45,476
"3291","NEF_GloFung-its2_172_2022",5.0964,-73.79,54,500,282,280,707,59,382
"3292","NEF_GloFung-its2_125_2022",-15.81,-48.8525,18,210,424,112,445,52,186
"3293","NEF_GloFung-its2_173_2022",-23.435,-45.2167,42,342,480,200,456,49,217
"3294","NEF_GloFung-its2_174_2022",30.4694,-94.35,55,412,445,143,346,47,423
"3295","NEF_GloFung-its2_175_2022",21.21,-87.1933,51,897,440,289,1013,73,230
"3296","NEF_GloFung-its2_176_2022",18.3167,-65.8167,56,583,60,260,763,47,318
"3297","NEF_GloFung-its2_177_2022",5.4356,-60.0881,57,290,399,146,437,47,314
"3298","NEF_GloFung-its2_178_2022",29.735,-82.4417,58,1493,855,122,500,50,66
"3299","NEF_GloFung-its2_179_2022",-44.0742,-73.0967,59,0,0,0,0,0,0
"3300","NEF_GloFung-its2_180_2022",-41.0831,-71.5514,2,639,532,349,1180,59,312
"3301","NEF_GloFung-its2_181_2022",-54.4794,-67.4475,60,1044,325,387,1414,57,398
"3302","NEF_GloFung-its2_182_2021",-20.720917,-42.481667,130,413,575,169,391,49,191
"3303","NEF_GloFung-its2_182_2021",-20.720917,-42.481667,130,413,575,169,391,49,191
"3304","NEF_GloFung-its2_182_2021",-20.720917,-42.481667,130,413,575,169,391,49,191
"3305","NEF_GloFung-its2_183_2020",9.15,-79.85,117,478,320,231,585,52,314
"3306","NEF_GloFung-its2_183_2020",9.15,-79.85,117,478,320,231,585,52,314
"3307","NEF_GloFung-its2_183_2020",9.15,-79.85,117,478,320,231,585,52,314
"3308","NEF_GloFung-its2_183_2020",9.15,-79.85,117,478,320,231,585,52,314
"3309","NEF_GloFung-its2_183_2020",9.15,-79.85,117,478,320,231,585,52,314
"3310","NEF_GloFung-its2_183_2020",9.15,-79.85,117,478,320,231,585,52,314
"3311","NEF_GloFung-its2_183_2020",9.15,-79.85,117,478,320,231,585,52,314
"3312","NEF_GloFung-its2_183_2020",9.15,-79.85,117,478,320,231,585,52,314
"3313","NEF_GloFung-its2_183_2020",9.15,-79.85,117,478,320,231,585,52,314
"3314","NEF_GloFung-its2_183_2020",9.15,-79.85,117,478,320,231,585,52,314
"3315","NEF_GloFung-its2_183_2020",9.15,-79.85,117,478,320,231,585,52,314
"3316","NEF_GloFung-its2_183_2020",9.15,-79.85,117,478,320,231,585,52,314
"3317","NEF_GloFung-its2_183_2020",9.15,-79.85,117,478,320,231,585,52,314
"3318","NEF_GloFung-its2_183_2020",9.15,-79.85,117,478,320,231,585,52,314
"3319","NEF_GloFung-its2_183_2020",9.15,-79.85,117,478,320,231,585,52,314
"3320","NEF_GloFung-its2_183_2020",9.15,-79.85,117,478,320,231,585,52,314
"3321","NEF_GloFung-its2_183_2020",9.15,-79.85,117,478,320,231,585,52,314
"3322","NEF_GloFung-its2_183_2020",9.15,-79.85,117,478,320,231,585,52,314
"3323","NEF_GloFung-its2_183_2020",9.15,-79.85,117,478,320,231,585,52,314
"3324","NEF_GloFung-its2_183_2020",9.15,-79.85,117,478,320,231,585,52,314
"3325","NEF_GloFung-its2_183_2020",9.15,-79.85,117,478,320,231,585,52,314
"3326","NEF_GloFung-its2_184_2020",18.3,-65.8,56,607,208,256,816,50,463
"3327","NEF_GloFung-its2_184_2020",18.3,-65.8,56,607,208,256,816,50,463
"3328","NEF_GloFung-its2_184_2020",18.3,-65.8,56,607,208,256,816,50,463
"3329","NEF_GloFung-its2_184_2020",18.3,-65.8,56,607,208,256,816,50,463
"3330","NEF_GloFung-its2_184_2020",18.3,-65.8,56,607,208,256,816,50,463
"3331","NEF_GloFung-its2_184_2020",18.3,-65.8,56,607,208,256,816,50,463
"3332","NEF_GloFung-its2_184_2020",18.3,-65.8,56,607,208,256,816,50,463
"3333","NEF_GloFung-its2_184_2020",18.3,-65.8,56,607,208,256,816,50,463
"3334","NEF_GloFung-its2_184_2020",18.3,-65.8,56,607,208,256,816,50,463
"3335","NEF_GloFung-its2_184_2020",18.3,-65.8,56,607,208,256,816,50,463
"3336","NEF_GloFung-its2_184_2020",18.3,-65.8,56,607,208,256,816,50,463
"3337","NEF_GloFung-its2_184_2020",18.3,-65.8,56,607,208,256,816,50,463
"3338","NEF_GloFung-its2_184_2020",18.3,-65.8,56,607,208,256,816,50,463
"3339","NEF_GloFung-its2_184_2020",18.3,-65.8,56,607,208,256,816,50,463
"3340","NEF_GloFung-its2_184_2020",18.3,-65.8,56,607,208,256,816,50,463
"3341","NEF_GloFung-its2_184_2020",18.3,-65.8,56,607,208,256,816,50,463
"3342","NEF_GloFung-its2_184_2020",18.3,-65.8,56,607,208,256,816,50,463
"3343","NEF_GloFung-its2_184_2020",18.3,-65.8,56,607,208,256,816,50,463
"3344","NEF_GloFung-its2_184_2020",18.3,-65.8,56,607,208,256,816,50,463
"3345","NEF_GloFung-its2_184_2020",18.3,-65.8,56,607,208,256,816,50,463
"3346","NEF_GloFung-its2_184_2020",18.3,-65.8,56,607,208,256,816,50,463
"3347","NEF_GloFung-its2_185_2021",-22.783083,-48.412028,131,256,522,134,288,52,144
"3348","NEF_GloFung-its2_186_2021",-22.782778,-48.411528,131,256,522,134,288,52,144
"3349","NEF_GloFung-its2_185_2021",-22.783278,-48.412333,131,256,522,134,288,52,144
"3350","NEF_GloFung-its2_185_2021",-22.783028,-48.412083,131,256,522,134,288,52,144
"3351","NEF_GloFung-its2_187_2021",-22.817806,-48.39425,131,253,523,140,279,54,162
"3352","NEF_GloFung-its2_188_2021",-22.818444,-48.393528,131,253,523,140,279,54,162
"3353","NEF_GloFung-its2_189_2021",-22.818111,-48.392778,131,273,551,140,309,54,149
"3354","NEF_GloFung-its2_188_2021",-22.818306,-48.393667,131,253,523,140,279,54,162
"3355","NEF_GloFung-its2_190_2021",-22.814611,-48.401722,131,260,518,140,277,54,173
"3356","NEF_GloFung-its2_190_2021",-22.81475,-48.40175,131,260,518,140,277,54,173
"3357","NEF_GloFung-its2_190_2021",-22.814333,-48.401694,131,260,518,140,277,54,173
"3358","NEF_GloFung-its2_190_2021",-22.814639,-48.401583,131,260,518,140,277,54,173
"3359","NEF_GloFung-its2_191_2021",-22.893361,-48.495056,131,0,0,0,0,0,0
"3360","NEF_GloFung-its2_191_2021",-22.893056,-48.495083,131,0,0,0,0,0,0
"3361","NEF_GloFung-its2_192_2021",-22.892056,-48.493972,131,0,0,0,0,0,0
"3362","NEF_GloFung-its2_193_2021",-22.891389,-48.453639,131,0,0,0,0,0,0
"3363","NEF_GloFung-its2_194_2021",-22.870306,-48.460389,131,0,0,0,0,0,0
"3364","NEF_GloFung-its2_191_2021",-22.893361,-48.495056,131,0,0,0,0,0,0
"3365","NEF_GloFung-its2_191_2021",-22.893056,-48.495083,131,0,0,0,0,0,0
"3366","NEF_GloFung-its2_192_2021",-22.892056,-48.493972,131,0,0,0,0,0,0
"3367","NEF_GloFung-its2_194_2021",-22.870306,-48.460389,131,0,0,0,0,0,0
"3368","NEF_GloFung-its2_193_2021",-22.891389,-48.453639,131,0,0,0,0,0,0
"3369","NEF_GloFung-its2_195_2021",-22.786639,-48.410611,131,270,520,140,315,53,141
"3370","NEF_GloFung-its2_195_2021",-22.787139,-48.410472,131,270,520,140,315,53,141
"3371","NEF_GloFung-its2_196_2021",-22.786361,-48.408778,131,266,508,142,340,53,156
"3372","NEF_GloFung-its2_196_2021",-22.786028,-48.408833,131,270,520,140,315,53,141
"3373","NEF_GloFung-its2_197_2021",-22.885667,-48.506972,131,286,551,138,367,53,175
"3374","NEF_GloFung-its2_197_2021",-22.885833,-48.506861,131,286,551,138,367,53,175
"3375","NEF_GloFung-its2_197_2021",-22.885667,-48.506917,131,286,551,138,367,53,175
"3376","NEF_GloFung-its2_197_2021",-22.885833,-48.506861,131,286,551,138,367,53,175
"3377","NEF_GloFung-its2_198_2021",-22.817222,-48.393833,131,253,523,140,279,54,162
"3378","NEF_GloFung-its2_198_2021",-22.816694,-48.394,131,253,523,140,279,54,162
"3379","NEF_GloFung-its2_199_2021",-22.839194,-48.427806,131,313,573,167,433,53,151
"3380","NEF_GloFung-its2_199_2021",-22.83925,-48.427694,131,313,573,167,433,53,151
"3381","NEF_GloFung-its2_199_2021",-22.839444,-48.42775,131,313,573,167,433,53,151
"3382","NEF_GloFung-its2_198_2021",-22.817222,-48.393833,131,253,523,140,279,54,162
"3383","NEF_GloFung-its2_198_2021",-22.816694,-48.394,131,253,523,140,279,54,162
"3384","NEF_GloFung-its2_199_2021",-22.839194,-48.427806,131,313,573,167,433,53,151
"3385","NEF_GloFung-its2_199_2021",-22.83925,-48.427694,131,313,573,167,433,53,151
"3386","NEF_GloFung-its2_199_2021",-22.839444,-48.42775,131,313,573,167,433,53,151
"3387","NEF_GloFung-its2_200_2021",-22.843667,-48.427889,131,290,575,155,330,54,146
"3388","NEF_GloFung-its2_200_2021",-22.843639,-48.428056,131,290,575,155,330,54,146
"3389","NEF_GloFung-its2_200_2021",-22.843667,-48.427889,131,290,575,155,330,54,146
"3390","NEF_GloFung-its2_200_2021",-22.843639,-48.428056,131,290,575,155,330,54,146
"3391","NEF_GloFung-its2_201_2021",-18.17,-63.52,26,276,497,157,447,57,208
"3392","NEF_GloFung-its2_202_2021",-17.27,-64.38,26,329,293,161,518,54,431
"3393","NEF_GloFung-its2_203_2021",-18.18,-63.58,26,346,489,188,568,55,221
"3394","NEF_GloFung-its2_204_2021",-17.66,-66.42,27,266,404,225,287,69,319
"3395","NEF_GloFung-its2_205_2021",-17.67,-66.75,27,300,455,229,296,64,340
"3396","NEF_GloFung-its2_206_2021",-17.58,-66.34,27,210,474,189,193,73,309
"3397","NEF_GloFung-its2_207_2021",-17,-65.64,62,563,189,199,834,55,468
"3398","NEF_GloFung-its2_208_2021",-16.98,-65.41,62,480,98,198,693,53,534
"3399","NEF_GloFung-its2_209_2021",15.72,-96.41,25,291,590,213,280,63,238
"3400","NEF_GloFung-its2_210_2021",15.68,-96.47,25,252,569,219,277,67,244
"3401","NEF_GloFung-its2_211_2021",15.93,-95.78,25,167,605,164,206,68,237
"3402","NEF_GloFung-its2_212_2021",16.11,-95.32,63,261,615,180,270,65,196
"3403","NEF_GloFung-its2_213_2021",16.6,-95.02,63,160,571,173,179,64,232
"3404","NEF_GloFung-its2_214_2021",16.55,-93.88,64,180,533,194,197,65,243
"3405","NEF_GloFung-its2_215_2021",16.1,-91.69,24,616,404,206,730,53,243
"3406","NEF_GloFung-its2_216_2021",16.25,-90.83,24,508,355,196,456,61,291
"3407","NEF_GloFung-its2_217_2021",16.15,-90.89,24,491,362,194,556,59,285
"3408","NEF_GloFung-its2_218_2021",16.16,-91.31,24,453,378,227,435,59,264
"3409","NEF_GloFung-its2_219_2021",19.29,-99.19,23,265,454,271,310,62,294
"3410","NEF_GloFung-its2_220_2021",19.28,-99.37,23,375,514,266,507,62,286
"3411","NEF_GloFung-its2_220_2021",19.28,-99.37,23,375,514,266,507,62,286
"3412","NEF_GloFung-its2_221_2021",19,-99.1,23,451,446,274,444,60,302
"3413","NEF_GloFung-its2_222_2021",18.32,-65.82,56,660,128,287,847,51,301
"3414","NEF_GloFung-its2_223_2021",-15.52,-47.53,48,170,284,111,389,53,334
"3415","NEF_GloFung-its2_224_2021",-13.64,-47.48,19,176,442,111,387,50,246
"3416","NEF_GloFung-its2_225_2021",-14.15,-47.82,19,178,393,141,296,54,275
"3417","NEF_GloFung-its2_226_2021",-15.81,-48.85,18,214,434,107,437,53,202
"3418","NEF_GloFung-its2_227_2021",-51.63,-59.54,5,0,0,0,0,0,0
"3419","NEF_GloFung-its2_228_2021",-54.26,-36.5,1,NA,NA,NA,NA,NA,NA
"3420","NEF_GloFung-its2_229_2021",24.4,-99.92,65,294,452,179,361,75,286
"3421","NEF_GloFung-its2_230_2021",24.52,-99.98,65,433,420,205,685,68,266
"3422","NEF_GloFung-its2_231_2021",24.75,-100.03,65,194,381,165,250,79,307
"3423","NEF_GloFung-its2_232_2021",25.35,-101.03,17,176,373,170,215,80,345
"3424","NEF_GloFung-its2_233_2021",24.73,-100.11,65,297,449,148,357,71,288
"3425","NEF_GloFung-its2_234_2021",25.25,-100.93,17,364,369,181,460,71,292
"3426","NEF_GloFung-its2_235_2021",25.25,-100.85,17,318,389,215,417,71,275
"3427","NEF_GloFung-its2_236_2021",25.25,-100.91,17,366,307,223,493,73,278
"3428","NEF_GloFung-its2_237_2021",24.02,-100.25,65,182,402,178,328,75,334
"3429","NEF_GloFung-its2_238_2021",25.22,-100.39,17,500,421,226,692,67,292
"3430","NEF_GloFung-its2_239_2021",20.2,-87.48,51,807,610,350,1054,72,192
"3431","NEF_GloFung-its2_240_2021",19.96,-89.17,50,354,320,327,435,73,238
"3432","NEF_GloFung-its2_241_2021",20.86,-90.15,66,605,392,324,827,78,337
"3433","NEF_GloFung-its2_242_2021",20.94,-90.37,66,324,642,282,583,82,161
"3434","NEF_GloFung-its2_243_2019",5.5,-73,54,560,380,268,663,61,348
"3435","NEF_GloFung-its2_244_2021",9.86,-82.95,67,716,273,253,1292,54,378
"3436","NEF_GloFung-its2_245_2021",10.22,-84.6,20,778,348,198,773,53,356
"3437","NEF_GloFung-its2_246_2021",9.56,-83.71,67,570,358,253,1034,51,372
"3438","NEF_GloFung-its2_247_2021",-27.22,-65.63,68,277,377,201,388,57,432
"3439","NEF_GloFung-its2_248_2021",-26.77,-65.33,68,276,332,191,474,57,440
"3440","NEF_GloFung-its2_249_2021",-23.92,-64.93,49,219,334,207,455,59,368
"3441","NEF_GloFung-its2_250_2021",-27.32,-65.91,68,261,342,198,630,63,401
"3442","NEF_GloFung-its2_251_2021",-30.21,-67.31,52,67,599,160,79,77,231
"3443","NEF_GloFung-its2_252_2021",-30.21,-67.29,52,82,626,158,71,78,226
"3444","NEF_GloFung-its2_253_2021",-30.65,-65.6,69,97,457,181,111,72,355
"3445","NEF_GloFung-its2_254_2021",-30.63,-65.59,69,90,466,190,101,75,362
"3446","NEF_GloFung-its2_255_2021",-30.12,-66.63,52,74,465,183,111,76,317
"3447","NEF_GloFung-its2_256_2021",-30.9,-65.01,69,221,425,174,285,65,355
"3448","NEF_GloFung-its2_245_2021",10.22,-84.6,20,778,348,198,773,53,356
"3449","NEF_GloFung-its2_246_2021",9.56,-83.71,67,570,358,253,1034,51,372
"3450","NEF_GloFung-its2_257_2021",4.94,-52.3,11,0,0,0,0,0,0
"3451","NEF_GloFung-its2_244_2021",9.86,-82.95,67,716,273,253,1292,54,378
"3452","NEF_GloFung-its2_258_2021",26.04,-80.11,61,0,0,0,0,0,0
"3453","NEF_GloFung-its2_259_2021",-40.67,-72.17,2,744,496,358,1508,52,350
"3454","NEF_GloFung-its2_260_2021",3.32,-76.62,70,473,333,248,736,52,266
"3455","NEF_GloFung-its2_261_2021",3.91,-77.35,70,0,0,0,0,0,0
"3456","NEF_GloFung-its2_262_2021",3.29,-76.63,70,513,394,325,1034,53,272
"3457","NEF_GloFung-its2_263_2021",6.73,-75.49,47,524,323,246,939,54,365
"3458","NEF_GloFung-its2_264_2021",-54.8,-68.38,60,1159,484,370,2200,58,310
"3459","NEF_GloFung-its2_265_2021",-54.69,-68.13,60,1185,487,354,1855,62,313
"3460","NEF_GloFung-its2_266_2021",-54.71,-68.12,60,1224,470,319,2014,59,313
"3461","NEF_GloFung-its2_267_2021",-54.85,-68.58,60,1235,497,390,1815,57,282
"3462","NEF_GloFung-its2_268_2021",-54.81,-68.48,60,1406,471,330,2044,58,316
"3463","NEF_GloFung-its2_269_2021",-41.26,-71.29,2,716,619,290,1163,57,256
"3464","NEF_GloFung-its2_270_2021",-49.38,-72.88,16,622,625,302,851,58,202
"3465","NEF_GloFung-its2_271_2021",-49.26,-72.95,16,676,575,321,592,58,275
"3466","NEF_GloFung-its2_272_2021",-50.45,-72.78,71,617,528,328,695,59,225
"3467","NEF_GloFung-its2_273_2021",-49.07,-72.87,16,1118,536,341,2148,53,286
"3468","NEF_GloFung-its2_274_2021",-49.2,-72.96,16,815,575,302,1197,56,302
"3469","NEF_GloFung-its2_275_2021",-41.04,-71.8,2,744,590,310,1599,53,306
"3470","NEF_GloFung-its2_276_2021",-41.1,-71.55,2,701,570,324,1810,56,281
"3471","NEF_GloFung-its2_277_2021",-41.09,-71.55,2,686,591,338,1538,58,253
"3472","NEF_GloFung-its2_278_2021",4.57,-52.19,11,379,309,191,608,46,344
"3473","NEF_GloFung-its2_279_2021",4.55,-52.21,11,422,341,169,593,46,345
"3474","NEF_GloFung-its2_280_2021",4.56,-52.2,11,407,326,185,550,48,334
"3475","NEF_GloFung-its2_281_2021",26.94,-81.34,4,NA,NA,NA,NA,NA,NA
"3476","NEF_GloFung-its2_282_2021",22.2,-102.6,14,261,478,263,333,61,265
"3477","NEF_GloFung-its2_283_2021",17.17,-96.64,9,465,486,220,779,50,278
"3478","NEF_GloFung-its2_284_2021",19.17,-97.3,72,446,514,183,622,55,311
"3479","NEF_GloFung-its2_285_2021",8.76,-82.27,13,567,366,191,774,52,331
"3480","NEF_GloFung-its2_286_2021",8.76,-82.24,13,747,376,204,920,52,290
"3481","NEF_GloFung-its2_287_2021",8.75,-82.24,13,536,319,235,731,53,292
"3482","NEF_GloFung-its2_288_2021",8.66,-82.22,13,517,345,167,566,51,320
"3483","NEF_GloFung-its2_289_2021",8.68,-82.21,13,640,343,149,516,51,311
"3484","NEF_GloFung-its2_290_2021",8.49,-82.43,13,348,338,163,424,53,345
"3485","NEF_GloFung-its2_291_2021",8.76,-82.22,13,680,382,225,768,54,342
"3486","NEF_GloFung-its2_292_2021",25.51,-80.5,61,1184,426,269,755,70,298
"3487","NEF_GloFung-its2_293_2021",9.49,-75.42,73,378,337,237,480,61,327
"3488","NEF_GloFung-its2_294_2021",9.49,-75.46,73,374,325,193,494,60,364
"3489","NEF_GloFung-its2_295_2021",8.27,-75.2,73,0,0,0,0,0,0
"3490","NEF_GloFung-its2_296_2021",8.28,-75.12,73,318,338,187,378,53,401
"3491","NEF_GloFung-its2_297_2021",8.28,-75.13,73,324,318,212,323,54,380
"3492","NEF_GloFung-its2_298_2021",13.33,-59.63,74,0,0,0,0,0,0
"3493","NEF_GloFung-its2_299_2021",10.5,-84.69,20,654,365,120,391,56,342
"3494","NEF_GloFung-its2_300_2021",8.64,-83.72,75,456,339,191,419,54,345
"3495","NEF_GloFung-its2_301_2021",-3.83,-73.32,76,0,0,0,0,0,0
"3496","NEF_GloFung-its2_302_2021",-37.79,-73,77,634,348,325,1515,55,319
"3497","NEF_GloFung-its2_302_2021",-37.79,-73,77,634,348,325,1515,55,319
"3498","NEF_GloFung-its2_303_2021",-40.2,-73.43,78,836,501,314,2008,51,293
"3499","NEF_GloFung-its2_304_2021",-37.79,-73.02,77,657,361,332,1542,55,331
"3500","NEF_GloFung-its2_305_2021",-37.82,-73.01,77,613,345,371,1368,56,311
"3501","NEF_GloFung-its2_306_2021",-40.78,-72.2,2,631,746,329,1336,53,204
"3502","NEF_GloFung-its2_306_2021",-40.78,-72.2,2,631,746,329,1336,53,204
"3503","NEF_GloFung-its2_307_2021",-44.83,-71.73,59,552,578,260,1142,61,249
"3504","NEF_GloFung-its2_307_2021",-44.83,-71.73,59,552,578,260,1142,61,249
"3505","NEF_GloFung-its2_308_2021",-54.48,-67.45,60,1004,323,382,1383,56,394
"3506","NEF_GloFung-its2_309_2021",-54.49,-67.44,60,1297,312,391,1620,56,407
"3507","NEF_GloFung-its2_308_2021",-54.48,-67.45,60,1004,323,382,1383,56,394
"3508","NEF_GloFung-its2_310_2021",-54.46,-67.52,60,1045,367,396,1576,59,397
"3509","NEF_GloFung-its2_311_2021",-54.47,-67.52,60,1006,342,391,1598,58,386
"3510","NEF_GloFung-its2_312_2021",-42.78,-71.47,79,693,616,276,1340,58,225
"3511","NEF_GloFung-its2_313_2021",-42.78,-71.46,79,626,609,278,1199,58,251
"3512","NEF_GloFung-its2_314_2021",-41.25,-71.28,2,716,627,279,1399,57,248
"3513","NEF_GloFung-its2_315_2021",-41.23,-71.78,2,606,528,283,1409,53,332
"3514","NEF_GloFung-its2_316_2021",-41.2,-71.82,2,736,568,273,1801,55,288
"3515","NEF_GloFung-its2_317_2021",-40.14,-71.47,80,476,568,275,1123,57,312
"3516","NEF_GloFung-its2_318_2021",-40.12,-71.44,80,538,589,285,1138,57,278
"3517","NEF_GloFung-its2_319_2021",-40.13,-71.46,80,505,563,294,1142,56,305
"3518","NEF_GloFung-its2_320_2021",-40.13,-71.68,80,605,530,332,1197,55,334
"3519","NEF_GloFung-its2_321_2021",-40.13,-71.67,80,572,514,329,1250,55,329
"3520","NEF_GloFung-its2_322_2021",-40.13,-71.66,80,548,511,321,1177,55,331
"3521","NEF_GloFung-its2_322_2021",-40.13,-71.66,80,548,511,321,1177,55,331
"3522","NEF_GloFung-its2_323_2021",-41.35,-71.58,2,0,0,0,0,0,0
"3523","NEF_GloFung-its2_324_2021",-41.43,-71.61,2,673,590,297,1681,57,302
"3524","NEF_GloFung-its2_325_2021",-41.08,-71.55,2,591,555,333,1212,59,278
"3525","NEF_GloFung-its2_326_2021",-41.15,-71.37,2,710,616,263,1633,56,254
"3526","NEF_GloFung-its2_327_2021",-44.07,-73.1,59,1131,517,390,1884,50,376
"3527","NEF_GloFung-its2_328_2021",29.74,-82.44,58,922,815,117,561,51,112
"3528","NEF_GloFung-its2_329_2021",29.75,-82.22,58,1579,943,92,362,45,45
"3529","NEF_GloFung-its2_330_2021",5.31,-59.92,57,277,415,162,446,53,283
"3530","NEF_GloFung-its2_331_2021",5.28,-59.92,57,270,408,155,413,52,298
"3531","NEF_GloFung-its2_332_2021",5.3,-59.91,57,244,425,151,380,52,288
"3532","NEF_GloFung-its2_333_2021",5.31,-59.93,57,262,410,156,392,52,304
"3533","NEF_GloFung-its2_334_2021",5.43,-60.08,57,332,385,147,438,47,335
"3534","NEF_GloFung-its2_335_2021",5.44,-60.09,57,321,394,161,433,49,305
"3535","NEF_GloFung-its2_336_2021",5.44,-60.08,57,287,373,170,425,48,334
"3536","NEF_GloFung-its2_222_2021",18.32,-65.82,56,660,128,287,847,51,301
"3537","NEF_GloFung-its2_222_2021",18.32,-65.82,56,660,128,287,847,51,301
"3538","NEF_GloFung-its2_337_2021",18.32,-65.73,56,501,175,288,704,50,405
"3539","NEF_GloFung-its2_222_2021",18.32,-65.82,56,660,128,287,847,51,301
"3540","NEF_GloFung-its2_222_2021",18.32,-65.82,56,660,128,287,847,51,301
"3541","NEF_GloFung-its2_338_2021",21.21,-87.19,51,897,431,280,1065,73,238
"3542","NEF_GloFung-its2_339_2021",20.83,-103.85,81,491,472,254,426,60,247
"3543","NEF_GloFung-its2_340_2021",20.81,-103.86,81,595,463,251,447,61,249
"3544","NEF_GloFung-its2_341_2021",19.62,-101.33,82,337,450,279,490,59,300
"3545","NEF_GloFung-its2_342_2021",19.28,-99.36,23,494,505,260,781,59,315
"3546","NEF_GloFung-its2_343_2021",19.27,-98.04,72,474,505,242,696,56,358
"3547","NEF_GloFung-its2_344_2021",19.85,-97.22,3,417,479,233,562,55,232
"3548","NEF_GloFung-its2_345_2021",19.78,-97.1,3,499,355,239,626,53,278
"3549","NEF_GloFung-its2_346_2021",20.09,-89.55,50,356,331,325,454,72,200
"3550","NEF_GloFung-its2_347_2021",16.09,-91.68,24,615,379,205,759,54,269
"3551","NEF_GloFung-its2_348_2021",16.11,-91.68,24,554,426,192,757,55,249
"3552","NEF_GloFung-its2_349_2021",18.58,-95.08,83,412,450,170,474,54,276
"3553","NEF_GloFung-its2_350_2021",16.81,-91.11,24,459,413,200,544,62,247
"3554","NEF_GloFung-its2_351_2021",19.39,-97.7,72,339,537,204,352,67,240
"3555","NEF_GloFung-its2_352_2021",19.05,-99.31,23,429,434,254,636,58,326
"3556","NEF_GloFung-its2_353_2021",17.62,-92.47,85,529,499,196,535,57,266
"3557","NEF_GloFung-its2_354_2021",18.23,-89.8,86,519,350,311,603,74,166
"3558","NEF_GloFung-its2_355_2021",17.64,-96.38,9,593,456,217,785,52,285
"3559","NEF_GloFung-its2_356_2021",20.96,-98.68,87,681,370,285,756,55,316
"3560","NEF_GloFung-its2_357_2021",16.88,-93.45,64,374,399,203,379,58,267
"3561","NEF_GloFung-its2_358_2021",15.91,-97.08,25,239,719,197,237,64,185
"3562","NEF_GloFung-its2_359_2021",19.13,-98.66,23,416,471,215,631,61,334
"3563","NEF_GloFung-its2_360_2021",17.39,-96.46,9,471,441,222,849,51,317
"3564","NEF_GloFung-its2_361_2021",17.39,-96.45,9,503,431,209,750,48,315
"3565","NEF_GloFung-its2_362_2021",20.48,-98.67,87,370,419,257,349,69,228
"3566","NEF_GloFung-its2_363_2021",19.51,-105.05,44,268,551,245,214,66,233
"3567","NEF_GloFung-its2_364_2021",20.64,-98.6,87,511,424,282,552,58,297
"3568","NEF_GloFung-its2_365_2021",20.16,-98.55,87,340,443,254,337,64,256
"3569","NEF_GloFung-its2_366_2021",18.16,-97.3,9,243,478,194,370,76,309
"3570","NEF_GloFung-its2_367_2021",17.34,-96.47,9,385,431,219,696,51,285
"3571","NEF_GloFung-its2_368_2021",15.8,-96.11,25,213,680,217,287,64,197
"3572","NEF_GloFung-its2_369_2021",16.88,-93.46,64,403,406,195,384,58,256
"3573","NEF_GloFung-its2_353_2021",17.62,-92.47,85,529,499,196,535,57,266
"3574","NEF_GloFung-its2_349_2021",18.58,-95.08,83,412,450,170,474,54,276
"3575","NEF_GloFung-its2_370_2021",19.68,-96.85,3,555,487,284,740,55,350
"3576","NEF_GloFung-its2_371_2021",19.67,-100.29,82,499,496,229,825,57,296
"3577","NEF_GloFung-its2_372_2021",14.78,-91,88,446,433,235,645,61,371
"3578","NEF_GloFung-its2_373_2021",14.52,-90.88,88,492,418,228,801,58,377
"3579","NEF_GloFung-its2_374_2021",14.09,-90.62,88,278,297,252,490,63,363
"3580","NEF_GloFung-its2_375_2021",14.05,-90.48,88,297,300,234,409,61,378
"3581","NEF_GloFung-its2_376_2021",13.91,-90.42,88,251,320,217,261,63,370
"3582","NEF_GloFung-its2_377_2021",14.4,-90.47,88,294,335,223,469,59,320
"3583","NEF_GloFung-its2_378_2021",20.26,-87.39,51,0,0,0,0,0,0
"3584","NEF_GloFung-its2_379_2021",20.75,-88.47,50,866,369,292,632,74,208
"3585","NEF_GloFung-its2_380_2021",20.68,-88.57,50,797,356,319,540,72,228
"3586","NEF_GloFung-its2_381_2021",19.08,-91.06,89,0,0,0,0,0,0
"3587","NEF_GloFung-its2_382_2021",19.77,-90.55,89,301,354,289,458,74,219
"3588","NEF_GloFung-its2_383_2021",20.86,-90.14,66,562,384,331,854,79,341
"3589","NEF_GloFung-its2_384_2021",-25.69,-54.43,43,0,0,0,0,0,0
"3590","NEF_GloFung-its2_385_2021",-25.24,-53.96,90,374,153,151,483,55,346
"3591","NEF_GloFung-its2_386_2021",-25.16,-53.84,90,373,183,167,488,54,336
"3592","NEF_GloFung-its2_387_2021",-25.08,-53.19,90,393,147,208,546,52,310
"3593","NEF_GloFung-its2_388_2021",-25.47,-50.4,91,336,293,241,559,50,374
"3594","NEF_GloFung-its2_389_2021",-25.47,-49.7,91,352,252,205,602,51,317
"3595","NEF_GloFung-its2_390_2021",-25.67,-48.45,46,0,0,0,0,0,0
"3596","NEF_GloFung-its2_391_2021",-25.37,-48.87,46,430,288,218,668,47,306
"3597","NEF_GloFung-its2_392_2021",-24.6,-47.88,46,454,483,260,551,50,217
"3598","NEF_GloFung-its2_393_2021",-24.25,-46.92,92,414,413,253,586,49,224
"3599","NEF_GloFung-its2_394_2021",-22.39,-44.76,42,499,509,193,534,50,186
"3600","NEF_GloFung-its2_395_2021",-22.36,-44.74,42,637,451,221,1041,49,235
"3601","NEF_GloFung-its2_396_2021",-22.4,-44.67,42,640,398,223,710,51,287
"3602","NEF_GloFung-its2_397_2021",-22.6,-43.56,93,369,387,152,426,52,331
"3603","NEF_GloFung-its2_398_2021",-22.64,-42.47,93,247,510,176,370,56,201
"3604","NEF_GloFung-its2_399_2021",-22.1,-41.44,94,372,364,265,455,57,332
"3605","NEF_GloFung-its2_400_2021",-22.13,-41.35,94,381,368,253,542,59,339
"3606","NEF_GloFung-its2_401_2021",-22.09,-41.45,94,358,331,269,486,57,317
"3607","NEF_GloFung-its2_402_2021",-21.79,-41.44,94,292,492,189,456,55,180
"3608","NEF_GloFung-its2_403_2021",-21.2,-41.29,94,292,486,183,383,58,214
"3609","NEF_GloFung-its2_404_2021",-20.69,-40.73,95,298,445,201,469,56,256
"3610","NEF_GloFung-its2_405_2021",-19.66,-39.89,96,596,300,252,674,56,234
"3611","NEF_GloFung-its2_406_2021",-19,-40.01,96,333,469,149,413,53,207
"3612","NEF_GloFung-its2_407_2021",-18.1,-39.89,38,359,464,164,496,52,219
"3613","NEF_GloFung-its2_408_2021",-16.99,-39.57,38,291,457,180,460,54,241
"3614","NEF_GloFung-its2_409_2021",-15.88,-39.53,97,320,476,179,554,56,226
"3615","NEF_GloFung-its2_410_2021",-14.43,-39.05,98,324,375,172,391,51,273
"3616","NEF_GloFung-its2_411_2021",-14.16,-39,98,277,320,256,814,50,369
"3617","NEF_GloFung-its2_412_2021",-13.69,-39.06,99,0,0,0,0,0,0
"3618","NEF_GloFung-its2_413_2021",-12.8,-39.2,99,302,486,257,503,58,236
"3619","NEF_GloFung-its2_414_2021",-11.77,-37.73,41,211,492,172,346,53,220
"3620","NEF_GloFung-its2_415_2021",-11.66,-37.48,41,200,407,163,383,53,280
"3621","NEF_GloFung-its2_416_2021",-11.48,-37.48,41,197,420,144,333,51,306
"3622","NEF_GloFung-its2_417_2021",-10.97,-37.26,100,204,404,127,328,53,326
"3623","NEF_GloFung-its2_418_2021",-10.65,-36.87,100,161,491,133,305,54,256
"3624","NEF_GloFung-its2_419_2021",-10.69,-36.84,100,189,497,119,312,54,262
"3625","NEF_GloFung-its2_420_2021",-10.63,-36.76,100,165,423,127,248,53,286
"3626","NEF_GloFung-its2_421_2021",-10.62,-36.71,100,244,398,136,376,53,277
"3627","NEF_GloFung-its2_422_2021",-10.79,-36.91,100,222,340,175,439,54,317
"3628","NEF_GloFung-its2_423_2021",-10.76,-36.97,100,208,435,153,327,51,283
"3629","NEF_GloFung-its2_424_2021",-10.95,-37.15,100,232,402,145,373,52,338
"3630","NEF_GloFung-its2_425_2021",-10.8,-37.29,100,226,505,134,338,52,216
"3631","NEF_GloFung-its2_426_2021",-10.59,-37.49,100,247,522,181,330,61,211
"3632","NEF_GloFung-its2_427_2021",-9.88,-38.05,101,206,577,272,299,67,224
"3633","NEF_GloFung-its2_428_2021",-8.74,-38.47,39,76,643,199,78,67,203
"3634","NEF_GloFung-its2_429_2021",-8.68,-38.81,39,99,591,201,117,68,249
"3635","NEF_GloFung-its2_430_2021",-8.46,-39.19,39,112,582,210,102,66,224
"3636","NEF_GloFung-its2_431_2021",-7.31,-38.93,102,107,527,168,113,61,255
"3637","NEF_GloFung-its2_432_2021",-5.64,-38.99,103,125,664,194,131,60,183
"3638","NEF_GloFung-its2_433_2021",-4.89,-39.05,37,135,617,184,202,61,217
"3639","NEF_GloFung-its2_434_2021",-4.48,-38.88,37,120,738,154,166,58,137
"3640","NEF_GloFung-its2_435_2021",-4.41,-38.91,37,188,573,156,307,54,193
"3641","NEF_GloFung-its2_436_2021",-3.98,-38.63,37,319,480,158,509,51,261
"3642","NEF_GloFung-its2_437_2021",16.04,-61.64,36,735,300,288,908,53,323
"3643","NEF_GloFung-its2_438_2021",16.19,-61.74,36,700,286,271,810,59,267
"3644","NEF_GloFung-its2_439_2021",16.31,-61.8,36,0,0,0,0,0,0
"3645","NEF_GloFung-its2_440_2021",15.5,-61.26,36,671,298,262,613,57,338
"3646","NEF_GloFung-its2_441_2021",15.38,-61.34,36,682,254,288,813,56,349
"3647","NEF_GloFung-its2_442_2021",15.26,-61.34,36,607,241,276,913,57,328
"3648","NEF_GloFung-its2_443_2021",15.35,-61.32,36,629,292,229,959,53,310
"3649","NEF_GloFung-its2_444_2021",15.58,-61.47,36,0,0,0,0,0,0
"3650","NEF_GloFung-its2_445_2021",18.45,-64.53,35,0,0,0,0,0,0
"3651","NEF_GloFung-its2_446_2021",18.4,-64.66,35,585,313,289,697,57,393
"3652","NEF_GloFung-its2_447_2021",18.39,-64.71,35,0,0,0,0,0,0
"3653","NEF_GloFung-its2_448_2021",18.14,-66.97,34,976,203,298,1256,51,340
"3654","NEF_GloFung-its2_449_2021",17.94,-66.95,34,615,202,392,607,72,396
"3655","NEF_GloFung-its2_450_2021",18.18,-66.49,34,715,151,299,1028,52,361
"3656","NEF_GloFung-its2_451_2021",18.13,-66.07,56,466,202,259,538,54,316
"3657","NEF_GloFung-its2_452_2021",18.31,-65.75,56,589,168,266,709,50,407
"3658","NEF_GloFung-its2_453_2021",18.45,-65.91,56,0,0,0,0,0,0
"3659","NEF_GloFung-its2_454_2021",30.28,-94.54,55,424,259,139,407,49,599
"3660","NEF_GloFung-its2_174_2021",30.47,-94.35,55,412,445,143,346,47,423
"3661","NEF_GloFung-its2_455_2021",30.36,-94.1,55,361,462,136,572,48,409
"3662","NEF_GloFung-its2_456_2021",30.33,-94.64,55,440,279,146,627,48,562
"3663","NEF_GloFung-its2_457_2021",30.31,-93.73,55,633,350,175,557,53,472
"3664","NEF_GloFung-its2_458_2021",29.57,-94.39,104,0,0,0,0,0,0
"3665","NEF_GloFung-its2_459_2021",29.68,-94.63,104,631,346,211,463,56,327
"3666","NEF_GloFung-its2_460_2021",20.02,-75.78,32,420,180,408,424,72,355
"3667","NEF_GloFung-its2_461_2021",19.98,-75.84,32,566,154,384,728,68,403
"3668","NEF_GloFung-its2_462_2021",20.01,-75.64,32,593,145,337,882,56,372
"3669","NEF_GloFung-its2_463_2021",20.01,-75.62,32,593,156,305,859,56,427
"3670","NEF_GloFung-its2_464_2021",20.84,-76.13,32,504,213,439,435,70,374
"3671","NEF_GloFung-its2_465_2021",20.78,-76.3,32,262,213,401,347,71,332
"3672","NEF_GloFung-its2_466_2021",20.35,-76.55,32,254,206,407,333,69,314
"3673","NEF_GloFung-its2_467_2021",20.2,-76.45,32,668,294,278,919,60,327
"3674","NEF_GloFung-its2_468_2021",20.17,-76.51,32,587,248,332,708,61,361
"3675","NEF_GloFung-its2_469_2021",21.51,-77.04,105,909,286,343,1504,70,280
"3676","NEF_GloFung-its2_470_2021",22.35,-78.83,106,405,177,347,446,70,357
"3677","NEF_GloFung-its2_471_2021",22.3,-79.22,106,704,154,455,657,67,319
"3678","NEF_GloFung-its2_472_2021",22.16,-80.82,107,832,173,324,1146,68,339
"3679","NEF_GloFung-its2_473_2021",22.28,-81.19,107,0,0,0,0,0,0
"3680","NEF_GloFung-its2_474_2021",22.43,-81.15,107,880,186,309,1561,64,295
"3681","NEF_GloFung-its2_475_2021",22.6,-81.32,107,994,150,329,1493,66,274
"3682","NEF_GloFung-its2_476_2021",22.75,-83.38,30,476,279,234,611,59,279
"3683","NEF_GloFung-its2_477_2021",22.65,-83.71,30,507,264,240,579,60,318
"3684","NEF_GloFung-its2_478_2021",22.54,-83.71,30,445,237,242,516,59,330
"3685","NEF_GloFung-its2_479_2021",22.12,-83.97,30,0,0,0,0,0,0
"3686","NEF_GloFung-its2_480_2021",32.64,-108.34,108,136,564,220,130,70,239
"3687","NEF_GloFung-its2_481_2021",32.95,-108.21,108,642,479,234,496,66,359
"3688","NEF_GloFung-its2_482_2021",32.88,-108.22,108,534,486,221,480,66,323
"3689","NEF_GloFung-its2_483_2021",32.44,-110.79,29,788,596,222,777,56,271
"3690","NEF_GloFung-its2_484_2021",32.44,-110.76,29,694,508,259,411,58,337
"3691","NEF_GloFung-its2_485_2021",11.23,-73.83,53,451,335,264,482,60,290
"3692","NEF_GloFung-its2_486_2021",11.28,-74.01,53,436,339,255,475,65,308
"3693","NEF_GloFung-its2_487_2021",11.26,-73.7,53,0,0,0,0,0,0
"3694","NEF_GloFung-its2_488_2021",11.25,-73.67,53,0,0,0,0,0,0
"3695","NEF_GloFung-its2_489_2021",11.26,-73.6,53,0,0,0,0,0,0
"3696","NEF_GloFung-its2_490_2021",12.21,-72.18,109,0,0,0,0,0,0
"3697","NEF_GloFung-its2_491_2021",11.37,-73.12,109,0,0,0,0,0,0
"3698","NEF_GloFung-its2_492_2021",11.31,-73.93,53,0,0,0,0,0,0
"3699","NEF_GloFung-its2_493_2021",-2.58,-60.03,110,217,450,156,290,41,205
"3700","NEF_GloFung-its2_494_2021",-2.57,-60.02,110,230,453,145,319,41,225
"3701","NEF_GloFung-its2_495_2021",-2.59,-60.03,110,224,425,170,290,40,236
"3702","NEF_GloFung-its2_496_2021",-54.99,-67.68,60,1053,509,352,0,58,325
"3703","NEF_GloFung-its2_497_2021",-53.69,-70.98,21,1245,543,343,2175,54,234
"3704","NEF_GloFung-its2_498_2021",-33.36,-70.29,111,326,585,240,623,68,241
"3705","NEF_GloFung-its2_499_2021",-2.57,-60.32,110,231,356,179,334,40,346
"3706","NEF_GloFung-its2_500_2021",-2.56,-60.32,110,213,362,161,317,40,283
"3707","NEF_GloFung-its2_500_2021",-2.56,-60.32,110,213,362,161,317,40,283
"3708","NEF_GloFung-its2_501_2021",-2.56,-60.33,110,222,386,167,319,40,293
"3709","NEF_GloFung-its2_500_2021",-2.56,-60.32,110,213,362,161,317,40,283
"3710","NEF_GloFung-its2_500_2021",-2.56,-60.32,110,213,362,161,317,40,283
"3711","NEF_GloFung-its2_502_2021",-3.04,-60.77,110,256,345,138,307,41,335
"3712","NEF_GloFung-its2_503_2021",-3.08,-60.78,110,270,317,131,265,42,358
"3713","NEF_GloFung-its2_504_2021",-3.09,-60.84,110,257,368,130,261,40,272
"3714","NEF_GloFung-its2_505_2021",-1.97,-61.49,112,229,309,145,416,42,320
"3715","NEF_GloFung-its2_506_2021",-1.96,-61.44,112,250,328,153,382,43,268
"3716","NEF_GloFung-its2_507_2021",-1.94,-61.45,112,0,0,0,0,0,0
"3717","NEF_GloFung-its2_508_2021",-1.93,-61.45,112,0,0,0,0,0,0
"3718","NEF_GloFung-its2_509_2021",-1.91,-61.46,112,0,0,0,0,0,0
"3719","NEF_GloFung-its2_510_2021",-1.9,-61.46,112,221,350,145,474,43,325
"3720","NEF_GloFung-its2_511_2021",-1.74,-51.39,113,298,380,148,369,45,265
"3721","NEF_GloFung-its2_511_2021",-1.74,-51.39,113,298,380,148,369,45,265
"3722","NEF_GloFung-its2_511_2021",-1.74,-51.39,113,298,380,148,369,45,265
"3723","NEF_GloFung-its2_512_2021",-1.77,-51.42,113,301,416,142,460,46,240
"3724","NEF_GloFung-its2_513_2021",-1.77,-51.43,113,0,0,0,0,0,0
"3725","NEF_GloFung-its2_514_2021",-1.78,-51.43,113,296,304,226,639,49,302
"3726","NEF_GloFung-its2_515_2021",-1.74,-51.46,113,230,436,141,269,45,253
"3727","NEF_GloFung-its2_515_2021",-1.74,-51.46,113,230,436,141,269,45,253
"3728","NEF_GloFung-its2_515_2021",-1.74,-51.46,113,230,436,141,269,45,253
"3729","NEF_GloFung-its2_516_2021",-1.72,-51.45,113,290,398,159,299,45,230
"3730","NEF_GloFung-its2_516_2021",-1.72,-51.45,113,290,398,159,299,45,230
"3731","NEF_GloFung-its2_517_2021",-1.74,-51.44,113,239,464,170,596,44,216
"3732","NEF_GloFung-its2_518_2021",-4.35,-70.03,40,0,0,0,0,0,0
"3733","NEF_GloFung-its2_519_2021",-4.35,-70.02,40,318,140,162,493,44,628
"3734","NEF_GloFung-its2_520_2021",-4.34,-70.01,40,306,142,168,465,43,587
"3735","NEF_GloFung-its2_521_2021",-4.43,-70.08,40,337,180,173,426,43,506
"3736","NEF_GloFung-its2_522_2021",-4.42,-70.06,40,337,314,160,452,42,395
"3737","NEF_GloFung-its2_523_2021",-4.43,-70.07,40,347,240,163,500,43,451
"3738","NEF_GloFung-its2_524_2021",-4.32,-70,40,334,112,160,465,45,616
"3739","NEF_GloFung-its2_524_2021",-4.32,-70,40,334,112,160,465,45,616
"3740","NEF_GloFung-its2_525_2021",-4.33,-70.01,40,336,109,156,597,43,630
"3741","NEF_GloFung-its2_526_2021",6.75,-75.48,47,570,334,269,1080,53,349
"3742","NEF_GloFung-its2_527_2021",6.5,-75.55,47,623,386,300,1042,52,326
"3743","NEF_GloFung-its2_528_2021",5.89,-74.85,47,364,310,210,437,49,352
"3744","NEF_GloFung-its2_529_2021",11.18,-74.24,53,0,0,0,0,0,0
"3745","NEF_GloFung-its2_530_2021",-3.99,-69.9,40,355,368,191,397,42,301
"3746","NEF_GloFung-its2_531_2021",-4,-69.89,40,362,426,201,397,42,296
"3747","NEF_GloFung-its2_532_2021",-4.05,-69.99,40,351,338,189,470,43,357
"3748","NEF_GloFung-its2_533_2021",-4,-69.9,40,339,443,199,420,42,272
"3749","NEF_GloFung-its2_534_2021",-4.01,-69.9,40,339,437,189,396,42,306
"3750","NEF_GloFung-its2_533_2021",-4,-69.9,40,339,443,199,420,42,272
"3751","NEF_GloFung-its2_535_2021",5.72,-73.47,54,452,318,283,750,59,340
"3752","NEF_GloFung-its2_536_2021",5.72,-73.43,54,647,405,305,1132,56,321
"3753","NEF_GloFung-its2_537_2021",4.88,-75.18,45,609,414,307,1095,55,285
"3754","NEF_GloFung-its2_538_2021",4.88,-75.19,45,643,444,322,1167,55,236
"3755","NEF_GloFung-its2_539_2021",6.26,-75.5,47,564,367,239,1124,50,333
"3756","NEF_GloFung-its2_540_2021",6.15,-75.44,47,510,385,266,826,53,328
"3757","NEF_GloFung-its2_541_2021",4.92,-75.27,45,665,457,340,1400,54,281
"3758","NEF_GloFung-its2_542_2021",4.88,-75.17,45,669,399,336,1350,55,304
"3759","NEF_GloFung-its2_542_2021",4.88,-75.17,45,669,399,336,1350,55,304
"3760","NEF_GloFung-its2_543_2021",5.77,-73.43,54,455,339,294,767,54,305
"3761","NEF_GloFung-its2_544_2021",-0.6,-72.41,33,383,534,253,707,43,245
"3762","NEF_GloFung-its2_545_2021",-0.62,-72.4,33,393,534,228,675,43,265
"3763","NEF_GloFung-its2_545_2021",-0.62,-72.4,33,393,534,228,675,43,265
"3764","NEF_GloFung-its2_546_2021",-0.64,-72.07,33,418,477,234,531,41,257
"3765","NEF_GloFung-its2_547_2021",-0.63,-72.09,33,416,436,245,731,41,287
"3766","NEF_GloFung-its2_548_2021",-0.56,-72.11,33,377,460,238,566,41,284
"3767","NEF_GloFung-its2_546_2021",-0.64,-72.07,33,418,477,234,531,41,257
"3768","NEF_GloFung-its2_549_2021",6.7,-75.47,47,499,332,234,988,52,323
"3769","NEF_GloFung-its2_550_2021",6.71,-75.47,47,565,312,239,1070,54,361
"3770","NEF_GloFung-its2_551_2021",6.75,-75.49,47,566,334,229,1179,53,348
"3771","NEF_GloFung-its2_552_2021",4.87,-75.13,45,589,334,318,1003,54,314
"3772","NEF_GloFung-its2_553_2020",8.921667,-82.880861,13,495,341,136,505,54,318
"3773","NEF_GloFung-its2_554_2021",4.87,-75.17,45,612,383,318,1173,55,286
"3774","NEF_GloFung-its2_555_2020",8.878,-82.941472,13,593,326,148,482,52,315
"3775","NEF_GloFung-its2_556_2021",4.87,-75.25,45,481,468,284,931,59,291
"3776","NEF_GloFung-its2_557_2020",10.275667,-84.756083,20,900,347,208,815,54,355
"3777","NEF_GloFung-its2_532_2021",-4.05,-69.99,40,351,338,189,470,43,357
"3778","NEF_GloFung-its2_558_2020",10.322889,-84.841972,20,526,346,192,626,57,293
"3779","NEF_GloFung-its2_533_2021",-4,-69.9,40,339,443,199,420,42,272
"3780","NEF_GloFung-its2_559_2020",8.952694,-82.999194,13,567,356,149,502,49,334
"3781","NEF_GloFung-its2_531_2021",-4,-69.89,40,362,426,201,397,42,296
"3782","NEF_GloFung-its2_560_2020",10.32525,-84.8405,20,532,334,187,614,57,316
"3783","NEF_GloFung-its2_533_2021",-4,-69.9,40,339,443,199,420,42,272
"3784","NEF_GloFung-its2_561_2020",10.322583,-84.843139,20,526,346,192,626,57,293
"3785","NEF_GloFung-its2_534_2021",-4.01,-69.9,40,339,437,189,396,42,306
"3786","NEF_GloFung-its2_562_2020",10.284528,-84.797028,20,570,328,202,644,57,289
"3787","NEF_GloFung-its2_534_2021",-4.01,-69.9,40,339,437,189,396,42,306
"3788","NEF_GloFung-its2_563_2020",10.327194,-84.842111,20,522,336,193,608,58,306
"3789","NEF_GloFung-its2_534_2021",-4.01,-69.9,40,339,437,189,396,42,306
"3790","NEF_GloFung-its2_564_2020",8.878,-82.952444,13,578,339,152,462,52,298
"3791","NEF_GloFung-its2_534_2021",-4.01,-69.9,40,339,437,189,396,42,306
"3792","NEF_GloFung-its2_565_2020",8.909472,-82.893944,13,574,333,122,432,53,322
"3793","NEF_GloFung-its2_566_2021",-0.93,-71.61,33,448,422,246,502,43,319
"3794","NEF_GloFung-its2_567_2020",8.934556,-82.828472,13,601,339,144,588,51,350
"3795","NEF_GloFung-its2_546_2021",-0.64,-72.07,33,418,477,234,531,41,257
"3796","NEF_GloFung-its2_568_2020",8.91,-82.890389,13,560,336,122,441,53,325
"3797","NEF_GloFung-its2_546_2021",-0.64,-72.07,33,418,477,234,531,41,257
"3798","NEF_GloFung-its2_569_2020",8.878472,-82.949972,13,575,351,157,448,52,314
"3799","NEF_GloFung-its2_570_2021",-0.64,-72.08,33,354,469,228,507,41,274
"3800","NEF_GloFung-its2_571_2020",8.903722,-82.786611,13,562,346,221,586,52,320
"3801","NEF_GloFung-its2_572_2021",-0.63,-72.39,33,338,460,240,635,44,308
"3802","NEF_GloFung-its2_573_2020",8.901889,-82.796444,13,492,345,159,556,54,315
"3803","NEF_GloFung-its2_574_2021",-0.63,-72.4,33,393,433,228,669,45,309
"3804","NEF_GloFung-its2_575_2020",10.354528,-84.904722,20,490,357,194,609,57,273
"3805","NEF_GloFung-its2_576_2021",-0.64,-72.4,33,364,501,241,632,43,278
"3806","NEF_GloFung-its2_577_2020",10.353833,-84.869806,20,477,315,191,531,58,300
"3807","NEF_GloFung-its2_530_2021",-3.99,-69.9,40,355,368,191,397,42,301
"3808","NEF_GloFung-its2_578_2020",10.375306,-84.899,20,467,321,191,559,58,263
"3809","NEF_GloFung-its2_533_2021",-4,-69.9,40,339,443,199,420,42,272
"3810","NEF_GloFung-its2_563_2020",10.326889,-84.841583,20,543,330,194,633,57,314
"3811","NEF_GloFung-its2_533_2021",-4,-69.9,40,339,443,199,420,42,272
"3812","NEF_GloFung-its2_579_2020",10.324389,-84.841694,20,532,334,187,614,57,316
"3813","NEF_GloFung-its2_548_2021",-0.56,-72.11,33,377,460,238,566,41,284
"3814","NEF_GloFung-its2_580_2020",10.324583,-84.84275,20,511,338,186,603,57,306
"3815","NEF_GloFung-its2_547_2021",-0.63,-72.09,33,416,436,245,731,41,287
"3816","NEF_GloFung-its2_560_2020",10.32575,-84.840444,20,543,330,194,633,57,314
"3817","NEF_GloFung-its2_545_2021",-0.62,-72.4,33,393,534,228,675,43,265
"3818","NEF_GloFung-its2_581_2020",8.878083,-82.950861,13,578,339,152,462,52,298
"3819","NEF_GloFung-its2_545_2021",-0.62,-72.4,33,393,534,228,675,43,265
"3820","NEF_GloFung-its2_582_2020",8.738389,-82.949111,13,408,352,147,450,55,327
"3821","NEF_GloFung-its2_583_2019",-32.0725556,-64.86466667,31,282,469,176,265,67,381
"3822","NEF_GloFung-its2_583_2019",-32.0725556,-64.86466667,31,282,469,176,265,67,381
"3823","NEF_GloFung-its2_584_2019",-32.0506667,-64.93383333,31,350,482,207,648,67,331
"3824","NEF_GloFung-its2_585_2019",-32.0390278,-64.75069444,31,218,320,192,259,65,418
"3825","NEF_GloFung-its2_586_2019",-32.0539722,-64.89566667,31,317,482,190,358,67,342
"3826","NEF_GloFung-its2_585_2019",-32.0390278,-64.75069444,31,218,320,192,259,65,418
"3827","NEF_GloFung-its2_583_2019",-32.0725556,-64.86466667,31,282,469,176,265,67,381
"3828","NEF_GloFung-its2_586_2019",-32.0539722,-64.89566667,31,317,482,190,358,67,342
"3829","NEF_GloFung-its2_584_2019",-32.0506667,-64.93383333,31,350,482,207,648,67,331
"3830","NEF_GloFung-its2_585_2019",-32.0390278,-64.75069444,31,218,320,192,259,65,418
"3831","NEF_GloFung-its2_586_2019",-32.0539722,-64.89566667,31,317,482,190,358,67,342
"3832","NEF_GloFung-its2_584_2019",-32.0506667,-64.93383333,31,350,482,207,648,67,331
"3833","NEF_GloFung-its2_587_2021",29.23005,-103.37832,132,140,533,168,179,79,266
"3834","NEF_GloFung-its2_588_2021",30.34736,-104.04668,133,116,474,205,148,77,293
"3835","NEF_GloFung-its2_589_2021",29.27425,-103.28608,132,287,435,199,357,73,277
"3836","NEF_GloFung-its2_587_2021",29.23005,-103.37832,132,140,533,168,179,79,266
"3837","NEF_GloFung-its2_588_2021",30.34736,-104.04668,133,116,474,205,148,77,293
"3838","NEF_GloFung-its2_590_2021",32.16806,-107.75105,108,107,358,209,67,81,397
"3839","NEF_GloFung-its2_588_2021",30.34736,-104.04668,133,116,474,205,148,77,293
"3840","NEF_GloFung-its2_591_2021",32.74914,-108.2876,108,118,642,206,150,68,226
"3841","NEF_GloFung-its2_592_2021",32.03624,-107.64451,108,91,542,178,69,81,250
"3842","NEF_GloFung-its2_591_2021",32.74914,-108.2876,108,118,642,206,150,68,226
"3843","NEF_GloFung-its2_589_2021",29.27425,-103.28608,132,287,435,199,357,73,277
"3844","NEF_GloFung-its2_593_2021",30.34758,-104.03952,133,116,445,212,145,77,273
"3845","NEF_GloFung-its2_588_2021",30.34736,-104.04668,133,116,474,205,148,77,293
"3846","NEF_GloFung-its2_593_2021",30.34758,-104.03952,133,116,445,212,145,77,273
"3847","NEF_GloFung-its2_591_2021",32.74914,-108.2876,108,118,642,206,150,68,226
"3848","NEF_GloFung-its2_593_2021",30.34758,-104.03952,133,116,445,212,145,77,273
"3849","NEF_GloFung-its2_591_2021",32.74914,-108.2876,108,118,642,206,150,68,226
"3850","NEF_GloFung-its2_594_2021",31.09185,-94.26535,134,166,580,131,357,50,284
"3851","NEF_GloFung-its2_595_2021",30.1847,-97.8675,135,307,353,214,312,68,354
"3852","NEF_GloFung-its2_596_2021",32.79587,-108.18346,108,130,550,263,138,70,240
"3853","NEF_GloFung-its2_597_2021",29.39087,-95.03443,104,644,348,221,477,62,402
"3854","NEF_GloFung-its2_598_2021",30.18225,-97.87452,135,247,309,210,380,68,360
"3855","NEF_GloFung-its2_596_2021",32.79587,-108.18346,108,130,550,263,138,70,240
"3856","NEF_GloFung-its2_599_2021",31.95908,-104.76002,136,204,433,211,264,76,328
"3857","NEF_GloFung-its2_594_2021",31.09185,-94.26535,134,166,580,131,357,50,284
"3858","NEF_GloFung-its2_597_2021",29.39087,-95.03443,104,644,348,221,477,62,402
"3859","NEF_GloFung-its2_596_2021",32.79587,-108.18346,108,130,550,263,138,70,240
"3860","NEF_GloFung-its2_588_2021",30.34736,-104.04668,133,116,474,205,148,77,293
"3861","NEF_GloFung-its2_596_2021",32.79587,-108.18346,108,130,550,263,138,70,240
"3862","NEF_GloFung-its2_592_2021",32.03624,-107.64451,108,91,542,178,69,81,250
"3863","NEF_GloFung-its2_595_2021",30.1847,-97.8675,135,307,353,214,312,68,354
"3864","NEF_GloFung-its2_597_2021",29.39087,-95.03443,104,644,348,221,477,62,402
"3865","NEF_GloFung-its2_597_2021",29.39087,-95.03443,104,644,348,221,477,62,402
"3866","NEF_GloFung-its2_592_2021",32.03624,-107.64451,108,91,542,178,69,81,250
"3867","NEF_GloFung-its2_595_2021",30.1847,-97.8675,135,307,353,214,312,68,354
"3868","NEF_GloFung-its2_589_2021",29.27425,-103.28608,132,287,435,199,357,73,277
"3869","NEF_GloFung-its2_600_2021",30.18331,-97.8768,135,257,304,218,345,70,365
"3870","NEF_GloFung-its2_589_2021",29.27425,-103.28608,132,287,435,199,357,73,277
"3871","NEF_GloFung-its2_593_2021",30.34758,-104.03952,133,116,445,212,145,77,273
"3872","NEF_GloFung-its2_599_2021",31.95908,-104.76002,136,204,433,211,264,76,328
"3873","NEF_GloFung-its2_594_2021",31.09185,-94.26535,134,166,580,131,357,50,284
"3874","NEF_GloFung-its2_590_2021",32.16806,-107.75105,108,107,358,209,67,81,397
"3875","NEF_GloFung-its2_590_2021",32.16806,-107.75105,108,107,358,209,67,81,397
"3876","NEF_GloFung-its2_589_2021",29.27425,-103.28608,132,287,435,199,357,73,277
"3877","NEF_GloFung-its2_589_2021",29.27425,-103.28608,132,287,435,199,357,73,277
"3878","NEF_GloFung-its2_599_2021",31.95908,-104.76002,136,204,433,211,264,76,328
"3879","NEF_GloFung-its2_591_2021",32.74914,-108.2876,108,118,642,206,150,68,226
"3880","NEF_GloFung-its2_596_2021",32.79587,-108.18346,108,130,550,263,138,70,240
"3881","NEF_GloFung-its2_599_2021",31.95908,-104.76002,136,204,433,211,264,76,328
"3882","NEF_GloFung-its2_596_2021",32.79587,-108.18346,108,130,550,263,138,70,240
"3883","NEF_GloFung-its2_594_2021",31.09185,-94.26535,134,166,580,131,357,50,284
"3884","NEF_GloFung-its2_599_2021",31.95908,-104.76002,136,204,433,211,264,76,328
"3885","NEF_GloFung-its2_600_2021",30.18331,-97.8768,135,257,304,218,345,70,365
"3886","NEF_GloFung-its2_596_2021",32.79587,-108.18346,108,130,550,263,138,70,240
"3887","NEF_GloFung-its2_596_2021",32.79587,-108.18346,108,130,550,263,138,70,240
"3888","NEF_GloFung-its2_597_2021",29.39087,-95.03443,104,644,348,221,477,62,402
"3889","NEF_GloFung-its2_599_2021",31.95908,-104.76002,136,204,433,211,264,76,328
"3890","NEF_GloFung-its2_595_2021",30.1847,-97.8675,135,307,353,214,312,68,354
"3891","NEF_GloFung-its2_594_2021",31.09185,-94.26535,134,166,580,131,357,50,284
"3892","NEF_GloFung-its2_588_2021",30.34736,-104.04668,133,116,474,205,148,77,293
"3893","NEF_GloFung-its2_596_2021",32.79587,-108.18346,108,130,550,263,138,70,240
"3894","NEF_GloFung-its2_599_2021",31.95908,-104.76002,136,204,433,211,264,76,328
"3895","NEF_GloFung-its2_599_2021",31.95908,-104.76002,136,204,433,211,264,76,328
"3896","NEF_GloFung-its2_600_2021",30.18331,-97.8768,135,257,304,218,345,70,365
"3897","NEF_GloFung-its2_591_2021",32.74914,-108.2876,108,118,642,206,150,68,226
"3898","NEF_GloFung-its2_597_2021",29.39087,-95.03443,104,644,348,221,477,62,402
"3899","NEF_GloFung-its2_598_2021",30.18225,-97.87452,135,247,309,210,380,68,360
"3900","NEF_GloFung-its2_593_2021",30.34758,-104.03952,133,116,445,212,145,77,273
"3901","NEF_GloFung-its2_597_2021",29.39087,-95.03443,104,644,348,221,477,62,402
"3902","NEF_GloFung-its2_599_2021",31.95908,-104.76002,136,204,433,211,264,76,328
"3903","NEF_GloFung-its2_593_2021",30.34758,-104.03952,133,116,445,212,145,77,273
"3904","NEF_GloFung-its2_591_2021",32.74914,-108.2876,108,118,642,206,150,68,226
"3905","NEF_GloFung-its2_600_2021",30.18331,-97.8768,135,257,304,218,345,70,365
"3906","NEF_GloFung-its2_594_2021",31.09185,-94.26535,134,166,580,131,357,50,284
"3907","NEF_GloFung-its2_601_2021",30.69382,-104.12415,133,216,416,220,297,70,311
"3908","NEF_GloFung-its2_598_2021",30.18225,-97.87452,135,247,309,210,380,68,360
"3909","NEF_GloFung-its2_597_2021",29.39087,-95.03443,104,644,348,221,477,62,402
"3910","NEF_GloFung-its2_600_2021",30.18331,-97.8768,135,257,304,218,345,70,365
"3911","NEF_GloFung-its2_593_2021",30.34758,-104.03952,133,116,445,212,145,77,273
"3912","NEF_GloFung-its2_599_2021",31.95908,-104.76002,136,204,433,211,264,76,328
"3913","NEF_GloFung-its2_601_2021",30.69382,-104.12415,133,216,416,220,297,70,311
"3914","NEF_GloFung-its2_599_2021",31.95908,-104.76002,136,204,433,211,264,76,328
"3915","NEF_GloFung-its2_592_2021",32.03624,-107.64451,108,91,542,178,69,81,250
"3916","NEF_GloFung-its2_594_2021",31.09185,-94.26535,134,166,580,131,357,50,284
"3917","NEF_GloFung-its2_589_2021",29.27425,-103.28608,132,287,435,199,357,73,277
"3918","NEF_GloFung-its2_597_2021",29.39087,-95.03443,104,644,348,221,477,62,402
"3919","NEF_GloFung-its2_598_2021",30.18225,-97.87452,135,247,309,210,380,68,360
"3920","NEF_GloFung-its2_597_2021",29.39087,-95.03443,104,644,348,221,477,62,402
"3921","NEF_GloFung-its2_597_2021",29.39087,-95.03443,104,644,348,221,477,62,402
"3922","NEF_GloFung-its2_587_2021",29.23005,-103.37832,132,140,533,168,179,79,266
"3923","NEF_GloFung-its2_595_2021",30.1847,-97.8675,135,307,353,214,312,68,354
"3924","NEF_GloFung-its2_600_2021",30.18331,-97.8768,135,257,304,218,345,70,365
"3925","NEF_GloFung-its2_591_2021",32.74914,-108.2876,108,118,642,206,150,68,226
"3926","NEF_GloFung-its2_597_2021",29.39087,-95.03443,104,644,348,221,477,62,402
"3927","NEF_GloFung-its2_589_2021",29.27425,-103.28608,132,287,435,199,357,73,277
"3928","NEF_GloFung-its2_594_2021",31.09185,-94.26535,134,166,580,131,357,50,284
"3929","NEF_GloFung-its2_595_2021",30.1847,-97.8675,135,307,353,214,312,68,354
"3930","NEF_GloFung-its2_596_2021",32.79587,-108.18346,108,130,550,263,138,70,240
"3931","NEF_GloFung-its2_587_2021",29.23005,-103.37832,132,140,533,168,179,79,266
"3932","NEF_GloFung-its2_597_2021",29.39087,-95.03443,104,644,348,221,477,62,402
"3933","NEF_GloFung-its2_591_2021",32.74914,-108.2876,108,118,642,206,150,68,226
"3934","NEF_GloFung-its2_599_2021",31.95908,-104.76002,136,204,433,211,264,76,328
"3935","NEF_GloFung-its2_588_2021",30.34736,-104.04668,133,116,474,205,148,77,293
"3936","NEF_GloFung-its2_599_2021",31.95908,-104.76002,136,204,433,211,264,76,328
"3937","NEF_GloFung-its2_592_2021",32.03624,-107.64451,108,91,542,178,69,81,250
"3938","NEF_GloFung-its2_598_2021",30.18225,-97.87452,135,247,309,210,380,68,360
"3939","NEF_GloFung-its2_591_2021",32.74914,-108.2876,108,118,642,206,150,68,226
"3940","NEF_GloFung-its2_599_2021",31.95908,-104.76002,136,204,433,211,264,76,328
"3941","NEF_GloFung-its2_596_2021",32.79587,-108.18346,108,130,550,263,138,70,240
"3942","NEF_GloFung-its2_595_2021",30.1847,-97.8675,135,307,353,214,312,68,354
"3943","NEF_GloFung-its2_596_2021",32.79587,-108.18346,108,130,550,263,138,70,240
"3944","NEF_GloFung-its2_601_2021",30.69382,-104.12415,133,216,416,220,297,70,311
"3945","NEF_GloFung-its2_596_2021",32.79587,-108.18346,108,130,550,263,138,70,240
"3946","NEF_GloFung-its2_590_2021",32.16806,-107.75105,108,107,358,209,67,81,397
"3947","NEF_GloFung-its2_591_2021",32.74914,-108.2876,108,118,642,206,150,68,226
"3948","NEF_GloFung-its2_587_2021",29.23005,-103.37832,132,140,533,168,179,79,266
"3949","NEF_GloFung-its2_595_2021",30.1847,-97.8675,135,307,353,214,312,68,354
"3950","NEF_GloFung-its2_589_2021",29.27425,-103.28608,132,287,435,199,357,73,277
"3951","NEF_GloFung-its2_592_2021",32.03624,-107.64451,108,91,542,178,69,81,250
"3952","NEF_GloFung-its2_600_2021",30.18331,-97.8768,135,257,304,218,345,70,365
"3953","NEF_GloFung-its2_587_2021",29.23005,-103.37832,132,140,533,168,179,79,266
"3954","NEF_GloFung-its2_596_2021",32.79587,-108.18346,108,130,550,263,138,70,240
"3955","NEF_GloFung-its2_598_2021",30.18225,-97.87452,135,247,309,210,380,68,360
"3956","NEF_GloFung-its2_592_2021",32.03624,-107.64451,108,91,542,178,69,81,250
"3957","NEF_GloFung-its2_587_2021",29.23005,-103.37832,132,140,533,168,179,79,266
"3958","NEF_GloFung-its2_588_2021",30.34736,-104.04668,133,116,474,205,148,77,293
"3959","NEF_GloFung-its2_590_2021",32.16806,-107.75105,108,107,358,209,67,81,397
"3960","NEF_GloFung-its2_590_2021",32.16806,-107.75105,108,107,358,209,67,81,397
"3961","NEF_GloFung-its2_590_2021",32.16806,-107.75105,108,107,358,209,67,81,397
"3962","NEF_GloFung-its2_590_2021",32.16806,-107.75105,108,107,358,209,67,81,397
"3963","NEF_GloFung-its2_587_2021",29.23005,-103.37832,132,140,533,168,179,79,266
"3964","NEF_GloFung-its2_600_2021",30.18331,-97.8768,135,257,304,218,345,70,365
"3965","NEF_GloFung-its2_597_2021",29.39087,-95.03443,104,644,348,221,477,62,402
"3966","NEF_GloFung-its2_590_2021",32.16806,-107.75105,108,107,358,209,67,81,397
"3967","NEF_GloFung-its2_599_2021",31.95908,-104.76002,136,204,433,211,264,76,328
"3968","NEF_GloFung-its2_594_2021",31.09185,-94.26535,134,166,580,131,357,50,284
"3969","NEF_GloFung-its2_600_2021",30.18331,-97.8768,135,257,304,218,345,70,365
"3970","NEF_GloFung-its2_597_2021",29.39087,-95.03443,104,644,348,221,477,62,402
"3971","NEF_GloFung-its2_599_2021",31.95908,-104.76002,136,204,433,211,264,76,328
"3972","NEF_GloFung-its2_596_2021",32.79587,-108.18346,108,130,550,263,138,70,240
"3973","NEF_GloFung-its2_590_2021",32.16806,-107.75105,108,107,358,209,67,81,397
"3974","NEF_GloFung-its2_596_2021",32.79587,-108.18346,108,130,550,263,138,70,240
"3975","NEF_GloFung-its2_599_2021",31.95908,-104.76002,136,204,433,211,264,76,328
"3976","NEF_GloFung-its2_600_2021",30.18331,-97.8768,135,257,304,218,345,70,365
"3977","NEF_GloFung-its2_588_2021",30.34736,-104.04668,133,116,474,205,148,77,293
"3978","NEF_GloFung-its2_595_2021",30.1847,-97.8675,135,307,353,214,312,68,354
"3979","NEF_GloFung-its2_597_2021",29.39087,-95.03443,104,644,348,221,477,62,402
"3980","NEF_GloFung-its2_597_2021",29.39087,-95.03443,104,644,348,221,477,62,402
"3981","NEF_GloFung-its2_592_2021",32.03624,-107.64451,108,91,542,178,69,81,250
"3982","NEF_GloFung-its2_587_2021",29.23005,-103.37832,132,140,533,168,179,79,266
"3983","NEF_GloFung-its2_596_2021",32.79587,-108.18346,108,130,550,263,138,70,240
"3984","NEF_GloFung-its2_601_2021",30.69382,-104.12415,133,216,416,220,297,70,311
"3985","NEF_GloFung-its2_598_2021",30.18225,-97.87452,135,247,309,210,380,68,360
"3986","NEF_GloFung-its2_593_2021",30.34758,-104.03952,133,116,445,212,145,77,273
"3987","NEF_GloFung-its2_593_2021",30.34758,-104.03952,133,116,445,212,145,77,273
"3988","NEF_GloFung-its2_598_2021",30.18225,-97.87452,135,247,309,210,380,68,360
"3989","NEF_GloFung-its2_590_2021",32.16806,-107.75105,108,107,358,209,67,81,397
"3990","NEF_GloFung-its2_595_2021",30.1847,-97.8675,135,307,353,214,312,68,354
"3991","NEF_GloFung-its2_597_2021",29.39087,-95.03443,104,644,348,221,477,62,402
"3992","NEF_GloFung-its2_592_2021",32.03624,-107.64451,108,91,542,178,69,81,250
"3993","NEF_GloFung-its2_595_2021",30.1847,-97.8675,135,307,353,214,312,68,354
"3994","NEF_GloFung-its2_596_2021",32.79587,-108.18346,108,130,550,263,138,70,240
"3995","NEF_GloFung-its2_596_2021",32.79587,-108.18346,108,130,550,263,138,70,240
"3996","NEF_GloFung-its2_587_2021",29.23005,-103.37832,132,140,533,168,179,79,266
"3997","NEF_GloFung-its2_587_2021",29.23005,-103.37832,132,140,533,168,179,79,266
"3998","NEF_GloFung-its2_590_2021",32.16806,-107.75105,108,107,358,209,67,81,397
"3999","NEF_GloFung-its2_601_2021",30.69382,-104.12415,133,216,416,220,297,70,311
"4000","NEF_GloFung-its2_600_2021",30.18331,-97.8768,135,257,304,218,345,70,365
"4001","NEF_GloFung-its2_601_2021",30.69382,-104.12415,133,216,416,220,297,70,311
"4002","NEF_GloFung-its2_597_2021",29.39087,-95.03443,104,644,348,221,477,62,402
"4003","NEF_GloFung-its2_592_2021",32.03624,-107.64451,108,91,542,178,69,81,250
"4004","NEF_GloFung-its2_596_2021",32.79587,-108.18346,108,130,550,263,138,70,240
"4005","NEF_GloFung-its2_593_2021",30.34758,-104.03952,133,116,445,212,145,77,273
"4006","NEF_GloFung-its2_599_2021",31.95908,-104.76002,136,204,433,211,264,76,328
"4007","NEF_GloFung-its2_598_2021",30.18225,-97.87452,135,247,309,210,380,68,360
"4008","NEF_GloFung-its2_594_2021",31.09185,-94.26535,134,166,580,131,357,50,284
"4009","NEF_GloFung-its2_594_2021",31.09185,-94.26535,134,166,580,131,357,50,284
"4010","NEF_GloFung-its2_596_2021",32.79587,-108.18346,108,130,550,263,138,70,240
"4011","NEF_GloFung-its2_599_2021",31.95908,-104.76002,136,204,433,211,264,76,328
"4012","NEF_GloFung-its2_597_2021",29.39087,-95.03443,104,644,348,221,477,62,402
"4013","NEF_GloFung-its2_589_2021",29.27425,-103.28608,132,287,435,199,357,73,277
"4014","NEF_GloFung-its2_592_2021",32.03624,-107.64451,108,91,542,178,69,81,250
"4015","NEF_GloFung-its2_592_2021",32.03624,-107.64451,108,91,542,178,69,81,250
"4016","NEF_GloFung-its2_589_2021",29.27425,-103.28608,132,287,435,199,357,73,277
"4017","NEF_GloFung-its2_601_2021",30.69382,-104.12415,133,216,416,220,297,70,311
"4018","NEF_GloFung-its2_597_2021",29.39087,-95.03443,104,644,348,221,477,62,402
"4019","NEF_GloFung-its2_588_2021",30.34736,-104.04668,133,116,474,205,148,77,293
"4020","NEF_GloFung-its2_589_2021",29.27425,-103.28608,132,287,435,199,357,73,277
"4021","NEF_GloFung-its2_596_2021",32.79587,-108.18346,108,130,550,263,138,70,240
"4022","NEF_GloFung-its2_601_2021",30.69382,-104.12415,133,216,416,220,297,70,311
"4023","NEF_GloFung-its2_601_2021",30.69382,-104.12415,133,216,416,220,297,70,311
"4024","NEF_GloFung-its2_599_2021",31.95908,-104.76002,136,204,433,211,264,76,328
"4025","NEF_GloFung-its2_594_2021",31.09185,-94.26535,134,166,580,131,357,50,284
"4026","NEF_GloFung-its2_596_2021",32.79587,-108.18346,108,130,550,263,138,70,240
"4027","NEF_GloFung-its2_588_2021",30.34736,-104.04668,133,116,474,205,148,77,293
"4028","NEF_GloFung-its2_593_2021",30.34758,-104.03952,133,116,445,212,145,77,273
"4029","NEF_GloFung-its2_601_2021",30.69382,-104.12415,133,216,416,220,297,70,311
"4030","NEF_GloFung-its2_601_2021",30.69382,-104.12415,133,216,416,220,297,70,311
"4031","NEF_GloFung-its2_599_2021",31.95908,-104.76002,136,204,433,211,264,76,328
"4032","NEF_GloFung-its2_595_2021",30.1847,-97.8675,135,307,353,214,312,68,354
"4033","NEF_GloFung-its2_600_2021",30.18331,-97.8768,135,257,304,218,345,70,365
"4034","NEF_GloFung-its2_599_2021",31.95908,-104.76002,136,204,433,211,264,76,328
"4035","NEF_GloFung-its2_598_2021",30.18225,-97.87452,135,247,309,210,380,68,360
"4036","NEF_GloFung-its2_598_2021",30.18225,-97.87452,135,247,309,210,380,68,360
"4037","NEF_GloFung-its2_597_2021",29.39087,-95.03443,104,644,348,221,477,62,402
"4038","NEF_GloFung-its2_599_2021",31.95908,-104.76002,136,204,433,211,264,76,328
"4039","NEF_GloFung-its2_601_2021",30.69382,-104.12415,133,216,416,220,297,70,311
"4040","NEF_GloFung-its2_599_2021",31.95908,-104.76002,136,204,433,211,264,76,328
"4041","NEF_GloFung-its2_596_2021",32.79587,-108.18346,108,130,550,263,138,70,240
"4042","NEF_GloFung-its2_597_2021",29.39087,-95.03443,104,644,348,221,477,62,402
"4043","NEF_GloFung-its2_597_2021",29.39087,-95.03443,104,644,348,221,477,62,402
"4044","NEF_GloFung-its2_593_2021",30.34758,-104.03952,133,116,445,212,145,77,273
"4045","NEF_GloFung-its2_588_2021",30.34736,-104.04668,133,116,474,205,148,77,293
"4046","NEF_GloFung-its2_587_2021",29.23005,-103.37832,132,140,533,168,179,79,266
"4047","NEF_GloFung-its2_602_2022",-16.378279,-71.541562,114,0,0,0,0,0,0
"4048","NEF_GloFung-its2_603_2022",-16.372398,-71.541019,114,0,0,0,0,0,0
"4049","NEF_GloFung-its2_604_2022",-16.409991,-71.548939,114,0,0,0,0,0,0
"4050","NEF_GloFung-its2_605_2022",-16.4269722,-71.673333,114,220,643,137,133,79,219
"4051","NEF_GloFung-its2_606_2022",-16.365158,-71.535685,114,0,0,0,0,0,0
"4052","NEF_GloFung-its2_607_2022",-16.368054,-71.592793,114,179,624,106,143,80,272
"4053","NEF_GloFung-its2_608_2022",-16.456254,-71.593083,114,0,0,0,0,0,0
"4054","NEF_GloFung-its2_609_2022",-16.401524,-71.605654,114,144,670,95,197,79,229
"4055","NEF_GloFung-its2_610_2022",-16.356661,-71.558701,114,0,0,0,0,0,0
"4056","NEF_GloFung-its2_611_2022",-16.332262,-71.53447,114,173,597,137,144,77,284
"4057","NEF_GloFung-its2_612_2022",-16.412333,-71.640875,114,161,668,80,185,79,228
"4058","NEF_GloFung-its2_613_2022",-16.427321,-71.631538,114,165,669,104,121,79,222
"4059","NEF_GloFung-its2_614_2019",-23.033333,-48.633333,131,300,492,170,442,53,219
"4060","NEF_GloFung-its2_614_2019",-23.033333,-48.633333,131,300,492,170,442,53,219
"4061","NEF_GloFung-its2_614_2019",-23.033333,-48.633333,131,300,492,170,442,53,219
"4062","NEF_GloFung-its2_614_2019",-23.033333,-48.633333,131,300,492,170,442,53,219
"4063","NEF_GloFung-its2_614_2019",-23.033333,-48.633333,131,300,492,170,442,53,219
"4064","NEF_GloFung-its2_614_2019",-23.033333,-48.633333,131,300,492,170,442,53,219
"4065","NEF_GloFung-its2_614_2019",-23.033333,-48.633333,131,300,492,170,442,53,219
"4066","NEF_GloFung-its2_614_2019",-23.033333,-48.633333,131,300,492,170,442,53,219
"4067","NEF_GloFung-its2_614_2019",-23.033333,-48.633333,131,300,492,170,442,53,219
"4068","NEF_GloFung-its2_614_2019",-23.033333,-48.633333,131,300,492,170,442,53,219
"4069","NEF_GloFung-its2_614_2019",-23.033333,-48.633333,131,300,492,170,442,53,219
"4070","NEF_GloFung-its2_614_2019",-23.033333,-48.633333,131,300,492,170,442,53,219
"4071","NEF_GloFung-its2_614_2019",-23.033333,-48.633333,131,300,492,170,442,53,219
"4072","NEF_GloFung-its2_614_2019",-23.033333,-48.633333,131,300,492,170,442,53,219
"4073","NEF_GloFung-its2_614_2019",-23.033333,-48.633333,131,300,492,170,442,53,219
"4074","NEF_GloFung-its2_614_2019",-23.033333,-48.633333,131,300,492,170,442,53,219
"4075","NEF_GloFung-its2_614_2019",-23.033333,-48.633333,131,300,492,170,442,53,219
"4076","NEF_GloFung-its2_614_2019",-23.033333,-48.633333,131,300,492,170,442,53,219
"4077","NEF_GloFung-its2_614_2019",-23.033333,-48.633333,131,300,492,170,442,53,219
"4078","NEF_GloFung-its2_614_2019",-23.033333,-48.633333,131,300,492,170,442,53,219
"4079","NEF_GloFung-its2_614_2019",-23.033333,-48.633333,131,300,492,170,442,53,219
"4080","NEF_GloFung-its2_614_2019",-23.033333,-48.633333,131,300,492,170,442,53,219
"4081","NEF_GloFung-its2_614_2019",-23.033333,-48.633333,131,300,492,170,442,53,219
"4082","NEF_GloFung-its2_614_2019",-23.033333,-48.633333,131,300,492,170,442,53,219
"4083","NEF_GloFung-its2_614_2019",-23.033333,-48.633333,131,300,492,170,442,53,219
"4084","NEF_GloFung-its2_614_2019",-23.033333,-48.633333,131,300,492,170,442,53,219
"4085","NEF_GloFung-its2_614_2019",-23.033333,-48.633333,131,300,492,170,442,53,219
"4086","NEF_GloFung-its2_614_2019",-23.033333,-48.633333,131,300,492,170,442,53,219
"4087","NEF_GloFung-its2_614_2019",-23.033333,-48.633333,131,300,492,170,442,53,219
"4088","NEF_GloFung-its2_614_2019",-23.033333,-48.633333,131,300,492,170,442,53,219
"4089","NEF_GloFung-its2_614_2019",-23.033333,-48.633333,131,300,492,170,442,53,219
"4090","NEF_GloFung-its2_614_2019",-23.033333,-48.633333,131,300,492,170,442,53,219
"4091","NEF_GloFung-its2_614_2019",-23.033333,-48.633333,131,300,492,170,442,53,219
"4092","NEF_GloFung-its2_614_2019",-23.033333,-48.633333,131,300,492,170,442,53,219
"4093","NEF_GloFung-its2_614_2019",-23.033333,-48.633333,131,300,492,170,442,53,219
"4094","NEF_GloFung-its2_614_2019",-23.033333,-48.633333,131,300,492,170,442,53,219
"4095","NEF_GloFung-its2_614_2019",-23.033333,-48.633333,131,300,492,170,442,53,219
"4096","NEF_GloFung-its2_614_2019",-23.033333,-48.633333,131,300,492,170,442,53,219
"4097","NEF_GloFung-its2_614_2019",-23.033333,-48.633333,131,300,492,170,442,53,219
"4098","NEF_GloFung-its2_614_2019",-23.033333,-48.633333,131,300,492,170,442,53,219
"4099","NEF_GloFung-its2_614_2019",-23.033333,-48.633333,131,300,492,170,442,53,219
"4100","NEF_GloFung-its2_614_2019",-23.033333,-48.633333,131,300,492,170,442,53,219
"4101","NEF_GloFung-its2_614_2019",-23.033333,-48.633333,131,300,492,170,442,53,219
"4102","NEF_GloFung-its2_614_2019",-23.033333,-48.633333,131,300,492,170,442,53,219
"4103","NEF_GloFung-its2_614_2019",-23.033333,-48.633333,131,300,492,170,442,53,219
"4104","NEF_GloFung-its2_614_2019",-23.033333,-48.633333,131,300,492,170,442,53,219
"4105","NEF_GloFung-its2_614_2019",-23.033333,-48.633333,131,300,492,170,442,53,219
"4106","NEF_GloFung-its2_614_2019",-23.033333,-48.633333,131,300,492,170,442,53,219
"4107","NEF_GloFung-its2_614_2019",-23.033333,-48.633333,131,300,492,170,442,53,219
"4108","NEF_GloFung-its2_614_2019",-23.033333,-48.633333,131,300,492,170,442,53,219
"4109","NEF_GloFung-its2_614_2019",-23.033333,-48.633333,131,300,492,170,442,53,219
"4110","NEF_GloFung-its2_614_2019",-23.033333,-48.633333,131,300,492,170,442,53,219
"4111","NEF_GloFung-its2_614_2019",-23.033333,-48.633333,131,300,492,170,442,53,219
"4112","NEF_GloFung-its2_614_2019",-23.033333,-48.633333,131,300,492,170,442,53,219
"4113","NEF_GloFung-its2_614_2019",-23.033333,-48.633333,131,300,492,170,442,53,219
"4114","NEF_GloFung-its2_614_2019",-23.033333,-48.633333,131,300,492,170,442,53,219
"4115","NEF_GloFung-its2_614_2019",-23.033333,-48.633333,131,300,492,170,442,53,219
"4116","NEF_GloFung-its2_614_2019",-23.033333,-48.633333,131,300,492,170,442,53,219
"4117","NEF_GloFung-its2_614_2019",-23.033333,-48.633333,131,300,492,170,442,53,219
"4118","NEF_GloFung-its2_614_2019",-23.033333,-48.633333,131,300,492,170,442,53,219
"4119","NEF_GloFung-its2_614_2019",-23.033333,-48.633333,131,300,492,170,442,53,219
"4120","NEF_GloFung-its2_614_2019",-23.033333,-48.633333,131,300,492,170,442,53,219
"4121","NEF_GloFung-its2_614_2019",-23.033333,-48.633333,131,300,492,170,442,53,219
"4122","NEF_GloFung-its2_614_2019",-23.033333,-48.633333,131,300,492,170,442,53,219
"4123","NEF_GloFung-its2_614_2019",-23.033333,-48.633333,131,300,492,170,442,53,219
"4124","NEF_GloFung-its2_614_2019",-23.033333,-48.633333,131,300,492,170,442,53,219
"4125","NEF_GloFung-its2_614_2019",-23.033333,-48.633333,131,300,492,170,442,53,219
"4126","NEF_GloFung-its2_614_2019",-23.033333,-48.633333,131,300,492,170,442,53,219
"4127","NEF_GloFung-its2_614_2019",-23.033333,-48.633333,131,300,492,170,442,53,219
"4128","NEF_GloFung-its2_614_2019",-23.033333,-48.633333,131,300,492,170,442,53,219
"4129","NEF_GloFung-its2_494_2020",-2.5708,-60.01995,110,230,453,145,319,41,225
"4130","NEF_GloFung-its2_615_2020",-4.32071666,-70.00263333,40,328,110,162,461,45,620
"4131","NEF_GloFung-its2_616_2020",-3.07933333,-60.77676667,110,248,266,134,307,42,410
"4132","NEF_GloFung-its2_617_2020",-1.73676666,-51.46168333,113,206,436,138,269,45,228
"4133","NEF_GloFung-its2_618_2020",-4.32608333,-70.00603333,40,319,145,156,442,45,585
"4134","NEF_GloFung-its2_619_2020",-4.42538333,-70.07126667,40,325,226,163,453,43,515
"4135","NEF_GloFung-its2_620_2020",-1.95511666,-61.44468333,112,249,316,160,460,42,302
"4136","NEF_GloFung-its2_621_2020",-4.42648333,-70.07526667,40,327,190,157,444,42,498
"4137","NEF_GloFung-its2_622_2020",-1.7403,-51.44491667,113,0,0,0,0,0,0
"4138","NEF_GloFung-its2_623_2020",-1.71751666,-51.45273333,113,290,407,160,300,45,229
"4139","NEF_GloFung-its2_624_2020",-1.78038333,-51.42853333,113,0,0,0,0,0,0
"4140","NEF_GloFung-its2_620_2020",-1.95511666,-61.44468333,112,249,316,160,460,42,302
"4141","NEF_GloFung-its2_625_2020",-1.74335,-51.3872,113,308,350,177,410,47,312
"4142","NEF_GloFung-its2_626_2020",-4.33586666,-70.01043333,40,315,138,166,591,43,611
"4143","NEF_GloFung-its2_627_2020",-2.55518333,-60.31978333,110,265,318,194,357,42,336
"4144","NEF_GloFung-its2_628_2020",-1.93945,-61.44631667,112,240,255,179,539,43,388
"4145","NEF_GloFung-its2_629_2020",-1.46143333,-61.46143333,112,236,244,141,368,40,389
"4146","NEF_GloFung-its2_627_2020",-2.55518333,-60.31978333,110,265,318,194,357,42,336
"4147","NEF_GloFung-its2_630_2020",-1.73941666,-51.45631667,113,229,441,141,276,44,240
"4148","NEF_GloFung-its2_631_2020",-3.08725,-60.84361667,110,263,371,128,267,41,270
"4149","NEF_GloFung-its2_632_2020",-1.926,-61.4529,112,0,0,0,0,0,0
"4150","NEF_GloFung-its2_625_2020",-1.74281666,-51.38715,113,308,350,177,410,47,312
"4151","NEF_GloFung-its2_625_2020",-1.7431,-51.38725,113,308,350,177,410,47,312
"4152","NEF_GloFung-its2_622_2020",-1.7403,-51.44491667,113,0,0,0,0,0,0
"4153","NEF_GloFung-its2_633_2020",-4.34593333,-70.02085,40,318,126,169,731,43,617
"4154","NEF_GloFung-its2_634_2020",-1.7245,-51.45428333,113,211,411,143,284,44,207
"4155","NEF_GloFung-its2_635_2020",-1.96526666,-61.48538333,112,229,324,139,521,42,348
"4156","NEF_GloFung-its2_636_2020",-2.55621666,-60.32216667,110,251,248,198,378,43,442
"4157","NEF_GloFung-its2_635_2020",-1.96526666,-61.48538333,112,229,324,139,521,42,348
"4158","NEF_GloFung-its2_623_2020",-1.71751666,-51.45273333,113,290,407,160,300,45,229
"4159","NEF_GloFung-its2_621_2020",-4.42648333,-70.07526667,40,327,190,157,444,42,498
"4160","NEF_GloFung-its2_637_2020",-2.56315,-60.32613333,110,238,320,190,373,42,388
"4161","NEF_GloFung-its2_638_2020",-1.91293333,-61.46016667,112,0,0,0,0,0,0
"4162","NEF_GloFung-its2_617_2020",-1.73676666,-51.46168333,113,206,436,138,269,45,228
"4163","NEF_GloFung-its2_639_2020",-2.56035,-60.32283333,110,255,296,208,405,43,385
"4164","NEF_GloFung-its2_636_2020",-2.55621666,-60.32216667,110,251,248,198,378,43,442
"4165","NEF_GloFung-its2_632_2020",-1.926,-61.4529,112,0,0,0,0,0,0
"4166","NEF_GloFung-its2_625_2020",-1.74335,-51.3872,113,308,350,177,410,47,312
"4167","NEF_GloFung-its2_502_2020",-3.03988333,-60.76948333,110,248,330,137,318,42,349
"4168","NEF_GloFung-its2_626_2020",-4.33586666,-70.01043333,40,315,138,166,591,43,611
"4169","NEF_GloFung-its2_640_2020",-2.55666666,-60.32081667,110,251,248,198,378,43,442
"4170","NEF_GloFung-its2_625_2020",-1.74281666,-51.38715,113,308,350,177,410,47,312
"4171","NEF_GloFung-its2_502_2020",-3.03988333,-60.76948333,110,248,330,137,318,42,349
"4172","NEF_GloFung-its2_494_2020",-2.5708,-60.01995,110,230,453,145,319,41,225
"4173","NEF_GloFung-its2_641_2020",-2.58758333,-60.03291667,110,255,440,170,297,41,218
"4174","NEF_GloFung-its2_642_2020",-2.566,-60.32075,110,225,307,201,338,43,394
"4175","NEF_GloFung-its2_625_2020",-1.7431,-51.38725,113,308,350,177,410,47,312
"4176","NEF_GloFung-its2_643_2020",-4.35276666,-70.02735,40,305,119,180,544,44,668
"4177","NEF_GloFung-its2_630_2020",-1.73941666,-51.45631667,113,229,441,141,276,44,240
"4178","NEF_GloFung-its2_644_2020",-1.73831666,-51.4586,113,230,443,139,263,45,245
"4179","NEF_GloFung-its2_633_2020",-4.34593333,-70.02085,40,318,126,169,731,43,617
"4180","NEF_GloFung-its2_628_2020",-1.93945,-61.44631667,112,240,255,179,539,43,388
"4181","NEF_GloFung-its2_645_2020",-4.32335,-70.00291667,40,307,132,153,448,45,601
"4182","NEF_GloFung-its2_646_2020",-4.42538333,-70.05903333,40,355,312,160,430,44,424
"4183","NEF_GloFung-its2_646_2020",-4.42538333,-70.05903333,40,355,312,160,430,44,424
"4184","NEF_GloFung-its2_629_2020",-1.46143333,-61.46143333,112,236,244,141,368,40,389
"4185","NEF_GloFung-its2_647_2020",-1.7747,-51.41778333,113,0,0,0,0,0,0
"4186","NEF_GloFung-its2_643_2020",-4.35276666,-70.02735,40,305,119,180,544,44,668
"4187","NEF_GloFung-its2_631_2020",-3.08725,-60.84361667,110,263,371,128,267,41,270
"4188","NEF_GloFung-its2_638_2020",-1.91293333,-61.46016667,112,0,0,0,0,0,0
"4189","NEF_GloFung-its2_639_2020",-2.56035,-60.32283333,110,255,296,208,405,43,385
"4190","NEF_GloFung-its2_640_2020",-2.55666666,-60.32081667,110,251,248,198,378,43,442
"4191","NEF_GloFung-its2_615_2020",-4.32071666,-70.00263333,40,328,110,162,461,45,620
"4192","NEF_GloFung-its2_644_2020",-1.73831666,-51.4586,113,230,443,139,263,45,245
"4193","NEF_GloFung-its2_637_2020",-2.56315,-60.32613333,110,238,320,190,373,42,388
"4194","NEF_GloFung-its2_624_2020",-1.78038333,-51.42853333,113,0,0,0,0,0,0
"4195","NEF_GloFung-its2_634_2020",-1.7245,-51.45428333,113,211,411,143,284,44,207
"4196","NEF_GloFung-its2_616_2020",-3.07933333,-60.77676667,110,248,266,134,307,42,410
"4197","NEF_GloFung-its2_618_2020",-4.32608333,-70.00603333,40,319,145,156,442,45,585
"4198","NEF_GloFung-its2_619_2020",-4.42538333,-70.07126667,40,325,226,163,453,43,515
"4199","NEF_GloFung-its2_641_2020",-2.58758333,-60.03291667,110,255,440,170,297,41,218
"4200","NEF_GloFung-its2_648_2020",-1.77133333,-51.41043333,113,0,0,0,0,0,0
"4201","NEF_GloFung-its2_648_2020",-1.77133333,-51.41043333,113,0,0,0,0,0,0
"4202","NEF_GloFung-its2_647_2020",-1.7747,-51.41778333,113,0,0,0,0,0,0
"4203","NEF_GloFung-its2_645_2020",-4.32335,-70.00291667,40,307,132,153,448,45,601
"4204","NEF_GloFung-its2_649_2020",-2.58156666,-60.03063333,110,219,427,161,312,41,198
"4205","NEF_GloFung-its2_650_2021",-2.959,-78.855,126,620,361,270,1119,52,391
"4206","NEF_GloFung-its2_651_2021",-2.936,-78.8339,126,556,411,281,906,55,348
"4207","NEF_GloFung-its2_652_2021",-2.936,-78.842,126,671,401,283,1090,53,355
"4208","NEF_GloFung-its2_653_2020",-21.30638889,-48.35194444,137,157,479,114,231,54,152
"4209","NEF_GloFung-its2_653_2020",-21.30638889,-48.35194444,137,157,479,114,231,54,152
"4210","NEF_GloFung-its2_653_2020",-21.30638889,-48.35194444,137,157,479,114,231,54,152
"4211","NEF_GloFung-its2_653_2020",-21.30638889,-48.35194444,137,157,479,114,231,54,152
"4212","NEF_GloFung-its2_653_2020",-21.30638889,-48.35194444,137,157,479,114,231,54,152
"4213","NEF_GloFung-its2_653_2020",-21.30638889,-48.35194444,137,157,479,114,231,54,152
"4214","NEF_GloFung-its2_653_2020",-21.30638889,-48.35194444,137,157,479,114,231,54,152
"4215","NEF_GloFung-its2_653_2020",-21.30638889,-48.35194444,137,157,479,114,231,54,152
"4216","NEF_GloFung-its2_653_2020",-21.30638889,-48.35194444,137,157,479,114,231,54,152
"4217","NEF_GloFung-its2_654_2019",11.55251389,-72.90038889,109,0,0,0,0,0,0
"4218","NEF_GloFung-its2_654_2019",11.55233333,-72.89988889,109,0,0,0,0,0,0
"4219","NEF_GloFung-its2_654_2019",11.55233333,-72.89988889,109,0,0,0,0,0,0
"4220","NEF_GloFung-its2_655_2019",11.55316667,-72.90097222,109,0,0,0,0,0,0
"4221","NEF_GloFung-its2_654_2019",11.55251389,-72.90038889,109,0,0,0,0,0,0
"4222","NEF_GloFung-its2_656_2018",-35.5986111,-57.9455556,115,413,237,247,549,76,482
"4223","NEF_GloFung-its2_657_2018",-35.7502778,-58.0394444,115,403,319,243,491,70,408
"4224","NEF_GloFung-its2_658_2018",-35.7608333,-58.0605556,115,396,336,257,537,72,410
"4225","NEF_GloFung-its2_657_2018",-35.7502778,-58.0394444,115,403,319,243,491,70,408
"4226","NEF_GloFung-its2_658_2018",-35.7608333,-58.0605556,115,396,336,257,537,72,410
"4227","NEF_GloFung-its2_656_2018",-35.5986111,-57.9455556,115,413,237,247,549,76,482
"4228","NEF_GloFung-its2_657_2018",-35.7502778,-58.0394444,115,403,319,243,491,70,408
"4229","NEF_GloFung-its2_658_2018",-35.7608333,-58.0605556,115,396,336,257,537,72,410
"4230","NEF_GloFung-its2_656_2018",-35.5986111,-57.9455556,115,413,237,247,549,76,482
"4231","NEF_GloFung-its2_659_2019",10.27,-84.16,20,671,343,173,554,54,344
"4232","NEF_GloFung-its2_659_2019",10.27,-84.16,20,671,343,173,554,54,344
"4233","NEF_GloFung-its2_659_2019",10.27,-84.16,20,671,343,173,554,54,344
"4234","NEF_GloFung-its2_659_2019",10.27,-84.16,20,671,343,173,554,54,344
"4235","NEF_GloFung-its2_659_2019",10.27,-84.16,20,671,343,173,554,54,344
"4236","NEF_GloFung-its2_659_2019",10.27,-84.16,20,671,343,173,554,54,344
"4237","NEF_GloFung-its2_659_2019",10.27,-84.16,20,671,343,173,554,54,344
"4238","NEF_GloFung-its2_659_2019",10.27,-84.16,20,671,343,173,554,54,344
"4239","NEF_GloFung-its2_659_2019",10.27,-84.16,20,671,343,173,554,54,344
"4240","NEF_GloFung-its2_659_2019",10.27,-84.16,20,671,343,173,554,54,344
"4241","NEF_GloFung-its2_659_2019",10.27,-84.16,20,671,343,173,554,54,344
"4242","NEF_GloFung-its2_659_2019",10.27,-84.16,20,671,343,173,554,54,344
"4243","NEF_GloFung-its2_659_2019",10.27,-84.16,20,671,343,173,554,54,344
"4244","NEF_GloFung-its2_659_2019",10.27,-84.16,20,671,343,173,554,54,344
"4245","NEF_GloFung-its2_659_2019",10.27,-84.16,20,671,343,173,554,54,344
"4246","NEF_GloFung-its2_659_2019",10.27,-84.16,20,671,343,173,554,54,344
"4247","NEF_GloFung-its2_659_2019",10.27,-84.16,20,671,343,173,554,54,344
"4248","NEF_GloFung-its2_659_2019",10.27,-84.16,20,671,343,173,554,54,344
"4249","NEF_GloFung-its2_660_2019",-2.8719,-79.1188,126,597,374,386,1292,52,386
"4250","NEF_GloFung-its2_661_2019",-2.8433,-79.1436,126,620,377,377,1271,52,404
"4251","NEF_GloFung-its2_661_2019",-2.8433,-79.1436,126,620,377,377,1271,52,404
"4252","NEF_GloFung-its2_661_2019",-2.8433,-79.1436,126,620,377,377,1271,52,404
"4253","NEF_GloFung-its2_662_2019",-2.8405,-79.1747,126,826,411,462,1721,51,380
"4254","NEF_GloFung-its2_660_2019",-2.8719,-79.1188,126,597,374,386,1292,52,386
"4255","NEF_GloFung-its2_660_2019",-2.8719,-79.1188,126,597,374,386,1292,52,386
"4256","NEF_GloFung-its2_660_2019",-2.8719,-79.1188,126,597,374,386,1292,52,386
"4257","NEF_GloFung-its2_661_2019",-2.8433,-79.1436,126,620,377,377,1271,52,404
"4258","NEF_GloFung-its2_660_2019",-2.8719,-79.1188,126,597,374,386,1292,52,386
"4259","NEF_GloFung-its2_660_2019",-2.8719,-79.1188,126,597,374,386,1292,52,386
"4260","NEF_GloFung-its2_662_2019",-2.8405,-79.1747,126,826,411,462,1721,51,380
"4261","NEF_GloFung-its2_662_2019",-2.8405,-79.1747,126,826,411,462,1721,51,380
"4262","NEF_GloFung-its2_661_2019",-2.8433,-79.1436,126,620,377,377,1271,52,404
"4263","NEF_GloFung-its2_662_2019",-2.8405,-79.1747,126,826,411,462,1721,51,380
"4264","NEF_GloFung-its2_661_2019",-2.8433,-79.1436,126,620,377,377,1271,52,404
"4265","NEF_GloFung-its2_660_2019",-2.8719,-79.1188,126,597,374,386,1292,52,386
"4266","NEF_GloFung-its2_663_2019",-2.8702,-79.1238,126,584,415,391,1193,52,376
"4267","NEF_GloFung-its2_663_2019",-2.8702,-79.1238,126,584,415,391,1193,52,376
"4268","NEF_GloFung-its2_660_2019",-2.8719,-79.1188,126,597,374,386,1292,52,386
"4269","NEF_GloFung-its2_661_2019",-2.8433,-79.1436,126,620,377,377,1271,52,404
"4270","NEF_GloFung-its2_660_2019",-2.8719,-79.1188,126,597,374,386,1292,52,386
"4271","NEF_GloFung-its2_662_2019",-2.8405,-79.1747,126,826,411,462,1721,51,380
"4272","NEF_GloFung-its2_661_2019",-2.8433,-79.1436,126,620,377,377,1271,52,404
"4273","NEF_GloFung-its2_663_2019",-2.8702,-79.1238,126,584,415,391,1193,52,376
"4274","NEF_GloFung-its2_662_2019",-2.8405,-79.1747,126,826,411,462,1721,51,380
"4275","NEF_GloFung-its2_662_2019",-2.8405,-79.1747,126,826,411,462,1721,51,380
"4276","NEF_GloFung-its2_662_2019",-2.8405,-79.1747,126,826,411,462,1721,51,380
"4277","NEF_GloFung-its2_662_2019",-2.8405,-79.1747,126,826,411,462,1721,51,380
"4278","NEF_GloFung-its2_663_2019",-2.8702,-79.1238,126,584,415,391,1193,52,376
"4279","NEF_GloFung-its2_662_2019",-2.8405,-79.1747,126,826,411,462,1721,51,380
"4280","NEF_GloFung-its2_660_2019",-2.8719,-79.1188,126,597,374,386,1292,52,386
"4281","NEF_GloFung-its2_663_2019",-2.8702,-79.1238,126,584,415,391,1193,52,376
"4282","NEF_GloFung-its2_663_2019",-2.8702,-79.1238,126,584,415,391,1193,52,376
"4283","NEF_GloFung-its2_663_2019",-2.8702,-79.1238,126,584,415,391,1193,52,376
"4284","NEF_GloFung-its2_663_2019",-2.8702,-79.1238,126,584,415,391,1193,52,376
"4285","NEF_GloFung-its2_663_2019",-2.8702,-79.1238,126,584,415,391,1193,52,376
"4286","NEF_GloFung-its2_663_2019",-2.8702,-79.1238,126,584,415,391,1193,52,376
"4287","NEF_GloFung-its2_661_2019",-2.8433,-79.1436,126,620,377,377,1271,52,404
"4288","NEF_GloFung-its2_663_2019",-2.8702,-79.1238,126,584,415,391,1193,52,376
"4289","NEF_GloFung-its2_661_2019",-2.8433,-79.1436,126,620,377,377,1271,52,404
"4290","NEF_GloFung-its2_662_2019",-2.8405,-79.1747,126,826,411,462,1721,51,380
"4291","NEF_GloFung-its2_662_2019",-2.8405,-79.1747,126,826,411,462,1721,51,380
"4292","NEF_GloFung-its2_662_2019",-2.8405,-79.1747,126,826,411,462,1721,51,380
"4293","NEF_GloFung-its2_661_2019",-2.8433,-79.1436,126,620,377,377,1271,52,404
"4294","NEF_GloFung-its2_660_2019",-2.8719,-79.1188,126,597,374,386,1292,52,386
"4295","NEF_GloFung-its2_662_2019",-2.8405,-79.1747,126,826,411,462,1721,51,380
"4296","NEF_GloFung-its2_662_2019",-2.8405,-79.1747,126,826,411,462,1721,51,380
"4297","NEF_GloFung-its2_663_2019",-2.8702,-79.1238,126,584,415,391,1193,52,376
"4298","NEF_GloFung-its2_662_2019",-2.8405,-79.1747,126,826,411,462,1721,51,380
"4299","NEF_GloFung-its2_663_2019",-2.8702,-79.1238,126,584,415,391,1193,52,376
"4300","NEF_GloFung-its2_663_2019",-2.8702,-79.1238,126,584,415,391,1193,52,376
"4301","NEF_GloFung-its2_663_2019",-2.8702,-79.1238,126,584,415,391,1193,52,376
"4302","NEF_GloFung-its2_660_2019",-2.8719,-79.1188,126,597,374,386,1292,52,386
"4303","NEF_GloFung-its2_661_2019",-2.8433,-79.1436,126,620,377,377,1271,52,404
"4304","NEF_GloFung-its2_663_2019",-2.8702,-79.1238,126,584,415,391,1193,52,376
"4305","NEF_GloFung-its2_660_2019",-2.8719,-79.1188,126,597,374,386,1292,52,386
"4306","NEF_GloFung-its2_660_2019",-2.8719,-79.1188,126,597,374,386,1292,52,386
"4307","NEF_GloFung-its2_660_2019",-2.8719,-79.1188,126,597,374,386,1292,52,386
"4308","NEF_GloFung-its2_663_2019",-2.8702,-79.1238,126,584,415,391,1193,52,376
"4309","NEF_GloFung-its2_662_2019",-2.8405,-79.1747,126,826,411,462,1721,51,380
"4310","NEF_GloFung-its2_663_2019",-2.8702,-79.1238,126,584,415,391,1193,52,376
"4311","NEF_GloFung-its2_661_2019",-2.8433,-79.1436,126,620,377,377,1271,52,404
"4312","NEF_GloFung-its2_663_2019",-2.8702,-79.1238,126,584,415,391,1193,52,376
"4313","NEF_GloFung-its2_662_2019",-2.8405,-79.1747,126,826,411,462,1721,51,380
"4314","NEF_GloFung-its2_660_2019",-2.8719,-79.1188,126,597,374,386,1292,52,386
"4315","NEF_GloFung-its2_660_2019",-2.8719,-79.1188,126,597,374,386,1292,52,386
"4316","NEF_GloFung-its2_661_2019",-2.8433,-79.1436,126,620,377,377,1271,52,404
"4317","NEF_GloFung-its2_663_2019",-2.8702,-79.1238,126,584,415,391,1193,52,376
"4318","NEF_GloFung-its2_661_2019",-2.8433,-79.1436,126,620,377,377,1271,52,404
"4319","NEF_GloFung-its2_661_2019",-2.8433,-79.1436,126,620,377,377,1271,52,404
"4320","NEF_GloFung-its2_663_2019",-2.8702,-79.1238,126,584,415,391,1193,52,376
"4321","NEF_GloFung-its2_662_2019",-2.8405,-79.1747,126,826,411,462,1721,51,380
"4322","NEF_GloFung-its2_660_2019",-2.8719,-79.1188,126,597,374,386,1292,52,386
"4323","NEF_GloFung-its2_660_2019",-2.8719,-79.1188,126,597,374,386,1292,52,386
"4324","NEF_GloFung-its2_661_2019",-2.8433,-79.1436,126,620,377,377,1271,52,404
"4325","NEF_GloFung-its2_662_2019",-2.8405,-79.1747,126,826,411,462,1721,51,380
"4326","NEF_GloFung-its2_660_2019",-2.8719,-79.1188,126,597,374,386,1292,52,386
"4327","NEF_GloFung-its2_662_2019",-2.8405,-79.1747,126,826,411,462,1721,51,380
"4328","NEF_GloFung-its2_660_2019",-2.8719,-79.1188,126,597,374,386,1292,52,386
"4329","NEF_GloFung-its2_661_2019",-2.8433,-79.1436,126,620,377,377,1271,52,404
"4330","NEF_GloFung-its2_661_2019",-2.8433,-79.1436,126,620,377,377,1271,52,404
"4331","NEF_GloFung-its2_662_2019",-2.8405,-79.1747,126,826,411,462,1721,51,380
"4332","NEF_GloFung-its2_664_2020",32.713756,-117.225474,7,0,0,0,0,0,0
"4333","NEF_GloFung-its2_664_2020",32.713756,-117.225474,7,0,0,0,0,0,0
"4334","NEF_GloFung-its2_664_2020",32.713756,-117.225474,7,0,0,0,0,0,0
"4335","NEF_GloFung-its2_664_2020",32.713756,-117.225474,7,0,0,0,0,0,0
"4336","NEF_GloFung-its2_664_2020",32.713756,-117.225474,7,0,0,0,0,0,0
"4337","NEF_GloFung-its2_664_2020",32.713756,-117.225474,7,0,0,0,0,0,0
"4338","NEF_GloFung-its2_664_2020",32.713756,-117.225474,7,0,0,0,0,0,0
"4339","NEF_GloFung-its2_664_2020",32.713756,-117.225474,7,0,0,0,0,0,0
"4340","NEF_GloFung-its2_664_2020",32.713756,-117.225474,7,0,0,0,0,0,0
"4341","NEF_GloFung-its2_664_2020",32.713756,-117.225474,7,0,0,0,0,0,0
"4342","NEF_GloFung-its2_664_2020",32.713756,-117.225474,7,0,0,0,0,0,0
"4343","NEF_GloFung-its2_665_2020",9.415447,-82.330771,13,0,0,0,0,0,0
"4344","NEF_GloFung-its2_666_2020",9.347118,-82.253791,13,0,0,0,0,0,0
"4345","NEF_GloFung-its2_664_2020",32.713756,-117.225474,7,0,0,0,0,0,0
"4346","NEF_GloFung-its2_665_2020",9.415447,-82.330771,13,0,0,0,0,0,0
"4347","NEF_GloFung-its2_667_2019",22.246529,-99.655561,138,158,389,226,168,75,294
"4348","NEF_GloFung-its2_668_2019",22.64831,-99.894557,138,107,414,180,158,81,384
"4349","NEF_GloFung-its2_669_2019",-41.807778,-69.676417,139,100,652,216,76,76,232
"4350","NEF_GloFung-its2_670_2019",-30.662263,-71.663635,140,187,601,185,310,73,212
"4351","NEF_GloFung-its2_671_2019",-41.0335,-70.524528,139,168,651,214,210,72,218
"4352","NEF_GloFung-its2_672_2019",22.644511,-100.420636,138,301,425,206,412,69,305
"4353","NEF_GloFung-its2_673_2019",-29.749902,-71.250724,141,247,689,168,305,75,203
"4354","NEF_GloFung-its2_674_2019",-41.253333,-70.080944,139,113,686,210,153,71,193
"4355","NEF_GloFung-its2_675_2019",31.48,-96.88,142,251,114,336,312,73,439
"4356","NEF_GloFung-its2_676_2019",23.601688,-100.943528,143,146,423,160,161,80,320
"4357","NEF_GloFung-its2_677_2019",9.666497,-69.946911,144,243,354,184,315,62,336
"4358","NEF_GloFung-its2_678_2019",22.352438,-102.455579,14,219,515,271,208,67,274
"4359","NEF_GloFung-its2_679_2019",-29.311377,-71.244902,141,217,705,171,265,77,189
"4360","NEF_GloFung-its2_680_2019",-26.73333333,-54.68333333,121,327,190,179,397,53,308
"4361","NEF_GloFung-its2_681_2019",-12.63333333,-71.23333333,145,401,270,241,916,52,358
"4362","NEF_GloFung-its2_682_2019",-31.199813,-71.585444,140,254,600,209,351,74,211
"4363","NEF_GloFung-its2_683_2019",-28.769445,-70.964722,141,292,712,234,180,81,191
"4364","NEF_GloFung-its2_683_2019",-28.769448,-70.964722,141,292,712,234,180,81,191
"4365","NEF_GloFung-its2_684_2019",-27.467576,-70.8394,146,115,676,165,169,78,154
"4366","NEF_GloFung-its2_684_2019",-27.467539,-70.8394,146,115,676,165,169,78,154
"4367","NEF_GloFung-its2_684_2019",-27.467574,-70.8394,146,115,676,165,169,78,154
"4368","NEF_GloFung-its2_684_2019",-27.467598,-70.8394,146,115,676,165,169,78,154
"4369","NEF_GloFung-its2_683_2019",-28.769447,-70.964722,141,292,712,234,180,81,191
"4370","NEF_GloFung-its2_685_2019",-29.2930554,-71.02944,141,327,709,244,248,81,169
"4371","NEF_GloFung-its2_685_2019",-29.2930557,-71.02944,141,327,709,244,248,81,169
"4372","NEF_GloFung-its2_684_2019",-27.467537,-70.8394,146,115,676,165,169,78,154
"4373","NEF_GloFung-its2_685_2019",-29.2930556,-71.02944,141,327,709,244,248,81,169
"4374","NEF_GloFung-its2_684_2019",-27.46754,-70.8394,146,115,676,165,169,78,154
"4375","NEF_GloFung-its2_684_2019",-27.46754,-70.8394,146,115,676,165,169,78,154
"4376","NEF_GloFung-its2_684_2019",-27.46757,-70.8394,146,115,676,165,169,78,154
"4377","NEF_GloFung-its2_684_2019",-27.46757,-70.8394,146,115,676,165,169,78,154
"4378","NEF_GloFung-its2_684_2019",-27.46759,-70.8394,146,115,676,165,169,78,154
"4379","NEF_GloFung-its2_684_2019",-27.46759,-70.8394,146,115,676,165,169,78,154
"4380","NEF_GloFung-its2_684_2019",-27.467578,-70.8394,146,115,676,165,169,78,154
"4381","NEF_GloFung-its2_684_2019",-27.467588,-70.8394,146,115,676,165,169,78,154
"4382","NEF_GloFung-its2_684_2019",-27.467573,-70.8394,146,115,676,165,169,78,154
"4383","NEF_GloFung-its2_684_2019",-27.467538,-70.8394,146,115,676,165,169,78,154
"4384","NEF_GloFung-its2_683_2019",-28.769446,-70.964722,141,292,712,234,180,81,191
"4385","NEF_GloFung-its2_683_2019",-28.769444,-70.964722,141,292,712,234,180,81,191
"4386","NEF_GloFung-its2_685_2019",-29.2930558,-71.02944,141,327,709,244,248,81,169
"4387","NEF_GloFung-its2_684_2019",-27.467579,-70.8394,146,115,676,165,169,78,154
"4388","NEF_GloFung-its2_684_2019",-27.467577,-70.8394,146,115,676,165,169,78,154
"4389","NEF_GloFung-its2_685_2019",-29.2930555,-71.02944,141,327,709,244,248,81,169
"4390","NEF_GloFung-its2_685_2019",-29.2930559,-71.02944,141,327,709,244,248,81,169
"4391","NEF_GloFung-its2_684_2019",-27.46758,-70.8394,146,115,676,165,169,78,154
"4392","NEF_GloFung-its2_684_2019",-27.46758,-70.8394,146,115,676,165,169,78,154
"4393","NEF_GloFung-its2_683_2019",-28.769449,-70.964722,141,292,712,234,180,81,191
"4394","NEF_GloFung-its2_684_2019",-27.467575,-70.8394,146,115,676,165,169,78,154
"4395","NEF_GloFung-its2_684_2019",-27.46755,-70.8394,146,115,676,165,169,78,154
"4396","NEF_GloFung-its2_684_2019",-27.46755,-70.8394,146,115,676,165,169,78,154
"4397","NEF_GloFung-its2_684_2019",-27.46756,-70.8394,146,115,676,165,169,78,154
"4398","NEF_GloFung-its2_684_2019",-27.46756,-70.8394,146,115,676,165,169,78,154
"4399","NEF_GloFung-its2_686_2017",-23.6853,-64.8997,49,347,323,227,671,57,347
"4400","NEF_GloFung-its2_687_2017",-27.3226,-65.9147,68,236,352,210,592,64,427
"4401","NEF_GloFung-its2_688_2017",-26.7701,-65.3251,68,270,335,192,462,57,431
"4402","NEF_GloFung-its2_689_2017",-22.2778,-64.7252,147,287,398,195,532,58,296
"4403","NEF_GloFung-its2_690_2017",-22.3556,-64.7225,147,186,429,188,228,60,252
"4404","NEF_GloFung-its2_691_2017",-23.6948,-64.8636,49,274,343,226,550,56,333
"4405","NEF_GloFung-its2_692_2017",-27.2198,-65.6318,68,277,377,201,388,57,432
"4406","NEF_GloFung-its2_693_2017",-24.0937,-65.4827,49,419,430,221,518,63,341
"4407","NEF_GloFung-its2_694_2017",-27.2218,-65.6256,68,279,375,208,379,57,443
"4408","NEF_GloFung-its2_695_2017",-26.8091,-65.283,68,0,0,0,0,0,0
"4409","NEF_GloFung-its2_696_2017",-24.1206,-65.4541,49,342,395,207,502,60,383
"4410","NEF_GloFung-its2_697_2017",-22.3833,-64.7257,147,311,396,224,591,58,306
"4411","NEF_GloFung-its2_698_2017",-22.399,-64.7293,147,310,371,189,460,58,314
"4412","NEF_GloFung-its2_699_2017",-23.705,-64.8659,49,269,341,207,520,56,338
"4413","NEF_GloFung-its2_700_2017",-22.3424,-64.7256,147,243,409,181,410,57,299
"4414","NEF_GloFung-its2_701_2017",-23.6847,-64.891,49,351,326,231,652,58,358
"4415","NEF_GloFung-its2_702_2017",-23.6966,-64.8617,49,272,345,205,541,56,326
"4416","NEF_GloFung-its2_703_2017",-23.7522,-64.851,49,227,319,197,500,57,341
"4417","NEF_GloFung-its2_704_2017",-23.7571,-64.8503,49,224,341,194,500,57,348
"4418","NEF_GloFung-its2_705_2017",-27.3335,-65.8781,68,214,352,208,413,58,415
"4419","NEF_GloFung-its2_706_2017",-23.6823,-64.9019,49,343,322,221,618,57,347
"4420","NEF_GloFung-its2_707_2017",-23.7554,-64.8534,49,211,334,199,511,58,340
"4421","NEF_GloFung-its2_160_2017",-23.9188,-64.9345,49,172,344,190,237,61,371
"4422","NEF_GloFung-its2_708_2017",-27.3309,-65.9513,68,312,341,222,646,62,382
"4423","NEF_GloFung-its2_709_2016",18.302196,-65.834263,56,589,138,304,964,48,309
"4424","NEF_GloFung-its2_710_2016",17.951319,-67.130843,34,0,0,0,0,0,0
"4425","NEF_GloFung-its2_711_2016",17.973813,-66.869982,34,598,221,355,666,77,339
"4426","NEF_GloFung-its2_712_2016",17.951602,-67.128362,34,435,228,315,569,74,283
"4427","NEF_GloFung-its2_713_2016",17.981283,-66.876891,34,647,222,367,874,75,315
"4428","NEF_GloFung-its2_714_2016",18.296329,-65.839069,56,592,147,297,910,49,321
"4429","NEF_GloFung-its2_715_2016",18.135879,-66.971133,34,796,183,276,1118,51,324
"4430","NEF_GloFung-its2_716_2016",17.97467,-66.878436,34,574,255,357,674,71,341
"4431","NEF_GloFung-its2_717_2016",18.293129,-65.792442,56,684,440,238,829,49,273
"4432","NEF_GloFung-its2_718_2016",18.294128,-65.785082,56,722,174,299,863,48,393
"4433","NEF_GloFung-its2_719_2016",18.290552,-65.782132,56,707,218,298,766,49,408
"4434","NEF_GloFung-its2_720_2016",18.310345,-65.828255,56,0,0,0,0,0,0
"4435","NEF_GloFung-its2_721_2016",18.14844,-66.988986,34,987,245,356,1506,52,307
"4436","NEF_GloFung-its2_722_2016",18.513611,-67.056878,34,0,0,0,0,0,0
"4437","NEF_GloFung-its2_723_2016",18.51239,-67.040742,34,0,0,0,0,0,0
"4438","NEF_GloFung-its2_724_2016",18.420966,-66.966498,34,449,128,281,591,51,348
"4439","NEF_GloFung-its2_725_2016",18.512065,-67.071898,34,523,501,321,633,58,185
"4440","NEF_GloFung-its2_726_2016",18.161489,-67.010787,34,721,203,297,1090,51,410
"4441","NEF_GloFung-its2_727_2016",17.951948,-67.126791,34,422,226,325,589,74,283
"4442","NEF_GloFung-its2_728_2016",18.411682,-66.966284,34,453,124,261,564,50,342
"4443","NEF_GloFung-its2_729_2016",18.404516,-66.967743,34,468,126,254,566,50,354
"4444","NEF_GloFung-its2_730_2017",31.11,-95.15,134,321,677,137,396,52,244
"4445","NEF_GloFung-its2_730_2017",31.11,-95.15,134,321,677,137,396,52,244
"4446","NEF_GloFung-its2_730_2017",31.11,-95.15,134,321,677,137,396,52,244
"4447","NEF_GloFung-its2_730_2017",31.11,-95.15,134,321,677,137,396,52,244
"4448","NEF_GloFung-its2_730_2017",31.11,-95.15,134,321,677,137,396,52,244
"4449","NEF_GloFung-its2_730_2017",31.11,-95.15,134,321,677,137,396,52,244
"4450","NEF_GloFung-its2_730_2017",31.11,-95.15,134,321,677,137,396,52,244
"4451","NEF_GloFung-its2_730_2017",31.11,-95.15,134,321,677,137,396,52,244
"4452","NEF_GloFung-its2_730_2017",31.11,-95.15,134,321,677,137,396,52,244
"4453","NEF_GloFung-its2_730_2017",31.11,-95.15,134,321,677,137,396,52,244
"4454","NEF_GloFung-its2_730_2017",31.11,-95.15,134,321,677,137,396,52,244
"4455","NEF_GloFung-its2_730_2017",31.11,-95.15,134,321,677,137,396,52,244
"4456","NEF_GloFung-its2_730_2017",31.11,-95.15,134,321,677,137,396,52,244
"4457","NEF_GloFung-its2_730_2017",31.11,-95.15,134,321,677,137,396,52,244
"4458","NEF_GloFung-its2_730_2017",31.11,-95.15,134,321,677,137,396,52,244
"4459","NEF_GloFung-its2_730_2017",31.11,-95.15,134,321,677,137,396,52,244
"4460","NEF_GloFung-its2_730_2017",31.11,-95.15,134,321,677,137,396,52,244
"4461","NEF_GloFung-its2_730_2017",31.11,-95.15,134,321,677,137,396,52,244
"4462","NEF_GloFung-its2_730_2017",31.11,-95.15,134,321,677,137,396,52,244
"4463","NEF_GloFung-its2_730_2017",31.11,-95.15,134,321,677,137,396,52,244
"4464","NEF_GloFung-its2_730_2017",31.11,-95.15,134,321,677,137,396,52,244
"4465","NEF_GloFung-its2_730_2017",31.11,-95.15,134,321,677,137,396,52,244
"4466","NEF_GloFung-its2_730_2017",31.11,-95.15,134,321,677,137,396,52,244
"4467","NEF_GloFung-its2_730_2017",31.11,-95.15,134,321,677,137,396,52,244
"4468","NEF_GloFung-its2_730_2017",31.11,-95.15,134,321,677,137,396,52,244
"4469","NEF_GloFung-its2_730_2017",31.11,-95.15,134,321,677,137,396,52,244
"4470","NEF_GloFung-its2_730_2017",31.11,-95.15,134,321,677,137,396,52,244
"4471","NEF_GloFung-its2_730_2017",31.11,-95.15,134,321,677,137,396,52,244
"4472","NEF_GloFung-its2_730_2017",31.11,-95.15,134,321,677,137,396,52,244
"4473","NEF_GloFung-its2_730_2017",31.11,-95.15,134,321,677,137,396,52,244
"4474","NEF_GloFung-its2_730_2017",31.11,-95.15,134,321,677,137,396,52,244
"4475","NEF_GloFung-its2_730_2017",31.11,-95.15,134,321,677,137,396,52,244
"4476","NEF_GloFung-its2_730_2017",31.11,-95.15,134,321,677,137,396,52,244
"4477","NEF_GloFung-its2_730_2017",31.11,-95.15,134,321,677,137,396,52,244
"4478","NEF_GloFung-its2_730_2017",31.11,-95.15,134,321,677,137,396,52,244
"4479","NEF_GloFung-its2_730_2017",31.11,-95.15,134,321,677,137,396,52,244
"4480","NEF_GloFung-its2_730_2017",31.11,-95.15,134,321,677,137,396,52,244
"4481","NEF_GloFung-its2_730_2017",31.11,-95.15,134,321,677,137,396,52,244
"4482","NEF_GloFung-its2_730_2017",31.11,-95.15,134,321,677,137,396,52,244
"4483","NEF_GloFung-its2_730_2017",31.11,-95.15,134,321,677,137,396,52,244
"4484","NEF_GloFung-its2_730_2017",31.11,-95.15,134,321,677,137,396,52,244
"4485","NEF_GloFung-its2_730_2017",31.11,-95.15,134,321,677,137,396,52,244
"4486","NEF_GloFung-its2_730_2017",31.11,-95.15,134,321,677,137,396,52,244
"4487","NEF_GloFung-its2_730_2017",31.11,-95.15,134,321,677,137,396,52,244
"4488","NEF_GloFung-its2_730_2017",31.11,-95.15,134,321,677,137,396,52,244
"4489","NEF_GloFung-its2_730_2017",31.11,-95.15,134,321,677,137,396,52,244
"4490","NEF_GloFung-its2_730_2017",31.11,-95.15,134,321,677,137,396,52,244
"4491","NEF_GloFung-its2_730_2017",31.11,-95.15,134,321,677,137,396,52,244
"4492","NEF_GloFung-its2_730_2017",31.11,-95.15,134,321,677,137,396,52,244
"4493","NEF_GloFung-its2_730_2017",31.11,-95.15,134,321,677,137,396,52,244
"4494","NEF_GloFung-its2_730_2017",31.11,-95.15,134,321,677,137,396,52,244
"4495","NEF_GloFung-its2_730_2017",31.11,-95.15,134,321,677,137,396,52,244
"4496","NEF_GloFung-its2_730_2017",31.11,-95.15,134,321,677,137,396,52,244
"4497","NEF_GloFung-its2_730_2017",31.11,-95.15,134,321,677,137,396,52,244
"4498","NEF_GloFung-its2_730_2017",31.11,-95.15,134,321,677,137,396,52,244
"4499","NEF_GloFung-its2_730_2017",31.11,-95.15,134,321,677,137,396,52,244
"4500","NEF_GloFung-its2_730_2017",31.11,-95.15,134,321,677,137,396,52,244
"4501","NEF_GloFung-its2_730_2017",31.11,-95.15,134,321,677,137,396,52,244
"4502","NEF_GloFung-its2_730_2017",31.11,-95.15,134,321,677,137,396,52,244
"4503","NEF_GloFung-its2_730_2017",31.11,-95.15,134,321,677,137,396,52,244
"4504","NEF_GloFung-its2_730_2017",31.11,-95.15,134,321,677,137,396,52,244
"4505","NEF_GloFung-its2_730_2017",31.11,-95.15,134,321,677,137,396,52,244
"4506","NEF_GloFung-its2_730_2017",31.11,-95.15,134,321,677,137,396,52,244
"4507","NEF_GloFung-its2_730_2017",31.11,-95.15,134,321,677,137,396,52,244
"4508","NEF_GloFung-its2_730_2017",31.11,-95.15,134,321,677,137,396,52,244
"4509","NEF_GloFung-its2_730_2017",31.11,-95.15,134,321,677,137,396,52,244
"4510","NEF_GloFung-its2_730_2017",31.11,-95.15,134,321,677,137,396,52,244
"4511","NEF_GloFung-its2_730_2017",31.11,-95.15,134,321,677,137,396,52,244
"4512","NEF_GloFung-its2_730_2017",31.11,-95.15,134,321,677,137,396,52,244
"4513","NEF_GloFung-its2_730_2017",31.11,-95.15,134,321,677,137,396,52,244
"4514","NEF_GloFung-its2_730_2017",31.11,-95.15,134,321,677,137,396,52,244
"4515","NEF_GloFung-its2_730_2017",31.11,-95.15,134,321,677,137,396,52,244
"4516","NEF_GloFung-its2_730_2017",31.11,-95.15,134,321,677,137,396,52,244
"4517","NEF_GloFung-its2_730_2017",31.11,-95.15,134,321,677,137,396,52,244
"4518","NEF_GloFung-its2_730_2017",31.11,-95.15,134,321,677,137,396,52,244
"4519","NEF_GloFung-its2_730_2017",31.11,-95.15,134,321,677,137,396,52,244
"4520","NEF_GloFung-its2_730_2017",31.11,-95.15,134,321,677,137,396,52,244
"4521","NEF_GloFung-its2_730_2017",31.11,-95.15,134,321,677,137,396,52,244
"4522","NEF_GloFung-its2_730_2017",31.11,-95.15,134,321,677,137,396,52,244
"4523","NEF_GloFung-its2_730_2017",31.11,-95.15,134,321,677,137,396,52,244
"4524","NEF_GloFung-its2_730_2017",31.11,-95.15,134,321,677,137,396,52,244
"4525","NEF_GloFung-its2_730_2017",31.11,-95.15,134,321,677,137,396,52,244
"4526","NEF_GloFung-its2_730_2017",31.11,-95.15,134,321,677,137,396,52,244
"4527","NEF_GloFung-its2_730_2017",31.11,-95.15,134,321,677,137,396,52,244
"4528","NEF_GloFung-its2_730_2017",31.11,-95.15,134,321,677,137,396,52,244
"4529","NEF_GloFung-its2_730_2017",31.11,-95.15,134,321,677,137,396,52,244
"4530","NEF_GloFung-its2_730_2017",31.11,-95.15,134,321,677,137,396,52,244
"4531","NEF_GloFung-its2_730_2017",31.11,-95.15,134,321,677,137,396,52,244
"4532","NEF_GloFung-its2_730_2017",31.11,-95.15,134,321,677,137,396,52,244
"4533","NEF_GloFung-its2_730_2017",31.11,-95.15,134,321,677,137,396,52,244
"4534","NEF_GloFung-its2_730_2017",31.11,-95.15,134,321,677,137,396,52,244
"4535","NEF_GloFung-its2_730_2017",31.11,-95.15,134,321,677,137,396,52,244
"4536","NEF_GloFung-its2_730_2017",31.11,-95.15,134,321,677,137,396,52,244
"4537","NEF_GloFung-its2_730_2017",31.11,-95.15,134,321,677,137,396,52,244
"4538","NEF_GloFung-its2_730_2017",31.11,-95.15,134,321,677,137,396,52,244
"4539","NEF_GloFung-its2_730_2017",31.11,-95.15,134,321,677,137,396,52,244
"4540","NEF_GloFung-its2_730_2017",31.11,-95.15,134,321,677,137,396,52,244
"4541","NEF_GloFung-its2_730_2017",31.11,-95.15,134,321,677,137,396,52,244
"4542","NEF_GloFung-its2_730_2017",31.11,-95.15,134,321,677,137,396,52,244
"4543","NEF_GloFung-its2_730_2017",31.11,-95.15,134,321,677,137,396,52,244
"4544","NEF_GloFung-its2_730_2017",31.11,-95.15,134,321,677,137,396,52,244
"4545","NEF_GloFung-its2_730_2017",31.11,-95.15,134,321,677,137,396,52,244
"4546","NEF_GloFung-its2_730_2017",31.11,-95.15,134,321,677,137,396,52,244
"4547","NEF_GloFung-its2_730_2017",31.11,-95.15,134,321,677,137,396,52,244
"4548","NEF_GloFung-its2_730_2017",31.11,-95.15,134,321,677,137,396,52,244
"4549","NEF_GloFung-its2_730_2017",31.11,-95.15,134,321,677,137,396,52,244
"4550","NEF_GloFung-its2_730_2017",31.11,-95.15,134,321,677,137,396,52,244
"4551","NEF_GloFung-its2_730_2017",31.11,-95.15,134,321,677,137,396,52,244
"4552","NEF_GloFung-its2_730_2017",31.11,-95.15,134,321,677,137,396,52,244
"4553","NEF_GloFung-its2_730_2017",31.11,-95.15,134,321,677,137,396,52,244
"4554","NEF_GloFung-its2_730_2017",31.11,-95.15,134,321,677,137,396,52,244
"4555","NEF_GloFung-its2_175_2014",21.21018,-87.19355,51,897,440,289,1013,73,230
"4556","NEF_GloFung-its2_731_2014",-4.133,-69.91,40,381,286,194,450,42,400
"4557","NEF_GloFung-its2_732_2014",-42.78133,-71.47167,79,751,601,276,1343,58,239
"4558","NEF_GloFung-its2_181_2014",-54.47952,-67.44773,60,1044,325,387,1414,57,398
"4559","NEF_GloFung-its2_733_2014",-0.3738,-72.231,33,375,511,274,604,42,240
"4560","NEF_GloFung-its2_734_2014",-0.395,-72.08,33,389,505,251,577,42,252
"4561","NEF_GloFung-its2_735_2014",-44.83255,-71.7265,59,586,587,276,1187,61,248
"4562","NEF_GloFung-its2_177_2014",5.435667,-60.08825,57,290,399,146,437,47,314
"4563","NEF_GloFung-its2_314_2014",-41.2506,-71.2801,2,716,627,279,1399,57,248
"4564","NEF_GloFung-its2_736_2014",-40.1179,-71.4436,80,538,589,285,1138,57,278
"4565","NEF_GloFung-its2_737_2014",-0.3919,-72.046,33,409,453,262,573,41,286
"4566","NEF_GloFung-its2_738_2014",-40.1269,-71.6797,80,630,513,332,1180,54,342
"4567","NEF_GloFung-its2_739_2014",8.34,-82.2394,13,482,284,201,412,54,396
"4568","NEF_GloFung-its2_740_2014",-0.3806,-72.236,33,370,524,284,547,42,238
"4569","NEF_GloFung-its2_741_2014",18.32096,-65.81974,56,660,128,287,847,51,301
"4570","NEF_GloFung-its2_737_2014",-0.392,-72.046,33,409,453,262,573,41,286
"4571","NEF_GloFung-its2_742_2014",-40.1411,-71.4692,80,476,568,275,1123,57,312
"4572","NEF_GloFung-its2_743_2014",5.279528,-59.915861,57,248,395,147,391,52,290
"4573","NEF_GloFung-its2_744_2014",-41.2311,-71.7811,2,606,528,283,1409,53,332
"4574","NEF_GloFung-its2_745_2014",8.75703,-82.24106,13,592,363,189,631,51,290
"4575","NEF_GloFung-its2_746_2014",5.305306,-59.925056,57,250,406,174,391,51,302
"4576","NEF_GloFung-its2_747_2014",6.33,-75.4917,47,586,353,266,1073,50,309
"4577","NEF_GloFung-its2_748_2014",6.17,-75.4717,47,622,367,247,1266,50,358
"4578","NEF_GloFung-its2_158_2014",6.705,-75.4667,47,523,328,241,976,54,332
"4579","NEF_GloFung-its2_322_2014",-40.13,-71.6608,80,548,511,321,1177,55,331
"4580","NEF_GloFung-its2_749_2014",4.867,-75.167,45,622,401,313,1252,53,287
"4581","NEF_GloFung-its2_746_2014",5.305722,-59.924806,57,250,406,174,391,51,302
"4582","NEF_GloFung-its2_750_2014",-4,-69.883,40,401,434,198,442,42,297
"4583","NEF_GloFung-its2_751_2014",-54.48728,-67.44128,60,1318,317,383,1676,57,389
"4584","NEF_GloFung-its2_752_2014",26.940139,-81.3375,4,NA,NA,NA,NA,NA,NA
"4585","NEF_GloFung-its2_178_2014",29.73517,-82.44186,58,1493,855,122,500,50,66
"4586","NEF_GloFung-its2_753_2014",-0.55,-71.36,33,444,474,240,608,43,243
"4587","NEF_GloFung-its2_284_2014",19.1697,-97.30001,72,446,514,183,622,55,311
"4588","NEF_GloFung-its2_754_2014",-3.9997,-69.8947,40,357,431,198,406,43,309
"4589","NEF_GloFung-its2_755_2014",-41.146,-71.3718,2,736,616,261,1609,57,258
"4590","NEF_GloFung-its2_180_2014",-41.0832,-71.5514,2,639,532,349,1180,59,312
"4591","NEF_GloFung-its2_756_2014",-0.3466,-72.059,33,476,435,277,729,42,281
"4592","NEF_GloFung-its2_757_2014",-4.0083,-69.8964,40,362,441,186,388,42,306
"4593","NEF_GloFung-its2_758_2014",-0.3837,-72.2324,33,386,528,287,597,42,222
"4594","NEF_GloFung-its2_759_2014",-54.48108,-67.44908,60,1148,318,385,1419,56,395
"4595","NEF_GloFung-its2_149_2014",-4.0086,-69.8975,40,362,441,186,388,42,306
"4596","NEF_GloFung-its2_760_2014",-41.3476,-71.5818,2,0,0,0,0,0,0
"4597","NEF_GloFung-its2_761_2014",5.296917,-59.910361,57,245,398,157,352,52,298
"4598","NEF_GloFung-its2_762_2014",4.867,-75.133,45,553,332,315,1182,52,318
"4599","NEF_GloFung-its2_763_2014",5.433972,-60.084167,57,326,392,149,399,47,353
"4600","NEF_GloFung-its2_119_2014",8.7611,-82.2177,13,702,379,206,736,53,354
"4601","NEF_GloFung-its2_764_2014",-4.0086,-69.8984,40,339,437,189,396,42,306
"4602","NEF_GloFung-its2_176_2014",18.3167,-65.8167,56,583,60,260,763,47,318
"4603","NEF_GloFung-its2_765_2014",-41.4315,-71.611,2,673,590,297,1681,57,302
"4604","NEF_GloFung-its2_766_2014",-54.46653,-67.51814,60,1343,354,394,1409,57,415
"4605","NEF_GloFung-its2_767_2014",-0.3629,-72.2417,33,393,549,275,669,42,217
"4606","NEF_GloFung-its2_768_2014",8.68,-82.4336,13,494,349,180,477,52,321
"4607","NEF_GloFung-its2_769_2014",-40.132,-71.65906,80,548,511,321,1177,55,331
"4608","NEF_GloFung-its2_770_2014",-3.598,-69.53,40,361,128,189,569,43,600
"4609","NEF_GloFung-its2_771_2014",8.74,-82.26828,13,687,333,184,937,51,360
"4610","NEF_GloFung-its2_772_2014",-4.0175,-69.8983,40,348,444,189,443,42,299
"4611","NEF_GloFung-its2_773_2014",-4.028,-72.54,76,315,463,217,770,45,299
"4612","NEF_GloFung-its2_774_2014",18.32482,-65.73021,56,0,0,0,0,0,0
"4613","NEF_GloFung-its2_775_2014",29.74983,-82.21786,58,1599,940,96,425,42,48
"4614","NEF_GloFung-its2_179_2014",-44.07439,-73.096796,59,0,0,0,0,0,0
"4615","NEF_GloFung-its2_319_2014",-40.1306,-71.4595,80,505,563,294,1142,56,305
"4616","NEF_GloFung-its2_155_2014",4.867,-75.25,45,543,488,307,956,56,275
"4617","NEF_GloFung-its2_120_2014",22.1989,-102.60055,14,261,478,263,333,61,265
"4618","NEF_GloFung-its2_776_2014",-42.779,-71.464,79,611,606,271,1222,58,240
"4619","NEF_GloFung-its2_777_2014",-4.0125,-69.8972,40,337,441,187,390,42,298
"4620","NEF_GloFung-its2_336_2014",5.439917,-60.079306,57,334,395,162,343,50,265
"4621","NEF_GloFung-its2_778_2014",-4.025,-69.54,40,333,129,165,437,43,497
"4622","NEF_GloFung-its2_779_2014",-41.1976,-71.8228,2,745,594,280,1870,53,273
"4623","NEF_GloFung-its2_780_2014",-54.46289,-67.52086,60,1068,370,395,1487,57,399
"4624","NEF_GloFung-its2_781_2014",-44.83401,-71.72761,59,547,587,267,1330,61,244
"4625","NEF_GloFung-its2_782_2014",-40.1329,-71.6671,80,567,496,335,1234,55,338
"4626","NEF_GloFung-its2_783_2014",17.1666,-96.635,9,470,478,219,725,50,279
"4627","NEF_GloFung-its2_784_2014",29.71003,-82.47547,58,1565,890,127,371,50,65
"4628","NEF_GloFung-its2_784_2014",29.71003,-82.47547,58,1565,890,127,371,50,65
"4629","NEF_GloFung-its2_784_2014",29.71003,-82.47547,58,1565,890,127,371,50,65
"4630","NEF_GloFung-its2_784_2014",29.71003,-82.47547,58,1565,890,127,371,50,65
"4631","NEF_GloFung-its2_784_2014",29.71003,-82.47547,58,1565,890,127,371,50,65
"4632","NEF_GloFung-its2_784_2014",29.71003,-82.47547,58,1565,890,127,371,50,65
"4633","NEF_GloFung-its2_784_2014",29.71003,-82.47547,58,1565,890,127,371,50,65
"4634","NEF_GloFung-its2_784_2014",29.71003,-82.47547,58,1565,890,127,371,50,65
"4635","NEF_GloFung-its2_784_2014",29.71003,-82.47547,58,1565,890,127,371,50,65
"4636","NEF_GloFung-its2_784_2014",29.71003,-82.47547,58,1565,890,127,371,50,65
"4637","NEF_GloFung-its2_784_2014",29.71003,-82.47547,58,1565,890,127,371,50,65
"4638","NEF_GloFung-its2_784_2014",29.71003,-82.47547,58,1565,890,127,371,50,65
"4639","NEF_GloFung-its2_785_2014",29.73961,-82.23083,58,1561,945,104,416,45,45
"4640","NEF_GloFung-its2_784_2014",29.71003,-82.47547,58,1565,890,127,371,50,65
"4641","NEF_GloFung-its2_784_2014",29.71003,-82.47547,58,1565,890,127,371,50,65
"4642","NEF_GloFung-its2_785_2014",29.73961,-82.23083,58,1561,945,104,416,45,45
"4643","NEF_GloFung-its2_785_2014",29.73961,-82.23083,58,1561,945,104,416,45,45
"4644","NEF_GloFung-its2_785_2014",29.73961,-82.23083,58,1561,945,104,416,45,45
"4645","NEF_GloFung-its2_785_2014",29.73961,-82.23083,58,1561,945,104,416,45,45
"4646","NEF_GloFung-its2_785_2014",29.73961,-82.23083,58,1561,945,104,416,45,45
"4647","NEF_GloFung-its2_784_2014",29.71003,-82.47547,58,1565,890,127,371,50,65
"4648","NEF_GloFung-its2_785_2014",29.73961,-82.23083,58,1561,945,104,416,45,45
"4649","NEF_GloFung-its2_784_2014",29.71003,-82.47547,58,1565,890,127,371,50,65
"4650","NEF_GloFung-its2_785_2014",29.73961,-82.23083,58,1561,945,104,416,45,45
"4651","NEF_GloFung-its2_784_2014",29.71003,-82.47547,58,1565,890,127,371,50,65
"4652","NEF_GloFung-its2_784_2014",29.71003,-82.47547,58,1565,890,127,371,50,65
"4653","NEF_GloFung-its2_784_2014",29.71003,-82.47547,58,1565,890,127,371,50,65
"4654","NEF_GloFung-its2_784_2014",29.71003,-82.47547,58,1565,890,127,371,50,65
"4655","NEF_GloFung-its2_784_2014",29.71003,-82.47547,58,1565,890,127,371,50,65
"4656","NEF_GloFung-its2_784_2014",29.71003,-82.47547,58,1565,890,127,371,50,65
"4657","NEF_GloFung-its2_784_2014",29.71003,-82.47547,58,1565,890,127,371,50,65
"4658","NEF_GloFung-its2_784_2014",29.71003,-82.47547,58,1565,890,127,371,50,65
"4659","NEF_GloFung-its2_785_2014",29.73961,-82.23083,58,1561,945,104,416,45,45
"4660","NEF_GloFung-its2_785_2014",29.73961,-82.23083,58,1561,945,104,416,45,45
"4661","NEF_GloFung-its2_784_2014",29.71003,-82.47547,58,1565,890,127,371,50,65
"4662","NEF_GloFung-its2_784_2014",29.71003,-82.47547,58,1565,890,127,371,50,65
"4663","NEF_GloFung-its2_785_2014",29.73961,-82.23083,58,1561,945,104,416,45,45
"4664","NEF_GloFung-its2_785_2014",29.73961,-82.23083,58,1561,945,104,416,45,45
"4665","NEF_GloFung-its2_785_2014",29.73961,-82.23083,58,1561,945,104,416,45,45
"4666","NEF_GloFung-its2_785_2014",29.73961,-82.23083,58,1561,945,104,416,45,45
"4667","NEF_GloFung-its2_785_2014",29.73961,-82.23083,58,1561,945,104,416,45,45
"4668","NEF_GloFung-its2_785_2014",29.73961,-82.23083,58,1561,945,104,416,45,45
"4669","NEF_GloFung-its2_785_2014",29.73961,-82.23083,58,1561,945,104,416,45,45
"4670","NEF_GloFung-its2_785_2014",29.73961,-82.23083,58,1561,945,104,416,45,45
"4671","NEF_GloFung-its2_785_2014",29.73961,-82.23083,58,1561,945,104,416,45,45
"4672","NEF_GloFung-its2_785_2014",29.73961,-82.23083,58,1561,945,104,416,45,45
"4673","NEF_GloFung-its2_785_2014",29.73961,-82.23083,58,1561,945,104,416,45,45
"4674","NEF_GloFung-its2_785_2014",29.73961,-82.23083,58,1561,945,104,416,45,45
"4675","NEF_GloFung-its2_785_2014",29.73961,-82.23083,58,1561,945,104,416,45,45
"4676","NEF_GloFung-its2_785_2014",29.73961,-82.23083,58,1561,945,104,416,45,45
"4677","NEF_GloFung-its2_785_2014",29.73961,-82.23083,58,1561,945,104,416,45,45
"4678","NEF_GloFung-its2_786_2017",5.266007883,-59.765625,57,283,403,147,440,52,266
"4679","NEF_GloFung-its2_786_2017",5.266007883,-59.765625,57,283,403,147,440,52,266
"4680","NEF_GloFung-its2_786_2017",5.266007883,-59.765625,57,283,403,147,440,52,266
"4681","NEF_GloFung-its2_786_2017",5.266007883,-59.765625,57,283,403,147,440,52,266
"4682","NEF_GloFung-its2_786_2017",5.266007883,-59.765625,57,283,403,147,440,52,266
"4683","NEF_GloFung-its2_786_2017",5.266007883,-59.765625,57,283,403,147,440,52,266
"4684","NEF_GloFung-its2_786_2017",5.266007883,-59.765625,57,283,403,147,440,52,266
"4685","NEF_GloFung-its2_786_2017",5.266007883,-59.765625,57,283,403,147,440,52,266
"4686","NEF_GloFung-its2_786_2017",5.266007883,-59.765625,57,283,403,147,440,52,266
"4687","NEF_GloFung-its2_786_2017",5.266007883,-59.765625,57,283,403,147,440,52,266
"4688","NEF_GloFung-its2_786_2017",5.266007883,-59.765625,57,283,403,147,440,52,266
"4689","NEF_GloFung-its2_786_2017",5.266007883,-59.765625,57,283,403,147,440,52,266
"4690","NEF_GloFung-its2_786_2017",5.266007883,-59.765625,57,283,403,147,440,52,266
"4691","NEF_GloFung-its2_786_2017",5.266007883,-59.765625,57,283,403,147,440,52,266
"4692","NEF_GloFung-its2_786_2017",5.266007883,-59.765625,57,283,403,147,440,52,266
"4693","NEF_GloFung-its2_786_2017",5.266007883,-59.765625,57,283,403,147,440,52,266
"4694","NEF_GloFung-its2_786_2017",5.266007883,-59.765625,57,283,403,147,440,52,266
"4695","NEF_GloFung-its2_786_2017",5.266007883,-59.765625,57,283,403,147,440,52,266
"4696","NEF_GloFung-its2_786_2017",5.266007883,-59.765625,57,283,403,147,440,52,266
"4697","NEF_GloFung-its2_786_2017",5.266007883,-59.765625,57,283,403,147,440,52,266
"4698","NEF_GloFung-its2_786_2017",5.266007883,-59.765625,57,283,403,147,440,52,266
"4699","NEF_GloFung-its2_786_2017",5.266007883,-59.765625,57,283,403,147,440,52,266
"4700","NEF_GloFung-its2_786_2017",5.266007883,-59.765625,57,283,403,147,440,52,266
"4701","NEF_GloFung-its2_786_2017",5.266007883,-59.765625,57,283,403,147,440,52,266
"4702","NEF_GloFung-its2_786_2017",5.266007883,-59.765625,57,283,403,147,440,52,266
"4703","NEF_GloFung-its2_787_2019",30.75,-84,129,420,750,141,381,54,119
"4704","NEF_GloFung-its2_787_2019",30.75,-84,129,420,750,141,381,54,119
"4705","NEF_GloFung-its2_787_2019",30.75,-84,129,420,750,141,381,54,119
"4706","NEF_GloFung-its2_787_2019",30.75,-84,129,420,750,141,381,54,119
"4707","NEF_GloFung-its2_787_2019",30.75,-84,129,420,750,141,381,54,119
"4708","NEF_GloFung-its2_787_2019",30.75,-84,129,420,750,141,381,54,119
"4709","NEF_GloFung-its2_787_2019",30.75,-84,129,420,750,141,381,54,119
"4710","NEF_GloFung-its2_787_2019",30.75,-84,129,420,750,141,381,54,119
"4711","NEF_GloFung-its2_787_2019",30.75,-84,129,420,750,141,381,54,119
"4712","NEF_GloFung-its2_787_2019",30.75,-84,129,420,750,141,381,54,119
"4713","NEF_GloFung-its2_787_2019",30.75,-84,129,420,750,141,381,54,119
"4714","NEF_GloFung-its2_787_2019",30.75,-84,129,420,750,141,381,54,119
"4715","NEF_GloFung-its2_787_2019",30.75,-84,129,420,750,141,381,54,119
"4716","NEF_GloFung-its2_787_2019",30.75,-84,129,420,750,141,381,54,119
"4717","NEF_GloFung-its2_787_2019",30.75,-84,129,420,750,141,381,54,119
"4718","NEF_GloFung-its2_787_2019",30.75,-84,129,420,750,141,381,54,119
"4719","NEF_GloFung-its2_787_2019",30.75,-84,129,420,750,141,381,54,119
"4720","NEF_GloFung-its2_787_2019",30.75,-84,129,420,750,141,381,54,119
"4721","NEF_GloFung-its2_787_2019",30.75,-84,129,420,750,141,381,54,119
"4722","NEF_GloFung-its2_787_2019",30.75,-84,129,420,750,141,381,54,119
"4723","NEF_GloFung-its2_787_2019",30.75,-84,129,420,750,141,381,54,119
"4724","NEF_GloFung-its2_787_2019",30.75,-84,129,420,750,141,381,54,119
"4725","NEF_GloFung-its2_787_2019",30.75,-84,129,420,750,141,381,54,119
"4726","NEF_GloFung-its2_787_2019",30.75,-84,129,420,750,141,381,54,119
"4727","NEF_GloFung-its2_787_2019",30.75,-84,129,420,750,141,381,54,119
"4728","NEF_GloFung-its2_787_2019",30.75,-84,129,420,750,141,381,54,119
"4729","NEF_GloFung-its2_787_2019",30.75,-84,129,420,750,141,381,54,119
"4730","NEF_GloFung-its2_787_2019",30.75,-84,129,420,750,141,381,54,119
"4731","NEF_GloFung-its2_787_2019",30.75,-84,129,420,750,141,381,54,119
"4732","NEF_GloFung-its2_787_2019",30.75,-84,129,420,750,141,381,54,119
"4733","NEF_GloFung-its2_787_2019",30.75,-84,129,420,750,141,381,54,119
"4734","NEF_GloFung-its2_787_2019",30.75,-84,129,420,750,141,381,54,119
"4735","NEF_GloFung-its2_787_2019",30.75,-84,129,420,750,141,381,54,119
"4736","NEF_GloFung-its2_787_2019",30.75,-84,129,420,750,141,381,54,119
"4737","NEF_GloFung-its2_787_2019",30.75,-84,129,420,750,141,381,54,119
"4738","NEF_GloFung-its2_787_2019",30.75,-84,129,420,750,141,381,54,119
"4739","NEF_GloFung-its2_787_2019",30.75,-84,129,420,750,141,381,54,119
"4740","NEF_GloFung-its2_787_2019",30.75,-84,129,420,750,141,381,54,119
"4741","NEF_GloFung-its2_787_2019",30.75,-84,129,420,750,141,381,54,119
"4742","NEF_GloFung-its2_787_2019",30.75,-84,129,420,750,141,381,54,119
"4743","NEF_GloFung-its2_787_2019",30.75,-84,129,420,750,141,381,54,119
"4744","NEF_GloFung-its2_787_2019",30.75,-84,129,420,750,141,381,54,119
"4745","NEF_GloFung-its2_787_2019",30.75,-84,129,420,750,141,381,54,119
"4746","NEF_GloFung-its2_787_2019",30.75,-84,129,420,750,141,381,54,119
"4747","NEF_GloFung-its2_787_2019",30.75,-84,129,420,750,141,381,54,119
"4748","NEF_GloFung-its2_787_2019",30.75,-84,129,420,750,141,381,54,119
"4749","NEF_GloFung-its2_787_2019",30.75,-84,129,420,750,141,381,54,119
"4750","NEF_GloFung-its2_787_2019",30.75,-84,129,420,750,141,381,54,119
"4751","NEF_GloFung-its2_787_2019",30.75,-84,129,420,750,141,381,54,119
"4752","NEF_GloFung-its2_787_2019",30.75,-84,129,420,750,141,381,54,119
"4753","NEF_GloFung-its2_787_2019",30.75,-84,129,420,750,141,381,54,119
"4754","NEF_GloFung-its2_787_2019",30.75,-84,129,420,750,141,381,54,119
"4755","NEF_GloFung-its2_787_2019",30.75,-84,129,420,750,141,381,54,119
"4756","NEF_GloFung-its2_787_2019",30.75,-84,129,420,750,141,381,54,119
"4757","NEF_GloFung-its2_787_2019",30.75,-84,129,420,750,141,381,54,119
"4758","NEF_GloFung-its2_787_2019",30.75,-84,129,420,750,141,381,54,119
"4759","NEF_GloFung-its2_787_2019",30.75,-84,129,420,750,141,381,54,119
"4760","NEF_GloFung-its2_787_2019",30.75,-84,129,420,750,141,381,54,119
"4761","NEF_GloFung-its2_787_2019",30.75,-84,129,420,750,141,381,54,119
"4762","NEF_GloFung-its2_787_2019",30.75,-84,129,420,750,141,381,54,119
"4763","NEF_GloFung-its2_787_2019",30.75,-84,129,420,750,141,381,54,119
"4764","NEF_GloFung-its2_787_2019",30.75,-84,129,420,750,141,381,54,119
"4765","NEF_GloFung-its2_787_2019",30.75,-84,129,420,750,141,381,54,119
"4766","NEF_GloFung-its2_787_2019",30.75,-84,129,420,750,141,381,54,119
"4767","NEF_GloFung-its2_787_2019",30.75,-84,129,420,750,141,381,54,119
"4768","NEF_GloFung-its2_787_2019",30.75,-84,129,420,750,141,381,54,119
"4769","NEF_GloFung-its2_787_2019",30.75,-84,129,420,750,141,381,54,119
"4770","NEF_GloFung-its2_787_2019",30.75,-84,129,420,750,141,381,54,119
"4771","NEF_GloFung-its2_787_2019",30.75,-84,129,420,750,141,381,54,119
"4772","NEF_GloFung-its2_787_2019",30.75,-84,129,420,750,141,381,54,119
"4773","NEF_GloFung-its2_787_2019",30.75,-84,129,420,750,141,381,54,119
"4774","NEF_GloFung-its2_787_2019",30.75,-84,129,420,750,141,381,54,119
"4775","NEF_GloFung-its2_787_2019",30.75,-84,129,420,750,141,381,54,119
"4776","NEF_GloFung-its2_787_2019",30.75,-84,129,420,750,141,381,54,119
"4777","NEF_GloFung-its2_787_2019",30.75,-84,129,420,750,141,381,54,119
"4778","NEF_GloFung-its2_787_2019",30.75,-84,129,420,750,141,381,54,119
"4779","NEF_GloFung-its2_787_2019",30.75,-84,129,420,750,141,381,54,119
"4780","NEF_GloFung-its2_787_2019",30.75,-84,129,420,750,141,381,54,119
"4781","NEF_GloFung-its2_787_2019",30.75,-84,129,420,750,141,381,54,119
"4782","NEF_GloFung-its2_787_2019",30.75,-84,129,420,750,141,381,54,119
"4783","NEF_GloFung-its2_787_2019",30.75,-84,129,420,750,141,381,54,119
"4784","NEF_GloFung-its2_787_2019",30.75,-84,129,420,750,141,381,54,119
"4785","NEF_GloFung-its2_787_2019",30.75,-84,129,420,750,141,381,54,119
"4786","NEF_GloFung-its2_787_2019",30.75,-84,129,420,750,141,381,54,119
"4787","NEF_GloFung-its2_787_2019",30.75,-84,129,420,750,141,381,54,119
"4788","NEF_GloFung-its2_787_2019",30.75,-84,129,420,750,141,381,54,119
"4789","NEF_GloFung-its2_787_2019",30.75,-84,129,420,750,141,381,54,119
"4790","NEF_GloFung-its2_787_2019",30.75,-84,129,420,750,141,381,54,119
"4791","NEF_GloFung-its2_787_2019",30.75,-84,129,420,750,141,381,54,119
"4792","NEF_GloFung-its2_787_2019",30.75,-84,129,420,750,141,381,54,119
"4793","NEF_GloFung-its2_787_2019",30.75,-84,129,420,750,141,381,54,119
"4794","NEF_GloFung-its2_787_2019",30.75,-84,129,420,750,141,381,54,119
"4795","NEF_GloFung-its2_787_2019",30.75,-84,129,420,750,141,381,54,119
"4796","NEF_GloFung-its2_787_2019",30.75,-84,129,420,750,141,381,54,119
"4797","NEF_GloFung-its2_787_2019",30.75,-84,129,420,750,141,381,54,119
"4798","NEF_GloFung-its2_787_2019",30.75,-84,129,420,750,141,381,54,119
"4799","NEF_GloFung-its2_787_2019",30.75,-84,129,420,750,141,381,54,119
"4800","NEF_GloFung-its2_787_2019",30.75,-84,129,420,750,141,381,54,119
"4801","NEF_GloFung-its2_787_2019",30.75,-84,129,420,750,141,381,54,119
"4802","NEF_GloFung-its2_787_2019",30.75,-84,129,420,750,141,381,54,119
"4803","NEF_GloFung-its2_787_2019",30.75,-84,129,420,750,141,381,54,119
"4804","NEF_GloFung-its2_787_2019",30.75,-84,129,420,750,141,381,54,119
"4805","NEF_GloFung-its2_787_2019",30.75,-84,129,420,750,141,381,54,119
"4806","NEF_GloFung-its2_787_2019",30.75,-84,129,420,750,141,381,54,119
"4807","NEF_GloFung-its2_787_2019",30.75,-84,129,420,750,141,381,54,119
"4808","NEF_GloFung-its2_787_2019",30.75,-84,129,420,750,141,381,54,119
"4809","NEF_GloFung-its2_787_2019",30.75,-84,129,420,750,141,381,54,119
"4810","NEF_GloFung-its2_787_2019",30.75,-84,129,420,750,141,381,54,119
"4811","NEF_GloFung-its2_787_2019",30.75,-84,129,420,750,141,381,54,119
"4812","NEF_GloFung-its2_787_2019",30.75,-84,129,420,750,141,381,54,119
"4813","NEF_GloFung-its2_787_2019",30.75,-84,129,420,750,141,381,54,119
"4814","NEF_GloFung-its2_787_2019",30.75,-84,129,420,750,141,381,54,119
"4815","NEF_GloFung-its2_787_2019",30.75,-84,129,420,750,141,381,54,119
"4816","NEF_GloFung-its2_787_2019",30.75,-84,129,420,750,141,381,54,119
"4817","NEF_GloFung-its2_787_2019",30.75,-84,129,420,750,141,381,54,119
"4818","NEF_GloFung-its2_787_2019",30.75,-84,129,420,750,141,381,54,119
"4819","NEF_GloFung-its2_787_2019",30.75,-84,129,420,750,141,381,54,119
"4820","NEF_GloFung-its2_787_2019",30.75,-84,129,420,750,141,381,54,119
"4821","NEF_GloFung-its2_787_2019",30.75,-84,129,420,750,141,381,54,119
"4822","NEF_GloFung-its2_787_2019",30.75,-84,129,420,750,141,381,54,119
"4823","NEF_GloFung-its2_787_2019",30.75,-84,129,420,750,141,381,54,119
"4824","NEF_GloFung-its2_788_2013",-4.8997,-73.6299,118,350,237,218,807,42,406
"4825","NEF_GloFung-its2_789_2013",-4.1291,-73.4707,76,330,287,211,1008,45,379
"4826","NEF_GloFung-its2_789_2013",-4.1291,-73.4707,76,330,287,211,1008,45,379
"4827","NEF_GloFung-its2_790_2013",-3.833,-73.5979,76,301,327,207,586,46,367
"4828","NEF_GloFung-its2_791_2013",-4.8793,-73.6479,118,379,194,245,795,42,435
"4829","NEF_GloFung-its2_788_2013",-4.8997,-73.6299,118,350,237,218,807,42,406
"4830","NEF_GloFung-its2_789_2013",-4.1291,-73.4707,76,330,287,211,1008,45,379
"4831","NEF_GloFung-its2_792_2013",-3.8918,-73.5603,76,327,401,197,682,45,315
"4832","NEF_GloFung-its2_789_2013",-4.1291,-73.4707,76,330,287,211,1008,45,379
"4833","NEF_GloFung-its2_789_2013",-4.1291,-73.4707,76,330,287,211,1008,45,379
"4834","NEF_GloFung-its2_792_2013",-3.8918,-73.5603,76,327,401,197,682,45,315
"4835","NEF_GloFung-its2_789_2013",-4.1291,-73.4707,76,330,287,211,1008,45,379
"4836","NEF_GloFung-its2_793_2013",-3.9758,-73.427,76,313,285,179,889,45,383
"4837","NEF_GloFung-its2_791_2013",-4.8793,-73.6479,118,379,194,245,795,42,435
"4838","NEF_GloFung-its2_792_2013",-3.8918,-73.5603,76,327,401,197,682,45,315
"4839","NEF_GloFung-its2_790_2013",-3.833,-73.5979,76,301,327,207,586,46,367
"4840","NEF_GloFung-its2_788_2013",-4.8997,-73.6299,118,350,237,218,807,42,406
"4841","NEF_GloFung-its2_789_2013",-4.1291,-73.4707,76,330,287,211,1008,45,379
"4842","NEF_GloFung-its2_793_2013",-3.9758,-73.427,76,313,285,179,889,45,383
"4843","NEF_GloFung-its2_788_2013",-4.8997,-73.6299,118,350,237,218,807,42,406
"4844","NEF_GloFung-its2_791_2013",-4.8793,-73.6479,118,379,194,245,795,42,435
"4845","NEF_GloFung-its2_794_2013",-4.9336,-73.7221,118,355,236,187,776,43,454
"4846","NEF_GloFung-its2_792_2013",-3.8918,-73.5603,76,327,401,197,682,45,315
"4847","NEF_GloFung-its2_791_2013",-4.8793,-73.6479,118,379,194,245,795,42,435
"4848","NEF_GloFung-its2_794_2013",-4.9336,-73.7221,118,355,236,187,776,43,454
"4849","NEF_GloFung-its2_788_2013",-4.8997,-73.6299,118,350,237,218,807,42,406
"4850","NEF_GloFung-its2_793_2013",-3.9758,-73.427,76,313,285,179,889,45,383
"4851","NEF_GloFung-its2_788_2013",-4.8997,-73.6299,118,350,237,218,807,42,406
"4852","NEF_GloFung-its2_794_2013",-4.9336,-73.7221,118,355,236,187,776,43,454
"4853","NEF_GloFung-its2_793_2013",-3.9758,-73.427,76,313,285,179,889,45,383
"4854","NEF_GloFung-its2_793_2013",-3.9758,-73.427,76,313,285,179,889,45,383
"4855","NEF_GloFung-its2_789_2013",-4.1291,-73.4707,76,330,287,211,1008,45,379
"4856","NEF_GloFung-its2_794_2013",-4.9336,-73.7221,118,355,236,187,776,43,454
"4857","NEF_GloFung-its2_792_2013",-3.8918,-73.5603,76,327,401,197,682,45,315
"4858","NEF_GloFung-its2_790_2013",-3.833,-73.5979,76,301,327,207,586,46,367
"4859","NEF_GloFung-its2_790_2013",-3.833,-73.5979,76,301,327,207,586,46,367
"4860","NEF_GloFung-its2_791_2013",-4.8793,-73.6479,118,379,194,245,795,42,435
"4861","NEF_GloFung-its2_792_2013",-3.8918,-73.5603,76,327,401,197,682,45,315
"4862","NEF_GloFung-its2_794_2013",-4.9336,-73.7221,118,355,236,187,776,43,454
"4863","NEF_GloFung-its2_794_2013",-4.9336,-73.7221,118,355,236,187,776,43,454
"4864","NEF_GloFung-its2_790_2013",-3.833,-73.5979,76,301,327,207,586,46,367
"4865","NEF_GloFung-its2_793_2013",-3.9758,-73.427,76,313,285,179,889,45,383
"4866","NEF_GloFung-its2_791_2013",-4.8793,-73.6479,118,379,194,245,795,42,435
"4867","NEF_GloFung-its2_788_2013",-4.8997,-73.6299,118,350,237,218,807,42,406
"4868","NEF_GloFung-its2_789_2013",-4.1291,-73.4707,76,330,287,211,1008,45,379
"4869","NEF_GloFung-its2_788_2013",-4.8997,-73.6299,118,350,237,218,807,42,406
"4870","NEF_GloFung-its2_793_2013",-3.9758,-73.427,76,313,285,179,889,45,383
"4871","NEF_GloFung-its2_793_2013",-3.9758,-73.427,76,313,285,179,889,45,383
"4872","NEF_GloFung-its2_790_2013",-3.833,-73.5979,76,301,327,207,586,46,367
"4873","NEF_GloFung-its2_794_2013",-4.9336,-73.7221,118,355,236,187,776,43,454
"4874","NEF_GloFung-its2_793_2013",-3.9758,-73.427,76,313,285,179,889,45,383
"4875","NEF_GloFung-its2_793_2013",-3.9758,-73.427,76,313,285,179,889,45,383
"4876","NEF_GloFung-its2_791_2013",-4.8793,-73.6479,118,379,194,245,795,42,435
"4877","NEF_GloFung-its2_788_2013",-4.8997,-73.6299,118,350,237,218,807,42,406
"4878","NEF_GloFung-its2_792_2013",-3.8918,-73.5603,76,327,401,197,682,45,315
"4879","NEF_GloFung-its2_788_2013",-4.8997,-73.6299,118,350,237,218,807,42,406
"4880","NEF_GloFung-its2_795_2017",-40.79,-72.95,78,850,345,355,1440,54,416
"4881","NEF_GloFung-its2_795_2017",-40.79,-72.95,78,850,345,355,1440,54,416
"4882","NEF_GloFung-its2_795_2017",-40.79,-72.95,78,850,345,355,1440,54,416
"4883","NEF_GloFung-its2_795_2017",-40.79,-72.95,78,850,345,355,1440,54,416
"4884","NEF_GloFung-its2_795_2017",-40.79,-72.95,78,850,345,355,1440,54,416
"4885","NEF_GloFung-its2_795_2017",-40.79,-72.95,78,850,345,355,1440,54,416
"4886","NEF_GloFung-its2_795_2017",-40.79,-72.95,78,850,345,355,1440,54,416
"4887","NEF_GloFung-its2_795_2017",-40.79,-72.95,78,850,345,355,1440,54,416
"4888","NEF_GloFung-its2_795_2017",-40.79,-72.95,78,850,345,355,1440,54,416
"4889","NEF_GloFung-its2_795_2017",-40.79,-72.95,78,850,345,355,1440,54,416
"4890","NEF_GloFung-its2_795_2017",-40.79,-72.95,78,850,345,355,1440,54,416
"4891","NEF_GloFung-its2_795_2017",-40.79,-72.95,78,850,345,355,1440,54,416
"4892","NEF_GloFung-its2_795_2017",-40.79,-72.95,78,850,345,355,1440,54,416
"4893","NEF_GloFung-its2_795_2017",-40.79,-72.95,78,850,345,355,1440,54,416
"4894","NEF_GloFung-its2_795_2017",-40.79,-72.95,78,850,345,355,1440,54,416
"4895","NEF_GloFung-its2_795_2017",-40.79,-72.95,78,850,345,355,1440,54,416
"4896","NEF_GloFung-its2_795_2017",-40.79,-72.95,78,850,345,355,1440,54,416
"4897","NEF_GloFung-its2_795_2017",-40.79,-72.95,78,850,345,355,1440,54,416
"4898","NEF_GloFung-its2_796_2017",5.302186111,-53.04910278,12,445,293,189,630,47,364
"4899","NEF_GloFung-its2_797_2017",5.543888889,-53.49694444,148,412,339,199,568,47,344
"4900","NEF_GloFung-its2_796_2017",5.302186111,-53.04910278,12,445,293,189,630,47,364
"4901","NEF_GloFung-its2_798_2017",5.473611111,-53.58083333,148,398,399,195,618,44,246
"4902","NEF_GloFung-its2_799_2017",5.28,-52.91793333,12,428,328,175,599,48,337
"4903","NEF_GloFung-its2_800_2017",5.066388889,-52.68472222,12,487,304,235,635,46,391
"4904","NEF_GloFung-its2_801_2017",5.471666667,-53.57722222,148,438,418,186,673,45,241
"4905","NEF_GloFung-its2_796_2017",5.302186111,-53.04910278,12,445,293,189,630,47,364
"4906","NEF_GloFung-its2_798_2017",5.473611111,-53.58083333,148,398,399,195,618,44,246
"4907","NEF_GloFung-its2_802_2017",-14.21777778,-39.96666667,98,330,506,188,476,56,197
"4908","NEF_GloFung-its2_803_2017",4.195166667,-52.14958333,11,338,326,231,670,46,323
"4909","NEF_GloFung-its2_796_2017",5.302186111,-53.04910278,12,445,293,189,630,47,364
"4910","NEF_GloFung-its2_804_2017",5.135519444,-53.04910278,12,394,327,203,709,45,346
"4911","NEF_GloFung-its2_802_2017",-14.21777778,-39.96666667,98,330,506,188,476,56,197
"4912","NEF_GloFung-its2_805_2017",-14.46805556,-39.06805556,98,339,374,175,447,51,296
"4913","NEF_GloFung-its2_796_2017",5.302186111,-53.04910278,12,445,293,189,630,47,364
"4914","NEF_GloFung-its2_806_2017",5.3,-53.6,148,370,444,154,680,43,231
"4915","NEF_GloFung-its2_798_2017",5.473611111,-53.58083333,148,398,399,195,618,44,246
"4916","NEF_GloFung-its2_798_2017",5.473611111,-53.58083333,148,398,399,195,618,44,246
"4917","NEF_GloFung-its2_800_2017",5.066388889,-52.68472222,12,487,304,235,635,46,391
"4918","NEF_GloFung-its2_799_2017",5.28,-52.91793333,12,428,328,175,599,48,337
"4919","NEF_GloFung-its2_800_2017",5.066388889,-52.68472222,12,487,304,235,635,46,391
"4920","NEF_GloFung-its2_807_2017",-13.56805556,-39.70694444,99,407,408,190,625,53,236
"4921","NEF_GloFung-its2_797_2017",5.543888889,-53.49694444,148,412,339,199,568,47,344
"4922","NEF_GloFung-its2_808_2017",-15.24805556,-39.06805556,97,382,354,201,670,50,331
"4923","NEF_GloFung-its2_800_2017",5.066388889,-52.68472222,12,487,304,235,635,46,391
"4924","NEF_GloFung-its2_803_2017",4.195166667,-52.14958333,11,338,326,231,670,46,323
"4925","NEF_GloFung-its2_805_2017",-14.46805556,-39.06805556,98,339,374,175,447,51,296
"4926","NEF_GloFung-its2_800_2017",5.066388889,-52.68472222,12,487,304,235,635,46,391
"4927","NEF_GloFung-its2_799_2017",5.28,-52.91793333,12,428,328,175,599,48,337
"4928","NEF_GloFung-its2_809_2017",5.533333333,-53.56583333,148,536,363,189,522,47,366
"4929","NEF_GloFung-its2_796_2017",5.302186111,-53.04910278,12,445,293,189,630,47,364
"4930","NEF_GloFung-its2_799_2017",5.28,-52.91793333,12,428,328,175,599,48,337
"4931","NEF_GloFung-its2_799_2017",5.28,-52.91793333,12,428,328,175,599,48,337
"4932","NEF_GloFung-its2_809_2017",5.533333333,-53.56583333,148,536,363,189,522,47,366
"4933","NEF_GloFung-its2_808_2017",-15.24805556,-39.06805556,97,382,354,201,670,50,331
"4934","NEF_GloFung-its2_800_2017",5.066388889,-52.68472222,12,487,304,235,635,46,391
"4935","NEF_GloFung-its2_810_2017",-12.99888889,-41.04861111,149,199,573,217,302,58,163
"4936","NEF_GloFung-its2_801_2017",5.471666667,-53.57722222,148,438,418,186,673,45,241
"4937","NEF_GloFung-its2_800_2017",5.066388889,-52.68472222,12,487,304,235,635,46,391
"4938","NEF_GloFung-its2_800_2017",5.066388889,-52.68472222,12,487,304,235,635,46,391
"4939","NEF_GloFung-its2_803_2017",4.195166667,-52.14958333,11,338,326,231,670,46,323
"4940","NEF_GloFung-its2_801_2017",5.471666667,-53.57722222,148,438,418,186,673,45,241
"4941","NEF_GloFung-its2_801_2017",5.471666667,-53.57722222,148,438,418,186,673,45,241
"4942","NEF_GloFung-its2_801_2017",5.471666667,-53.57722222,148,438,418,186,673,45,241
"4943","NEF_GloFung-its2_801_2017",5.471666667,-53.57722222,148,438,418,186,673,45,241
"4944","NEF_GloFung-its2_801_2017",5.471666667,-53.57722222,148,438,418,186,673,45,241
"4945","NEF_GloFung-its2_801_2017",5.471666667,-53.57722222,148,438,418,186,673,45,241
"4946","NEF_GloFung-its2_798_2017",5.473611111,-53.58083333,148,398,399,195,618,44,246
"4947","NEF_GloFung-its2_801_2017",5.471666667,-53.57722222,148,438,418,186,673,45,241
"4948","NEF_GloFung-its2_798_2017",5.473611111,-53.58083333,148,398,399,195,618,44,246
"4949","NEF_GloFung-its2_803_2017",4.195166667,-52.14958333,11,338,326,231,670,46,323
"4950","NEF_GloFung-its2_803_2017",4.195166667,-52.14958333,11,338,326,231,670,46,323
"4951","NEF_GloFung-its2_803_2017",4.195166667,-52.14958333,11,338,326,231,670,46,323
"4952","NEF_GloFung-its2_807_2017",-13.56805556,-39.70694444,99,407,408,190,625,53,236
"4953","NEF_GloFung-its2_801_2017",5.471666667,-53.57722222,148,438,418,186,673,45,241
"4954","NEF_GloFung-its2_811_2017",-13.58,-39.69555556,99,422,381,186,763,53,254
"4955","NEF_GloFung-its2_811_2017",-13.58,-39.69555556,99,422,381,186,763,53,254
"4956","NEF_GloFung-its2_796_2017",5.302186111,-53.04910278,12,445,293,189,630,47,364
"4957","NEF_GloFung-its2_812_2017",5.745861111,-53.93527778,148,0,0,0,0,0,0
"4958","NEF_GloFung-its2_808_2017",-15.24805556,-39.06805556,97,382,354,201,670,50,331
"4959","NEF_GloFung-its2_803_2017",4.195166667,-52.14958333,11,338,326,231,670,46,323
"4960","NEF_GloFung-its2_803_2017",4.195166667,-52.14958333,11,338,326,231,670,46,323
"4961","NEF_GloFung-its2_808_2017",-15.24805556,-39.06805556,97,382,354,201,670,50,331
"4962","NEF_GloFung-its2_813_2017",-14.46805556,-39.10805556,98,384,364,173,405,51,273
"4963","NEF_GloFung-its2_798_2017",5.473611111,-53.58083333,148,398,399,195,618,44,246
"4964","NEF_GloFung-its2_805_2017",-14.46805556,-39.06805556,98,339,374,175,447,51,296
"4965","NEF_GloFung-its2_803_2017",4.195166667,-52.14958333,11,338,326,231,670,46,323
"4966","NEF_GloFung-its2_803_2017",4.195166667,-52.14958333,11,338,326,231,670,46,323
"4967","NEF_GloFung-its2_813_2017",-14.46805556,-39.10805556,98,384,364,173,405,51,273
"4968","NEF_GloFung-its2_807_2017",-13.56805556,-39.70694444,99,407,408,190,625,53,236
"4969","NEF_GloFung-its2_808_2017",-15.24805556,-39.06805556,97,382,354,201,670,50,331
"4970","NEF_GloFung-its2_805_2017",-14.46805556,-39.06805556,98,339,374,175,447,51,296
"4971","NEF_GloFung-its2_813_2017",-14.46805556,-39.10805556,98,384,364,173,405,51,273
"4972","NEF_GloFung-its2_803_2017",4.195166667,-52.14958333,11,338,326,231,670,46,323
"4973","NEF_GloFung-its2_805_2017",-14.46805556,-39.06805556,98,339,374,175,447,51,296
"4974","NEF_GloFung-its2_813_2017",-14.46805556,-39.10805556,98,384,364,173,405,51,273
"4975","NEF_GloFung-its2_806_2017",5.3,-53.6,148,370,444,154,680,43,231
"4976","NEF_GloFung-its2_800_2017",5.066388889,-52.68472222,12,487,304,235,635,46,391
"4977","NEF_GloFung-its2_801_2017",5.471666667,-53.57722222,148,438,418,186,673,45,241
"4978","NEF_GloFung-its2_796_2017",5.302186111,-53.04910278,12,445,293,189,630,47,364
"4979","NEF_GloFung-its2_813_2017",-14.46805556,-39.10805556,98,384,364,173,405,51,273
"4980","NEF_GloFung-its2_811_2017",-13.58,-39.69555556,99,422,381,186,763,53,254
"4981","NEF_GloFung-its2_803_2017",4.195166667,-52.14958333,11,338,326,231,670,46,323
"4982","NEF_GloFung-its2_809_2017",5.533333333,-53.56583333,148,536,363,189,522,47,366
"4983","NEF_GloFung-its2_807_2017",-13.56805556,-39.70694444,99,407,408,190,625,53,236
"4984","NEF_GloFung-its2_802_2017",-14.21777778,-39.96666667,98,330,506,188,476,56,197
"4985","NEF_GloFung-its2_796_2017",5.302186111,-53.04910278,12,445,293,189,630,47,364
"4986","NEF_GloFung-its2_811_2017",-13.58,-39.69555556,99,422,381,186,763,53,254
"4987","NEF_GloFung-its2_813_2017",-14.46805556,-39.10805556,98,384,364,173,405,51,273
"4988","NEF_GloFung-its2_801_2017",5.471666667,-53.57722222,148,438,418,186,673,45,241
"4989","NEF_GloFung-its2_798_2017",5.473611111,-53.58083333,148,398,399,195,618,44,246
"4990","NEF_GloFung-its2_798_2017",5.473611111,-53.58083333,148,398,399,195,618,44,246
"4991","NEF_GloFung-its2_804_2017",5.135519444,-53.04910278,12,394,327,203,709,45,346
"4992","NEF_GloFung-its2_801_2017",5.471666667,-53.57722222,148,438,418,186,673,45,241
"4993","NEF_GloFung-its2_801_2017",5.471666667,-53.57722222,148,438,418,186,673,45,241
"4994","NEF_GloFung-its2_801_2017",5.471666667,-53.57722222,148,438,418,186,673,45,241
"4995","NEF_GloFung-its2_813_2017",-14.46805556,-39.10805556,98,384,364,173,405,51,273
"4996","NEF_GloFung-its2_803_2017",4.195166667,-52.14958333,11,338,326,231,670,46,323
"4997","NEF_GloFung-its2_813_2017",-14.46805556,-39.10805556,98,384,364,173,405,51,273
"4998","NEF_GloFung-its2_798_2017",5.473611111,-53.58083333,148,398,399,195,618,44,246
"4999","NEF_GloFung-its2_800_2017",5.066388889,-52.68472222,12,487,304,235,635,46,391
"5000","NEF_GloFung-its2_801_2017",5.471666667,-53.57722222,148,438,418,186,673,45,241
"5001","NEF_GloFung-its2_808_2017",-15.24805556,-39.06805556,97,382,354,201,670,50,331
"5002","NEF_GloFung-its2_807_2017",-13.56805556,-39.70694444,99,407,408,190,625,53,236
"5003","NEF_GloFung-its2_811_2017",-13.58,-39.69555556,99,422,381,186,763,53,254
"5004","NEF_GloFung-its2_811_2017",-13.58,-39.69555556,99,422,381,186,763,53,254
"5005","NEF_GloFung-its2_801_2017",5.471666667,-53.57722222,148,438,418,186,673,45,241
"5006","NEF_GloFung-its2_800_2017",5.066388889,-52.68472222,12,487,304,235,635,46,391
"5007","NEF_GloFung-its2_807_2017",-13.56805556,-39.70694444,99,407,408,190,625,53,236
"5008","NEF_GloFung-its2_800_2017",5.066388889,-52.68472222,12,487,304,235,635,46,391
"5009","NEF_GloFung-its2_805_2017",-14.46805556,-39.06805556,98,339,374,175,447,51,296
"5010","NEF_GloFung-its2_798_2017",5.473611111,-53.58083333,148,398,399,195,618,44,246
"5011","NEF_GloFung-its2_807_2017",-13.56805556,-39.70694444,99,407,408,190,625,53,236
"5012","NEF_GloFung-its2_799_2017",5.28,-52.91793333,12,428,328,175,599,48,337
"5013","NEF_GloFung-its2_799_2017",5.28,-52.91793333,12,428,328,175,599,48,337
"5014","NEF_GloFung-its2_803_2017",4.195166667,-52.14958333,11,338,326,231,670,46,323
"5015","NEF_GloFung-its2_814_2017",4.550591667,-52.02464167,11,542,227,268,781,46,429
"5016","NEF_GloFung-its2_812_2017",5.745861111,-53.93527778,148,0,0,0,0,0,0
"5017","NEF_GloFung-its2_800_2017",5.066388889,-52.68472222,12,487,304,235,635,46,391
"5018","NEF_GloFung-its2_799_2017",5.28,-52.91793333,12,428,328,175,599,48,337
"5019","NEF_GloFung-its2_807_2017",-13.56805556,-39.70694444,99,407,408,190,625,53,236
"5020","NEF_GloFung-its2_801_2017",5.471666667,-53.57722222,148,438,418,186,673,45,241
"5021","NEF_GloFung-its2_801_2017",5.471666667,-53.57722222,148,438,418,186,673,45,241
"5022","NEF_GloFung-its2_800_2017",5.066388889,-52.68472222,12,487,304,235,635,46,391
"5023","NEF_GloFung-its2_807_2017",-13.56805556,-39.70694444,99,407,408,190,625,53,236
"5024","NEF_GloFung-its2_815_2017",4.80627,-52.17409,11,631,277,298,835,50,398
"5025","NEF_GloFung-its2_798_2017",5.473611111,-53.58083333,148,398,399,195,618,44,246
"5026","NEF_GloFung-its2_807_2017",-13.56805556,-39.70694444,99,407,408,190,625,53,236
"5027","NEF_GloFung-its2_811_2017",-13.58,-39.69555556,99,422,381,186,763,53,254
"5028","NEF_GloFung-its2_803_2017",4.195166667,-52.14958333,11,338,326,231,670,46,323
"5029","NEF_GloFung-its2_796_2017",5.302186111,-53.04910278,12,445,293,189,630,47,364
"5030","NEF_GloFung-its2_796_2017",5.302186111,-53.04910278,12,445,293,189,630,47,364
"5031","NEF_GloFung-its2_805_2017",-14.46805556,-39.06805556,98,339,374,175,447,51,296
"5032","NEF_GloFung-its2_808_2017",-15.24805556,-39.06805556,97,382,354,201,670,50,331
"5033","NEF_GloFung-its2_798_2017",5.473611111,-53.58083333,148,398,399,195,618,44,246
"5034","NEF_GloFung-its2_808_2017",-15.24805556,-39.06805556,97,382,354,201,670,50,331
"5035","NEF_GloFung-its2_798_2017",5.473611111,-53.58083333,148,398,399,195,618,44,246
"5036","NEF_GloFung-its2_807_2017",-13.56805556,-39.70694444,99,407,408,190,625,53,236
"5037","NEF_GloFung-its2_808_2017",-15.24805556,-39.06805556,97,382,354,201,670,50,331
"5038","NEF_GloFung-its2_816_2017",29,-82,58,1191,888,157,213,53,52
"5039","NEF_GloFung-its2_817_2017",31,-83,119,1042,781,119,721,49,112
"5040","NEF_GloFung-its2_816_2017",29,-82,58,1191,888,157,213,53,52
"5041","NEF_GloFung-its2_817_2017",31,-83,119,1042,781,119,721,49,112
"5042","NEF_GloFung-its2_816_2017",29,-82,58,1191,888,157,213,53,52
"5043","NEF_GloFung-its2_816_2017",29,-82,58,1191,888,157,213,53,52
"5044","NEF_GloFung-its2_817_2017",31,-83,119,1042,781,119,721,49,112
"5045","NEF_GloFung-its2_816_2017",29,-82,58,1191,888,157,213,53,52
"5046","NEF_GloFung-its2_817_2017",31,-83,119,1042,781,119,721,49,112
"5047","NEF_GloFung-its2_816_2017",29,-82,58,1191,888,157,213,53,52
"5048","NEF_GloFung-its2_817_2017",31,-83,119,1042,781,119,721,49,112
"5049","NEF_GloFung-its2_818_2016",10.35,-61.27,120,387,323,153,430,53,338
"5050","NEF_GloFung-its2_818_2016",10.35,-61.27,120,387,323,153,430,53,338
"5051","NEF_GloFung-its2_819_2016",10.38,-61.28,120,396,320,159,444,52,303
"5052","NEF_GloFung-its2_820_2016",10.48,-61.1,120,468,273,200,560,55,311
"5053","NEF_GloFung-its2_819_2016",10.38,-61.28,120,396,320,159,444,52,303
"5054","NEF_GloFung-its2_821_2016",10.47,-61.1,120,459,287,241,551,53,301
"5055","NEF_GloFung-its2_821_2016",10.47,-61.1,120,459,287,241,551,53,301
"5056","NEF_GloFung-its2_822_2016",10.48,-61.11,120,488,266,222,529,55,299
"5057","NEF_GloFung-its2_822_2016",10.48,-61.11,120,488,266,222,529,55,299
"5058","NEF_GloFung-its2_819_2016",10.38,-61.28,120,396,320,159,444,52,303
"5059","NEF_GloFung-its2_823_2016",10.46,-61.1,120,523,292,283,662,54,354
"5060","NEF_GloFung-its2_819_2016",10.38,-61.28,120,396,320,159,444,52,303
"5061","NEF_GloFung-its2_823_2016",10.46,-61.1,120,523,292,283,662,54,354
"5062","NEF_GloFung-its2_819_2016",10.38,-61.28,120,396,320,159,444,52,303
"5063","NEF_GloFung-its2_819_2016",10.38,-61.28,120,396,320,159,444,52,303
"5064","NEF_GloFung-its2_824_2016",10.38,-61.29,120,386,319,178,444,54,323
"5065","NEF_GloFung-its2_820_2016",10.48,-61.1,120,468,273,200,560,55,311
"5066","NEF_GloFung-its2_824_2016",10.38,-61.29,120,386,319,178,444,54,323
"5067","NEF_GloFung-its2_822_2016",10.48,-61.11,120,488,266,222,529,55,299
"5068","NEF_GloFung-its2_821_2016",10.47,-61.1,120,459,287,241,551,53,301
"5069","NEF_GloFung-its2_818_2016",10.35,-61.27,120,387,323,153,430,53,338
"5070","NEF_GloFung-its2_823_2016",10.46,-61.1,120,523,292,283,662,54,354
"5071","NEF_GloFung-its2_824_2016",10.38,-61.29,120,386,319,178,444,54,323
"5072","NEF_GloFung-its2_820_2016",10.48,-61.1,120,468,273,200,560,55,311
"5073","NEF_GloFung-its2_825_2017",-54.77,-69.77,116,1203,545,313,2194,54,275
"5074","NEF_GloFung-its2_826_2017",-54.68,-69.38,116,1083,503,321,1967,58,290
"5075","NEF_GloFung-its2_826_2017",-54.68,-69.38,116,1083,503,321,1967,58,290
"5076","NEF_GloFung-its2_825_2017",-54.77,-69.77,116,1203,545,313,2194,54,275
"5077","NEF_GloFung-its2_825_2017",-54.77,-69.77,116,1203,545,313,2194,54,275
"5078","NEF_GloFung-its2_826_2017",-54.68,-69.38,116,1083,503,321,1967,58,290
"5079","NEF_GloFung-its2_826_2017",-54.68,-69.38,116,1083,503,321,1967,58,290
"5080","NEF_GloFung-its2_825_2017",-54.77,-69.77,116,1203,545,313,2194,54,275
"5081","NEF_GloFung-its2_826_2017",-54.68,-69.38,116,1083,503,321,1967,58,290
"5082","NEF_GloFung-its2_825_2017",-54.77,-69.77,116,1203,545,313,2194,54,275
"5083","NEF_GloFung-its2_825_2017",-54.77,-69.77,116,1203,545,313,2194,54,275
"5084","NEF_GloFung-its2_668_2015",22.64831,-99.894557,138,107,414,180,158,81,384
"5085","NEF_GloFung-its2_668_2015",22.64831,-99.894557,138,107,414,180,158,81,384
"5086","NEF_GloFung-its2_673_2015",-29.749902,-71.250724,141,247,689,168,305,75,203
"5087","NEF_GloFung-its2_670_2015",-30.662263,-71.663635,140,187,601,185,310,73,212
"5088","NEF_GloFung-its2_678_2015",22.352438,-102.455579,14,219,515,271,208,67,274
"5089","NEF_GloFung-its2_667_2015",22.246529,-99.655561,138,158,389,226,168,75,294
"5090","NEF_GloFung-its2_827_2015",10.002322,-69.648175,144,162,363,190,205,68,309
"5091","NEF_GloFung-its2_828_2015",23.254883,-101.055406,143,170,452,229,233,76,305
"5092","NEF_GloFung-its2_829_2015",23.204697,-101.273809,143,134,503,274,160,82,289
"5093","NEF_GloFung-its2_671_2015",-41.0335,-70.524528,139,168,651,214,210,72,218
"5094","NEF_GloFung-its2_674_2015",-41.253333,-70.080944,139,113,686,210,153,71,193
"5095","NEF_GloFung-its2_678_2015",22.352438,-102.455579,14,219,515,271,208,67,274
"5096","NEF_GloFung-its2_677_2015",9.666497,-69.946911,144,243,354,184,315,62,336
"5097","NEF_GloFung-its2_682_2015",-31.199813,-71.585444,140,254,600,209,351,74,211
"5098","NEF_GloFung-its2_828_2015",23.254883,-101.055406,143,170,452,229,233,76,305
"5099","NEF_GloFung-its2_679_2015",-29.311377,-71.244902,141,217,705,171,265,77,189
"5100","NEF_GloFung-its2_669_2015",-41.807778,-69.676417,139,100,652,216,76,76,232
"5101","NEF_GloFung-its2_674_2015",-41.253333,-70.080944,139,113,686,210,153,71,193
"5102","NEF_GloFung-its2_672_2015",22.644511,-100.420636,138,301,425,206,412,69,305
"5103","NEF_GloFung-its2_830_2015",9.767953,-69.8208,144,211,335,188,244,65,335
"5104","NEF_GloFung-its2_673_2015",-29.749902,-71.250724,141,247,689,168,305,75,203
"5105","NEF_GloFung-its2_831_2015",23.737999,-101.248559,143,149,477,233,171,80,275
"5106","NEF_GloFung-its2_676_2015",23.601688,-100.943528,143,146,423,160,161,80,320
"5107","NEF_GloFung-its2_672_2015",22.644511,-100.420636,138,301,425,206,412,69,305
"5108","NEF_GloFung-its2_831_2015",23.737999,-101.248559,143,149,477,233,171,80,275
"5109","NEF_GloFung-its2_682_2015",-31.199813,-71.585444,140,254,600,209,351,74,211
"5110","NEF_GloFung-its2_827_2015",10.002322,-69.648175,144,162,363,190,205,68,309
"5111","NEF_GloFung-its2_670_2015",-30.662263,-71.663635,140,187,601,185,310,73,212
"5112","NEF_GloFung-its2_679_2015",-29.311377,-71.244902,141,217,705,171,265,77,189
"5113","NEF_GloFung-its2_677_2015",9.666497,-69.946911,144,243,354,184,315,62,336
"5114","NEF_GloFung-its2_676_2015",23.601688,-100.943528,143,146,423,160,161,80,320
"5115","NEF_GloFung-its2_829_2015",23.204697,-101.273809,143,134,503,274,160,82,289
"5116","NEF_GloFung-its2_671_2015",-41.0335,-70.524528,139,168,651,214,210,72,218
"5117","NEF_GloFung-its2_830_2015",9.767953,-69.8208,144,211,335,188,244,65,335
"5118","NEF_GloFung-its2_667_2015",22.246529,-99.655561,138,158,389,226,168,75,294
"5119","NEF_GloFung-its2_832_2016",-54.0089,-38.0662,1,0,0,0,0,0,0
"5120","NEF_GloFung-its2_832_2016",-54.0089,-38.0662,1,0,0,0,0,0,0
"5121","NEF_GloFung-its2_832_2016",-54.0089,-38.0662,1,0,0,0,0,0,0
"5122","NEF_GloFung-its2_832_2016",-54.0089,-38.0662,1,0,0,0,0,0,0
"5123","NEF_GloFung-its2_832_2016",-54.0089,-38.0662,1,0,0,0,0,0,0
"5124","NEF_GloFung-its2_832_2016",-54.0089,-38.0662,1,0,0,0,0,0,0
"5125","NEF_GloFung-its2_832_2016",-54.0089,-38.0662,1,0,0,0,0,0,0
"5126","NEF_GloFung-its2_832_2016",-54.0089,-38.0662,1,0,0,0,0,0,0
"5127","NEF_GloFung-its2_832_2016",-54.0089,-38.0662,1,0,0,0,0,0,0
"5128","NEF_GloFung-its2_832_2016",-54.0089,-38.0662,1,0,0,0,0,0,0
"5129","NEF_GloFung-its2_832_2016",-54.0089,-38.0662,1,0,0,0,0,0,0
"5130","NEF_GloFung-its2_832_2016",-54.0089,-38.0662,1,0,0,0,0,0,0
"5131","NEF_GloFung-its2_832_2016",-54.0089,-38.0662,1,0,0,0,0,0,0
"5132","NEF_GloFung-its2_832_2016",-54.0089,-38.0662,1,0,0,0,0,0,0
"5133","NEF_GloFung-its2_832_2016",-54.0089,-38.0662,1,0,0,0,0,0,0
"5134","NEF_GloFung-its2_832_2016",-54.0089,-38.0662,1,0,0,0,0,0,0
"5135","NEF_GloFung-its2_832_2016",-54.0089,-38.0662,1,0,0,0,0,0,0
"5136","NEF_GloFung-its2_832_2016",-54.0089,-38.0662,1,0,0,0,0,0,0
"5137","NEF_GloFung-its2_832_2016",-54.0089,-38.0662,1,0,0,0,0,0,0
"5138","NEF_GloFung-its2_832_2016",-54.0089,-38.0662,1,0,0,0,0,0,0
"5139","NEF_GloFung-its2_832_2016",-54.0089,-38.0662,1,0,0,0,0,0,0
"5140","NEF_GloFung-its2_832_2016",-54.0089,-38.0662,1,0,0,0,0,0,0
"5141","NEF_GloFung-its2_832_2016",-54.0089,-38.0662,1,0,0,0,0,0,0
"5142","NEF_GloFung-its2_832_2016",-54.0089,-38.0662,1,0,0,0,0,0,0
"5143","NEF_GloFung-its2_832_2016",-54.0089,-38.0662,1,0,0,0,0,0,0
"5144","NEF_GloFung-its2_832_2016",-54.0089,-38.0662,1,0,0,0,0,0,0
"5145","NEF_GloFung-its2_832_2016",-54.0089,-38.0662,1,0,0,0,0,0,0
"5146","NEF_GloFung-its2_832_2016",-54.0089,-38.0662,1,0,0,0,0,0,0
"5147","NEF_GloFung-its2_832_2016",-54.0089,-38.0662,1,0,0,0,0,0,0
"5148","NEF_GloFung-its2_832_2016",-54.0089,-38.0662,1,0,0,0,0,0,0
"5149","NEF_GloFung-its2_832_2016",-54.0089,-38.0662,1,0,0,0,0,0,0
"5150","NEF_GloFung-its2_832_2016",-54.0089,-38.0662,1,0,0,0,0,0,0
"5151","NEF_GloFung-its2_832_2016",-54.0089,-38.0662,1,0,0,0,0,0,0
"5152","NEF_GloFung-its2_832_2016",-54.0089,-38.0662,1,0,0,0,0,0,0
"5153","NEF_GloFung-its2_832_2016",-54.0089,-38.0662,1,0,0,0,0,0,0
"5154","NEF_GloFung-its2_832_2016",-54.0089,-38.0662,1,0,0,0,0,0,0
"5155","NEF_GloFung-its2_832_2016",-54.0089,-38.0662,1,0,0,0,0,0,0
"5156","NEF_GloFung-its2_832_2016",-54.0089,-38.0662,1,0,0,0,0,0,0
"5157","NEF_GloFung-its2_832_2016",-54.0089,-38.0662,1,0,0,0,0,0,0
"5158","NEF_GloFung-its2_832_2016",-54.0089,-38.0662,1,0,0,0,0,0,0
"5159","NEF_GloFung-its2_832_2016",-54.0089,-38.0662,1,0,0,0,0,0,0
"5160","NEF_GloFung-its2_832_2016",-54.0089,-38.0662,1,0,0,0,0,0,0
"5161","NEF_GloFung-its2_832_2016",-54.0089,-38.0662,1,0,0,0,0,0,0
"5162","NEF_GloFung-its2_832_2016",-54.0089,-38.0662,1,0,0,0,0,0,0
"5163","NEF_GloFung-its2_832_2016",-54.0089,-38.0662,1,0,0,0,0,0,0
"5164","NEF_GloFung-its2_833_2017",-25.833,-53.93231,43,384,144,181,417,54,355
"5165","NEF_GloFung-its2_834_2017",-27.10304,-55.31535,121,376,150,161,368,51,322
"5166","NEF_GloFung-its2_835_2017",-25.85444,-53.93086,43,411,137,198,506,52,336
"5167","NEF_GloFung-its2_836_2017",-25.79449,-53.97408,43,360,110,168,404,52,347
"5168","NEF_GloFung-its2_837_2017",-26.99299,-55.2336,121,348,271,169,385,53,268
"5169","NEF_GloFung-its2_837_2017",-26.99318,-55.23393,121,353,265,164,327,53,269
"5170","NEF_GloFung-its2_838_2017",-27.13835,-55.4242,121,390,170,184,354,52,311
"5171","NEF_GloFung-its2_839_2017",-25.86694,-54.17972,43,360,124,190,493,52,361
"5172","NEF_GloFung-its2_837_2017",-26.99241,-55.2338,121,348,271,169,385,53,268
"5173","NEF_GloFung-its2_840_2017",-25.83451,-53.93188,43,386,144,185,426,54,354
"5174","NEF_GloFung-its2_833_2017",-25.83369,-53.93222,43,386,144,185,426,54,354
"5175","NEF_GloFung-its2_841_2016",-16.2245,-67.67655556,150,405,380,196,457,54,356
"5176","NEF_GloFung-its2_842_2016",-16.11404167,-67.1997,150,404,443,176,540,55,271
"5177","NEF_GloFung-its2_843_2016",-16.121915,-67.71937,150,364,370,154,602,53,434
"5178","NEF_GloFung-its2_844_2016",-16.29055556,-67.86944444,150,584,403,283,862,56,311
"5179","NEF_GloFung-its2_845_2016",-16.24402778,-67.66419444,150,478,395,178,743,52,329
"5180","NEF_GloFung-its2_846_2016",-16.25494444,-67.69822222,150,488,408,190,622,52,303
"5181","NEF_GloFung-its2_847_2016",-16.28419444,-67.57266667,150,390,430,206,619,55,314
"5182","NEF_GloFung-its2_848_2016",-16.47205556,-67.44008333,150,363,397,167,438,56,298
"5183","NEF_GloFung-its2_849_2016",-16.27611111,-68.6333333,151,0,0,0,0,0,0
"5184","NEF_GloFung-its2_850_2016",-16.38099444,-67.51694722,150,347,402,185,565,55,328
"5185","NEF_GloFung-its2_851_2016",-16.28875,-67.569,150,472,378,186,508,54,342
"5186","NEF_GloFung-its2_852_2016",-16.76069444,-67.20977778,150,289,396,200,413,58,301
"5187","NEF_GloFung-its2_853_2016",-16.25436111,-67.6975,150,488,408,190,622,52,303
"5188","NEF_GloFung-its2_854_2016",-16.131915,-67.71937,150,385,364,181,521,53,402
"5189","NEF_GloFung-its2_855_2016",-17.8491667,-67.22097222,27,174,514,172,189,70,274
"5190","NEF_GloFung-its2_856_2016",-16.28055556,-67.87944444,150,528,414,282,930,57,296
"5191","NEF_GloFung-its2_857_2016",-16.43338889,-67.46844444,150,333,399,180,489,54,322
"5192","NEF_GloFung-its2_858_2016",-16.75069444,-67.20977778,150,348,393,190,474,59,299
"5193","NEF_GloFung-its2_859_2016",-16.75330556,-67.22875,150,451,379,191,525,57,332
"5194","NEF_GloFung-its2_860_2016",-16.40288889,-67.47805556,150,435,412,163,494,55,307
"5195","NEF_GloFung-its2_861_2016",-16.42875,-67.46738889,150,439,400,168,489,55,322
