"","new.ID","Latitude","Longitude","groups","nitrogen","sand","cec","soc","phh2o","silt"
"252","NEF_GloFung-its1_50_2021",17.581064,-96.401436,9,663,439,188,1033,54,271
"252.1","NEF_GloFung-its1_50_2021",17.581064,-96.401436,9,663,439,188,1033,54,271
"252.2","NEF_GloFung-its1_50_2021",17.581064,-96.401436,9,663,439,188,1033,54,271
"255","NEF_GloFung-its1_51_2021",17.588444,-96.399361,9,598,408,192,1087,51,285
"255.1","NEF_GloFung-its1_51_2021",17.588444,-96.399361,9,598,408,192,1087,51,285
"255.2","NEF_GloFung-its1_51_2021",17.588444,-96.399361,9,598,408,192,1087,51,285
"258","NEF_GloFung-its1_52_2021",17.583433,-96.3935,9,609,411,192,1098,52,276
"258.1","NEF_GloFung-its1_52_2021",17.583433,-96.3935,9,609,411,192,1098,52,276
"258.2","NEF_GloFung-its1_52_2021",17.583433,-96.3935,9,609,411,192,1098,52,276
"373","NEF_GloFung-its1_56_2021",4.8764,-52.2608,11,482,328,208,682,49,328
"373.1","NEF_GloFung-its1_56_2021",4.8764,-52.2608,11,482,328,208,682,49,328
"373.2","NEF_GloFung-its1_56_2021",4.8764,-52.2608,11,482,328,208,682,49,328
"373.3","NEF_GloFung-its1_56_2021",4.8764,-52.2608,11,482,328,208,682,49,328
"373.4","NEF_GloFung-its1_56_2021",4.8764,-52.2608,11,482,328,208,682,49,328
"373.5","NEF_GloFung-its1_56_2021",4.8764,-52.2608,11,482,328,208,682,49,328
"373.6","NEF_GloFung-its1_56_2021",4.8764,-52.2608,11,482,328,208,682,49,328
"373.7","NEF_GloFung-its1_56_2021",4.8764,-52.2608,11,482,328,208,682,49,328
"373.8","NEF_GloFung-its1_56_2021",4.8764,-52.2608,11,482,328,208,682,49,328
"373.9","NEF_GloFung-its1_56_2021",4.8764,-52.2608,11,482,328,208,682,49,328
"373.10","NEF_GloFung-its1_56_2021",4.8764,-52.2608,11,482,328,208,682,49,328
"373.11","NEF_GloFung-its1_56_2021",4.8764,-52.2608,11,482,328,208,682,49,328
"373.12","NEF_GloFung-its1_56_2021",4.8764,-52.2608,11,482,328,208,682,49,328
"373.13","NEF_GloFung-its1_56_2021",4.8764,-52.2608,11,482,328,208,682,49,328
"373.14","NEF_GloFung-its1_56_2021",4.8764,-52.2608,11,482,328,208,682,49,328
"373.15","NEF_GloFung-its1_56_2021",4.8764,-52.2608,11,482,328,208,682,49,328
"373.16","NEF_GloFung-its1_56_2021",4.8764,-52.2608,11,482,328,208,682,49,328
"373.17","NEF_GloFung-its1_56_2021",4.8764,-52.2608,11,482,328,208,682,49,328
"373.18","NEF_GloFung-its1_56_2021",4.8764,-52.2608,11,482,328,208,682,49,328
"373.19","NEF_GloFung-its1_56_2021",4.8764,-52.2608,11,482,328,208,682,49,328
"373.20","NEF_GloFung-its1_56_2021",4.8764,-52.2608,11,482,328,208,682,49,328
"373.21","NEF_GloFung-its1_56_2021",4.8764,-52.2608,11,482,328,208,682,49,328
"373.22","NEF_GloFung-its1_56_2021",4.8764,-52.2608,11,482,328,208,682,49,328
"373.23","NEF_GloFung-its1_56_2021",4.8764,-52.2608,11,482,328,208,682,49,328
"373.24","NEF_GloFung-its1_56_2021",4.8764,-52.2608,11,482,328,208,682,49,328
"373.25","NEF_GloFung-its1_56_2021",4.8764,-52.2608,11,482,328,208,682,49,328
"373.26","NEF_GloFung-its1_56_2021",4.8764,-52.2608,11,482,328,208,682,49,328
"373.27","NEF_GloFung-its1_56_2021",4.8764,-52.2608,11,482,328,208,682,49,328
"373.28","NEF_GloFung-its1_56_2021",4.8764,-52.2608,11,482,328,208,682,49,328
"373.29","NEF_GloFung-its1_56_2021",4.8764,-52.2608,11,482,328,208,682,49,328
"373.30","NEF_GloFung-its1_56_2021",4.8764,-52.2608,11,482,328,208,682,49,328
"373.31","NEF_GloFung-its1_56_2021",4.8764,-52.2608,11,482,328,208,682,49,328
"405","NEF_GloFung-its1_57_2021",4.9116,-52.25897,11,0,0,0,0,0,0
"405.1","NEF_GloFung-its1_57_2021",4.9116,-52.25897,11,0,0,0,0,0,0
"405.2","NEF_GloFung-its1_57_2021",4.9116,-52.25897,11,0,0,0,0,0,0
"405.3","NEF_GloFung-its1_57_2021",4.9116,-52.25897,11,0,0,0,0,0,0
"405.4","NEF_GloFung-its1_57_2021",4.9116,-52.25897,11,0,0,0,0,0,0
"405.5","NEF_GloFung-its1_57_2021",4.9116,-52.25897,11,0,0,0,0,0,0
"405.6","NEF_GloFung-its1_57_2021",4.9116,-52.25897,11,0,0,0,0,0,0
"405.7","NEF_GloFung-its1_57_2021",4.9116,-52.25897,11,0,0,0,0,0,0
"405.8","NEF_GloFung-its1_57_2021",4.9116,-52.25897,11,0,0,0,0,0,0
"405.9","NEF_GloFung-its1_57_2021",4.9116,-52.25897,11,0,0,0,0,0,0
"405.10","NEF_GloFung-its1_57_2021",4.9116,-52.25897,11,0,0,0,0,0,0
"405.11","NEF_GloFung-its1_57_2021",4.9116,-52.25897,11,0,0,0,0,0,0
"405.12","NEF_GloFung-its1_57_2021",4.9116,-52.25897,11,0,0,0,0,0,0
"405.13","NEF_GloFung-its1_57_2021",4.9116,-52.25897,11,0,0,0,0,0,0
"405.14","NEF_GloFung-its1_57_2021",4.9116,-52.25897,11,0,0,0,0,0,0
"405.15","NEF_GloFung-its1_57_2021",4.9116,-52.25897,11,0,0,0,0,0,0
"405.16","NEF_GloFung-its1_57_2021",4.9116,-52.25897,11,0,0,0,0,0,0
"405.17","NEF_GloFung-its1_57_2021",4.9116,-52.25897,11,0,0,0,0,0,0
"405.18","NEF_GloFung-its1_57_2021",4.9116,-52.25897,11,0,0,0,0,0,0
"405.19","NEF_GloFung-its1_57_2021",4.9116,-52.25897,11,0,0,0,0,0,0
"405.20","NEF_GloFung-its1_57_2021",4.9116,-52.25897,11,0,0,0,0,0,0
"405.21","NEF_GloFung-its1_57_2021",4.9116,-52.25897,11,0,0,0,0,0,0
"405.22","NEF_GloFung-its1_57_2021",4.9116,-52.25897,11,0,0,0,0,0,0
"405.23","NEF_GloFung-its1_57_2021",4.9116,-52.25897,11,0,0,0,0,0,0
"405.24","NEF_GloFung-its1_57_2021",4.9116,-52.25897,11,0,0,0,0,0,0
"405.25","NEF_GloFung-its1_57_2021",4.9116,-52.25897,11,0,0,0,0,0,0
"405.26","NEF_GloFung-its1_57_2021",4.9116,-52.25897,11,0,0,0,0,0,0
"405.27","NEF_GloFung-its1_57_2021",4.9116,-52.25897,11,0,0,0,0,0,0
"405.28","NEF_GloFung-its1_57_2021",4.9116,-52.25897,11,0,0,0,0,0,0
"405.29","NEF_GloFung-its1_57_2021",4.9116,-52.25897,11,0,0,0,0,0,0
"405.30","NEF_GloFung-its1_57_2021",4.9116,-52.25897,11,0,0,0,0,0,0
"405.31","NEF_GloFung-its1_57_2021",4.9116,-52.25897,11,0,0,0,0,0,0
"437","NEF_GloFung-its1_58_2021",4.56847,-52.17876,11,371,298,197,712,46,362
"437.1","NEF_GloFung-its1_58_2021",4.56847,-52.17876,11,371,298,197,712,46,362
"437.2","NEF_GloFung-its1_58_2021",4.56847,-52.17876,11,371,298,197,712,46,362
"437.3","NEF_GloFung-its1_58_2021",4.56847,-52.17876,11,371,298,197,712,46,362
"437.4","NEF_GloFung-its1_58_2021",4.56847,-52.17876,11,371,298,197,712,46,362
"437.5","NEF_GloFung-its1_58_2021",4.56847,-52.17876,11,371,298,197,712,46,362
"437.6","NEF_GloFung-its1_58_2021",4.56847,-52.17876,11,371,298,197,712,46,362
"437.7","NEF_GloFung-its1_58_2021",4.56847,-52.17876,11,371,298,197,712,46,362
"437.8","NEF_GloFung-its1_58_2021",4.56847,-52.17876,11,371,298,197,712,46,362
"437.9","NEF_GloFung-its1_58_2021",4.56847,-52.17876,11,371,298,197,712,46,362
"437.10","NEF_GloFung-its1_58_2021",4.56847,-52.17876,11,371,298,197,712,46,362
"437.11","NEF_GloFung-its1_58_2021",4.56847,-52.17876,11,371,298,197,712,46,362
"437.12","NEF_GloFung-its1_58_2021",4.56847,-52.17876,11,371,298,197,712,46,362
"437.13","NEF_GloFung-its1_58_2021",4.56847,-52.17876,11,371,298,197,712,46,362
"437.14","NEF_GloFung-its1_58_2021",4.56847,-52.17876,11,371,298,197,712,46,362
"437.15","NEF_GloFung-its1_58_2021",4.56847,-52.17876,11,371,298,197,712,46,362
"437.16","NEF_GloFung-its1_58_2021",4.56847,-52.17876,11,371,298,197,712,46,362
"437.17","NEF_GloFung-its1_58_2021",4.56847,-52.17876,11,371,298,197,712,46,362
"437.18","NEF_GloFung-its1_58_2021",4.56847,-52.17876,11,371,298,197,712,46,362
"437.19","NEF_GloFung-its1_58_2021",4.56847,-52.17876,11,371,298,197,712,46,362
"437.20","NEF_GloFung-its1_58_2021",4.56847,-52.17876,11,371,298,197,712,46,362
"437.21","NEF_GloFung-its1_58_2021",4.56847,-52.17876,11,371,298,197,712,46,362
"437.22","NEF_GloFung-its1_58_2021",4.56847,-52.17876,11,371,298,197,712,46,362
"437.23","NEF_GloFung-its1_58_2021",4.56847,-52.17876,11,371,298,197,712,46,362
"437.24","NEF_GloFung-its1_58_2021",4.56847,-52.17876,11,371,298,197,712,46,362
"437.25","NEF_GloFung-its1_58_2021",4.56847,-52.17876,11,371,298,197,712,46,362
"437.26","NEF_GloFung-its1_58_2021",4.56847,-52.17876,11,371,298,197,712,46,362
"437.27","NEF_GloFung-its1_58_2021",4.56847,-52.17876,11,371,298,197,712,46,362
"437.28","NEF_GloFung-its1_58_2021",4.56847,-52.17876,11,371,298,197,712,46,362
"437.29","NEF_GloFung-its1_58_2021",4.56847,-52.17876,11,371,298,197,712,46,362
"437.30","NEF_GloFung-its1_58_2021",4.56847,-52.17876,11,371,298,197,712,46,362
"437.31","NEF_GloFung-its1_58_2021",4.56847,-52.17876,11,371,298,197,712,46,362
"469","NEF_GloFung-its1_59_2021",4.48035,-52.42752,11,417,356,172,628,46,303
"469.1","NEF_GloFung-its1_59_2021",4.48035,-52.42752,11,417,356,172,628,46,303
"469.2","NEF_GloFung-its1_59_2021",4.48035,-52.42752,11,417,356,172,628,46,303
"469.3","NEF_GloFung-its1_59_2021",4.48035,-52.42752,11,417,356,172,628,46,303
"469.4","NEF_GloFung-its1_59_2021",4.48035,-52.42752,11,417,356,172,628,46,303
"469.5","NEF_GloFung-its1_59_2021",4.48035,-52.42752,11,417,356,172,628,46,303
"469.6","NEF_GloFung-its1_59_2021",4.48035,-52.42752,11,417,356,172,628,46,303
"469.7","NEF_GloFung-its1_59_2021",4.48035,-52.42752,11,417,356,172,628,46,303
"469.8","NEF_GloFung-its1_59_2021",4.48035,-52.42752,11,417,356,172,628,46,303
"469.9","NEF_GloFung-its1_59_2021",4.48035,-52.42752,11,417,356,172,628,46,303
"469.10","NEF_GloFung-its1_59_2021",4.48035,-52.42752,11,417,356,172,628,46,303
"469.11","NEF_GloFung-its1_59_2021",4.48035,-52.42752,11,417,356,172,628,46,303
"469.12","NEF_GloFung-its1_59_2021",4.48035,-52.42752,11,417,356,172,628,46,303
"469.13","NEF_GloFung-its1_59_2021",4.48035,-52.42752,11,417,356,172,628,46,303
"469.14","NEF_GloFung-its1_59_2021",4.48035,-52.42752,11,417,356,172,628,46,303
"469.15","NEF_GloFung-its1_59_2021",4.48035,-52.42752,11,417,356,172,628,46,303
"469.16","NEF_GloFung-its1_59_2021",4.48035,-52.42752,11,417,356,172,628,46,303
"469.17","NEF_GloFung-its1_59_2021",4.48035,-52.42752,11,417,356,172,628,46,303
"469.18","NEF_GloFung-its1_59_2021",4.48035,-52.42752,11,417,356,172,628,46,303
"469.19","NEF_GloFung-its1_59_2021",4.48035,-52.42752,11,417,356,172,628,46,303
"469.20","NEF_GloFung-its1_59_2021",4.48035,-52.42752,11,417,356,172,628,46,303
"469.21","NEF_GloFung-its1_59_2021",4.48035,-52.42752,11,417,356,172,628,46,303
"469.22","NEF_GloFung-its1_59_2021",4.48035,-52.42752,11,417,356,172,628,46,303
"469.23","NEF_GloFung-its1_59_2021",4.48035,-52.42752,11,417,356,172,628,46,303
"469.24","NEF_GloFung-its1_59_2021",4.48035,-52.42752,11,417,356,172,628,46,303
"469.25","NEF_GloFung-its1_59_2021",4.48035,-52.42752,11,417,356,172,628,46,303
"469.26","NEF_GloFung-its1_59_2021",4.48035,-52.42752,11,417,356,172,628,46,303
"469.27","NEF_GloFung-its1_59_2021",4.48035,-52.42752,11,417,356,172,628,46,303
"469.28","NEF_GloFung-its1_59_2021",4.48035,-52.42752,11,417,356,172,628,46,303
"469.29","NEF_GloFung-its1_59_2021",4.48035,-52.42752,11,417,356,172,628,46,303
"469.30","NEF_GloFung-its1_59_2021",4.48035,-52.42752,11,417,356,172,628,46,303
"469.31","NEF_GloFung-its1_59_2021",4.48035,-52.42752,11,417,356,172,628,46,303
"501","NEF_GloFung-its1_60_2021",4.93856,-52.28857,11,447,230,257,697,51,393
"501.1","NEF_GloFung-its1_60_2021",4.93856,-52.28857,11,447,230,257,697,51,393
"501.2","NEF_GloFung-its1_60_2021",4.93856,-52.28857,11,447,230,257,697,51,393
"501.3","NEF_GloFung-its1_60_2021",4.93856,-52.28857,11,447,230,257,697,51,393
"501.4","NEF_GloFung-its1_60_2021",4.93856,-52.28857,11,447,230,257,697,51,393
"501.5","NEF_GloFung-its1_60_2021",4.93856,-52.28857,11,447,230,257,697,51,393
"501.6","NEF_GloFung-its1_60_2021",4.93856,-52.28857,11,447,230,257,697,51,393
"501.7","NEF_GloFung-its1_60_2021",4.93856,-52.28857,11,447,230,257,697,51,393
"501.8","NEF_GloFung-its1_60_2021",4.93856,-52.28857,11,447,230,257,697,51,393
"501.9","NEF_GloFung-its1_60_2021",4.93856,-52.28857,11,447,230,257,697,51,393
"501.10","NEF_GloFung-its1_60_2021",4.93856,-52.28857,11,447,230,257,697,51,393
"501.11","NEF_GloFung-its1_60_2021",4.93856,-52.28857,11,447,230,257,697,51,393
"501.12","NEF_GloFung-its1_60_2021",4.93856,-52.28857,11,447,230,257,697,51,393
"501.13","NEF_GloFung-its1_60_2021",4.93856,-52.28857,11,447,230,257,697,51,393
"501.14","NEF_GloFung-its1_60_2021",4.93856,-52.28857,11,447,230,257,697,51,393
"501.15","NEF_GloFung-its1_60_2021",4.93856,-52.28857,11,447,230,257,697,51,393
"501.16","NEF_GloFung-its1_60_2021",4.93856,-52.28857,11,447,230,257,697,51,393
"501.17","NEF_GloFung-its1_60_2021",4.93856,-52.28857,11,447,230,257,697,51,393
"501.18","NEF_GloFung-its1_60_2021",4.93856,-52.28857,11,447,230,257,697,51,393
"501.19","NEF_GloFung-its1_60_2021",4.93856,-52.28857,11,447,230,257,697,51,393
"501.20","NEF_GloFung-its1_60_2021",4.93856,-52.28857,11,447,230,257,697,51,393
"501.21","NEF_GloFung-its1_60_2021",4.93856,-52.28857,11,447,230,257,697,51,393
"501.22","NEF_GloFung-its1_60_2021",4.93856,-52.28857,11,447,230,257,697,51,393
"501.23","NEF_GloFung-its1_60_2021",4.93856,-52.28857,11,447,230,257,697,51,393
"501.24","NEF_GloFung-its1_60_2021",4.93856,-52.28857,11,447,230,257,697,51,393
"501.25","NEF_GloFung-its1_60_2021",4.93856,-52.28857,11,447,230,257,697,51,393
"501.26","NEF_GloFung-its1_60_2021",4.93856,-52.28857,11,447,230,257,697,51,393
"501.27","NEF_GloFung-its1_60_2021",4.93856,-52.28857,11,447,230,257,697,51,393
"501.28","NEF_GloFung-its1_60_2021",4.93856,-52.28857,11,447,230,257,697,51,393
"501.29","NEF_GloFung-its1_60_2021",4.93856,-52.28857,11,447,230,257,697,51,393
"501.30","NEF_GloFung-its1_60_2021",4.93856,-52.28857,11,447,230,257,697,51,393
"501.31","NEF_GloFung-its1_60_2021",4.93856,-52.28857,11,447,230,257,697,51,393
"533","NEF_GloFung-its1_61_2021",4.9497,-52.30546,11,0,0,0,0,0,0
"533.1","NEF_GloFung-its1_61_2021",4.9497,-52.30546,11,0,0,0,0,0,0
"533.2","NEF_GloFung-its1_61_2021",4.9497,-52.30546,11,0,0,0,0,0,0
"533.3","NEF_GloFung-its1_61_2021",4.9497,-52.30546,11,0,0,0,0,0,0
"533.4","NEF_GloFung-its1_61_2021",4.9497,-52.30546,11,0,0,0,0,0,0
"533.5","NEF_GloFung-its1_61_2021",4.9497,-52.30546,11,0,0,0,0,0,0
"533.6","NEF_GloFung-its1_61_2021",4.9497,-52.30546,11,0,0,0,0,0,0
"533.7","NEF_GloFung-its1_61_2021",4.9497,-52.30546,11,0,0,0,0,0,0
"533.8","NEF_GloFung-its1_61_2021",4.9497,-52.30546,11,0,0,0,0,0,0
"533.9","NEF_GloFung-its1_61_2021",4.9497,-52.30546,11,0,0,0,0,0,0
"533.10","NEF_GloFung-its1_61_2021",4.9497,-52.30546,11,0,0,0,0,0,0
"533.11","NEF_GloFung-its1_61_2021",4.9497,-52.30546,11,0,0,0,0,0,0
"533.12","NEF_GloFung-its1_61_2021",4.9497,-52.30546,11,0,0,0,0,0,0
"533.13","NEF_GloFung-its1_61_2021",4.9497,-52.30546,11,0,0,0,0,0,0
"533.14","NEF_GloFung-its1_61_2021",4.9497,-52.30546,11,0,0,0,0,0,0
"533.15","NEF_GloFung-its1_61_2021",4.9497,-52.30546,11,0,0,0,0,0,0
"533.16","NEF_GloFung-its1_61_2021",4.9497,-52.30546,11,0,0,0,0,0,0
"533.17","NEF_GloFung-its1_61_2021",4.9497,-52.30546,11,0,0,0,0,0,0
"533.18","NEF_GloFung-its1_61_2021",4.9497,-52.30546,11,0,0,0,0,0,0
"533.19","NEF_GloFung-its1_61_2021",4.9497,-52.30546,11,0,0,0,0,0,0
"533.20","NEF_GloFung-its1_61_2021",4.9497,-52.30546,11,0,0,0,0,0,0
"533.21","NEF_GloFung-its1_61_2021",4.9497,-52.30546,11,0,0,0,0,0,0
"533.22","NEF_GloFung-its1_61_2021",4.9497,-52.30546,11,0,0,0,0,0,0
"533.23","NEF_GloFung-its1_61_2021",4.9497,-52.30546,11,0,0,0,0,0,0
"533.24","NEF_GloFung-its1_61_2021",4.9497,-52.30546,11,0,0,0,0,0,0
"533.25","NEF_GloFung-its1_61_2021",4.9497,-52.30546,11,0,0,0,0,0,0
"533.26","NEF_GloFung-its1_61_2021",4.9497,-52.30546,11,0,0,0,0,0,0
"533.27","NEF_GloFung-its1_61_2021",4.9497,-52.30546,11,0,0,0,0,0,0
"533.28","NEF_GloFung-its1_61_2021",4.9497,-52.30546,11,0,0,0,0,0,0
"533.29","NEF_GloFung-its1_61_2021",4.9497,-52.30546,11,0,0,0,0,0,0
"533.30","NEF_GloFung-its1_61_2021",4.9497,-52.30546,11,0,0,0,0,0,0
"533.31","NEF_GloFung-its1_61_2021",4.9497,-52.30546,11,0,0,0,0,0,0
"565","NEF_GloFung-its1_62_2021",4.55737,-52.20909,11,381,330,175,574,46,363
"565.1","NEF_GloFung-its1_62_2021",4.55737,-52.20909,11,381,330,175,574,46,363
"565.2","NEF_GloFung-its1_62_2021",4.55737,-52.20909,11,381,330,175,574,46,363
"565.3","NEF_GloFung-its1_62_2021",4.55737,-52.20909,11,381,330,175,574,46,363
"565.4","NEF_GloFung-its1_62_2021",4.55737,-52.20909,11,381,330,175,574,46,363
"565.5","NEF_GloFung-its1_62_2021",4.55737,-52.20909,11,381,330,175,574,46,363
"565.6","NEF_GloFung-its1_62_2021",4.55737,-52.20909,11,381,330,175,574,46,363
"565.7","NEF_GloFung-its1_62_2021",4.55737,-52.20909,11,381,330,175,574,46,363
"565.8","NEF_GloFung-its1_62_2021",4.55737,-52.20909,11,381,330,175,574,46,363
"565.9","NEF_GloFung-its1_62_2021",4.55737,-52.20909,11,381,330,175,574,46,363
"565.10","NEF_GloFung-its1_62_2021",4.55737,-52.20909,11,381,330,175,574,46,363
"565.11","NEF_GloFung-its1_62_2021",4.55737,-52.20909,11,381,330,175,574,46,363
"565.12","NEF_GloFung-its1_62_2021",4.55737,-52.20909,11,381,330,175,574,46,363
"565.13","NEF_GloFung-its1_62_2021",4.55737,-52.20909,11,381,330,175,574,46,363
"565.14","NEF_GloFung-its1_62_2021",4.55737,-52.20909,11,381,330,175,574,46,363
"565.15","NEF_GloFung-its1_62_2021",4.55737,-52.20909,11,381,330,175,574,46,363
"565.16","NEF_GloFung-its1_62_2021",4.55737,-52.20909,11,381,330,175,574,46,363
"565.17","NEF_GloFung-its1_62_2021",4.55737,-52.20909,11,381,330,175,574,46,363
"565.18","NEF_GloFung-its1_62_2021",4.55737,-52.20909,11,381,330,175,574,46,363
"565.19","NEF_GloFung-its1_62_2021",4.55737,-52.20909,11,381,330,175,574,46,363
"565.20","NEF_GloFung-its1_62_2021",4.55737,-52.20909,11,381,330,175,574,46,363
"565.21","NEF_GloFung-its1_62_2021",4.55737,-52.20909,11,381,330,175,574,46,363
"565.22","NEF_GloFung-its1_62_2021",4.55737,-52.20909,11,381,330,175,574,46,363
"565.23","NEF_GloFung-its1_62_2021",4.55737,-52.20909,11,381,330,175,574,46,363
"565.24","NEF_GloFung-its1_62_2021",4.55737,-52.20909,11,381,330,175,574,46,363
"565.25","NEF_GloFung-its1_62_2021",4.55737,-52.20909,11,381,330,175,574,46,363
"565.26","NEF_GloFung-its1_62_2021",4.55737,-52.20909,11,381,330,175,574,46,363
"565.27","NEF_GloFung-its1_62_2021",4.55737,-52.20909,11,381,330,175,574,46,363
"565.28","NEF_GloFung-its1_62_2021",4.55737,-52.20909,11,381,330,175,574,46,363
"565.29","NEF_GloFung-its1_62_2021",4.55737,-52.20909,11,381,330,175,574,46,363
"565.30","NEF_GloFung-its1_62_2021",4.55737,-52.20909,11,381,330,175,574,46,363
"565.31","NEF_GloFung-its1_62_2021",4.55737,-52.20909,11,381,330,175,574,46,363
"597","NEF_GloFung-its1_63_2021",4.88418,-52.62919,12,401,346,171,649,46,333
"597.1","NEF_GloFung-its1_63_2021",4.88418,-52.62919,12,401,346,171,649,46,333
"597.2","NEF_GloFung-its1_63_2021",4.88418,-52.62919,12,401,346,171,649,46,333
"597.3","NEF_GloFung-its1_63_2021",4.88418,-52.62919,12,401,346,171,649,46,333
"597.4","NEF_GloFung-its1_63_2021",4.88418,-52.62919,12,401,346,171,649,46,333
"597.5","NEF_GloFung-its1_63_2021",4.88418,-52.62919,12,401,346,171,649,46,333
"597.6","NEF_GloFung-its1_63_2021",4.88418,-52.62919,12,401,346,171,649,46,333
"597.7","NEF_GloFung-its1_63_2021",4.88418,-52.62919,12,401,346,171,649,46,333
"597.8","NEF_GloFung-its1_63_2021",4.88418,-52.62919,12,401,346,171,649,46,333
"597.9","NEF_GloFung-its1_63_2021",4.88418,-52.62919,12,401,346,171,649,46,333
"597.10","NEF_GloFung-its1_63_2021",4.88418,-52.62919,12,401,346,171,649,46,333
"597.11","NEF_GloFung-its1_63_2021",4.88418,-52.62919,12,401,346,171,649,46,333
"597.12","NEF_GloFung-its1_63_2021",4.88418,-52.62919,12,401,346,171,649,46,333
"597.13","NEF_GloFung-its1_63_2021",4.88418,-52.62919,12,401,346,171,649,46,333
"597.14","NEF_GloFung-its1_63_2021",4.88418,-52.62919,12,401,346,171,649,46,333
"597.15","NEF_GloFung-its1_63_2021",4.88418,-52.62919,12,401,346,171,649,46,333
"597.16","NEF_GloFung-its1_63_2021",4.88418,-52.62919,12,401,346,171,649,46,333
"597.17","NEF_GloFung-its1_63_2021",4.88418,-52.62919,12,401,346,171,649,46,333
"597.18","NEF_GloFung-its1_63_2021",4.88418,-52.62919,12,401,346,171,649,46,333
"597.19","NEF_GloFung-its1_63_2021",4.88418,-52.62919,12,401,346,171,649,46,333
"597.20","NEF_GloFung-its1_63_2021",4.88418,-52.62919,12,401,346,171,649,46,333
"597.21","NEF_GloFung-its1_63_2021",4.88418,-52.62919,12,401,346,171,649,46,333
"597.22","NEF_GloFung-its1_63_2021",4.88418,-52.62919,12,401,346,171,649,46,333
"597.23","NEF_GloFung-its1_63_2021",4.88418,-52.62919,12,401,346,171,649,46,333
"597.24","NEF_GloFung-its1_63_2021",4.88418,-52.62919,12,401,346,171,649,46,333
"597.25","NEF_GloFung-its1_63_2021",4.88418,-52.62919,12,401,346,171,649,46,333
"597.26","NEF_GloFung-its1_63_2021",4.88418,-52.62919,12,401,346,171,649,46,333
"597.27","NEF_GloFung-its1_63_2021",4.88418,-52.62919,12,401,346,171,649,46,333
"597.28","NEF_GloFung-its1_63_2021",4.88418,-52.62919,12,401,346,171,649,46,333
"597.29","NEF_GloFung-its1_63_2021",4.88418,-52.62919,12,401,346,171,649,46,333
"597.30","NEF_GloFung-its1_63_2021",4.88418,-52.62919,12,401,346,171,649,46,333
"597.31","NEF_GloFung-its1_63_2021",4.88418,-52.62919,12,401,346,171,649,46,333
"629","NEF_GloFung-its1_64_2022",8.7608,-82.2175,13,702,379,206,736,53,354
"630","NEF_GloFung-its1_65_2022",22.1989,-102.6003,14,261,478,263,333,61,265
"631","NEF_GloFung-its1_66_2022",-28.1872,-65.8789,15,183,421,184,215,65,331
"633","NEF_GloFung-its1_68_2022",4.5533,-52.2092,11,430,327,178,587,47,357
"634","NEF_GloFung-its1_69_2022",25.2464,-100.9128,17,431,322,218,562,72,280
"635","NEF_GloFung-its1_70_2022",-15.81,-48.8522,18,210,424,112,445,52,186
"636","NEF_GloFung-its1_71_2022",-13.6367,-47.4783,19,173,425,106,337,51,246
"637","NEF_GloFung-its1_72_2022",9.5958,-84.6139,20,432,322,212,381,55,275
"639","NEF_GloFung-its1_74_2022",4.5542,-52.21,11,430,327,178,587,47,357
"640","NEF_GloFung-its1_75_2022",-24.0653,-48.9878,22,305,468,175,379,55,238
"641","NEF_GloFung-its1_76_2022",19.2822,-99.3681,23,386,510,267,534,62,291
"642","NEF_GloFung-its1_77_2022",16.1581,-91.3106,24,453,378,227,435,59,264
"643","NEF_GloFung-its1_78_2022",15.7167,-96.4128,25,356,572,219,253,62,256
"644","NEF_GloFung-its1_79_2022",-18.1692,-63.5181,26,276,497,157,447,57,208
"645","NEF_GloFung-its1_80_2022",-17.5814,-66.3442,27,241,463,185,218,74,283
"646","NEF_GloFung-its1_81_2022",10.8483,-85.6081,28,428,450,191,557,63,259
"648","NEF_GloFung-its1_83_2022",22.5431,-83.705,30,480,245,240,561,59,311
"649","NEF_GloFung-its1_84_2022",-32.7689,-64.9406,31,246,456,187,271,67,386
"650","NEF_GloFung-its1_85_2022",20.0064,-75.6167,32,559,164,313,896,56,408
"651","NEF_GloFung-its1_86_2022",-0.5628,-72.1131,33,361,475,239,531,41,290
"652","NEF_GloFung-its1_87_2022",18.1447,-66.9667,34,931,186,297,1315,51,365
"653","NEF_GloFung-its1_88_2022",18.4044,-64.6603,35,607,288,292,727,57,390
"654","NEF_GloFung-its1_89_2022",15.375,-61.34,36,659,235,299,804,55,356
"655","NEF_GloFung-its1_90_2022",16.1856,-61.7447,36,721,295,274,863,60,261
"656","NEF_GloFung-its1_91_2022",-4.4769,-38.8819,37,127,720,153,163,57,141
"657","NEF_GloFung-its1_92_2022",-18.0997,-39.8911,38,363,465,159,438,52,220
"658","NEF_GloFung-its1_93_2022",-8.4558,-39.1928,39,133,568,225,107,66,235
"659","NEF_GloFung-its1_94_2022",-4.0086,-69.8975,40,362,441,186,388,42,306
"660","NEF_GloFung-its1_95_2022",-11.6647,-37.4833,41,253,390,162,375,54,283
"661","NEF_GloFung-its1_96_2022",-22.3978,-44.6706,42,611,384,225,651,51,282
"662","NEF_GloFung-its1_97_2022",-25.6911,-54.4308,43,325,197,197,867,53,337
"663","NEF_GloFung-its1_98_2022",-32.6047,-63.9519,31,135,345,170,178,65,455
"664","NEF_GloFung-its1_99_2022",19.5083,-105.0486,44,268,551,245,214,66,233
"665","NEF_GloFung-its1_100_2022",4.8669,-75.25,45,543,488,307,956,56,275
"666","NEF_GloFung-its1_101_2022",-25.1008,-47.9275,46,485,213,251,727,48,401
"667","NEF_GloFung-its1_102_2022",-23.3167,-45.0836,42,383,499,174,507,49,203
"661.1","NEF_GloFung-its1_96_2022",-22.3978,-44.6706,42,611,384,225,651,51,282
"669","NEF_GloFung-its1_103_2022",6.705,-75.4667,47,523,328,241,976,54,332
"670","NEF_GloFung-its1_104_2022",-14.7919,-47.5569,48,160,269,106,204,53,286
"671","NEF_GloFung-its1_105_2022",-23.9186,-64.9344,49,186,349,208,478,60,372
"672","NEF_GloFung-its1_106_2022",16.1783,-61.7317,36,691,291,256,819,58,276
"673","NEF_GloFung-its1_107_2022",19.9583,-89.1725,50,389,317,313,475,72,228
"674","NEF_GloFung-its1_108_2022",20.1958,-87.4775,51,835,607,336,1093,72,180
"675","NEF_GloFung-its1_109_2022",-28.8781,-66.2608,15,100,550,174,106,68,277
"677","NEF_GloFung-its1_111_2022",-29.9697,-67.0914,52,83,621,158,100,79,251
"678","NEF_GloFung-its1_112_2022",10.2211,-84.5992,20,784,353,214,769,53,344
"679","NEF_GloFung-its1_113_2022",11.2842,-74.0114,53,386,349,242,432,66,298
"680","NEF_GloFung-its1_114_2022",-3.7739,-70.3636,40,383,248,193,486,44,415
"658.1","NEF_GloFung-its1_93_2022",-8.4558,-39.1928,39,133,568,225,107,66,235
"682","NEF_GloFung-its1_115_2022",-13.5606,-47.4806,19,186,414,110,332,52,200
"683","NEF_GloFung-its1_116_2022",-4.1231,-69.9481,40,373,257,182,485,45,476
"684","NEF_GloFung-its1_117_2022",5.0964,-73.79,54,500,282,280,707,59,382
"635.1","NEF_GloFung-its1_70_2022",-15.81,-48.8522,18,210,424,112,445,52,186
"686","NEF_GloFung-its1_118_2022",-23.435,-45.2167,42,342,480,200,456,49,217
"688","NEF_GloFung-its1_120_2022",21.21,-87.1933,51,897,440,289,1013,73,230
"689","NEF_GloFung-its1_121_2022",18.3167,-65.8167,56,583,60,260,763,47,318
"690","NEF_GloFung-its1_122_2022",5.4356,-60.0881,57,290,399,146,437,47,314
"709","NEF_GloFung-its1_141_2021",-18.17,-63.52,26,276,497,157,447,57,208
"710","NEF_GloFung-its1_142_2021",-17.27,-64.38,26,329,293,161,518,54,431
"711","NEF_GloFung-its1_143_2021",-18.18,-63.58,26,346,489,188,568,55,221
"712","NEF_GloFung-its1_144_2021",-17.66,-66.42,27,266,404,225,287,69,319
"713","NEF_GloFung-its1_145_2021",-17.67,-66.75,27,300,455,229,296,64,340
"714","NEF_GloFung-its1_146_2021",-17.58,-66.34,27,210,474,189,193,73,309
"715","NEF_GloFung-its1_147_2021",-17,-65.64,62,563,189,199,834,55,468
"716","NEF_GloFung-its1_148_2021",-16.98,-65.41,62,480,98,198,693,53,534
"717","NEF_GloFung-its1_149_2021",15.72,-96.41,25,291,590,213,280,63,238
"718","NEF_GloFung-its1_150_2021",15.68,-96.47,25,252,569,219,277,67,244
"719","NEF_GloFung-its1_151_2021",15.93,-95.78,25,167,605,164,206,68,237
"720","NEF_GloFung-its1_152_2021",16.11,-95.32,63,261,615,180,270,65,196
"721","NEF_GloFung-its1_153_2021",16.6,-95.02,63,160,571,173,179,64,232
"722","NEF_GloFung-its1_154_2021",16.55,-93.88,64,180,533,194,197,65,243
"723","NEF_GloFung-its1_155_2021",16.1,-91.69,24,616,404,206,730,53,243
"724","NEF_GloFung-its1_156_2021",16.25,-90.83,24,508,355,196,456,61,291
"725","NEF_GloFung-its1_157_2021",16.15,-90.89,24,491,362,194,556,59,285
"726","NEF_GloFung-its1_158_2021",16.16,-91.31,24,453,378,227,435,59,264
"727","NEF_GloFung-its1_159_2021",19.29,-99.19,23,265,454,271,310,62,294
"728","NEF_GloFung-its1_160_2021",19.28,-99.37,23,375,514,266,507,62,286
"728.1","NEF_GloFung-its1_160_2021",19.28,-99.37,23,375,514,266,507,62,286
"730","NEF_GloFung-its1_161_2021",19,-99.1,23,451,446,274,444,60,302
"731","NEF_GloFung-its1_162_2021",18.32,-65.82,56,660,128,287,847,51,301
"732","NEF_GloFung-its1_163_2021",-15.52,-47.53,48,170,284,111,389,53,334
"733","NEF_GloFung-its1_164_2021",-13.64,-47.48,19,176,442,111,387,50,246
"734","NEF_GloFung-its1_165_2021",-14.15,-47.82,19,178,393,141,296,54,275
"735","NEF_GloFung-its1_166_2021",-15.81,-48.85,18,214,434,107,437,53,202
"738","NEF_GloFung-its1_169_2021",24.4,-99.92,65,294,452,179,361,75,286
"739","NEF_GloFung-its1_170_2021",24.52,-99.98,65,433,420,205,685,68,266
"740","NEF_GloFung-its1_171_2021",24.75,-100.03,65,194,381,165,250,79,307
"742","NEF_GloFung-its1_173_2021",24.73,-100.11,65,297,449,148,357,71,288
"743","NEF_GloFung-its1_174_2021",25.25,-100.93,17,364,369,181,460,71,292
"744","NEF_GloFung-its1_175_2021",25.25,-100.85,17,318,389,215,417,71,275
"745","NEF_GloFung-its1_176_2021",25.25,-100.91,17,366,307,223,493,73,278
"747","NEF_GloFung-its1_178_2021",25.22,-100.39,17,500,421,226,692,67,292
"748","NEF_GloFung-its1_179_2021",20.2,-87.48,51,807,610,350,1054,72,192
"749","NEF_GloFung-its1_180_2021",19.96,-89.17,50,354,320,327,435,73,238
"750","NEF_GloFung-its1_181_2021",20.86,-90.15,66,605,392,324,827,78,337
"751","NEF_GloFung-its1_182_2021",20.94,-90.37,66,324,642,282,583,82,161
"752","NEF_GloFung-its1_183_2021",9.86,-82.95,67,716,273,253,1292,54,378
"753","NEF_GloFung-its1_184_2021",10.22,-84.6,20,778,348,198,773,53,356
"754","NEF_GloFung-its1_185_2021",9.56,-83.71,67,570,358,253,1034,51,372
"755","NEF_GloFung-its1_186_2021",-27.22,-65.63,68,277,377,201,388,57,432
"756","NEF_GloFung-its1_187_2021",-26.77,-65.33,68,276,332,191,474,57,440
"757","NEF_GloFung-its1_188_2021",-23.92,-64.93,49,219,334,207,455,59,368
"758","NEF_GloFung-its1_189_2021",-27.32,-65.91,68,261,342,198,630,63,401
"759","NEF_GloFung-its1_190_2021",-30.21,-67.31,52,67,599,160,79,77,231
"760","NEF_GloFung-its1_191_2021",-30.21,-67.29,52,82,626,158,71,78,226
"761","NEF_GloFung-its1_192_2021",-30.65,-65.6,69,97,457,181,111,72,355
"762","NEF_GloFung-its1_193_2021",-30.63,-65.59,69,90,466,190,101,75,362
"763","NEF_GloFung-its1_194_2021",-30.12,-66.63,52,74,465,183,111,76,317
"764","NEF_GloFung-its1_195_2021",-30.9,-65.01,69,221,425,174,285,65,355
"753.1","NEF_GloFung-its1_184_2021",10.22,-84.6,20,778,348,198,773,53,356
"754.1","NEF_GloFung-its1_185_2021",9.56,-83.71,67,570,358,253,1034,51,372
"767","NEF_GloFung-its1_196_2021",4.94,-52.3,11,0,0,0,0,0,0
"752.1","NEF_GloFung-its1_183_2021",9.86,-82.95,67,716,273,253,1292,54,378
"771","NEF_GloFung-its1_199_2021",3.32,-76.62,70,473,333,248,736,52,266
"772","NEF_GloFung-its1_200_2021",3.91,-77.35,70,0,0,0,0,0,0
"773","NEF_GloFung-its1_201_2021",3.29,-76.63,70,513,394,325,1034,53,272
"774","NEF_GloFung-its1_202_2021",6.73,-75.49,47,524,323,246,939,54,365
"789","NEF_GloFung-its1_217_2021",4.57,-52.19,11,379,309,191,608,46,344
"790","NEF_GloFung-its1_218_2021",4.55,-52.21,11,422,341,169,593,46,345
"791","NEF_GloFung-its1_219_2021",4.56,-52.2,11,407,326,185,550,48,334
"793","NEF_GloFung-its1_221_2021",22.2,-102.6,14,261,478,263,333,61,265
"794","NEF_GloFung-its1_222_2021",17.17,-96.64,9,465,486,220,779,50,278
"795","NEF_GloFung-its1_223_2021",19.17,-97.3,72,446,514,183,622,55,311
"796","NEF_GloFung-its1_224_2021",8.76,-82.27,13,567,366,191,774,52,331
"797","NEF_GloFung-its1_225_2021",8.76,-82.24,13,747,376,204,920,52,290
"798","NEF_GloFung-its1_226_2021",8.75,-82.24,13,536,319,235,731,53,292
"799","NEF_GloFung-its1_227_2021",8.66,-82.22,13,517,345,167,566,51,320
"800","NEF_GloFung-its1_228_2021",8.68,-82.21,13,640,343,149,516,51,311
"801","NEF_GloFung-its1_229_2021",8.49,-82.43,13,348,338,163,424,53,345
"802","NEF_GloFung-its1_230_2021",8.76,-82.22,13,680,382,225,768,54,342
"804","NEF_GloFung-its1_232_2021",9.49,-75.42,73,378,337,237,480,61,327
"805","NEF_GloFung-its1_233_2021",9.49,-75.46,73,374,325,193,494,60,364
"806","NEF_GloFung-its1_234_2021",8.27,-75.2,73,0,0,0,0,0,0
"807","NEF_GloFung-its1_235_2021",8.28,-75.12,73,318,338,187,378,53,401
"808","NEF_GloFung-its1_236_2021",8.28,-75.13,73,324,318,212,323,54,380
"809","NEF_GloFung-its1_237_2021",13.33,-59.63,74,0,0,0,0,0,0
"810","NEF_GloFung-its1_238_2021",10.5,-84.69,20,654,365,120,391,56,342
"811","NEF_GloFung-its1_239_2021",8.64,-83.72,75,456,339,191,419,54,345
"812","NEF_GloFung-its1_240_2021",-3.83,-73.32,76,0,0,0,0,0,0
"846","NEF_GloFung-its1_269_2021",5.31,-59.92,57,277,415,162,446,53,283
"847","NEF_GloFung-its1_270_2021",5.28,-59.92,57,270,408,155,413,52,298
"848","NEF_GloFung-its1_271_2021",5.3,-59.91,57,244,425,151,380,52,288
"849","NEF_GloFung-its1_272_2021",5.31,-59.93,57,262,410,156,392,52,304
"850","NEF_GloFung-its1_273_2021",5.43,-60.08,57,332,385,147,438,47,335
"851","NEF_GloFung-its1_274_2021",5.44,-60.09,57,321,394,161,433,49,305
"852","NEF_GloFung-its1_275_2021",5.44,-60.08,57,287,373,170,425,48,334
"731.1","NEF_GloFung-its1_162_2021",18.32,-65.82,56,660,128,287,847,51,301
"731.2","NEF_GloFung-its1_162_2021",18.32,-65.82,56,660,128,287,847,51,301
"855","NEF_GloFung-its1_276_2021",18.32,-65.73,56,501,175,288,704,50,405
"731.3","NEF_GloFung-its1_162_2021",18.32,-65.82,56,660,128,287,847,51,301
"731.4","NEF_GloFung-its1_162_2021",18.32,-65.82,56,660,128,287,847,51,301
"858","NEF_GloFung-its1_277_2021",21.21,-87.19,51,897,431,280,1065,73,238
"859","NEF_GloFung-its1_278_2021",20.83,-103.85,81,491,472,254,426,60,247
"860","NEF_GloFung-its1_279_2021",20.81,-103.86,81,595,463,251,447,61,249
"861","NEF_GloFung-its1_280_2021",19.62,-101.33,82,337,450,279,490,59,300
"862","NEF_GloFung-its1_281_2021",19.28,-99.36,23,494,505,260,781,59,315
"863","NEF_GloFung-its1_282_2021",19.27,-98.04,72,474,505,242,696,56,358
"864","NEF_GloFung-its1_283_2021",19.85,-97.22,3,417,479,233,562,55,232
"865","NEF_GloFung-its1_284_2021",19.78,-97.1,3,499,355,239,626,53,278
"866","NEF_GloFung-its1_285_2021",20.09,-89.55,50,356,331,325,454,72,200
"867","NEF_GloFung-its1_286_2021",16.09,-91.68,24,615,379,205,759,54,269
"868","NEF_GloFung-its1_287_2021",16.11,-91.68,24,554,426,192,757,55,249
"869","NEF_GloFung-its1_288_2021",18.58,-95.08,83,412,450,170,474,54,276
"870","NEF_GloFung-its1_289_2021",16.81,-91.11,24,459,413,200,544,62,247
"871","NEF_GloFung-its1_290_2021",19.39,-97.7,72,339,537,204,352,67,240
"873","NEF_GloFung-its1_292_2021",19.05,-99.31,23,429,434,254,636,58,326
"875","NEF_GloFung-its1_293_2021",17.62,-92.47,85,529,499,196,535,57,266
"877","NEF_GloFung-its1_294_2021",18.23,-89.8,86,519,350,311,603,74,166
"879","NEF_GloFung-its1_295_2021",17.64,-96.38,9,593,456,217,785,52,285
"881","NEF_GloFung-its1_297_2021",20.96,-98.68,87,681,370,285,756,55,316
"883","NEF_GloFung-its1_298_2021",16.88,-93.45,64,374,399,203,379,58,267
"885","NEF_GloFung-its1_299_2021",15.91,-97.08,25,239,719,197,237,64,185
"887","NEF_GloFung-its1_300_2021",19.13,-98.66,23,416,471,215,631,61,334
"889","NEF_GloFung-its1_301_2021",17.39,-96.46,9,471,441,222,849,51,317
"891","NEF_GloFung-its1_302_2021",17.39,-96.45,9,503,431,209,750,48,315
"893","NEF_GloFung-its1_303_2021",20.48,-98.67,87,370,419,257,349,69,228
"895","NEF_GloFung-its1_304_2021",19.51,-105.05,44,268,551,245,214,66,233
"897","NEF_GloFung-its1_305_2021",20.64,-98.6,87,511,424,282,552,58,297
"899","NEF_GloFung-its1_306_2021",20.16,-98.55,87,340,443,254,337,64,256
"901","NEF_GloFung-its1_307_2021",18.16,-97.3,9,243,478,194,370,76,309
"903","NEF_GloFung-its1_308_2021",17.34,-96.47,9,385,431,219,696,51,285
"905","NEF_GloFung-its1_309_2021",15.8,-96.11,25,213,680,217,287,64,197
"907","NEF_GloFung-its1_310_2021",16.88,-93.46,64,403,406,195,384,58,256
"875.1","NEF_GloFung-its1_293_2021",17.62,-92.47,85,529,499,196,535,57,266
"869.1","NEF_GloFung-its1_288_2021",18.58,-95.08,83,412,450,170,474,54,276
"913","NEF_GloFung-its1_311_2021",19.68,-96.85,3,555,487,284,740,55,350
"915","NEF_GloFung-its1_313_2021",19.67,-100.29,82,499,496,229,825,57,296
"1062","NEF_GloFung-its1_321_2021",14.78,-91,88,446,433,235,645,61,371
"1063","NEF_GloFung-its1_322_2021",14.52,-90.88,88,492,418,228,801,58,377
"1064","NEF_GloFung-its1_323_2021",14.09,-90.62,88,278,297,252,490,63,363
"1065","NEF_GloFung-its1_324_2021",14.05,-90.48,88,297,300,234,409,61,378
"1066","NEF_GloFung-its1_325_2021",13.91,-90.42,88,251,320,217,261,63,370
"1067","NEF_GloFung-its1_326_2021",14.4,-90.47,88,294,335,223,469,59,320
"1068","NEF_GloFung-its1_327_2021",20.26,-87.39,51,0,0,0,0,0,0
"1069","NEF_GloFung-its1_328_2021",20.75,-88.47,50,866,369,292,632,74,208
"1070","NEF_GloFung-its1_329_2021",20.68,-88.57,50,797,356,319,540,72,228
"1071","NEF_GloFung-its1_330_2021",19.08,-91.06,89,0,0,0,0,0,0
"1072","NEF_GloFung-its1_331_2021",19.77,-90.55,89,301,354,289,458,74,219
"1073","NEF_GloFung-its1_332_2021",20.86,-90.14,66,562,384,331,854,79,341
"1074","NEF_GloFung-its1_333_2021",-25.69,-54.43,43,0,0,0,0,0,0
"1075","NEF_GloFung-its1_334_2021",-25.24,-53.96,90,374,153,151,483,55,346
"1076","NEF_GloFung-its1_335_2021",-25.16,-53.84,90,373,183,167,488,54,336
"1077","NEF_GloFung-its1_336_2021",-25.08,-53.19,90,393,147,208,546,52,310
"1078","NEF_GloFung-its1_337_2021",-25.47,-50.4,91,336,293,241,559,50,374
"1079","NEF_GloFung-its1_338_2021",-25.47,-49.7,91,352,252,205,602,51,317
"1080","NEF_GloFung-its1_339_2021",-25.67,-48.45,46,0,0,0,0,0,0
"1081","NEF_GloFung-its1_340_2021",-25.37,-48.87,46,430,288,218,668,47,306
"1082","NEF_GloFung-its1_341_2021",-24.6,-47.88,46,454,483,260,551,50,217
"1083","NEF_GloFung-its1_342_2021",-24.25,-46.92,92,414,413,253,586,49,224
"1084","NEF_GloFung-its1_343_2021",-22.39,-44.76,42,499,509,193,534,50,186
"1085","NEF_GloFung-its1_344_2021",-22.36,-44.74,42,637,451,221,1041,49,235
"1086","NEF_GloFung-its1_345_2021",-22.4,-44.67,42,640,398,223,710,51,287
"1087","NEF_GloFung-its1_346_2021",-22.6,-43.56,93,369,387,152,426,52,331
"1088","NEF_GloFung-its1_347_2021",-22.64,-42.47,93,247,510,176,370,56,201
"1089","NEF_GloFung-its1_348_2021",-22.1,-41.44,94,372,364,265,455,57,332
"1090","NEF_GloFung-its1_349_2021",-22.13,-41.35,94,381,368,253,542,59,339
"1091","NEF_GloFung-its1_350_2021",-22.09,-41.45,94,358,331,269,486,57,317
"1092","NEF_GloFung-its1_351_2021",-21.79,-41.44,94,292,492,189,456,55,180
"1093","NEF_GloFung-its1_352_2021",-21.2,-41.29,94,292,486,183,383,58,214
"1094","NEF_GloFung-its1_353_2021",-20.69,-40.73,95,298,445,201,469,56,256
"1095","NEF_GloFung-its1_354_2021",-19.66,-39.89,96,596,300,252,674,56,234
"1096","NEF_GloFung-its1_355_2021",-19,-40.01,96,333,469,149,413,53,207
"1097","NEF_GloFung-its1_356_2021",-18.1,-39.89,38,359,464,164,496,52,219
"1098","NEF_GloFung-its1_357_2021",-16.99,-39.57,38,291,457,180,460,54,241
"1099","NEF_GloFung-its1_358_2021",-15.88,-39.53,97,320,476,179,554,56,226
"1100","NEF_GloFung-its1_359_2021",-14.43,-39.05,98,324,375,172,391,51,273
"1101","NEF_GloFung-its1_360_2021",-14.16,-39,98,277,320,256,814,50,369
"1102","NEF_GloFung-its1_361_2021",-13.69,-39.06,99,0,0,0,0,0,0
"1103","NEF_GloFung-its1_362_2021",-12.8,-39.2,99,302,486,257,503,58,236
"1104","NEF_GloFung-its1_363_2021",-11.77,-37.73,41,211,492,172,346,53,220
"1105","NEF_GloFung-its1_364_2021",-11.66,-37.48,41,200,407,163,383,53,280
"1106","NEF_GloFung-its1_365_2021",-11.48,-37.48,41,197,420,144,333,51,306
"1107","NEF_GloFung-its1_366_2021",-10.97,-37.26,100,204,404,127,328,53,326
"1108","NEF_GloFung-its1_367_2021",-10.65,-36.87,100,161,491,133,305,54,256
"1109","NEF_GloFung-its1_368_2021",-10.69,-36.84,100,189,497,119,312,54,262
"1110","NEF_GloFung-its1_369_2021",-10.63,-36.76,100,165,423,127,248,53,286
"1111","NEF_GloFung-its1_370_2021",-10.62,-36.71,100,244,398,136,376,53,277
"1112","NEF_GloFung-its1_371_2021",-10.79,-36.91,100,222,340,175,439,54,317
"1113","NEF_GloFung-its1_372_2021",-10.76,-36.97,100,208,435,153,327,51,283
"1114","NEF_GloFung-its1_373_2021",-10.95,-37.15,100,232,402,145,373,52,338
"1115","NEF_GloFung-its1_374_2021",-10.8,-37.29,100,226,505,134,338,52,216
"1116","NEF_GloFung-its1_375_2021",-10.59,-37.49,100,247,522,181,330,61,211
"1117","NEF_GloFung-its1_376_2021",-9.88,-38.05,101,206,577,272,299,67,224
"1118","NEF_GloFung-its1_377_2021",-8.74,-38.47,39,76,643,199,78,67,203
"1119","NEF_GloFung-its1_378_2021",-8.68,-38.81,39,99,591,201,117,68,249
"1120","NEF_GloFung-its1_379_2021",-8.46,-39.19,39,112,582,210,102,66,224
"1121","NEF_GloFung-its1_380_2021",-7.31,-38.93,102,107,527,168,113,61,255
"1122","NEF_GloFung-its1_381_2021",-5.64,-38.99,103,125,664,194,131,60,183
"1123","NEF_GloFung-its1_382_2021",-4.89,-39.05,37,135,617,184,202,61,217
"1124","NEF_GloFung-its1_383_2021",-4.48,-38.88,37,120,738,154,166,58,137
"1125","NEF_GloFung-its1_384_2021",-4.41,-38.91,37,188,573,156,307,54,193
"1126","NEF_GloFung-its1_385_2021",-3.98,-38.63,37,319,480,158,509,51,261
"1127","NEF_GloFung-its1_386_2021",16.04,-61.64,36,735,300,288,908,53,323
"1128","NEF_GloFung-its1_387_2021",16.19,-61.74,36,700,286,271,810,59,267
"1129","NEF_GloFung-its1_388_2021",16.31,-61.8,36,0,0,0,0,0,0
"1130","NEF_GloFung-its1_389_2021",15.5,-61.26,36,671,298,262,613,57,338
"1131","NEF_GloFung-its1_390_2021",15.38,-61.34,36,682,254,288,813,56,349
"1132","NEF_GloFung-its1_391_2021",15.26,-61.34,36,607,241,276,913,57,328
"1133","NEF_GloFung-its1_392_2021",15.35,-61.32,36,629,292,229,959,53,310
"1134","NEF_GloFung-its1_393_2021",15.58,-61.47,36,0,0,0,0,0,0
"1135","NEF_GloFung-its1_394_2021",18.45,-64.53,35,0,0,0,0,0,0
"1136","NEF_GloFung-its1_395_2021",18.4,-64.66,35,585,313,289,697,57,393
"1137","NEF_GloFung-its1_396_2021",18.39,-64.71,35,0,0,0,0,0,0
"1138","NEF_GloFung-its1_397_2021",18.14,-66.97,34,976,203,298,1256,51,340
"1139","NEF_GloFung-its1_398_2021",17.94,-66.95,34,615,202,392,607,72,396
"1140","NEF_GloFung-its1_399_2021",18.18,-66.49,34,715,151,299,1028,52,361
"1141","NEF_GloFung-its1_400_2021",18.13,-66.07,56,466,202,259,538,54,316
"1142","NEF_GloFung-its1_401_2021",18.31,-65.75,56,589,168,266,709,50,407
"1143","NEF_GloFung-its1_402_2021",18.45,-65.91,56,0,0,0,0,0,0
"1151","NEF_GloFung-its1_409_2021",20.18254,-87.51699,51,835,501,317,1084,71,213
"1151.1","NEF_GloFung-its1_409_2021",20.18254,-87.51699,51,835,501,317,1084,71,213
"1151.2","NEF_GloFung-its1_409_2021",20.18254,-87.51699,51,835,501,317,1084,71,213
"1151.3","NEF_GloFung-its1_409_2021",20.18254,-87.51699,51,835,501,317,1084,71,213
"1155","NEF_GloFung-its1_410_2021",20.27455,-87.48593,51,775,531,294,942,71,200
"1155.1","NEF_GloFung-its1_410_2021",20.27455,-87.48593,51,775,531,294,942,71,200
"1155.2","NEF_GloFung-its1_410_2021",20.27455,-87.48593,51,775,531,294,942,71,200
"1155.3","NEF_GloFung-its1_410_2021",20.27455,-87.48593,51,775,531,294,942,71,200
"1159","NEF_GloFung-its1_411_2021",20.49968,-87.26145,51,976,498,313,960,73,227
"1159.1","NEF_GloFung-its1_411_2021",20.49968,-87.26145,51,976,498,313,960,73,227
"1159.2","NEF_GloFung-its1_411_2021",20.49968,-87.26145,51,976,498,313,960,73,227
"1159.3","NEF_GloFung-its1_411_2021",20.49968,-87.26145,51,976,498,313,960,73,227
"1163","NEF_GloFung-its1_412_2021",20.51291,-87.24703,51,882,498,296,1028,72,242
"1163.1","NEF_GloFung-its1_412_2021",20.51291,-87.24703,51,882,498,296,1028,72,242
"1163.2","NEF_GloFung-its1_412_2021",20.51291,-87.24703,51,882,498,296,1028,72,242
"1163.3","NEF_GloFung-its1_412_2021",20.51291,-87.24703,51,882,498,296,1028,72,242
"1167","NEF_GloFung-its1_413_2021",20.02,-75.78,32,420,180,408,424,72,355
"1168","NEF_GloFung-its1_414_2021",19.98,-75.84,32,566,154,384,728,68,403
"1169","NEF_GloFung-its1_415_2021",20.01,-75.64,32,593,145,337,882,56,372
"1170","NEF_GloFung-its1_416_2021",20.01,-75.62,32,593,156,305,859,56,427
"1171","NEF_GloFung-its1_417_2021",20.84,-76.13,32,504,213,439,435,70,374
"1172","NEF_GloFung-its1_418_2021",20.78,-76.3,32,262,213,401,347,71,332
"1173","NEF_GloFung-its1_419_2021",20.35,-76.55,32,254,206,407,333,69,314
"1174","NEF_GloFung-its1_420_2021",20.2,-76.45,32,668,294,278,919,60,327
"1175","NEF_GloFung-its1_421_2021",20.17,-76.51,32,587,248,332,708,61,361
"1176","NEF_GloFung-its1_422_2021",21.51,-77.04,105,909,286,343,1504,70,280
"1177","NEF_GloFung-its1_423_2021",22.35,-78.83,106,405,177,347,446,70,357
"1178","NEF_GloFung-its1_424_2021",22.3,-79.22,106,704,154,455,657,67,319
"1179","NEF_GloFung-its1_425_2021",22.16,-80.82,107,832,173,324,1146,68,339
"1180","NEF_GloFung-its1_426_2021",22.28,-81.19,107,0,0,0,0,0,0
"1181","NEF_GloFung-its1_427_2021",22.43,-81.15,107,880,186,309,1561,64,295
"1182","NEF_GloFung-its1_428_2021",22.6,-81.32,107,994,150,329,1493,66,274
"1183","NEF_GloFung-its1_429_2021",22.75,-83.38,30,476,279,234,611,59,279
"1184","NEF_GloFung-its1_430_2021",22.65,-83.71,30,507,264,240,579,60,318
"1185","NEF_GloFung-its1_431_2021",22.54,-83.71,30,445,237,242,516,59,330
"1186","NEF_GloFung-its1_432_2021",22.12,-83.97,30,0,0,0,0,0,0
"1192","NEF_GloFung-its1_438_2021",11.23,-73.83,53,451,335,264,482,60,290
"1193","NEF_GloFung-its1_439_2021",11.28,-74.01,53,436,339,255,475,65,308
"1194","NEF_GloFung-its1_440_2021",11.26,-73.7,53,0,0,0,0,0,0
"1195","NEF_GloFung-its1_441_2021",11.25,-73.67,53,0,0,0,0,0,0
"1196","NEF_GloFung-its1_442_2021",11.26,-73.6,53,0,0,0,0,0,0
"1197","NEF_GloFung-its1_443_2021",12.21,-72.18,109,0,0,0,0,0,0
"1198","NEF_GloFung-its1_444_2021",11.37,-73.12,109,0,0,0,0,0,0
"1199","NEF_GloFung-its1_445_2021",11.31,-73.93,53,0,0,0,0,0,0
"1200","NEF_GloFung-its1_446_2021",-2.58,-60.03,110,217,450,156,290,41,205
"1201","NEF_GloFung-its1_447_2021",-2.57,-60.02,110,230,453,145,319,41,225
"1202","NEF_GloFung-its1_448_2021",-2.59,-60.03,110,224,425,170,290,40,236
"1206","NEF_GloFung-its1_452_2021",-2.57,-60.32,110,231,356,179,334,40,346
"1207","NEF_GloFung-its1_453_2021",-2.56,-60.32,110,213,362,161,317,40,283
"1207.1","NEF_GloFung-its1_453_2021",-2.56,-60.32,110,213,362,161,317,40,283
"1209","NEF_GloFung-its1_454_2021",-2.56,-60.33,110,222,386,167,319,40,293
"1207.2","NEF_GloFung-its1_453_2021",-2.56,-60.32,110,213,362,161,317,40,283
"1207.3","NEF_GloFung-its1_453_2021",-2.56,-60.32,110,213,362,161,317,40,283
"1212","NEF_GloFung-its1_455_2021",-3.04,-60.77,110,256,345,138,307,41,335
"1213","NEF_GloFung-its1_456_2021",-3.08,-60.78,110,270,317,131,265,42,358
"1214","NEF_GloFung-its1_457_2021",-3.09,-60.84,110,257,368,130,261,40,272
"1215","NEF_GloFung-its1_458_2021",-1.97,-61.49,112,229,309,145,416,42,320
"1216","NEF_GloFung-its1_459_2021",-1.96,-61.44,112,250,328,153,382,43,268
"1217","NEF_GloFung-its1_460_2021",-1.94,-61.45,112,0,0,0,0,0,0
"1218","NEF_GloFung-its1_461_2021",-1.93,-61.45,112,0,0,0,0,0,0
"1219","NEF_GloFung-its1_462_2021",-1.91,-61.46,112,0,0,0,0,0,0
"1220","NEF_GloFung-its1_463_2021",-1.9,-61.46,112,221,350,145,474,43,325
"1221","NEF_GloFung-its1_464_2021",-1.74,-51.39,113,298,380,148,369,45,265
"1221.1","NEF_GloFung-its1_464_2021",-1.74,-51.39,113,298,380,148,369,45,265
"1221.2","NEF_GloFung-its1_464_2021",-1.74,-51.39,113,298,380,148,369,45,265
"1224","NEF_GloFung-its1_465_2021",-1.77,-51.42,113,301,416,142,460,46,240
"1225","NEF_GloFung-its1_466_2021",-1.77,-51.43,113,0,0,0,0,0,0
"1226","NEF_GloFung-its1_467_2021",-1.78,-51.43,113,296,304,226,639,49,302
"1227","NEF_GloFung-its1_468_2021",-1.74,-51.46,113,230,436,141,269,45,253
"1227.1","NEF_GloFung-its1_468_2021",-1.74,-51.46,113,230,436,141,269,45,253
"1227.2","NEF_GloFung-its1_468_2021",-1.74,-51.46,113,230,436,141,269,45,253
"1230","NEF_GloFung-its1_469_2021",-1.72,-51.45,113,290,398,159,299,45,230
"1230.1","NEF_GloFung-its1_469_2021",-1.72,-51.45,113,290,398,159,299,45,230
"1232","NEF_GloFung-its1_470_2021",-1.74,-51.44,113,239,464,170,596,44,216
"1233","NEF_GloFung-its1_471_2021",-4.35,-70.03,40,0,0,0,0,0,0
"1234","NEF_GloFung-its1_472_2021",-4.35,-70.02,40,318,140,162,493,44,628
"1235","NEF_GloFung-its1_473_2021",-4.34,-70.01,40,306,142,168,465,43,587
"1236","NEF_GloFung-its1_474_2021",-4.43,-70.08,40,337,180,173,426,43,506
"1237","NEF_GloFung-its1_475_2021",-4.42,-70.06,40,337,314,160,452,42,395
"1238","NEF_GloFung-its1_476_2021",-4.43,-70.07,40,347,240,163,500,43,451
"1239","NEF_GloFung-its1_477_2021",-4.32,-70,40,334,112,160,465,45,616
"1239.1","NEF_GloFung-its1_477_2021",-4.32,-70,40,334,112,160,465,45,616
"1241","NEF_GloFung-its1_478_2021",-4.33,-70.01,40,336,109,156,597,43,630
"1242","NEF_GloFung-its1_479_2021",6.75,-75.48,47,570,334,269,1080,53,349
"1243","NEF_GloFung-its1_480_2021",6.5,-75.55,47,623,386,300,1042,52,326
"1244","NEF_GloFung-its1_481_2021",5.89,-74.85,47,364,310,210,437,49,352
"1245","NEF_GloFung-its1_482_2021",11.18,-74.24,53,0,0,0,0,0,0
"1246","NEF_GloFung-its1_483_2021",-3.99,-69.9,40,355,368,191,397,42,301
"1247","NEF_GloFung-its1_484_2021",-4,-69.89,40,362,426,201,397,42,296
"1248","NEF_GloFung-its1_485_2021",-4.05,-69.99,40,351,338,189,470,43,357
"1249","NEF_GloFung-its1_486_2021",-4,-69.9,40,339,443,199,420,42,272
"1250","NEF_GloFung-its1_487_2021",-4.01,-69.9,40,339,437,189,396,42,306
"1249.1","NEF_GloFung-its1_486_2021",-4,-69.9,40,339,443,199,420,42,272
"1252","NEF_GloFung-its1_488_2021",5.72,-73.47,54,452,318,283,750,59,340
"1253","NEF_GloFung-its1_489_2021",5.72,-73.43,54,647,405,305,1132,56,321
"1254","NEF_GloFung-its1_490_2021",4.88,-75.18,45,609,414,307,1095,55,285
"1255","NEF_GloFung-its1_491_2021",4.88,-75.19,45,643,444,322,1167,55,236
"1256","NEF_GloFung-its1_492_2021",6.26,-75.5,47,564,367,239,1124,50,333
"1257","NEF_GloFung-its1_493_2021",6.15,-75.44,47,510,385,266,826,53,328
"1258","NEF_GloFung-its1_494_2021",4.92,-75.27,45,665,457,340,1400,54,281
"1259","NEF_GloFung-its1_495_2021",4.88,-75.17,45,669,399,336,1350,55,304
"1259.1","NEF_GloFung-its1_495_2021",4.88,-75.17,45,669,399,336,1350,55,304
"1261","NEF_GloFung-its1_496_2021",5.77,-73.43,54,455,339,294,767,54,305
"1262","NEF_GloFung-its1_497_2021",-0.6,-72.41,33,383,534,253,707,43,245
"1263","NEF_GloFung-its1_498_2021",-0.62,-72.4,33,393,534,228,675,43,265
"1263.1","NEF_GloFung-its1_498_2021",-0.62,-72.4,33,393,534,228,675,43,265
"1265","NEF_GloFung-its1_499_2021",-0.64,-72.07,33,418,477,234,531,41,257
"1266","NEF_GloFung-its1_500_2021",-0.63,-72.09,33,416,436,245,731,41,287
"1267","NEF_GloFung-its1_501_2021",-0.56,-72.11,33,377,460,238,566,41,284
"1265.1","NEF_GloFung-its1_499_2021",-0.64,-72.07,33,418,477,234,531,41,257
"1269","NEF_GloFung-its1_502_2021",6.7,-75.47,47,499,332,234,988,52,323
"1270","NEF_GloFung-its1_503_2021",6.71,-75.47,47,565,312,239,1070,54,361
"1271","NEF_GloFung-its1_504_2021",6.75,-75.49,47,566,334,229,1179,53,348
"1272","NEF_GloFung-its1_505_2021",4.87,-75.13,45,589,334,318,1003,54,314
"1273","NEF_GloFung-its1_506_2021",4.87,-75.17,45,612,383,318,1173,55,286
"1274","NEF_GloFung-its1_507_2021",4.87,-75.25,45,481,468,284,931,59,291
"1248.1","NEF_GloFung-its1_485_2021",-4.05,-69.99,40,351,338,189,470,43,357
"1249.2","NEF_GloFung-its1_486_2021",-4,-69.9,40,339,443,199,420,42,272
"1247.1","NEF_GloFung-its1_484_2021",-4,-69.89,40,362,426,201,397,42,296
"1249.3","NEF_GloFung-its1_486_2021",-4,-69.9,40,339,443,199,420,42,272
"1250.1","NEF_GloFung-its1_487_2021",-4.01,-69.9,40,339,437,189,396,42,306
"1250.2","NEF_GloFung-its1_487_2021",-4.01,-69.9,40,339,437,189,396,42,306
"1250.3","NEF_GloFung-its1_487_2021",-4.01,-69.9,40,339,437,189,396,42,306
"1250.4","NEF_GloFung-its1_487_2021",-4.01,-69.9,40,339,437,189,396,42,306
"1283","NEF_GloFung-its1_508_2021",-0.93,-71.61,33,448,422,246,502,43,319
"1265.2","NEF_GloFung-its1_499_2021",-0.64,-72.07,33,418,477,234,531,41,257
"1265.3","NEF_GloFung-its1_499_2021",-0.64,-72.07,33,418,477,234,531,41,257
"1286","NEF_GloFung-its1_509_2021",-0.64,-72.08,33,354,469,228,507,41,274
"1287","NEF_GloFung-its1_510_2021",-0.63,-72.39,33,338,460,240,635,44,308
"1288","NEF_GloFung-its1_511_2021",-0.63,-72.4,33,393,433,228,669,45,309
"1289","NEF_GloFung-its1_512_2021",-0.64,-72.4,33,364,501,241,632,43,278
"1246.1","NEF_GloFung-its1_483_2021",-3.99,-69.9,40,355,368,191,397,42,301
"1249.4","NEF_GloFung-its1_486_2021",-4,-69.9,40,339,443,199,420,42,272
"1249.5","NEF_GloFung-its1_486_2021",-4,-69.9,40,339,443,199,420,42,272
"1267.1","NEF_GloFung-its1_501_2021",-0.56,-72.11,33,377,460,238,566,41,284
"1266.1","NEF_GloFung-its1_500_2021",-0.63,-72.09,33,416,436,245,731,41,287
"1263.2","NEF_GloFung-its1_498_2021",-0.62,-72.4,33,393,534,228,675,43,265
"1263.3","NEF_GloFung-its1_498_2021",-0.62,-72.4,33,393,534,228,675,43,265
"1313","NEF_GloFung-its1_447_2020",-2.5708,-60.01995,110,230,453,145,319,41,225
"1314","NEF_GloFung-its1_526_2020",-4.32071666,-70.00263333,40,328,110,162,461,45,620
"1315","NEF_GloFung-its1_527_2020",-3.07933333,-60.77676667,110,248,266,134,307,42,410
"1316","NEF_GloFung-its1_528_2020",-1.73676666,-51.46168333,113,206,436,138,269,45,228
"1317","NEF_GloFung-its1_529_2020",-4.32608333,-70.00603333,40,319,145,156,442,45,585
"1318","NEF_GloFung-its1_530_2020",-4.42538333,-70.07126667,40,325,226,163,453,43,515
"1319","NEF_GloFung-its1_531_2020",-1.95511666,-61.44468333,112,249,316,160,460,42,302
"1320","NEF_GloFung-its1_532_2020",-4.42648333,-70.07526667,40,327,190,157,444,42,498
"1321","NEF_GloFung-its1_533_2020",-1.7403,-51.44491667,113,0,0,0,0,0,0
"1322","NEF_GloFung-its1_534_2020",-1.71751666,-51.45273333,113,290,407,160,300,45,229
"1323","NEF_GloFung-its1_535_2020",-1.78038333,-51.42853333,113,0,0,0,0,0,0
"1319.1","NEF_GloFung-its1_531_2020",-1.95511666,-61.44468333,112,249,316,160,460,42,302
"1325","NEF_GloFung-its1_536_2020",-1.74335,-51.3872,113,308,350,177,410,47,312
"1326","NEF_GloFung-its1_537_2020",-4.33586666,-70.01043333,40,315,138,166,591,43,611
"1327","NEF_GloFung-its1_538_2020",-2.55518333,-60.31978333,110,265,318,194,357,42,336
"1328","NEF_GloFung-its1_539_2020",-1.93945,-61.44631667,112,240,255,179,539,43,388
"1329","NEF_GloFung-its1_540_2020",-1.46143333,-61.46143333,112,236,244,141,368,40,389
"1327.1","NEF_GloFung-its1_538_2020",-2.55518333,-60.31978333,110,265,318,194,357,42,336
"1331","NEF_GloFung-its1_541_2020",-1.73941666,-51.45631667,113,229,441,141,276,44,240
"1332","NEF_GloFung-its1_542_2020",-3.08725,-60.84361667,110,263,371,128,267,41,270
"1333","NEF_GloFung-its1_543_2020",-1.926,-61.4529,112,0,0,0,0,0,0
"1325.1","NEF_GloFung-its1_536_2020",-1.74335,-51.3872,113,308,350,177,410,47,312
"1325.2","NEF_GloFung-its1_536_2020",-1.74335,-51.3872,113,308,350,177,410,47,312
"1321.1","NEF_GloFung-its1_533_2020",-1.7403,-51.44491667,113,0,0,0,0,0,0
"1337","NEF_GloFung-its1_544_2020",-4.34593333,-70.02085,40,318,126,169,731,43,617
"1338","NEF_GloFung-its1_545_2020",-1.7245,-51.45428333,113,211,411,143,284,44,207
"1339","NEF_GloFung-its1_546_2020",-1.96526666,-61.48538333,112,229,324,139,521,42,348
"1340","NEF_GloFung-its1_547_2020",-2.55621666,-60.32216667,110,251,248,198,378,43,442
"1339.1","NEF_GloFung-its1_546_2020",-1.96526666,-61.48538333,112,229,324,139,521,42,348
"1322.1","NEF_GloFung-its1_534_2020",-1.71751666,-51.45273333,113,290,407,160,300,45,229
"1320.1","NEF_GloFung-its1_532_2020",-4.42648333,-70.07526667,40,327,190,157,444,42,498
"1344","NEF_GloFung-its1_548_2020",-2.56315,-60.32613333,110,238,320,190,373,42,388
"1345","NEF_GloFung-its1_549_2020",-1.91293333,-61.46016667,112,0,0,0,0,0,0
"1316.1","NEF_GloFung-its1_528_2020",-1.73676666,-51.46168333,113,206,436,138,269,45,228
"1347","NEF_GloFung-its1_550_2020",-2.56035,-60.32283333,110,255,296,208,405,43,385
"1340.1","NEF_GloFung-its1_547_2020",-2.55621666,-60.32216667,110,251,248,198,378,43,442
"1333.1","NEF_GloFung-its1_543_2020",-1.926,-61.4529,112,0,0,0,0,0,0
"1325.3","NEF_GloFung-its1_536_2020",-1.74335,-51.3872,113,308,350,177,410,47,312
"1351","NEF_GloFung-its1_455_2020",-3.03988333,-60.76948333,110,248,330,137,318,42,349
"1326.1","NEF_GloFung-its1_537_2020",-4.33586666,-70.01043333,40,315,138,166,591,43,611
"1353","NEF_GloFung-its1_551_2020",-2.55666666,-60.32081667,110,251,248,198,378,43,442
"1325.4","NEF_GloFung-its1_536_2020",-1.74335,-51.3872,113,308,350,177,410,47,312
"1351.1","NEF_GloFung-its1_455_2020",-3.03988333,-60.76948333,110,248,330,137,318,42,349
"1313.1","NEF_GloFung-its1_447_2020",-2.5708,-60.01995,110,230,453,145,319,41,225
"1357","NEF_GloFung-its1_552_2020",-2.58758333,-60.03291667,110,255,440,170,297,41,218
"1358","NEF_GloFung-its1_553_2020",-2.566,-60.32075,110,225,307,201,338,43,394
"1325.5","NEF_GloFung-its1_536_2020",-1.74335,-51.3872,113,308,350,177,410,47,312
"1360","NEF_GloFung-its1_554_2020",-4.35276666,-70.02735,40,305,119,180,544,44,668
"1331.1","NEF_GloFung-its1_541_2020",-1.73941666,-51.45631667,113,229,441,141,276,44,240
"1362","NEF_GloFung-its1_555_2020",-1.73831666,-51.4586,113,230,443,139,263,45,245
"1337.1","NEF_GloFung-its1_544_2020",-4.34593333,-70.02085,40,318,126,169,731,43,617
"1328.1","NEF_GloFung-its1_539_2020",-1.93945,-61.44631667,112,240,255,179,539,43,388
"1365","NEF_GloFung-its1_556_2020",-4.32335,-70.00291667,40,307,132,153,448,45,601
"1366","NEF_GloFung-its1_557_2020",-4.42538333,-70.05903333,40,355,312,160,430,44,424
"1366.1","NEF_GloFung-its1_557_2020",-4.42538333,-70.05903333,40,355,312,160,430,44,424
"1329.1","NEF_GloFung-its1_540_2020",-1.46143333,-61.46143333,112,236,244,141,368,40,389
"1369","NEF_GloFung-its1_558_2020",-1.7747,-51.41778333,113,0,0,0,0,0,0
"1360.1","NEF_GloFung-its1_554_2020",-4.35276666,-70.02735,40,305,119,180,544,44,668
"1332.1","NEF_GloFung-its1_542_2020",-3.08725,-60.84361667,110,263,371,128,267,41,270
"1345.1","NEF_GloFung-its1_549_2020",-1.91293333,-61.46016667,112,0,0,0,0,0,0
"1347.1","NEF_GloFung-its1_550_2020",-2.56035,-60.32283333,110,255,296,208,405,43,385
"1353.1","NEF_GloFung-its1_551_2020",-2.55666666,-60.32081667,110,251,248,198,378,43,442
"1314.1","NEF_GloFung-its1_526_2020",-4.32071666,-70.00263333,40,328,110,162,461,45,620
"1362.1","NEF_GloFung-its1_555_2020",-1.73831666,-51.4586,113,230,443,139,263,45,245
"1344.1","NEF_GloFung-its1_548_2020",-2.56315,-60.32613333,110,238,320,190,373,42,388
"1323.1","NEF_GloFung-its1_535_2020",-1.78038333,-51.42853333,113,0,0,0,0,0,0
"1338.1","NEF_GloFung-its1_545_2020",-1.7245,-51.45428333,113,211,411,143,284,44,207
"1315.1","NEF_GloFung-its1_527_2020",-3.07933333,-60.77676667,110,248,266,134,307,42,410
"1317.1","NEF_GloFung-its1_529_2020",-4.32608333,-70.00603333,40,319,145,156,442,45,585
"1318.1","NEF_GloFung-its1_530_2020",-4.42538333,-70.07126667,40,325,226,163,453,43,515
"1357.1","NEF_GloFung-its1_552_2020",-2.58758333,-60.03291667,110,255,440,170,297,41,218
"1384","NEF_GloFung-its1_559_2020",-1.77133333,-51.41043333,113,0,0,0,0,0,0
"1384.1","NEF_GloFung-its1_559_2020",-1.77133333,-51.41043333,113,0,0,0,0,0,0
"1369.1","NEF_GloFung-its1_558_2020",-1.7747,-51.41778333,113,0,0,0,0,0,0
"1365.1","NEF_GloFung-its1_556_2020",-4.32335,-70.00291667,40,307,132,153,448,45,601
"1388","NEF_GloFung-its1_560_2020",-2.58156666,-60.03063333,110,219,427,161,312,41,198
"1405","NEF_GloFung-its1_563_2021",4.197168,-52.151563,11,336,333,223,646,47,323
"1406","NEF_GloFung-its1_564_2021",4.214539,-52.121489,11,343,350,207,660,46,337
"1407","NEF_GloFung-its1_565_2021",5.06893,-53.056313,12,522,319,234,757,46,365
"1408","NEF_GloFung-its1_566_2021",4.096155027,-52.683682,11,418,340,178,662,46,324
"1409","NEF_GloFung-its1_567_2021",4.19652,-52.152224,11,336,333,223,646,47,323
"1409.1","NEF_GloFung-its1_567_2021",4.19652,-52.152224,11,336,333,223,646,47,323
"1408.1","NEF_GloFung-its1_566_2021",4.096155027,-52.683682,11,418,340,178,662,46,324
"1412","NEF_GloFung-its1_568_2021",5.065288,-52.997022,12,419,359,174,635,46,296
"1413","NEF_GloFung-its1_569_2021",5.068006,-53.054934,12,522,319,234,757,46,365
"1405.1","NEF_GloFung-its1_563_2021",4.197168,-52.151563,11,336,333,223,646,47,323
"1405.2","NEF_GloFung-its1_563_2021",4.197168,-52.151563,11,336,333,223,646,47,323
"1416","NEF_GloFung-its1_570_2021",4.194585,-52.149037,11,338,326,231,670,46,323
"1416.1","NEF_GloFung-its1_570_2021",4.194585,-52.149037,11,338,326,231,670,46,323
"1409.2","NEF_GloFung-its1_567_2021",4.19652,-52.152224,11,336,333,223,646,47,323
"1416.2","NEF_GloFung-its1_570_2021",4.194585,-52.149037,11,338,326,231,670,46,323
"1420","NEF_GloFung-its1_571_2021",4.21005375,-52.12883125,11,332,346,194,715,44,293
"1407.1","NEF_GloFung-its1_565_2021",5.06893,-53.056313,12,522,319,234,757,46,365
"1409.3","NEF_GloFung-its1_567_2021",4.19652,-52.152224,11,336,333,223,646,47,323
"1423","NEF_GloFung-its1_572_2021",4.21021725,-52.1233245,11,281,340,187,640,45,297
"1405.3","NEF_GloFung-its1_563_2021",4.197168,-52.151563,11,336,333,223,646,47,323
"1409.4","NEF_GloFung-its1_567_2021",4.19652,-52.152224,11,336,333,223,646,47,323
"1413.1","NEF_GloFung-its1_569_2021",5.068006,-53.054934,12,522,319,234,757,46,365
"1409.5","NEF_GloFung-its1_567_2021",4.19652,-52.152224,11,336,333,223,646,47,323
"1428","NEF_GloFung-its1_573_2021",5.04114,-53.100134,12,440,423,159,720,45,285
"1413.2","NEF_GloFung-its1_569_2021",5.068006,-53.054934,12,522,319,234,757,46,365
"1405.4","NEF_GloFung-its1_563_2021",4.197168,-52.151563,11,336,333,223,646,47,323
"1409.6","NEF_GloFung-its1_567_2021",4.19652,-52.152224,11,336,333,223,646,47,323
"1432","NEF_GloFung-its1_574_2021",5.068781,-53.056027,12,522,319,234,757,46,365
"1433","NEF_GloFung-its1_575_2021",3.96630099,-51.89163601,11,401,336,179,688,45,290
"1434","NEF_GloFung-its1_576_2021",4.196059,-52.148993,11,338,326,231,670,46,323
"1428.1","NEF_GloFung-its1_573_2021",5.04114,-53.100134,12,440,423,159,720,45,285
"1408.2","NEF_GloFung-its1_566_2021",4.096155027,-52.683682,11,418,340,178,662,46,324
"1412.1","NEF_GloFung-its1_568_2021",5.065288,-52.997022,12,419,359,174,635,46,296
"1407.2","NEF_GloFung-its1_565_2021",5.06893,-53.056313,12,522,319,234,757,46,365
"1409.7","NEF_GloFung-its1_567_2021",4.19652,-52.152224,11,336,333,223,646,47,323
"1440","NEF_GloFung-its1_577_2021",4.095999962,-52.68384998,11,472,306,169,588,46,339
"1441","NEF_GloFung-its1_578_2021",4.197243,-52.148993,11,339,335,192,705,46,345
"1433.1","NEF_GloFung-its1_575_2021",3.96630099,-51.89163601,11,401,336,179,688,45,290
"1409.8","NEF_GloFung-its1_567_2021",4.19652,-52.152224,11,336,333,223,646,47,323
"1444","NEF_GloFung-its1_579_2021",5.073928,-52.973993,12,355,415,172,672,45,274
"1409.9","NEF_GloFung-its1_567_2021",4.19652,-52.152224,11,336,333,223,646,47,323
"1408.3","NEF_GloFung-its1_566_2021",4.096155027,-52.683682,11,418,340,178,662,46,324
"1412.2","NEF_GloFung-its1_568_2021",5.065288,-52.997022,12,419,359,174,635,46,296
"1413.3","NEF_GloFung-its1_569_2021",5.068006,-53.054934,12,522,319,234,757,46,365
"1416.3","NEF_GloFung-its1_570_2021",4.194585,-52.149037,11,338,326,231,670,46,323
"1405.5","NEF_GloFung-its1_563_2021",4.197168,-52.151563,11,336,333,223,646,47,323
"1412.3","NEF_GloFung-its1_568_2021",5.065288,-52.997022,12,419,359,174,635,46,296
"1407.3","NEF_GloFung-its1_565_2021",5.06893,-53.056313,12,522,319,234,757,46,365
"1412.4","NEF_GloFung-its1_568_2021",5.065288,-52.997022,12,419,359,174,635,46,296
"1407.4","NEF_GloFung-its1_565_2021",5.06893,-53.056313,12,522,319,234,757,46,365
"1455","NEF_GloFung-its1_580_2021",4.192065,-52.150066,11,299,333,196,643,46,315
"1444.1","NEF_GloFung-its1_579_2021",5.073928,-52.973993,12,355,415,172,672,45,274
"1444.2","NEF_GloFung-its1_579_2021",5.073928,-52.973993,12,355,415,172,672,45,274
"1412.5","NEF_GloFung-its1_568_2021",5.065288,-52.997022,12,419,359,174,635,46,296
"1413.4","NEF_GloFung-its1_569_2021",5.068006,-53.054934,12,522,319,234,757,46,365
"1432.1","NEF_GloFung-its1_574_2021",5.068781,-53.056027,12,522,319,234,757,46,365
"1412.6","NEF_GloFung-its1_568_2021",5.065288,-52.997022,12,419,359,174,635,46,296
"1416.4","NEF_GloFung-its1_570_2021",4.194585,-52.149037,11,338,326,231,670,46,323
"1409.10","NEF_GloFung-its1_567_2021",4.19652,-52.152224,11,336,333,223,646,47,323
"1412.7","NEF_GloFung-its1_568_2021",5.065288,-52.997022,12,419,359,174,635,46,296
"1465","NEF_GloFung-its1_581_2021",4.196503,-52.151028,11,336,333,223,646,47,323
"1466","NEF_GloFung-its1_582_2021",4.2054915,-52.136187,11,398,355,201,662,45,306
"1405.6","NEF_GloFung-its1_563_2021",4.197168,-52.151563,11,336,333,223,646,47,323
"1416.5","NEF_GloFung-its1_570_2021",4.194585,-52.149037,11,338,326,231,670,46,323
"1409.11","NEF_GloFung-its1_567_2021",4.19652,-52.152224,11,336,333,223,646,47,323
"1412.8","NEF_GloFung-its1_568_2021",5.065288,-52.997022,12,419,359,174,635,46,296
"1405.7","NEF_GloFung-its1_563_2021",4.197168,-52.151563,11,336,333,223,646,47,323
"1428.2","NEF_GloFung-its1_573_2021",5.04114,-53.100134,12,440,423,159,720,45,285
"1409.12","NEF_GloFung-its1_567_2021",4.19652,-52.152224,11,336,333,223,646,47,323
"1433.2","NEF_GloFung-its1_575_2021",3.96630099,-51.89163601,11,401,336,179,688,45,290
"1407.5","NEF_GloFung-its1_565_2021",5.06893,-53.056313,12,522,319,234,757,46,365
"1433.3","NEF_GloFung-its1_575_2021",3.96630099,-51.89163601,11,401,336,179,688,45,290
"1405.8","NEF_GloFung-its1_563_2021",4.197168,-52.151563,11,336,333,223,646,47,323
"1408.4","NEF_GloFung-its1_566_2021",4.096155027,-52.683682,11,418,340,178,662,46,324
"1409.13","NEF_GloFung-its1_567_2021",4.19652,-52.152224,11,336,333,223,646,47,323
"1412.9","NEF_GloFung-its1_568_2021",5.065288,-52.997022,12,419,359,174,635,46,296
"1481","NEF_GloFung-its1_583_2021",4.196944,-52.128885,11,372,363,195,673,45,306
"1409.14","NEF_GloFung-its1_567_2021",4.19652,-52.152224,11,336,333,223,646,47,323
"1409.15","NEF_GloFung-its1_567_2021",4.19652,-52.152224,11,336,333,223,646,47,323
"1433.4","NEF_GloFung-its1_575_2021",3.96630099,-51.89163601,11,401,336,179,688,45,290
"1408.5","NEF_GloFung-its1_566_2021",4.096155027,-52.683682,11,418,340,178,662,46,324
"1405.9","NEF_GloFung-its1_563_2021",4.197168,-52.151563,11,336,333,223,646,47,323
"1408.6","NEF_GloFung-its1_566_2021",4.096155027,-52.683682,11,418,340,178,662,46,324
"1432.2","NEF_GloFung-its1_574_2021",5.068781,-53.056027,12,522,319,234,757,46,365
"1444.3","NEF_GloFung-its1_579_2021",5.073928,-52.973993,12,355,415,172,672,45,274
"1409.16","NEF_GloFung-its1_567_2021",4.19652,-52.152224,11,336,333,223,646,47,323
"1412.10","NEF_GloFung-its1_568_2021",5.065288,-52.997022,12,419,359,174,635,46,296
"1405.10","NEF_GloFung-its1_563_2021",4.197168,-52.151563,11,336,333,223,646,47,323
"1412.11","NEF_GloFung-its1_568_2021",5.065288,-52.997022,12,419,359,174,635,46,296
"1434.1","NEF_GloFung-its1_576_2021",4.196059,-52.148993,11,338,326,231,670,46,323
"1412.12","NEF_GloFung-its1_568_2021",5.065288,-52.997022,12,419,359,174,635,46,296
"1412.13","NEF_GloFung-its1_568_2021",5.065288,-52.997022,12,419,359,174,635,46,296
"1412.14","NEF_GloFung-its1_568_2021",5.065288,-52.997022,12,419,359,174,635,46,296
"1444.4","NEF_GloFung-its1_579_2021",5.073928,-52.973993,12,355,415,172,672,45,274
"1409.17","NEF_GloFung-its1_567_2021",4.19652,-52.152224,11,336,333,223,646,47,323
"1407.6","NEF_GloFung-its1_565_2021",5.06893,-53.056313,12,522,319,234,757,46,365
"1409.18","NEF_GloFung-its1_567_2021",4.19652,-52.152224,11,336,333,223,646,47,323
"1405.11","NEF_GloFung-its1_563_2021",4.197168,-52.151563,11,336,333,223,646,47,323
"1413.5","NEF_GloFung-its1_569_2021",5.068006,-53.054934,12,522,319,234,757,46,365
"1412.15","NEF_GloFung-its1_568_2021",5.065288,-52.997022,12,419,359,174,635,46,296
"1413.6","NEF_GloFung-its1_569_2021",5.068006,-53.054934,12,522,319,234,757,46,365
"1506","NEF_GloFung-its1_584_2021",4.19067,-52.146816,11,318,339,194,684,45,329
"1405.12","NEF_GloFung-its1_563_2021",4.197168,-52.151563,11,336,333,223,646,47,323
"1416.6","NEF_GloFung-its1_570_2021",4.194585,-52.149037,11,338,326,231,670,46,323
"1413.7","NEF_GloFung-its1_569_2021",5.068006,-53.054934,12,522,319,234,757,46,365
"1409.19","NEF_GloFung-its1_567_2021",4.19652,-52.152224,11,336,333,223,646,47,323
"1511","NEF_GloFung-its1_585_2021",4.208558667,-52.13127867,11,359,345,193,709,44,292
"1506.1","NEF_GloFung-its1_584_2021",4.19067,-52.146816,11,318,339,194,684,45,329
"1406.1","NEF_GloFung-its1_564_2021",4.214539,-52.121489,11,343,350,207,660,46,337
"1408.7","NEF_GloFung-its1_566_2021",4.096155027,-52.683682,11,418,340,178,662,46,324
"1406.2","NEF_GloFung-its1_564_2021",4.214539,-52.121489,11,343,350,207,660,46,337
"1428.3","NEF_GloFung-its1_573_2021",5.04114,-53.100134,12,440,423,159,720,45,285
"1465.1","NEF_GloFung-its1_581_2021",4.196503,-52.151028,11,336,333,223,646,47,323
"1413.8","NEF_GloFung-its1_569_2021",5.068006,-53.054934,12,522,319,234,757,46,365
"1519","NEF_GloFung-its1_586_2021",4.18836,-52.141249,11,367,350,203,633,45,306
"1440.1","NEF_GloFung-its1_577_2021",4.095999962,-52.68384998,11,472,306,169,588,46,339
"1416.7","NEF_GloFung-its1_570_2021",4.194585,-52.149037,11,338,326,231,670,46,323
"1405.13","NEF_GloFung-its1_563_2021",4.197168,-52.151563,11,336,333,223,646,47,323
"1444.5","NEF_GloFung-its1_579_2021",5.073928,-52.973993,12,355,415,172,672,45,274
"1405.14","NEF_GloFung-its1_563_2021",4.197168,-52.151563,11,336,333,223,646,47,323
"1416.8","NEF_GloFung-its1_570_2021",4.194585,-52.149037,11,338,326,231,670,46,323
"1420.1","NEF_GloFung-its1_571_2021",4.21005375,-52.12883125,11,332,346,194,715,44,293
"1412.16","NEF_GloFung-its1_568_2021",5.065288,-52.997022,12,419,359,174,635,46,296
"1444.6","NEF_GloFung-its1_579_2021",5.073928,-52.973993,12,355,415,172,672,45,274
"1409.20","NEF_GloFung-its1_567_2021",4.19652,-52.152224,11,336,333,223,646,47,323
"1428.4","NEF_GloFung-its1_573_2021",5.04114,-53.100134,12,440,423,159,720,45,285
"1416.9","NEF_GloFung-its1_570_2021",4.194585,-52.149037,11,338,326,231,670,46,323
"1432.3","NEF_GloFung-its1_574_2021",5.068781,-53.056027,12,522,319,234,757,46,365
"1407.7","NEF_GloFung-its1_565_2021",5.06893,-53.056313,12,522,319,234,757,46,365
"1413.9","NEF_GloFung-its1_569_2021",5.068006,-53.054934,12,522,319,234,757,46,365
"1405.15","NEF_GloFung-its1_563_2021",4.197168,-52.151563,11,336,333,223,646,47,323
"1428.5","NEF_GloFung-its1_573_2021",5.04114,-53.100134,12,440,423,159,720,45,285
"1409.21","NEF_GloFung-its1_567_2021",4.19652,-52.152224,11,336,333,223,646,47,323
"1406.3","NEF_GloFung-its1_564_2021",4.214539,-52.121489,11,343,350,207,660,46,337
"1412.17","NEF_GloFung-its1_568_2021",5.065288,-52.997022,12,419,359,174,635,46,296
"1519.1","NEF_GloFung-its1_586_2021",4.18836,-52.141249,11,367,350,203,633,45,306
"1428.6","NEF_GloFung-its1_573_2021",5.04114,-53.100134,12,440,423,159,720,45,285
"1408.8","NEF_GloFung-its1_566_2021",4.096155027,-52.683682,11,418,340,178,662,46,324
"1428.7","NEF_GloFung-its1_573_2021",5.04114,-53.100134,12,440,423,159,720,45,285
"1406.4","NEF_GloFung-its1_564_2021",4.214539,-52.121489,11,343,350,207,660,46,337
"1407.8","NEF_GloFung-its1_565_2021",5.06893,-53.056313,12,522,319,234,757,46,365
"1416.10","NEF_GloFung-its1_570_2021",4.194585,-52.149037,11,338,326,231,670,46,323
"1405.16","NEF_GloFung-its1_563_2021",4.197168,-52.151563,11,336,333,223,646,47,323
"1406.5","NEF_GloFung-its1_564_2021",4.214539,-52.121489,11,343,350,207,660,46,337
"1405.17","NEF_GloFung-its1_563_2021",4.197168,-52.151563,11,336,333,223,646,47,323
"1408.9","NEF_GloFung-its1_566_2021",4.096155027,-52.683682,11,418,340,178,662,46,324
"1433.5","NEF_GloFung-its1_575_2021",3.96630099,-51.89163601,11,401,336,179,688,45,290
"1407.9","NEF_GloFung-its1_565_2021",5.06893,-53.056313,12,522,319,234,757,46,365
"1432.4","NEF_GloFung-its1_574_2021",5.068781,-53.056027,12,522,319,234,757,46,365
"1409.22","NEF_GloFung-its1_567_2021",4.19652,-52.152224,11,336,333,223,646,47,323
"1444.7","NEF_GloFung-its1_579_2021",5.073928,-52.973993,12,355,415,172,672,45,274
"1409.23","NEF_GloFung-its1_567_2021",4.19652,-52.152224,11,336,333,223,646,47,323
"1412.18","NEF_GloFung-its1_568_2021",5.065288,-52.997022,12,419,359,174,635,46,296
"1409.24","NEF_GloFung-its1_567_2021",4.19652,-52.152224,11,336,333,223,646,47,323
"1440.2","NEF_GloFung-its1_577_2021",4.095999962,-52.68384998,11,472,306,169,588,46,339
"1428.8","NEF_GloFung-its1_573_2021",5.04114,-53.100134,12,440,423,159,720,45,285
"1433.6","NEF_GloFung-its1_575_2021",3.96630099,-51.89163601,11,401,336,179,688,45,290
"1412.19","NEF_GloFung-its1_568_2021",5.065288,-52.997022,12,419,359,174,635,46,296
"1405.18","NEF_GloFung-its1_563_2021",4.197168,-52.151563,11,336,333,223,646,47,323
"1412.20","NEF_GloFung-its1_568_2021",5.065288,-52.997022,12,419,359,174,635,46,296
"1428.9","NEF_GloFung-its1_573_2021",5.04114,-53.100134,12,440,423,159,720,45,285
"1566","NEF_GloFung-its1_587_2021",4.189703,-52.144105,11,375,352,206,637,45,321
"1433.7","NEF_GloFung-its1_575_2021",3.96630099,-51.89163601,11,401,336,179,688,45,290
"1409.25","NEF_GloFung-its1_567_2021",4.19652,-52.152224,11,336,333,223,646,47,323
"1409.26","NEF_GloFung-its1_567_2021",4.19652,-52.152224,11,336,333,223,646,47,323
"1466.1","NEF_GloFung-its1_582_2021",4.2054915,-52.136187,11,398,355,201,662,45,306
"1408.10","NEF_GloFung-its1_566_2021",4.096155027,-52.683682,11,418,340,178,662,46,324
"1412.21","NEF_GloFung-its1_568_2021",5.065288,-52.997022,12,419,359,174,635,46,296
"1440.3","NEF_GloFung-its1_577_2021",4.095999962,-52.68384998,11,472,306,169,588,46,339
"1433.8","NEF_GloFung-its1_575_2021",3.96630099,-51.89163601,11,401,336,179,688,45,290
"1405.19","NEF_GloFung-its1_563_2021",4.197168,-52.151563,11,336,333,223,646,47,323
"1406.6","NEF_GloFung-its1_564_2021",4.214539,-52.121489,11,343,350,207,660,46,337
"1519.2","NEF_GloFung-its1_586_2021",4.18836,-52.141249,11,367,350,203,633,45,306
"1412.22","NEF_GloFung-its1_568_2021",5.065288,-52.997022,12,419,359,174,635,46,296
"1566.1","NEF_GloFung-its1_587_2021",4.189703,-52.144105,11,375,352,206,637,45,321
"1408.11","NEF_GloFung-its1_566_2021",4.096155027,-52.683682,11,418,340,178,662,46,324
"1444.8","NEF_GloFung-its1_579_2021",5.073928,-52.973993,12,355,415,172,672,45,274
"1412.23","NEF_GloFung-its1_568_2021",5.065288,-52.997022,12,419,359,174,635,46,296
"1405.20","NEF_GloFung-its1_563_2021",4.197168,-52.151563,11,336,333,223,646,47,323
"1406.7","NEF_GloFung-its1_564_2021",4.214539,-52.121489,11,343,350,207,660,46,337
"1407.10","NEF_GloFung-its1_565_2021",5.06893,-53.056313,12,522,319,234,757,46,365
"1412.24","NEF_GloFung-its1_568_2021",5.065288,-52.997022,12,419,359,174,635,46,296
"1412.25","NEF_GloFung-its1_568_2021",5.065288,-52.997022,12,419,359,174,635,46,296
"1416.11","NEF_GloFung-its1_570_2021",4.194585,-52.149037,11,338,326,231,670,46,323
"1413.10","NEF_GloFung-its1_569_2021",5.068006,-53.054934,12,522,319,234,757,46,365
"1408.12","NEF_GloFung-its1_566_2021",4.096155027,-52.683682,11,418,340,178,662,46,324
"1412.26","NEF_GloFung-its1_568_2021",5.065288,-52.997022,12,419,359,174,635,46,296
"1409.27","NEF_GloFung-its1_567_2021",4.19652,-52.152224,11,336,333,223,646,47,323
"1416.12","NEF_GloFung-its1_570_2021",4.194585,-52.149037,11,338,326,231,670,46,323
"1465.2","NEF_GloFung-its1_581_2021",4.196503,-52.151028,11,336,333,223,646,47,323
"1412.27","NEF_GloFung-its1_568_2021",5.065288,-52.997022,12,419,359,174,635,46,296
"1412.28","NEF_GloFung-its1_568_2021",5.065288,-52.997022,12,419,359,174,635,46,296
"1413.11","NEF_GloFung-its1_569_2021",5.068006,-53.054934,12,522,319,234,757,46,365
"1409.28","NEF_GloFung-its1_567_2021",4.19652,-52.152224,11,336,333,223,646,47,323
"1433.9","NEF_GloFung-its1_575_2021",3.96630099,-51.89163601,11,401,336,179,688,45,290
"1409.29","NEF_GloFung-its1_567_2021",4.19652,-52.152224,11,336,333,223,646,47,323
"1423.1","NEF_GloFung-its1_572_2021",4.21021725,-52.1233245,11,281,340,187,640,45,297
"1409.30","NEF_GloFung-its1_567_2021",4.19652,-52.152224,11,336,333,223,646,47,323
"1409.31","NEF_GloFung-its1_567_2021",4.19652,-52.152224,11,336,333,223,646,47,323
"1481.1","NEF_GloFung-its1_583_2021",4.196944,-52.128885,11,372,363,195,673,45,306
"1408.13","NEF_GloFung-its1_566_2021",4.096155027,-52.683682,11,418,340,178,662,46,324
"1511.1","NEF_GloFung-its1_585_2021",4.208558667,-52.13127867,11,359,345,193,709,44,292
"1409.32","NEF_GloFung-its1_567_2021",4.19652,-52.152224,11,336,333,223,646,47,323
"1412.29","NEF_GloFung-its1_568_2021",5.065288,-52.997022,12,419,359,174,635,46,296
"1407.11","NEF_GloFung-its1_565_2021",5.06893,-53.056313,12,522,319,234,757,46,365
"1610","NEF_GloFung-its1_588_2021",4.189338,-52.142207,11,369,349,203,670,45,310
"1409.33","NEF_GloFung-its1_567_2021",4.19652,-52.152224,11,336,333,223,646,47,323
"1444.9","NEF_GloFung-its1_579_2021",5.073928,-52.973993,12,355,415,172,672,45,274
"1405.21","NEF_GloFung-its1_563_2021",4.197168,-52.151563,11,336,333,223,646,47,323
"1416.13","NEF_GloFung-its1_570_2021",4.194585,-52.149037,11,338,326,231,670,46,323
"1416.14","NEF_GloFung-its1_570_2021",4.194585,-52.149037,11,338,326,231,670,46,323
"1610.1","NEF_GloFung-its1_588_2021",4.189338,-52.142207,11,369,349,203,670,45,310
"1405.22","NEF_GloFung-its1_563_2021",4.197168,-52.151563,11,336,333,223,646,47,323
"1618","NEF_GloFung-its1_589_2021",19.29652,-97.0047,72,401,435,286,584,58,265
"1619","NEF_GloFung-its1_590_2021",17.38509,-96.22688,9,426,396,181,585,56,311
"1620","NEF_GloFung-its1_591_2021",17.37688,-96.213,9,436,422,176,632,56,298
"1621","NEF_GloFung-its1_592_2021",19.29606,-97.00654,72,401,435,286,584,58,265
"1621.1","NEF_GloFung-its1_592_2021",19.29606,-97.00654,72,401,435,286,584,58,265
"1623","NEF_GloFung-its1_593_2021",17.36591,-96.23128,9,383,411,184,587,55,284
"1619.1","NEF_GloFung-its1_590_2021",17.38509,-96.22688,9,426,396,181,585,56,311
"1625","NEF_GloFung-its1_594_2021",8.45721,-82.15692,13,439,337,187,384,55,352
"1619.2","NEF_GloFung-its1_590_2021",17.38509,-96.22688,9,426,396,181,585,56,311
"1625.1","NEF_GloFung-its1_594_2021",8.45721,-82.15692,13,439,337,187,384,55,352
"1623.1","NEF_GloFung-its1_593_2021",17.36591,-96.23128,9,383,411,184,587,55,284
"1629","NEF_GloFung-its1_595_2021",8.45321,-82.14422,13,430,308,159,330,54,331
"1618.1","NEF_GloFung-its1_589_2021",19.29652,-97.0047,72,401,435,286,584,58,265
"1621.2","NEF_GloFung-its1_592_2021",19.29606,-97.00654,72,401,435,286,584,58,265
"1620.1","NEF_GloFung-its1_591_2021",17.37688,-96.213,9,436,422,176,632,56,298
"1621.3","NEF_GloFung-its1_592_2021",19.29606,-97.00654,72,401,435,286,584,58,265
"1634","NEF_GloFung-its1_596_2021",8.39397,-82.12919,13,401,293,188,394,54,374
"1635","NEF_GloFung-its1_597_2021",8.40428,-82.13047,13,367,311,184,369,54,380
"1619.3","NEF_GloFung-its1_590_2021",17.38509,-96.22688,9,426,396,181,585,56,311
"1625.2","NEF_GloFung-its1_594_2021",8.45721,-82.15692,13,439,337,187,384,55,352
"1625.3","NEF_GloFung-its1_594_2021",8.45721,-82.15692,13,439,337,187,384,55,352
"1634.1","NEF_GloFung-its1_596_2021",8.39397,-82.12919,13,401,293,188,394,54,374
"1635.1","NEF_GloFung-its1_597_2021",8.40428,-82.13047,13,367,311,184,369,54,380
"1620.2","NEF_GloFung-its1_591_2021",17.37688,-96.213,9,436,422,176,632,56,298
"1623.2","NEF_GloFung-its1_593_2021",17.36591,-96.23128,9,383,411,184,587,55,284
"1623.3","NEF_GloFung-its1_593_2021",17.36591,-96.23128,9,383,411,184,587,55,284
"1619.4","NEF_GloFung-its1_590_2021",17.38509,-96.22688,9,426,396,181,585,56,311
"1634.2","NEF_GloFung-its1_596_2021",8.39397,-82.12919,13,401,293,188,394,54,374
"1623.4","NEF_GloFung-its1_593_2021",17.36591,-96.23128,9,383,411,184,587,55,284
"1621.4","NEF_GloFung-its1_592_2021",19.29606,-97.00654,72,401,435,286,584,58,265
"1629.1","NEF_GloFung-its1_595_2021",8.45321,-82.14422,13,430,308,159,330,54,331
"1618.2","NEF_GloFung-its1_589_2021",19.29652,-97.0047,72,401,435,286,584,58,265
"1635.2","NEF_GloFung-its1_597_2021",8.40428,-82.13047,13,367,311,184,369,54,380
"1635.3","NEF_GloFung-its1_597_2021",8.40428,-82.13047,13,367,311,184,369,54,380
"1623.5","NEF_GloFung-its1_593_2021",17.36591,-96.23128,9,383,411,184,587,55,284
"1618.3","NEF_GloFung-its1_589_2021",19.29652,-97.0047,72,401,435,286,584,58,265
"1620.3","NEF_GloFung-its1_591_2021",17.37688,-96.213,9,436,422,176,632,56,298
"1621.5","NEF_GloFung-its1_592_2021",19.29606,-97.00654,72,401,435,286,584,58,265
"1629.2","NEF_GloFung-its1_595_2021",8.45321,-82.14422,13,430,308,159,330,54,331
"1621.6","NEF_GloFung-its1_592_2021",19.29606,-97.00654,72,401,435,286,584,58,265
"1635.4","NEF_GloFung-its1_597_2021",8.40428,-82.13047,13,367,311,184,369,54,380
"1625.4","NEF_GloFung-its1_594_2021",8.45721,-82.15692,13,439,337,187,384,55,352
"1623.6","NEF_GloFung-its1_593_2021",17.36591,-96.23128,9,383,411,184,587,55,284
"1623.7","NEF_GloFung-its1_593_2021",17.36591,-96.23128,9,383,411,184,587,55,284
"1618.4","NEF_GloFung-its1_589_2021",19.29652,-97.0047,72,401,435,286,584,58,265
"1621.7","NEF_GloFung-its1_592_2021",19.29606,-97.00654,72,401,435,286,584,58,265
"1634.3","NEF_GloFung-its1_596_2021",8.39397,-82.12919,13,401,293,188,394,54,374
"1665","NEF_GloFung-its1_598_2021",17.34724,-96.30418,9,490,440,181,634,53,265
"1623.8","NEF_GloFung-its1_593_2021",17.36591,-96.23128,9,383,411,184,587,55,284
"1619.5","NEF_GloFung-its1_590_2021",17.38509,-96.22688,9,426,396,181,585,56,311
"1621.8","NEF_GloFung-its1_592_2021",19.29606,-97.00654,72,401,435,286,584,58,265
"1629.3","NEF_GloFung-its1_595_2021",8.45321,-82.14422,13,430,308,159,330,54,331
"1629.4","NEF_GloFung-its1_595_2021",8.45321,-82.14422,13,430,308,159,330,54,331
"1634.4","NEF_GloFung-its1_596_2021",8.39397,-82.12919,13,401,293,188,394,54,374
"1621.9","NEF_GloFung-its1_592_2021",19.29606,-97.00654,72,401,435,286,584,58,265
"1621.10","NEF_GloFung-its1_592_2021",19.29606,-97.00654,72,401,435,286,584,58,265
"1621.11","NEF_GloFung-its1_592_2021",19.29606,-97.00654,72,401,435,286,584,58,265
"1618.5","NEF_GloFung-its1_589_2021",19.29652,-97.0047,72,401,435,286,584,58,265
"1703","NEF_GloFung-its1_607_2019",11.55251389,-72.90038889,109,0,0,0,0,0,0
"1704","NEF_GloFung-its1_608_2019",11.55316667,-72.90097222,109,0,0,0,0,0,0
"1703.1","NEF_GloFung-its1_607_2019",11.55251389,-72.90038889,109,0,0,0,0,0,0
"1703.2","NEF_GloFung-its1_607_2019",11.55251389,-72.90038889,109,0,0,0,0,0,0
"1703.3","NEF_GloFung-its1_607_2019",11.55251389,-72.90038889,109,0,0,0,0,0,0
"1704.1","NEF_GloFung-its1_608_2019",11.55316667,-72.90097222,109,0,0,0,0,0,0
"1703.4","NEF_GloFung-its1_607_2019",11.55251389,-72.90038889,109,0,0,0,0,0,0
"1704.2","NEF_GloFung-its1_608_2019",11.55316667,-72.90097222,109,0,0,0,0,0,0
"1703.5","NEF_GloFung-its1_607_2019",11.55251389,-72.90038889,109,0,0,0,0,0,0
"1712","NEF_GloFung-its1_609_2019",18.586562,-95.074537,83,381,426,175,435,55,269
"1712.1","NEF_GloFung-its1_609_2019",18.586562,-95.074537,83,381,426,175,435,55,269
"1712.2","NEF_GloFung-its1_609_2019",18.586562,-95.074537,83,381,426,175,435,55,269
"1715","NEF_GloFung-its1_610_2019",18.586593,-95.075541,83,383,427,178,435,55,274
"1716","NEF_GloFung-its1_611_2019",18.581609,-95.075404,83,404,430,193,459,54,303
"1717","NEF_GloFung-its1_612_2019",18.583915,-95.077315,83,401,434,188,446,55,281
"1718","NEF_GloFung-its1_613_2019",18.586236,-95.080201,83,370,427,179,460,55,271
"1719","NEF_GloFung-its1_614_2019",18.586446,-95.076718,83,383,427,178,435,55,274
"1715.1","NEF_GloFung-its1_610_2019",18.586593,-95.075541,83,383,427,178,435,55,274
"1716.1","NEF_GloFung-its1_611_2019",18.581609,-95.075404,83,404,430,193,459,54,303
"1716.2","NEF_GloFung-its1_611_2019",18.581609,-95.075404,83,404,430,193,459,54,303
"1723","NEF_GloFung-its1_615_2019",18.583467,-95.074334,83,417,439,193,438,55,292
"1712.3","NEF_GloFung-its1_609_2019",18.586562,-95.074537,83,381,426,175,435,55,269
"1716.3","NEF_GloFung-its1_611_2019",18.581609,-95.075404,83,404,430,193,459,54,303
"1712.4","NEF_GloFung-its1_609_2019",18.586562,-95.074537,83,381,426,175,435,55,269
"1715.2","NEF_GloFung-its1_610_2019",18.586593,-95.075541,83,383,427,178,435,55,274
"1717.1","NEF_GloFung-its1_612_2019",18.583915,-95.077315,83,401,434,188,446,55,281
"1717.2","NEF_GloFung-its1_612_2019",18.583915,-95.077315,83,401,434,188,446,55,281
"1718.1","NEF_GloFung-its1_613_2019",18.586236,-95.080201,83,370,427,179,460,55,271
"1716.4","NEF_GloFung-its1_611_2019",18.581609,-95.075404,83,404,430,193,459,54,303
"1719.1","NEF_GloFung-its1_614_2019",18.586446,-95.076718,83,383,427,178,435,55,274
"1719.2","NEF_GloFung-its1_614_2019",18.586446,-95.076718,83,383,427,178,435,55,274
"1718.2","NEF_GloFung-its1_613_2019",18.586236,-95.080201,83,370,427,179,460,55,271
"1712.5","NEF_GloFung-its1_609_2019",18.586562,-95.074537,83,381,426,175,435,55,269
"1719.3","NEF_GloFung-its1_614_2019",18.586446,-95.076718,83,383,427,178,435,55,274
"1716.5","NEF_GloFung-its1_611_2019",18.581609,-95.075404,83,404,430,193,459,54,303
"1716.6","NEF_GloFung-its1_611_2019",18.581609,-95.075404,83,404,430,193,459,54,303
"1718.3","NEF_GloFung-its1_613_2019",18.586236,-95.080201,83,370,427,179,460,55,271
"1717.3","NEF_GloFung-its1_612_2019",18.583915,-95.077315,83,401,434,188,446,55,281
"1717.4","NEF_GloFung-its1_612_2019",18.583915,-95.077315,83,401,434,188,446,55,281
"1716.7","NEF_GloFung-its1_611_2019",18.581609,-95.075404,83,404,430,193,459,54,303
"1743","NEF_GloFung-its1_616_2019",18.586075,-95.078019,83,382,421,173,418,56,273
"1719.4","NEF_GloFung-its1_614_2019",18.586446,-95.076718,83,383,427,178,435,55,274
"1712.6","NEF_GloFung-its1_609_2019",18.586562,-95.074537,83,381,426,175,435,55,269
"1717.5","NEF_GloFung-its1_612_2019",18.583915,-95.077315,83,401,434,188,446,55,281
"1743.1","NEF_GloFung-its1_616_2019",18.586075,-95.078019,83,382,421,173,418,56,273
"1716.8","NEF_GloFung-its1_611_2019",18.581609,-95.075404,83,404,430,193,459,54,303
"1712.7","NEF_GloFung-its1_609_2019",18.586562,-95.074537,83,381,426,175,435,55,269
"1718.4","NEF_GloFung-its1_613_2019",18.586236,-95.080201,83,370,427,179,460,55,271
"1715.3","NEF_GloFung-its1_610_2019",18.586593,-95.075541,83,383,427,178,435,55,274
"1723.1","NEF_GloFung-its1_615_2019",18.583467,-95.074334,83,417,439,193,438,55,292
"1723.2","NEF_GloFung-its1_615_2019",18.583467,-95.074334,83,417,439,193,438,55,292
"1754","NEF_GloFung-its1_288_2019",18.580011,-95.08,83,412,450,170,474,54,276
"1755","NEF_GloFung-its1_617_2019",18.582401,-95.074666,83,417,439,193,438,55,292
"1723.3","NEF_GloFung-its1_615_2019",18.583467,-95.074334,83,417,439,193,438,55,292
"1719.5","NEF_GloFung-its1_614_2019",18.586446,-95.076718,83,383,427,178,435,55,274
"1723.4","NEF_GloFung-its1_615_2019",18.583467,-95.074334,83,417,439,193,438,55,292
"1743.2","NEF_GloFung-its1_616_2019",18.586075,-95.078019,83,382,421,173,418,56,273
"1755.1","NEF_GloFung-its1_617_2019",18.582401,-95.074666,83,417,439,193,438,55,292
"1754.1","NEF_GloFung-its1_288_2019",18.580011,-95.08,83,412,450,170,474,54,276
"1715.4","NEF_GloFung-its1_610_2019",18.586593,-95.075541,83,383,427,178,435,55,274
"1716.9","NEF_GloFung-its1_611_2019",18.581609,-95.075404,83,404,430,193,459,54,303
"1719.6","NEF_GloFung-its1_614_2019",18.586446,-95.076718,83,383,427,178,435,55,274
"1723.5","NEF_GloFung-its1_615_2019",18.583467,-95.074334,83,417,439,193,438,55,292
"1755.2","NEF_GloFung-its1_617_2019",18.582401,-95.074666,83,417,439,193,438,55,292
"1755.3","NEF_GloFung-its1_617_2019",18.582401,-95.074666,83,417,439,193,438,55,292
"1717.6","NEF_GloFung-its1_612_2019",18.583915,-95.077315,83,401,434,188,446,55,281
"1723.6","NEF_GloFung-its1_615_2019",18.583467,-95.074334,83,417,439,193,438,55,292
"1723.7","NEF_GloFung-its1_615_2019",18.583467,-95.074334,83,417,439,193,438,55,292
"1717.7","NEF_GloFung-its1_612_2019",18.583915,-95.077315,83,401,434,188,446,55,281
"1717.8","NEF_GloFung-its1_612_2019",18.583915,-95.077315,83,401,434,188,446,55,281
"1716.10","NEF_GloFung-its1_611_2019",18.581609,-95.075404,83,404,430,193,459,54,303
"1719.7","NEF_GloFung-its1_614_2019",18.586446,-95.076718,83,383,427,178,435,55,274
"1719.8","NEF_GloFung-its1_614_2019",18.586446,-95.076718,83,383,427,178,435,55,274
"1755.4","NEF_GloFung-its1_617_2019",18.582401,-95.074666,83,417,439,193,438,55,292
"1777","NEF_GloFung-its1_618_2019",18.586562,-95.07918,83,382,421,173,418,56,273
"1717.9","NEF_GloFung-its1_612_2019",18.583915,-95.077315,83,401,434,188,446,55,281
"1723.8","NEF_GloFung-its1_615_2019",18.583467,-95.074334,83,417,439,193,438,55,292
"1712.8","NEF_GloFung-its1_609_2019",18.586562,-95.074537,83,381,426,175,435,55,269
"1715.5","NEF_GloFung-its1_610_2019",18.586593,-95.075541,83,383,427,178,435,55,274
"1719.9","NEF_GloFung-its1_614_2019",18.586446,-95.076718,83,383,427,178,435,55,274
"1712.9","NEF_GloFung-its1_609_2019",18.586562,-95.074537,83,381,426,175,435,55,269
"1755.5","NEF_GloFung-its1_617_2019",18.582401,-95.074666,83,417,439,193,438,55,292
"1719.10","NEF_GloFung-its1_614_2019",18.586446,-95.076718,83,383,427,178,435,55,274
"1719.11","NEF_GloFung-its1_614_2019",18.586446,-95.076718,83,383,427,178,435,55,274
"1718.5","NEF_GloFung-its1_613_2019",18.586236,-95.080201,83,370,427,179,460,55,271
"1717.10","NEF_GloFung-its1_612_2019",18.583915,-95.077315,83,401,434,188,446,55,281
"1719.12","NEF_GloFung-its1_614_2019",18.586446,-95.076718,83,383,427,178,435,55,274
"1716.11","NEF_GloFung-its1_611_2019",18.581609,-95.075404,83,404,430,193,459,54,303
"1754.2","NEF_GloFung-its1_288_2019",18.580011,-95.08,83,412,450,170,474,54,276
"1716.12","NEF_GloFung-its1_611_2019",18.581609,-95.075404,83,404,430,193,459,54,303
"1718.6","NEF_GloFung-its1_613_2019",18.586236,-95.080201,83,370,427,179,460,55,271
"1715.6","NEF_GloFung-its1_610_2019",18.586593,-95.075541,83,383,427,178,435,55,274
"1718.7","NEF_GloFung-its1_613_2019",18.586236,-95.080201,83,370,427,179,460,55,271
"1755.6","NEF_GloFung-its1_617_2019",18.582401,-95.074666,83,417,439,193,438,55,292
"1719.13","NEF_GloFung-its1_614_2019",18.586446,-95.076718,83,383,427,178,435,55,274
"1755.7","NEF_GloFung-its1_617_2019",18.582401,-95.074666,83,417,439,193,438,55,292
"1718.8","NEF_GloFung-its1_613_2019",18.586236,-95.080201,83,370,427,179,460,55,271
"1717.11","NEF_GloFung-its1_612_2019",18.583915,-95.077315,83,401,434,188,446,55,281
"1716.13","NEF_GloFung-its1_611_2019",18.581609,-95.075404,83,404,430,193,459,54,303
"1743.3","NEF_GloFung-its1_616_2019",18.586075,-95.078019,83,382,421,173,418,56,273
"1717.12","NEF_GloFung-its1_612_2019",18.583915,-95.077315,83,401,434,188,446,55,281
"1718.9","NEF_GloFung-its1_613_2019",18.586236,-95.080201,83,370,427,179,460,55,271
"1743.4","NEF_GloFung-its1_616_2019",18.586075,-95.078019,83,382,421,173,418,56,273
"1716.14","NEF_GloFung-its1_611_2019",18.581609,-95.075404,83,404,430,193,459,54,303
"1715.7","NEF_GloFung-its1_610_2019",18.586593,-95.075541,83,383,427,178,435,55,274
"1723.9","NEF_GloFung-its1_615_2019",18.583467,-95.074334,83,417,439,193,438,55,292
"1712.10","NEF_GloFung-its1_609_2019",18.586562,-95.074537,83,381,426,175,435,55,269
"1716.15","NEF_GloFung-its1_611_2019",18.581609,-95.075404,83,404,430,193,459,54,303
"1743.5","NEF_GloFung-its1_616_2019",18.586075,-95.078019,83,382,421,173,418,56,273
"1719.14","NEF_GloFung-its1_614_2019",18.586446,-95.076718,83,383,427,178,435,55,274
"1755.8","NEF_GloFung-its1_617_2019",18.582401,-95.074666,83,417,439,193,438,55,292
"1754.3","NEF_GloFung-its1_288_2019",18.580011,-95.08,83,412,450,170,474,54,276
"1719.15","NEF_GloFung-its1_614_2019",18.586446,-95.076718,83,383,427,178,435,55,274
"1755.9","NEF_GloFung-its1_617_2019",18.582401,-95.074666,83,417,439,193,438,55,292
"1723.10","NEF_GloFung-its1_615_2019",18.583467,-95.074334,83,417,439,193,438,55,292
"1718.10","NEF_GloFung-its1_613_2019",18.586236,-95.080201,83,370,427,179,460,55,271
"1754.4","NEF_GloFung-its1_288_2019",18.580011,-95.08,83,412,450,170,474,54,276
"1754.5","NEF_GloFung-its1_288_2019",18.580011,-95.08,83,412,450,170,474,54,276
"1754.6","NEF_GloFung-its1_288_2019",18.580011,-95.08,83,412,450,170,474,54,276
"1718.11","NEF_GloFung-its1_613_2019",18.586236,-95.080201,83,370,427,179,460,55,271
"1719.16","NEF_GloFung-its1_614_2019",18.586446,-95.076718,83,383,427,178,435,55,274
"1718.12","NEF_GloFung-its1_613_2019",18.586236,-95.080201,83,370,427,179,460,55,271
"1743.6","NEF_GloFung-its1_616_2019",18.586075,-95.078019,83,382,421,173,418,56,273
"1716.16","NEF_GloFung-its1_611_2019",18.581609,-95.075404,83,404,430,193,459,54,303
"1719.17","NEF_GloFung-its1_614_2019",18.586446,-95.076718,83,383,427,178,435,55,274
"1719.18","NEF_GloFung-its1_614_2019",18.586446,-95.076718,83,383,427,178,435,55,274
"1754.7","NEF_GloFung-its1_288_2019",18.580011,-95.08,83,412,450,170,474,54,276
"1718.13","NEF_GloFung-its1_613_2019",18.586236,-95.080201,83,370,427,179,460,55,271
"1777.1","NEF_GloFung-its1_618_2019",18.586562,-95.07918,83,382,421,173,418,56,273
"1723.11","NEF_GloFung-its1_615_2019",18.583467,-95.074334,83,417,439,193,438,55,292
"1743.7","NEF_GloFung-its1_616_2019",18.586075,-95.078019,83,382,421,173,418,56,273
"1716.17","NEF_GloFung-its1_611_2019",18.581609,-95.075404,83,404,430,193,459,54,303
"1723.12","NEF_GloFung-its1_615_2019",18.583467,-95.074334,83,417,439,193,438,55,292
"1743.8","NEF_GloFung-its1_616_2019",18.586075,-95.078019,83,382,421,173,418,56,273
"1723.13","NEF_GloFung-its1_615_2019",18.583467,-95.074334,83,417,439,193,438,55,292
"1723.14","NEF_GloFung-its1_615_2019",18.583467,-95.074334,83,417,439,193,438,55,292
"1754.8","NEF_GloFung-its1_288_2019",18.580011,-95.08,83,412,450,170,474,54,276
"1755.10","NEF_GloFung-its1_617_2019",18.582401,-95.074666,83,417,439,193,438,55,292
"1723.15","NEF_GloFung-its1_615_2019",18.583467,-95.074334,83,417,439,193,438,55,292
"1723.16","NEF_GloFung-its1_615_2019",18.583467,-95.074334,83,417,439,193,438,55,292
"1723.17","NEF_GloFung-its1_615_2019",18.583467,-95.074334,83,417,439,193,438,55,292
"1718.14","NEF_GloFung-its1_613_2019",18.586236,-95.080201,83,370,427,179,460,55,271
"1718.15","NEF_GloFung-its1_613_2019",18.586236,-95.080201,83,370,427,179,460,55,271
"1717.13","NEF_GloFung-its1_612_2019",18.583915,-95.077315,83,401,434,188,446,55,281
"1754.9","NEF_GloFung-its1_288_2019",18.580011,-95.08,83,412,450,170,474,54,276
"1717.14","NEF_GloFung-its1_612_2019",18.583915,-95.077315,83,401,434,188,446,55,281
"1754.10","NEF_GloFung-its1_288_2019",18.580011,-95.08,83,412,450,170,474,54,276
"1755.11","NEF_GloFung-its1_617_2019",18.582401,-95.074666,83,417,439,193,438,55,292
"1712.11","NEF_GloFung-its1_609_2019",18.586562,-95.074537,83,381,426,175,435,55,269
"1712.12","NEF_GloFung-its1_609_2019",18.586562,-95.074537,83,381,426,175,435,55,269
"1723.18","NEF_GloFung-its1_615_2019",18.583467,-95.074334,83,417,439,193,438,55,292
"1755.12","NEF_GloFung-its1_617_2019",18.582401,-95.074666,83,417,439,193,438,55,292
"1718.16","NEF_GloFung-its1_613_2019",18.586236,-95.080201,83,370,427,179,460,55,271
"1755.13","NEF_GloFung-its1_617_2019",18.582401,-95.074666,83,417,439,193,438,55,292
"1754.11","NEF_GloFung-its1_288_2019",18.580011,-95.08,83,412,450,170,474,54,276
"1719.19","NEF_GloFung-its1_614_2019",18.586446,-95.076718,83,383,427,178,435,55,274
"1743.9","NEF_GloFung-its1_616_2019",18.586075,-95.078019,83,382,421,173,418,56,273
"1716.18","NEF_GloFung-its1_611_2019",18.581609,-95.075404,83,404,430,193,459,54,303
"1723.19","NEF_GloFung-its1_615_2019",18.583467,-95.074334,83,417,439,193,438,55,292
"1755.14","NEF_GloFung-its1_617_2019",18.582401,-95.074666,83,417,439,193,438,55,292
"1719.20","NEF_GloFung-its1_614_2019",18.586446,-95.076718,83,383,427,178,435,55,274
"1755.15","NEF_GloFung-its1_617_2019",18.582401,-95.074666,83,417,439,193,438,55,292
"1716.19","NEF_GloFung-its1_611_2019",18.581609,-95.075404,83,404,430,193,459,54,303
"1743.10","NEF_GloFung-its1_616_2019",18.586075,-95.078019,83,382,421,173,418,56,273
"1755.16","NEF_GloFung-its1_617_2019",18.582401,-95.074666,83,417,439,193,438,55,292
"1754.12","NEF_GloFung-its1_288_2019",18.580011,-95.08,83,412,450,170,474,54,276
"1717.15","NEF_GloFung-its1_612_2019",18.583915,-95.077315,83,401,434,188,446,55,281
"1754.13","NEF_GloFung-its1_288_2019",18.580011,-95.08,83,412,450,170,474,54,276
"1755.17","NEF_GloFung-its1_617_2019",18.582401,-95.074666,83,417,439,193,438,55,292
"1743.11","NEF_GloFung-its1_616_2019",18.586075,-95.078019,83,382,421,173,418,56,273
"1715.8","NEF_GloFung-its1_610_2019",18.586593,-95.075541,83,383,427,178,435,55,274
"1715.9","NEF_GloFung-its1_610_2019",18.586593,-95.075541,83,383,427,178,435,55,274
"1715.10","NEF_GloFung-its1_610_2019",18.586593,-95.075541,83,383,427,178,435,55,274
"1719.21","NEF_GloFung-its1_614_2019",18.586446,-95.076718,83,383,427,178,435,55,274
"1723.20","NEF_GloFung-its1_615_2019",18.583467,-95.074334,83,417,439,193,438,55,292
"1743.12","NEF_GloFung-its1_616_2019",18.586075,-95.078019,83,382,421,173,418,56,273
"1743.13","NEF_GloFung-its1_616_2019",18.586075,-95.078019,83,382,421,173,418,56,273
"1743.14","NEF_GloFung-its1_616_2019",18.586075,-95.078019,83,382,421,173,418,56,273
"1719.22","NEF_GloFung-its1_614_2019",18.586446,-95.076718,83,383,427,178,435,55,274
"1723.21","NEF_GloFung-its1_615_2019",18.583467,-95.074334,83,417,439,193,438,55,292
"1743.15","NEF_GloFung-its1_616_2019",18.586075,-95.078019,83,382,421,173,418,56,273
"1755.18","NEF_GloFung-its1_617_2019",18.582401,-95.074666,83,417,439,193,438,55,292
"1719.23","NEF_GloFung-its1_614_2019",18.586446,-95.076718,83,383,427,178,435,55,274
"1719.24","NEF_GloFung-its1_614_2019",18.586446,-95.076718,83,383,427,178,435,55,274
"1755.19","NEF_GloFung-its1_617_2019",18.582401,-95.074666,83,417,439,193,438,55,292
"1717.16","NEF_GloFung-its1_612_2019",18.583915,-95.077315,83,401,434,188,446,55,281
"1743.16","NEF_GloFung-its1_616_2019",18.586075,-95.078019,83,382,421,173,418,56,273
"1717.17","NEF_GloFung-its1_612_2019",18.583915,-95.077315,83,401,434,188,446,55,281
"1716.20","NEF_GloFung-its1_611_2019",18.581609,-95.075404,83,404,430,193,459,54,303
"1712.13","NEF_GloFung-its1_609_2019",18.586562,-95.074537,83,381,426,175,435,55,269
"1723.22","NEF_GloFung-its1_615_2019",18.583467,-95.074334,83,417,439,193,438,55,292
"1719.25","NEF_GloFung-its1_614_2019",18.586446,-95.076718,83,383,427,178,435,55,274
"1719.26","NEF_GloFung-its1_614_2019",18.586446,-95.076718,83,383,427,178,435,55,274
"1755.20","NEF_GloFung-its1_617_2019",18.582401,-95.074666,83,417,439,193,438,55,292
"1716.21","NEF_GloFung-its1_611_2019",18.581609,-95.075404,83,404,430,193,459,54,303
"1716.22","NEF_GloFung-its1_611_2019",18.581609,-95.075404,83,404,430,193,459,54,303
"1717.18","NEF_GloFung-its1_612_2019",18.583915,-95.077315,83,401,434,188,446,55,281
"1743.17","NEF_GloFung-its1_616_2019",18.586075,-95.078019,83,382,421,173,418,56,273
"1712.14","NEF_GloFung-its1_609_2019",18.586562,-95.074537,83,381,426,175,435,55,269
"1717.19","NEF_GloFung-its1_612_2019",18.583915,-95.077315,83,401,434,188,446,55,281
"1715.11","NEF_GloFung-its1_610_2019",18.586593,-95.075541,83,383,427,178,435,55,274
"1743.18","NEF_GloFung-its1_616_2019",18.586075,-95.078019,83,382,421,173,418,56,273
"1743.19","NEF_GloFung-its1_616_2019",18.586075,-95.078019,83,382,421,173,418,56,273
"1712.15","NEF_GloFung-its1_609_2019",18.586562,-95.074537,83,381,426,175,435,55,269
"1717.20","NEF_GloFung-its1_612_2019",18.583915,-95.077315,83,401,434,188,446,55,281
"1743.20","NEF_GloFung-its1_616_2019",18.586075,-95.078019,83,382,421,173,418,56,273
"1743.21","NEF_GloFung-its1_616_2019",18.586075,-95.078019,83,382,421,173,418,56,273
"1743.22","NEF_GloFung-its1_616_2019",18.586075,-95.078019,83,382,421,173,418,56,273
"1754.14","NEF_GloFung-its1_288_2019",18.580011,-95.08,83,412,450,170,474,54,276
"1716.23","NEF_GloFung-its1_611_2019",18.581609,-95.075404,83,404,430,193,459,54,303
"1743.23","NEF_GloFung-its1_616_2019",18.586075,-95.078019,83,382,421,173,418,56,273
"1717.21","NEF_GloFung-its1_612_2019",18.583915,-95.077315,83,401,434,188,446,55,281
"1715.12","NEF_GloFung-its1_610_2019",18.586593,-95.075541,83,383,427,178,435,55,274
"1718.17","NEF_GloFung-its1_613_2019",18.586236,-95.080201,83,370,427,179,460,55,271
"1743.24","NEF_GloFung-its1_616_2019",18.586075,-95.078019,83,382,421,173,418,56,273
"1755.21","NEF_GloFung-its1_617_2019",18.582401,-95.074666,83,417,439,193,438,55,292
"1743.25","NEF_GloFung-its1_616_2019",18.586075,-95.078019,83,382,421,173,418,56,273
"1723.23","NEF_GloFung-its1_615_2019",18.583467,-95.074334,83,417,439,193,438,55,292
"1717.22","NEF_GloFung-its1_612_2019",18.583915,-95.077315,83,401,434,188,446,55,281
"1712.16","NEF_GloFung-its1_609_2019",18.586562,-95.074537,83,381,426,175,435,55,269
"1932","NEF_GloFung-its1_622_2019",10.27,-84.16,20,671,343,173,554,54,344
"1932.1","NEF_GloFung-its1_622_2019",10.27,-84.16,20,671,343,173,554,54,344
"1932.2","NEF_GloFung-its1_622_2019",10.27,-84.16,20,671,343,173,554,54,344
"1932.3","NEF_GloFung-its1_622_2019",10.27,-84.16,20,671,343,173,554,54,344
"1932.4","NEF_GloFung-its1_622_2019",10.27,-84.16,20,671,343,173,554,54,344
"1932.5","NEF_GloFung-its1_622_2019",10.27,-84.16,20,671,343,173,554,54,344
"1932.6","NEF_GloFung-its1_622_2019",10.27,-84.16,20,671,343,173,554,54,344
"1932.7","NEF_GloFung-its1_622_2019",10.27,-84.16,20,671,343,173,554,54,344
"1932.8","NEF_GloFung-its1_622_2019",10.27,-84.16,20,671,343,173,554,54,344
"1932.9","NEF_GloFung-its1_622_2019",10.27,-84.16,20,671,343,173,554,54,344
"1932.10","NEF_GloFung-its1_622_2019",10.27,-84.16,20,671,343,173,554,54,344
"1932.11","NEF_GloFung-its1_622_2019",10.27,-84.16,20,671,343,173,554,54,344
"1932.12","NEF_GloFung-its1_622_2019",10.27,-84.16,20,671,343,173,554,54,344
"1932.13","NEF_GloFung-its1_622_2019",10.27,-84.16,20,671,343,173,554,54,344
"1932.14","NEF_GloFung-its1_622_2019",10.27,-84.16,20,671,343,173,554,54,344
"1932.15","NEF_GloFung-its1_622_2019",10.27,-84.16,20,671,343,173,554,54,344
"1932.16","NEF_GloFung-its1_622_2019",10.27,-84.16,20,671,343,173,554,54,344
"1932.17","NEF_GloFung-its1_622_2019",10.27,-84.16,20,671,343,173,554,54,344
"1950","NEF_GloFung-its1_623_2016",10.91849666,-85.61330665,28,371,316,290,492,60,365
"1951","NEF_GloFung-its1_624_2016",10.8484067,-85.61342036,28,427,443,191,445,63,267
"1952","NEF_GloFung-its1_625_2016",10.84189631,-85.61131922,28,425,420,221,494,62,273
"1951.1","NEF_GloFung-its1_624_2016",10.8484067,-85.61342036,28,427,443,191,445,63,267
"1954","NEF_GloFung-its1_626_2016",10.86503544,-85.57414825,28,421,459,205,505,63,250
"1955","NEF_GloFung-its1_627_2016",10.86989124,-85.59982895,28,354,465,195,475,61,259
"1956","NEF_GloFung-its1_628_2016",10.86153383,-85.57554606,28,410,451,192,432,62,284
"1952.1","NEF_GloFung-its1_625_2016",10.84189631,-85.61131922,28,425,420,221,494,62,273
"1958","NEF_GloFung-its1_629_2016",10.92035724,-85.61286802,28,345,309,293,383,62,362
"1951.2","NEF_GloFung-its1_624_2016",10.8484067,-85.61342036,28,427,443,191,445,63,267
"1954.1","NEF_GloFung-its1_626_2016",10.86503544,-85.57414825,28,421,459,205,505,63,250
"1950.1","NEF_GloFung-its1_623_2016",10.91849666,-85.61330665,28,371,316,290,492,60,365
"1962","NEF_GloFung-its1_630_2016",10.86928313,-85.59733458,28,405,471,238,465,63,271
"1951.3","NEF_GloFung-its1_624_2016",10.8484067,-85.61342036,28,427,443,191,445,63,267
"1951.4","NEF_GloFung-its1_624_2016",10.8484067,-85.61342036,28,427,443,191,445,63,267
"1962.1","NEF_GloFung-its1_630_2016",10.86928313,-85.59733458,28,405,471,238,465,63,271
"1950.2","NEF_GloFung-its1_623_2016",10.91849666,-85.61330665,28,371,316,290,492,60,365
"1962.2","NEF_GloFung-its1_630_2016",10.86928313,-85.59733458,28,405,471,238,465,63,271
"1958.1","NEF_GloFung-its1_629_2016",10.92035724,-85.61286802,28,345,309,293,383,62,362
"1958.2","NEF_GloFung-its1_629_2016",10.92035724,-85.61286802,28,345,309,293,383,62,362
"1952.2","NEF_GloFung-its1_625_2016",10.84189631,-85.61131922,28,425,420,221,494,62,273
"1952.3","NEF_GloFung-its1_625_2016",10.84189631,-85.61131922,28,425,420,221,494,62,273
"1954.2","NEF_GloFung-its1_626_2016",10.86503544,-85.57414825,28,421,459,205,505,63,250
"1951.5","NEF_GloFung-its1_624_2016",10.8484067,-85.61342036,28,427,443,191,445,63,267
"1955.1","NEF_GloFung-its1_627_2016",10.86989124,-85.59982895,28,354,465,195,475,61,259
"1958.3","NEF_GloFung-its1_629_2016",10.92035724,-85.61286802,28,345,309,293,383,62,362
"1954.3","NEF_GloFung-its1_626_2016",10.86503544,-85.57414825,28,421,459,205,505,63,250
"1955.2","NEF_GloFung-its1_627_2016",10.86989124,-85.59982895,28,354,465,195,475,61,259
"1950.3","NEF_GloFung-its1_623_2016",10.91849666,-85.61330665,28,371,316,290,492,60,365
"1951.6","NEF_GloFung-its1_624_2016",10.8484067,-85.61342036,28,427,443,191,445,63,267
"1952.4","NEF_GloFung-its1_625_2016",10.84189631,-85.61131922,28,425,420,221,494,62,273
"1956.1","NEF_GloFung-its1_628_2016",10.86153383,-85.57554606,28,410,451,192,432,62,284
"1952.5","NEF_GloFung-its1_625_2016",10.84189631,-85.61131922,28,425,420,221,494,62,273
"1954.4","NEF_GloFung-its1_626_2016",10.86503544,-85.57414825,28,421,459,205,505,63,250
"1962.3","NEF_GloFung-its1_630_2016",10.86928313,-85.59733458,28,405,471,238,465,63,271
"1962.4","NEF_GloFung-its1_630_2016",10.86928313,-85.59733458,28,405,471,238,465,63,271
"1955.3","NEF_GloFung-its1_627_2016",10.86989124,-85.59982895,28,354,465,195,475,61,259
"1958.4","NEF_GloFung-its1_629_2016",10.92035724,-85.61286802,28,345,309,293,383,62,362
"1958.5","NEF_GloFung-its1_629_2016",10.92035724,-85.61286802,28,345,309,293,383,62,362
"1962.5","NEF_GloFung-its1_630_2016",10.86928313,-85.59733458,28,405,471,238,465,63,271
"1952.6","NEF_GloFung-its1_625_2016",10.84189631,-85.61131922,28,425,420,221,494,62,273
"1956.2","NEF_GloFung-its1_628_2016",10.86153383,-85.57554606,28,410,451,192,432,62,284
"1962.6","NEF_GloFung-its1_630_2016",10.86928313,-85.59733458,28,405,471,238,465,63,271
"1955.4","NEF_GloFung-its1_627_2016",10.86989124,-85.59982895,28,354,465,195,475,61,259
"1951.7","NEF_GloFung-its1_624_2016",10.8484067,-85.61342036,28,427,443,191,445,63,267
"1962.7","NEF_GloFung-its1_630_2016",10.86928313,-85.59733458,28,405,471,238,465,63,271
"1952.7","NEF_GloFung-its1_625_2016",10.84189631,-85.61131922,28,425,420,221,494,62,273
"1958.6","NEF_GloFung-its1_629_2016",10.92035724,-85.61286802,28,345,309,293,383,62,362
"1954.5","NEF_GloFung-its1_626_2016",10.86503544,-85.57414825,28,421,459,205,505,63,250
"1950.4","NEF_GloFung-its1_623_2016",10.91849666,-85.61330665,28,371,316,290,492,60,365
"1954.6","NEF_GloFung-its1_626_2016",10.86503544,-85.57414825,28,421,459,205,505,63,250
"1956.3","NEF_GloFung-its1_628_2016",10.86153383,-85.57554606,28,410,451,192,432,62,284
"1952.8","NEF_GloFung-its1_625_2016",10.84189631,-85.61131922,28,425,420,221,494,62,273
"1962.8","NEF_GloFung-its1_630_2016",10.86928313,-85.59733458,28,405,471,238,465,63,271
"1956.4","NEF_GloFung-its1_628_2016",10.86153383,-85.57554606,28,410,451,192,432,62,284
"1950.5","NEF_GloFung-its1_623_2016",10.91849666,-85.61330665,28,371,316,290,492,60,365
"1950.6","NEF_GloFung-its1_623_2016",10.91849666,-85.61330665,28,371,316,290,492,60,365
"1962.9","NEF_GloFung-its1_630_2016",10.86928313,-85.59733458,28,405,471,238,465,63,271
"1962.10","NEF_GloFung-its1_630_2016",10.86928313,-85.59733458,28,405,471,238,465,63,271
"1956.5","NEF_GloFung-its1_628_2016",10.86153383,-85.57554606,28,410,451,192,432,62,284
"1954.7","NEF_GloFung-its1_626_2016",10.86503544,-85.57414825,28,421,459,205,505,63,250
"1958.7","NEF_GloFung-its1_629_2016",10.92035724,-85.61286802,28,345,309,293,383,62,362
"1951.8","NEF_GloFung-its1_624_2016",10.8484067,-85.61342036,28,427,443,191,445,63,267
"1955.5","NEF_GloFung-its1_627_2016",10.86989124,-85.59982895,28,354,465,195,475,61,259
"1956.6","NEF_GloFung-its1_628_2016",10.86153383,-85.57554606,28,410,451,192,432,62,284
"1951.9","NEF_GloFung-its1_624_2016",10.8484067,-85.61342036,28,427,443,191,445,63,267
"1955.6","NEF_GloFung-its1_627_2016",10.86989124,-85.59982895,28,354,465,195,475,61,259
"1951.10","NEF_GloFung-its1_624_2016",10.8484067,-85.61342036,28,427,443,191,445,63,267
"1958.8","NEF_GloFung-its1_629_2016",10.92035724,-85.61286802,28,345,309,293,383,62,362
"1950.7","NEF_GloFung-its1_623_2016",10.91849666,-85.61330665,28,371,316,290,492,60,365
"1954.8","NEF_GloFung-its1_626_2016",10.86503544,-85.57414825,28,421,459,205,505,63,250
"1955.7","NEF_GloFung-its1_627_2016",10.86989124,-85.59982895,28,354,465,195,475,61,259
"1950.8","NEF_GloFung-its1_623_2016",10.91849666,-85.61330665,28,371,316,290,492,60,365
"1951.11","NEF_GloFung-its1_624_2016",10.8484067,-85.61342036,28,427,443,191,445,63,267
"1954.9","NEF_GloFung-its1_626_2016",10.86503544,-85.57414825,28,421,459,205,505,63,250
"1951.12","NEF_GloFung-its1_624_2016",10.8484067,-85.61342036,28,427,443,191,445,63,267
"1955.8","NEF_GloFung-its1_627_2016",10.86989124,-85.59982895,28,354,465,195,475,61,259
"1962.11","NEF_GloFung-its1_630_2016",10.86928313,-85.59733458,28,405,471,238,465,63,271
"1955.9","NEF_GloFung-its1_627_2016",10.86989124,-85.59982895,28,354,465,195,475,61,259
"1958.9","NEF_GloFung-its1_629_2016",10.92035724,-85.61286802,28,345,309,293,383,62,362
"1962.12","NEF_GloFung-its1_630_2016",10.86928313,-85.59733458,28,405,471,238,465,63,271
"1950.9","NEF_GloFung-its1_623_2016",10.91849666,-85.61330665,28,371,316,290,492,60,365
"1951.13","NEF_GloFung-its1_624_2016",10.8484067,-85.61342036,28,427,443,191,445,63,267
"1955.10","NEF_GloFung-its1_627_2016",10.86989124,-85.59982895,28,354,465,195,475,61,259
"1955.11","NEF_GloFung-its1_627_2016",10.86989124,-85.59982895,28,354,465,195,475,61,259
"1958.10","NEF_GloFung-its1_629_2016",10.92035724,-85.61286802,28,345,309,293,383,62,362
"1962.13","NEF_GloFung-its1_630_2016",10.86928313,-85.59733458,28,405,471,238,465,63,271
"1954.10","NEF_GloFung-its1_626_2016",10.86503544,-85.57414825,28,421,459,205,505,63,250
"1956.7","NEF_GloFung-its1_628_2016",10.86153383,-85.57554606,28,410,451,192,432,62,284
"1956.8","NEF_GloFung-its1_628_2016",10.86153383,-85.57554606,28,410,451,192,432,62,284
"1950.10","NEF_GloFung-its1_623_2016",10.91849666,-85.61330665,28,371,316,290,492,60,365
"1954.11","NEF_GloFung-its1_626_2016",10.86503544,-85.57414825,28,421,459,205,505,63,250
"1956.9","NEF_GloFung-its1_628_2016",10.86153383,-85.57554606,28,410,451,192,432,62,284
"1950.11","NEF_GloFung-its1_623_2016",10.91849666,-85.61330665,28,371,316,290,492,60,365
"1954.12","NEF_GloFung-its1_626_2016",10.86503544,-85.57414825,28,421,459,205,505,63,250
"1954.13","NEF_GloFung-its1_626_2016",10.86503544,-85.57414825,28,421,459,205,505,63,250
"1958.11","NEF_GloFung-its1_629_2016",10.92035724,-85.61286802,28,345,309,293,383,62,362
"1950.12","NEF_GloFung-its1_623_2016",10.91849666,-85.61330665,28,371,316,290,492,60,365
"1958.12","NEF_GloFung-its1_629_2016",10.92035724,-85.61286802,28,345,309,293,383,62,362
"1958.13","NEF_GloFung-its1_629_2016",10.92035724,-85.61286802,28,345,309,293,383,62,362
"1950.13","NEF_GloFung-its1_623_2016",10.91849666,-85.61330665,28,371,316,290,492,60,365
"1955.12","NEF_GloFung-its1_627_2016",10.86989124,-85.59982895,28,354,465,195,475,61,259
"1956.10","NEF_GloFung-its1_628_2016",10.86153383,-85.57554606,28,410,451,192,432,62,284
"1958.14","NEF_GloFung-its1_629_2016",10.92035724,-85.61286802,28,345,309,293,383,62,362
"1955.13","NEF_GloFung-its1_627_2016",10.86989124,-85.59982895,28,354,465,195,475,61,259
"1950.14","NEF_GloFung-its1_623_2016",10.91849666,-85.61330665,28,371,316,290,492,60,365
"1956.11","NEF_GloFung-its1_628_2016",10.86153383,-85.57554606,28,410,451,192,432,62,284
"1954.14","NEF_GloFung-its1_626_2016",10.86503544,-85.57414825,28,421,459,205,505,63,250
"1962.14","NEF_GloFung-its1_630_2016",10.86928313,-85.59733458,28,405,471,238,465,63,271
"1951.14","NEF_GloFung-its1_624_2016",10.8484067,-85.61342036,28,427,443,191,445,63,267
"1951.15","NEF_GloFung-its1_624_2016",10.8484067,-85.61342036,28,427,443,191,445,63,267
"1962.15","NEF_GloFung-its1_630_2016",10.86928313,-85.59733458,28,405,471,238,465,63,271
"1956.12","NEF_GloFung-its1_628_2016",10.86153383,-85.57554606,28,410,451,192,432,62,284
"1958.15","NEF_GloFung-its1_629_2016",10.92035724,-85.61286802,28,345,309,293,383,62,362
"1950.15","NEF_GloFung-its1_623_2016",10.91849666,-85.61330665,28,371,316,290,492,60,365
"1954.15","NEF_GloFung-its1_626_2016",10.86503544,-85.57414825,28,421,459,205,505,63,250
"1955.14","NEF_GloFung-its1_627_2016",10.86989124,-85.59982895,28,354,465,195,475,61,259
"1956.13","NEF_GloFung-its1_628_2016",10.86153383,-85.57554606,28,410,451,192,432,62,284
"1956.14","NEF_GloFung-its1_628_2016",10.86153383,-85.57554606,28,410,451,192,432,62,284
"1956.15","NEF_GloFung-its1_628_2016",10.86153383,-85.57554606,28,410,451,192,432,62,284
"1955.15","NEF_GloFung-its1_627_2016",10.86989124,-85.59982895,28,354,465,195,475,61,259
"2302","NEF_GloFung-its1_651_2017",5.266007883,-59.765625,57,283,403,147,440,52,266
"2302.1","NEF_GloFung-its1_651_2017",5.266007883,-59.765625,57,283,403,147,440,52,266
"2302.2","NEF_GloFung-its1_651_2017",5.266007883,-59.765625,57,283,403,147,440,52,266
"2302.3","NEF_GloFung-its1_651_2017",5.266007883,-59.765625,57,283,403,147,440,52,266
"2302.4","NEF_GloFung-its1_651_2017",5.266007883,-59.765625,57,283,403,147,440,52,266
"2302.5","NEF_GloFung-its1_651_2017",5.266007883,-59.765625,57,283,403,147,440,52,266
"2302.6","NEF_GloFung-its1_651_2017",5.266007883,-59.765625,57,283,403,147,440,52,266
"2302.7","NEF_GloFung-its1_651_2017",5.266007883,-59.765625,57,283,403,147,440,52,266
"2302.8","NEF_GloFung-its1_651_2017",5.266007883,-59.765625,57,283,403,147,440,52,266
"2302.9","NEF_GloFung-its1_651_2017",5.266007883,-59.765625,57,283,403,147,440,52,266
"2302.10","NEF_GloFung-its1_651_2017",5.266007883,-59.765625,57,283,403,147,440,52,266
"2302.11","NEF_GloFung-its1_651_2017",5.266007883,-59.765625,57,283,403,147,440,52,266
"2302.12","NEF_GloFung-its1_651_2017",5.266007883,-59.765625,57,283,403,147,440,52,266
"2302.13","NEF_GloFung-its1_651_2017",5.266007883,-59.765625,57,283,403,147,440,52,266
"2302.14","NEF_GloFung-its1_651_2017",5.266007883,-59.765625,57,283,403,147,440,52,266
"2302.15","NEF_GloFung-its1_651_2017",5.266007883,-59.765625,57,283,403,147,440,52,266
"2302.16","NEF_GloFung-its1_651_2017",5.266007883,-59.765625,57,283,403,147,440,52,266
"2302.17","NEF_GloFung-its1_651_2017",5.266007883,-59.765625,57,283,403,147,440,52,266
"2302.18","NEF_GloFung-its1_651_2017",5.266007883,-59.765625,57,283,403,147,440,52,266
"2302.19","NEF_GloFung-its1_651_2017",5.266007883,-59.765625,57,283,403,147,440,52,266
"2302.20","NEF_GloFung-its1_651_2017",5.266007883,-59.765625,57,283,403,147,440,52,266
"2302.21","NEF_GloFung-its1_651_2017",5.266007883,-59.765625,57,283,403,147,440,52,266
"2302.22","NEF_GloFung-its1_651_2017",5.266007883,-59.765625,57,283,403,147,440,52,266
"2302.23","NEF_GloFung-its1_651_2017",5.266007883,-59.765625,57,283,403,147,440,52,266
"2302.24","NEF_GloFung-its1_651_2017",5.266007883,-59.765625,57,283,403,147,440,52,266
"2302.25","NEF_GloFung-its1_651_2017",5.266007883,-59.765625,57,283,403,147,440,52,266
"2302.26","NEF_GloFung-its1_651_2017",5.266007883,-59.765625,57,283,403,147,440,52,266
"2302.27","NEF_GloFung-its1_651_2017",5.266007883,-59.765625,57,283,403,147,440,52,266
"2302.28","NEF_GloFung-its1_651_2017",5.266007883,-59.765625,57,283,403,147,440,52,266
"2302.29","NEF_GloFung-its1_651_2017",5.266007883,-59.765625,57,283,403,147,440,52,266
"2302.30","NEF_GloFung-its1_651_2017",5.266007883,-59.765625,57,283,403,147,440,52,266
"2302.31","NEF_GloFung-its1_651_2017",5.266007883,-59.765625,57,283,403,147,440,52,266
"2302.32","NEF_GloFung-its1_651_2017",5.266007883,-59.765625,57,283,403,147,440,52,266
"2302.33","NEF_GloFung-its1_651_2017",5.266007883,-59.765625,57,283,403,147,440,52,266
"2302.34","NEF_GloFung-its1_651_2017",5.266007883,-59.765625,57,283,403,147,440,52,266
"2302.35","NEF_GloFung-its1_651_2017",5.266007883,-59.765625,57,283,403,147,440,52,266
"2302.36","NEF_GloFung-its1_651_2017",5.266007883,-59.765625,57,283,403,147,440,52,266
"2302.37","NEF_GloFung-its1_651_2017",5.266007883,-59.765625,57,283,403,147,440,52,266
"2302.38","NEF_GloFung-its1_651_2017",5.266007883,-59.765625,57,283,403,147,440,52,266
"2302.39","NEF_GloFung-its1_651_2017",5.266007883,-59.765625,57,283,403,147,440,52,266
"2302.40","NEF_GloFung-its1_651_2017",5.266007883,-59.765625,57,283,403,147,440,52,266
"2302.41","NEF_GloFung-its1_651_2017",5.266007883,-59.765625,57,283,403,147,440,52,266
"2302.42","NEF_GloFung-its1_651_2017",5.266007883,-59.765625,57,283,403,147,440,52,266
"2302.43","NEF_GloFung-its1_651_2017",5.266007883,-59.765625,57,283,403,147,440,52,266
"2302.44","NEF_GloFung-its1_651_2017",5.266007883,-59.765625,57,283,403,147,440,52,266
"2302.45","NEF_GloFung-its1_651_2017",5.266007883,-59.765625,57,283,403,147,440,52,266
"2302.46","NEF_GloFung-its1_651_2017",5.266007883,-59.765625,57,283,403,147,440,52,266
"2302.47","NEF_GloFung-its1_651_2017",5.266007883,-59.765625,57,283,403,147,440,52,266
"2302.48","NEF_GloFung-its1_651_2017",5.266007883,-59.765625,57,283,403,147,440,52,266
"2302.49","NEF_GloFung-its1_651_2017",5.266007883,-59.765625,57,283,403,147,440,52,266
"2302.50","NEF_GloFung-its1_651_2017",5.266007883,-59.765625,57,283,403,147,440,52,266
"2302.51","NEF_GloFung-its1_651_2017",5.266007883,-59.765625,57,283,403,147,440,52,266
"2302.52","NEF_GloFung-its1_651_2017",5.266007883,-59.765625,57,283,403,147,440,52,266
"2302.53","NEF_GloFung-its1_651_2017",5.266007883,-59.765625,57,283,403,147,440,52,266
"2302.54","NEF_GloFung-its1_651_2017",5.266007883,-59.765625,57,283,403,147,440,52,266
"2302.55","NEF_GloFung-its1_651_2017",5.266007883,-59.765625,57,283,403,147,440,52,266
"2302.56","NEF_GloFung-its1_651_2017",5.266007883,-59.765625,57,283,403,147,440,52,266
"2302.57","NEF_GloFung-its1_651_2017",5.266007883,-59.765625,57,283,403,147,440,52,266
"2302.58","NEF_GloFung-its1_651_2017",5.266007883,-59.765625,57,283,403,147,440,52,266
"2302.59","NEF_GloFung-its1_651_2017",5.266007883,-59.765625,57,283,403,147,440,52,266
"2302.60","NEF_GloFung-its1_651_2017",5.266007883,-59.765625,57,283,403,147,440,52,266
"2302.61","NEF_GloFung-its1_651_2017",5.266007883,-59.765625,57,283,403,147,440,52,266
"2302.62","NEF_GloFung-its1_651_2017",5.266007883,-59.765625,57,283,403,147,440,52,266
"2302.63","NEF_GloFung-its1_651_2017",5.266007883,-59.765625,57,283,403,147,440,52,266
"2302.64","NEF_GloFung-its1_651_2017",5.266007883,-59.765625,57,283,403,147,440,52,266
"2302.65","NEF_GloFung-its1_651_2017",5.266007883,-59.765625,57,283,403,147,440,52,266
"2302.66","NEF_GloFung-its1_651_2017",5.266007883,-59.765625,57,283,403,147,440,52,266
"2302.67","NEF_GloFung-its1_651_2017",5.266007883,-59.765625,57,283,403,147,440,52,266
"2302.68","NEF_GloFung-its1_651_2017",5.266007883,-59.765625,57,283,403,147,440,52,266
"2302.69","NEF_GloFung-its1_651_2017",5.266007883,-59.765625,57,283,403,147,440,52,266
"2302.70","NEF_GloFung-its1_651_2017",5.266007883,-59.765625,57,283,403,147,440,52,266
"2302.71","NEF_GloFung-its1_651_2017",5.266007883,-59.765625,57,283,403,147,440,52,266
"2302.72","NEF_GloFung-its1_651_2017",5.266007883,-59.765625,57,283,403,147,440,52,266
"2302.73","NEF_GloFung-its1_651_2017",5.266007883,-59.765625,57,283,403,147,440,52,266
"2302.74","NEF_GloFung-its1_651_2017",5.266007883,-59.765625,57,283,403,147,440,52,266
"2302.75","NEF_GloFung-its1_651_2017",5.266007883,-59.765625,57,283,403,147,440,52,266
"2302.76","NEF_GloFung-its1_651_2017",5.266007883,-59.765625,57,283,403,147,440,52,266
"2302.77","NEF_GloFung-its1_651_2017",5.266007883,-59.765625,57,283,403,147,440,52,266
"2302.78","NEF_GloFung-its1_651_2017",5.266007883,-59.765625,57,283,403,147,440,52,266
"2302.79","NEF_GloFung-its1_651_2017",5.266007883,-59.765625,57,283,403,147,440,52,266
"2382","NEF_GloFung-its1_288_2018",18.58,-95.08,83,412,450,170,474,54,276
"2382.1","NEF_GloFung-its1_288_2018",18.58,-95.08,83,412,450,170,474,54,276
"2382.2","NEF_GloFung-its1_288_2018",18.58,-95.08,83,412,450,170,474,54,276
"2382.3","NEF_GloFung-its1_288_2018",18.58,-95.08,83,412,450,170,474,54,276
"2382.4","NEF_GloFung-its1_288_2018",18.58,-95.08,83,412,450,170,474,54,276
"2382.5","NEF_GloFung-its1_288_2018",18.58,-95.08,83,412,450,170,474,54,276
"2382.6","NEF_GloFung-its1_288_2018",18.58,-95.08,83,412,450,170,474,54,276
"2382.7","NEF_GloFung-its1_288_2018",18.58,-95.08,83,412,450,170,474,54,276
"2382.8","NEF_GloFung-its1_288_2018",18.58,-95.08,83,412,450,170,474,54,276
"2382.9","NEF_GloFung-its1_288_2018",18.58,-95.08,83,412,450,170,474,54,276
"2382.10","NEF_GloFung-its1_288_2018",18.58,-95.08,83,412,450,170,474,54,276
"2382.11","NEF_GloFung-its1_288_2018",18.58,-95.08,83,412,450,170,474,54,276
"2382.12","NEF_GloFung-its1_288_2018",18.58,-95.08,83,412,450,170,474,54,276
"2382.13","NEF_GloFung-its1_288_2018",18.58,-95.08,83,412,450,170,474,54,276
"2382.14","NEF_GloFung-its1_288_2018",18.58,-95.08,83,412,450,170,474,54,276
"2382.15","NEF_GloFung-its1_288_2018",18.58,-95.08,83,412,450,170,474,54,276
"2382.16","NEF_GloFung-its1_288_2018",18.58,-95.08,83,412,450,170,474,54,276
"2382.17","NEF_GloFung-its1_288_2018",18.58,-95.08,83,412,450,170,474,54,276
"2382.18","NEF_GloFung-its1_288_2018",18.58,-95.08,83,412,450,170,474,54,276
"2382.19","NEF_GloFung-its1_288_2018",18.58,-95.08,83,412,450,170,474,54,276
"2382.20","NEF_GloFung-its1_288_2018",18.58,-95.08,83,412,450,170,474,54,276
"2382.21","NEF_GloFung-its1_288_2018",18.58,-95.08,83,412,450,170,474,54,276
"2382.22","NEF_GloFung-its1_288_2018",18.58,-95.08,83,412,450,170,474,54,276
"2382.23","NEF_GloFung-its1_288_2018",18.58,-95.08,83,412,450,170,474,54,276
"2382.24","NEF_GloFung-its1_288_2018",18.58,-95.08,83,412,450,170,474,54,276
"2382.25","NEF_GloFung-its1_288_2018",18.58,-95.08,83,412,450,170,474,54,276
"2382.26","NEF_GloFung-its1_288_2018",18.58,-95.08,83,412,450,170,474,54,276
"2382.27","NEF_GloFung-its1_288_2018",18.58,-95.08,83,412,450,170,474,54,276
"2382.28","NEF_GloFung-its1_288_2018",18.58,-95.08,83,412,450,170,474,54,276
"2382.29","NEF_GloFung-its1_288_2018",18.58,-95.08,83,412,450,170,474,54,276
"2382.30","NEF_GloFung-its1_288_2018",18.58,-95.08,83,412,450,170,474,54,276
"2382.31","NEF_GloFung-its1_288_2018",18.58,-95.08,83,412,450,170,474,54,276
"2382.32","NEF_GloFung-its1_288_2018",18.58,-95.08,83,412,450,170,474,54,276
"2382.33","NEF_GloFung-its1_288_2018",18.58,-95.08,83,412,450,170,474,54,276
"2382.34","NEF_GloFung-its1_288_2018",18.58,-95.08,83,412,450,170,474,54,276
"2382.35","NEF_GloFung-its1_288_2018",18.58,-95.08,83,412,450,170,474,54,276
"2382.36","NEF_GloFung-its1_288_2018",18.58,-95.08,83,412,450,170,474,54,276
"2382.37","NEF_GloFung-its1_288_2018",18.58,-95.08,83,412,450,170,474,54,276
"2382.38","NEF_GloFung-its1_288_2018",18.58,-95.08,83,412,450,170,474,54,276
"2382.39","NEF_GloFung-its1_288_2018",18.58,-95.08,83,412,450,170,474,54,276
"2382.40","NEF_GloFung-its1_288_2018",18.58,-95.08,83,412,450,170,474,54,276
"2382.41","NEF_GloFung-its1_288_2018",18.58,-95.08,83,412,450,170,474,54,276
"2382.42","NEF_GloFung-its1_288_2018",18.58,-95.08,83,412,450,170,474,54,276
"2382.43","NEF_GloFung-its1_288_2018",18.58,-95.08,83,412,450,170,474,54,276
"2382.44","NEF_GloFung-its1_288_2018",18.58,-95.08,83,412,450,170,474,54,276
"2382.45","NEF_GloFung-its1_288_2018",18.58,-95.08,83,412,450,170,474,54,276
"2382.46","NEF_GloFung-its1_288_2018",18.58,-95.08,83,412,450,170,474,54,276
"2382.47","NEF_GloFung-its1_288_2018",18.58,-95.08,83,412,450,170,474,54,276
"2382.48","NEF_GloFung-its1_288_2018",18.58,-95.08,83,412,450,170,474,54,276
"2382.49","NEF_GloFung-its1_288_2018",18.58,-95.08,83,412,450,170,474,54,276
"2382.50","NEF_GloFung-its1_288_2018",18.58,-95.08,83,412,450,170,474,54,276
"2382.51","NEF_GloFung-its1_288_2018",18.58,-95.08,83,412,450,170,474,54,276
"2382.52","NEF_GloFung-its1_288_2018",18.58,-95.08,83,412,450,170,474,54,276
"2382.53","NEF_GloFung-its1_288_2018",18.58,-95.08,83,412,450,170,474,54,276
"2382.54","NEF_GloFung-its1_288_2018",18.58,-95.08,83,412,450,170,474,54,276
"2382.55","NEF_GloFung-its1_288_2018",18.58,-95.08,83,412,450,170,474,54,276
"2382.56","NEF_GloFung-its1_288_2018",18.58,-95.08,83,412,450,170,474,54,276
"2382.57","NEF_GloFung-its1_288_2018",18.58,-95.08,83,412,450,170,474,54,276
"2382.58","NEF_GloFung-its1_288_2018",18.58,-95.08,83,412,450,170,474,54,276
"2382.59","NEF_GloFung-its1_288_2018",18.58,-95.08,83,412,450,170,474,54,276
"2382.60","NEF_GloFung-its1_288_2018",18.58,-95.08,83,412,450,170,474,54,276
"2382.61","NEF_GloFung-its1_288_2018",18.58,-95.08,83,412,450,170,474,54,276
"2382.62","NEF_GloFung-its1_288_2018",18.58,-95.08,83,412,450,170,474,54,276
"2382.63","NEF_GloFung-its1_288_2018",18.58,-95.08,83,412,450,170,474,54,276
"2382.64","NEF_GloFung-its1_288_2018",18.58,-95.08,83,412,450,170,474,54,276
"2382.65","NEF_GloFung-its1_288_2018",18.58,-95.08,83,412,450,170,474,54,276
"2382.66","NEF_GloFung-its1_288_2018",18.58,-95.08,83,412,450,170,474,54,276
"2382.67","NEF_GloFung-its1_288_2018",18.58,-95.08,83,412,450,170,474,54,276
"2382.68","NEF_GloFung-its1_288_2018",18.58,-95.08,83,412,450,170,474,54,276
"2382.69","NEF_GloFung-its1_288_2018",18.58,-95.08,83,412,450,170,474,54,276
"2382.70","NEF_GloFung-its1_288_2018",18.58,-95.08,83,412,450,170,474,54,276
"2382.71","NEF_GloFung-its1_288_2018",18.58,-95.08,83,412,450,170,474,54,276
"2382.72","NEF_GloFung-its1_288_2018",18.58,-95.08,83,412,450,170,474,54,276
"2382.73","NEF_GloFung-its1_288_2018",18.58,-95.08,83,412,450,170,474,54,276
"2382.74","NEF_GloFung-its1_288_2018",18.58,-95.08,83,412,450,170,474,54,276
"2382.75","NEF_GloFung-its1_288_2018",18.58,-95.08,83,412,450,170,474,54,276
"2382.76","NEF_GloFung-its1_288_2018",18.58,-95.08,83,412,450,170,474,54,276
"2382.77","NEF_GloFung-its1_288_2018",18.58,-95.08,83,412,450,170,474,54,276
"2382.78","NEF_GloFung-its1_288_2018",18.58,-95.08,83,412,450,170,474,54,276
"2382.79","NEF_GloFung-its1_288_2018",18.58,-95.08,83,412,450,170,474,54,276
"2382.80","NEF_GloFung-its1_288_2018",18.58,-95.08,83,412,450,170,474,54,276
"2382.81","NEF_GloFung-its1_288_2018",18.58,-95.08,83,412,450,170,474,54,276
"2382.82","NEF_GloFung-its1_288_2018",18.58,-95.08,83,412,450,170,474,54,276
"2382.83","NEF_GloFung-its1_288_2018",18.58,-95.08,83,412,450,170,474,54,276
"2382.84","NEF_GloFung-its1_288_2018",18.58,-95.08,83,412,450,170,474,54,276
"2382.85","NEF_GloFung-its1_288_2018",18.58,-95.08,83,412,450,170,474,54,276
"2382.86","NEF_GloFung-its1_288_2018",18.58,-95.08,83,412,450,170,474,54,276
"2382.87","NEF_GloFung-its1_288_2018",18.58,-95.08,83,412,450,170,474,54,276
"2382.88","NEF_GloFung-its1_288_2018",18.58,-95.08,83,412,450,170,474,54,276
"2382.89","NEF_GloFung-its1_288_2018",18.58,-95.08,83,412,450,170,474,54,276
"2382.90","NEF_GloFung-its1_288_2018",18.58,-95.08,83,412,450,170,474,54,276
"2382.91","NEF_GloFung-its1_288_2018",18.58,-95.08,83,412,450,170,474,54,276
"2382.92","NEF_GloFung-its1_288_2018",18.58,-95.08,83,412,450,170,474,54,276
"2382.93","NEF_GloFung-its1_288_2018",18.58,-95.08,83,412,450,170,474,54,276
"2382.94","NEF_GloFung-its1_288_2018",18.58,-95.08,83,412,450,170,474,54,276
"2382.95","NEF_GloFung-its1_288_2018",18.58,-95.08,83,412,450,170,474,54,276
"2382.96","NEF_GloFung-its1_288_2018",18.58,-95.08,83,412,450,170,474,54,276
"2382.97","NEF_GloFung-its1_288_2018",18.58,-95.08,83,412,450,170,474,54,276
"2382.98","NEF_GloFung-its1_288_2018",18.58,-95.08,83,412,450,170,474,54,276
"2382.99","NEF_GloFung-its1_288_2018",18.58,-95.08,83,412,450,170,474,54,276
"2382.100","NEF_GloFung-its1_288_2018",18.58,-95.08,83,412,450,170,474,54,276
"2382.101","NEF_GloFung-its1_288_2018",18.58,-95.08,83,412,450,170,474,54,276
"2382.102","NEF_GloFung-its1_288_2018",18.58,-95.08,83,412,450,170,474,54,276
"2382.103","NEF_GloFung-its1_288_2018",18.58,-95.08,83,412,450,170,474,54,276
"2382.104","NEF_GloFung-its1_288_2018",18.58,-95.08,83,412,450,170,474,54,276
"2382.105","NEF_GloFung-its1_288_2018",18.58,-95.08,83,412,450,170,474,54,276
"2382.106","NEF_GloFung-its1_288_2018",18.58,-95.08,83,412,450,170,474,54,276
"2382.107","NEF_GloFung-its1_288_2018",18.58,-95.08,83,412,450,170,474,54,276
"2382.108","NEF_GloFung-its1_288_2018",18.58,-95.08,83,412,450,170,474,54,276
"2382.109","NEF_GloFung-its1_288_2018",18.58,-95.08,83,412,450,170,474,54,276
"2382.110","NEF_GloFung-its1_288_2018",18.58,-95.08,83,412,450,170,474,54,276
"2382.111","NEF_GloFung-its1_288_2018",18.58,-95.08,83,412,450,170,474,54,276
"2382.112","NEF_GloFung-its1_288_2018",18.58,-95.08,83,412,450,170,474,54,276
"2382.113","NEF_GloFung-its1_288_2018",18.58,-95.08,83,412,450,170,474,54,276
"2382.114","NEF_GloFung-its1_288_2018",18.58,-95.08,83,412,450,170,474,54,276
"2382.115","NEF_GloFung-its1_288_2018",18.58,-95.08,83,412,450,170,474,54,276
"2382.116","NEF_GloFung-its1_288_2018",18.58,-95.08,83,412,450,170,474,54,276
"2382.117","NEF_GloFung-its1_288_2018",18.58,-95.08,83,412,450,170,474,54,276
"2382.118","NEF_GloFung-its1_288_2018",18.58,-95.08,83,412,450,170,474,54,276
"2382.119","NEF_GloFung-its1_288_2018",18.58,-95.08,83,412,450,170,474,54,276
"2382.120","NEF_GloFung-its1_288_2018",18.58,-95.08,83,412,450,170,474,54,276
"2382.121","NEF_GloFung-its1_288_2018",18.58,-95.08,83,412,450,170,474,54,276
"2382.122","NEF_GloFung-its1_288_2018",18.58,-95.08,83,412,450,170,474,54,276
"2382.123","NEF_GloFung-its1_288_2018",18.58,-95.08,83,412,450,170,474,54,276
"2382.124","NEF_GloFung-its1_288_2018",18.58,-95.08,83,412,450,170,474,54,276
"2382.125","NEF_GloFung-its1_288_2018",18.58,-95.08,83,412,450,170,474,54,276
"2382.126","NEF_GloFung-its1_288_2018",18.58,-95.08,83,412,450,170,474,54,276
"2382.127","NEF_GloFung-its1_288_2018",18.58,-95.08,83,412,450,170,474,54,276
"2382.128","NEF_GloFung-its1_288_2018",18.58,-95.08,83,412,450,170,474,54,276
"2382.129","NEF_GloFung-its1_288_2018",18.58,-95.08,83,412,450,170,474,54,276
"2382.130","NEF_GloFung-its1_288_2018",18.58,-95.08,83,412,450,170,474,54,276
"2382.131","NEF_GloFung-its1_288_2018",18.58,-95.08,83,412,450,170,474,54,276
"2382.132","NEF_GloFung-its1_288_2018",18.58,-95.08,83,412,450,170,474,54,276
"2382.133","NEF_GloFung-its1_288_2018",18.58,-95.08,83,412,450,170,474,54,276
"2382.134","NEF_GloFung-its1_288_2018",18.58,-95.08,83,412,450,170,474,54,276
"2382.135","NEF_GloFung-its1_288_2018",18.58,-95.08,83,412,450,170,474,54,276
"2382.136","NEF_GloFung-its1_288_2018",18.58,-95.08,83,412,450,170,474,54,276
"2382.137","NEF_GloFung-its1_288_2018",18.58,-95.08,83,412,450,170,474,54,276
"2382.138","NEF_GloFung-its1_288_2018",18.58,-95.08,83,412,450,170,474,54,276
"2382.139","NEF_GloFung-its1_288_2018",18.58,-95.08,83,412,450,170,474,54,276
"2382.140","NEF_GloFung-its1_288_2018",18.58,-95.08,83,412,450,170,474,54,276
"2382.141","NEF_GloFung-its1_288_2018",18.58,-95.08,83,412,450,170,474,54,276
"2382.142","NEF_GloFung-its1_288_2018",18.58,-95.08,83,412,450,170,474,54,276
"2382.143","NEF_GloFung-its1_288_2018",18.58,-95.08,83,412,450,170,474,54,276
"2382.144","NEF_GloFung-its1_288_2018",18.58,-95.08,83,412,450,170,474,54,276
"2382.145","NEF_GloFung-its1_288_2018",18.58,-95.08,83,412,450,170,474,54,276
"2382.146","NEF_GloFung-its1_288_2018",18.58,-95.08,83,412,450,170,474,54,276
"2382.147","NEF_GloFung-its1_288_2018",18.58,-95.08,83,412,450,170,474,54,276
"2382.148","NEF_GloFung-its1_288_2018",18.58,-95.08,83,412,450,170,474,54,276
"2382.149","NEF_GloFung-its1_288_2018",18.58,-95.08,83,412,450,170,474,54,276
"2382.150","NEF_GloFung-its1_288_2018",18.58,-95.08,83,412,450,170,474,54,276
"2382.151","NEF_GloFung-its1_288_2018",18.58,-95.08,83,412,450,170,474,54,276
"2382.152","NEF_GloFung-its1_288_2018",18.58,-95.08,83,412,450,170,474,54,276
"2382.153","NEF_GloFung-its1_288_2018",18.58,-95.08,83,412,450,170,474,54,276
"2382.154","NEF_GloFung-its1_288_2018",18.58,-95.08,83,412,450,170,474,54,276
"2382.155","NEF_GloFung-its1_288_2018",18.58,-95.08,83,412,450,170,474,54,276
"2382.156","NEF_GloFung-its1_288_2018",18.58,-95.08,83,412,450,170,474,54,276
"2382.157","NEF_GloFung-its1_288_2018",18.58,-95.08,83,412,450,170,474,54,276
"2382.158","NEF_GloFung-its1_288_2018",18.58,-95.08,83,412,450,170,474,54,276
"2382.159","NEF_GloFung-its1_288_2018",18.58,-95.08,83,412,450,170,474,54,276
"2382.160","NEF_GloFung-its1_288_2018",18.58,-95.08,83,412,450,170,474,54,276
"2543","NEF_GloFung-its1_652_2017",9.211472,-79.599806,117,451,323,176,456,54,305
"2544","NEF_GloFung-its1_653_2017",9.160944,-79.742694,117,486,348,212,383,53,304
"2545","NEF_GloFung-its1_654_2017",9.333889,-79.78,117,490,333,137,514,52,306
"2546","NEF_GloFung-its1_655_2013",-3.833,-73.5979,76,301,327,207,586,46,367
"2547","NEF_GloFung-its1_656_2013",-4.1291,-73.4707,76,330,287,211,1008,45,379
"2548","NEF_GloFung-its1_657_2013",-3.8918,-73.5603,76,327,401,197,682,45,315
"2549","NEF_GloFung-its1_658_2013",-4.8793,-73.6479,118,379,194,245,795,42,435
"2549.1","NEF_GloFung-its1_658_2013",-4.8793,-73.6479,118,379,194,245,795,42,435
"2551","NEF_GloFung-its1_659_2013",-4.9336,-73.7221,118,355,236,187,776,43,454
"2546.1","NEF_GloFung-its1_655_2013",-3.833,-73.5979,76,301,327,207,586,46,367
"2553","NEF_GloFung-its1_660_2013",-4.8997,-73.6299,118,350,237,218,807,42,406
"2547.1","NEF_GloFung-its1_656_2013",-4.1291,-73.4707,76,330,287,211,1008,45,379
"2548.1","NEF_GloFung-its1_657_2013",-3.8918,-73.5603,76,327,401,197,682,45,315
"2547.2","NEF_GloFung-its1_656_2013",-4.1291,-73.4707,76,330,287,211,1008,45,379
"2546.2","NEF_GloFung-its1_655_2013",-3.833,-73.5979,76,301,327,207,586,46,367
"2549.2","NEF_GloFung-its1_658_2013",-4.8793,-73.6479,118,379,194,245,795,42,435
"2546.3","NEF_GloFung-its1_655_2013",-3.833,-73.5979,76,301,327,207,586,46,367
"2553.1","NEF_GloFung-its1_660_2013",-4.8997,-73.6299,118,350,237,218,807,42,406
"2547.3","NEF_GloFung-its1_656_2013",-4.1291,-73.4707,76,330,287,211,1008,45,379
"2548.2","NEF_GloFung-its1_657_2013",-3.8918,-73.5603,76,327,401,197,682,45,315
"2551.1","NEF_GloFung-its1_659_2013",-4.9336,-73.7221,118,355,236,187,776,43,454
"2547.4","NEF_GloFung-its1_656_2013",-4.1291,-73.4707,76,330,287,211,1008,45,379
"2547.5","NEF_GloFung-its1_656_2013",-4.1291,-73.4707,76,330,287,211,1008,45,379
"2548.3","NEF_GloFung-its1_657_2013",-3.8918,-73.5603,76,327,401,197,682,45,315
"2547.6","NEF_GloFung-its1_656_2013",-4.1291,-73.4707,76,330,287,211,1008,45,379
"2568","NEF_GloFung-its1_661_2013",-3.9758,-73.427,76,313,285,179,889,45,383
"2549.3","NEF_GloFung-its1_658_2013",-4.8793,-73.6479,118,379,194,245,795,42,435
"2548.4","NEF_GloFung-its1_657_2013",-3.8918,-73.5603,76,327,401,197,682,45,315
"2546.4","NEF_GloFung-its1_655_2013",-3.833,-73.5979,76,301,327,207,586,46,367
"2553.2","NEF_GloFung-its1_660_2013",-4.8997,-73.6299,118,350,237,218,807,42,406
"2547.7","NEF_GloFung-its1_656_2013",-4.1291,-73.4707,76,330,287,211,1008,45,379
"2568.1","NEF_GloFung-its1_661_2013",-3.9758,-73.427,76,313,285,179,889,45,383
"2553.3","NEF_GloFung-its1_660_2013",-4.8997,-73.6299,118,350,237,218,807,42,406
"2549.4","NEF_GloFung-its1_658_2013",-4.8793,-73.6479,118,379,194,245,795,42,435
"2551.2","NEF_GloFung-its1_659_2013",-4.9336,-73.7221,118,355,236,187,776,43,454
"2548.5","NEF_GloFung-its1_657_2013",-3.8918,-73.5603,76,327,401,197,682,45,315
"2549.5","NEF_GloFung-its1_658_2013",-4.8793,-73.6479,118,379,194,245,795,42,435
"2551.3","NEF_GloFung-its1_659_2013",-4.9336,-73.7221,118,355,236,187,776,43,454
"2553.4","NEF_GloFung-its1_660_2013",-4.8997,-73.6299,118,350,237,218,807,42,406
"2568.2","NEF_GloFung-its1_661_2013",-3.9758,-73.427,76,313,285,179,889,45,383
"2553.5","NEF_GloFung-its1_660_2013",-4.8997,-73.6299,118,350,237,218,807,42,406
"2551.4","NEF_GloFung-its1_659_2013",-4.9336,-73.7221,118,355,236,187,776,43,454
"2568.3","NEF_GloFung-its1_661_2013",-3.9758,-73.427,76,313,285,179,889,45,383
"2568.4","NEF_GloFung-its1_661_2013",-3.9758,-73.427,76,313,285,179,889,45,383
"2547.8","NEF_GloFung-its1_656_2013",-4.1291,-73.4707,76,330,287,211,1008,45,379
"2551.5","NEF_GloFung-its1_659_2013",-4.9336,-73.7221,118,355,236,187,776,43,454
"2548.6","NEF_GloFung-its1_657_2013",-3.8918,-73.5603,76,327,401,197,682,45,315
"2546.5","NEF_GloFung-its1_655_2013",-3.833,-73.5979,76,301,327,207,586,46,367
"2546.6","NEF_GloFung-its1_655_2013",-3.833,-73.5979,76,301,327,207,586,46,367
"2549.6","NEF_GloFung-its1_658_2013",-4.8793,-73.6479,118,379,194,245,795,42,435
"2548.7","NEF_GloFung-its1_657_2013",-3.8918,-73.5603,76,327,401,197,682,45,315
"2551.6","NEF_GloFung-its1_659_2013",-4.9336,-73.7221,118,355,236,187,776,43,454
"2551.7","NEF_GloFung-its1_659_2013",-4.9336,-73.7221,118,355,236,187,776,43,454
"2546.7","NEF_GloFung-its1_655_2013",-3.833,-73.5979,76,301,327,207,586,46,367
"2568.5","NEF_GloFung-its1_661_2013",-3.9758,-73.427,76,313,285,179,889,45,383
"2549.7","NEF_GloFung-its1_658_2013",-4.8793,-73.6479,118,379,194,245,795,42,435
"2553.6","NEF_GloFung-its1_660_2013",-4.8997,-73.6299,118,350,237,218,807,42,406
"2547.9","NEF_GloFung-its1_656_2013",-4.1291,-73.4707,76,330,287,211,1008,45,379
"2553.7","NEF_GloFung-its1_660_2013",-4.8997,-73.6299,118,350,237,218,807,42,406
"2568.6","NEF_GloFung-its1_661_2013",-3.9758,-73.427,76,313,285,179,889,45,383
"2568.7","NEF_GloFung-its1_661_2013",-3.9758,-73.427,76,313,285,179,889,45,383
"2546.8","NEF_GloFung-its1_655_2013",-3.833,-73.5979,76,301,327,207,586,46,367
"2551.8","NEF_GloFung-its1_659_2013",-4.9336,-73.7221,118,355,236,187,776,43,454
"2568.8","NEF_GloFung-its1_661_2013",-3.9758,-73.427,76,313,285,179,889,45,383
"2568.9","NEF_GloFung-its1_661_2013",-3.9758,-73.427,76,313,285,179,889,45,383
"2549.8","NEF_GloFung-its1_658_2013",-4.8793,-73.6479,118,379,194,245,795,42,435
"2553.8","NEF_GloFung-its1_660_2013",-4.8997,-73.6299,118,350,237,218,807,42,406
"2548.8","NEF_GloFung-its1_657_2013",-3.8918,-73.5603,76,327,401,197,682,45,315
"2553.9","NEF_GloFung-its1_660_2013",-4.8997,-73.6299,118,350,237,218,807,42,406
"2816","NEF_GloFung-its2_1_2023",-6.01374,-50.3012,122,0,0,0,0,0,0
"2817","NEF_GloFung-its2_2_2023",-6.01288,-50.301,122,0,0,0,0,0,0
"2818","NEF_GloFung-its2_3_2023",-6.05585,-50.2536,122,320,371,121,425,47,348
"2818.1","NEF_GloFung-its2_3_2023",-6.05585,-50.2536,122,320,371,121,425,47,348
"2820","NEF_GloFung-its2_4_2023",-6.3937,-50.3769,122,329,354,155,352,49,365
"2821","NEF_GloFung-its2_5_2023",-6.394,-50.3778,122,335,355,148,332,49,353
"2821.1","NEF_GloFung-its2_5_2023",-6.394,-50.3778,122,335,355,148,332,49,353
"2823","NEF_GloFung-its2_6_2023",-6.39279,-50.3768,122,329,354,155,352,49,365
"2824","NEF_GloFung-its2_7_2023",-6.37718,-50.3839,122,317,368,133,364,49,359
"2825","NEF_GloFung-its2_8_2023",-6.37827,-50.3835,122,331,357,136,307,49,346
"2825.1","NEF_GloFung-its2_8_2023",-6.37827,-50.3835,122,331,357,136,307,49,346
"2824.1","NEF_GloFung-its2_7_2023",-6.37718,-50.3839,122,317,368,133,364,49,359
"2817.1","NEF_GloFung-its2_2_2023",-6.01288,-50.301,122,0,0,0,0,0,0
"2829","NEF_GloFung-its2_9_2023",-6.35067,-50.3995,122,359,346,143,335,48,366
"2830","NEF_GloFung-its2_10_2023",-6.35133,-50.3998,122,359,346,143,335,48,366
"2830.1","NEF_GloFung-its2_10_2023",-6.35133,-50.3998,122,359,346,143,335,48,366
"2832","NEF_GloFung-its2_11_2023",-6.35218,-50.4011,122,319,336,156,313,48,359
"2833","NEF_GloFung-its2_12_2023",-6.32201,-50.4508,122,337,361,131,443,49,366
"2834","NEF_GloFung-its2_13_2023",-6.32362,-50.4506,122,349,360,141,443,49,372
"2835","NEF_GloFung-its2_14_2023",-6.32477,-50.4505,122,349,360,141,443,49,372
"2836","NEF_GloFung-its2_15_2023",-6.33422,-50.45,122,358,387,130,462,47,327
"2837","NEF_GloFung-its2_16_2023",-6.34855,-50.4417,122,332,356,146,383,48,342
"2838","NEF_GloFung-its2_17_2023",-6.34896,-50.4428,122,332,356,146,383,48,342
"2839","NEF_GloFung-its2_18_2023",-6.01118,-50.3005,122,346,370,160,470,46,356
"2838.1","NEF_GloFung-its2_17_2023",-6.34896,-50.4428,122,332,356,146,383,48,342
"2841","NEF_GloFung-its2_19_2023",-6.34967,-50.4433,122,330,360,142,362,50,329
"2842","NEF_GloFung-its2_20_2023",-6.34907,-50.4351,122,321,358,150,341,47,341
"2843","NEF_GloFung-its2_21_2023",-6.34864,-50.4358,122,321,358,150,341,47,341
"2842.1","NEF_GloFung-its2_20_2023",-6.34907,-50.4351,122,321,358,150,341,47,341
"2845","NEF_GloFung-its2_22_2023",-6.34996,-50.4361,122,313,351,152,319,49,345
"2846","NEF_GloFung-its2_23_2023",-6.33315,-49.9676,122,337,340,111,442,48,357
"2847","NEF_GloFung-its2_24_2023",-6.33361,-49.9658,122,309,339,109,417,49,361
"2848","NEF_GloFung-its2_25_2023",-6.33327,-49.9634,122,0,0,0,0,0,0
"2848.1","NEF_GloFung-its2_25_2023",-6.33327,-49.9634,122,0,0,0,0,0,0
"2850","NEF_GloFung-its2_26_2023",-6.04904,-50.2851,122,0,0,0,0,0,0
"2851","NEF_GloFung-its2_27_2023",-6.3289,-49.9354,122,289,355,115,439,50,323
"2852","NEF_GloFung-its2_28_2023",-6.32885,-49.936,122,289,355,115,439,50,323
"2852.1","NEF_GloFung-its2_28_2023",-6.32885,-49.936,122,289,355,115,439,50,323
"2851.1","NEF_GloFung-its2_27_2023",-6.3289,-49.9354,122,289,355,115,439,50,323
"2855","NEF_GloFung-its2_29_2023",-6.13311,-50.1709,122,334,343,128,429,48,358
"2856","NEF_GloFung-its2_30_2023",-6.13215,-50.172,122,282,357,126,375,49,338
"2857","NEF_GloFung-its2_31_2023",-6.13071,-50.1754,122,304,346,134,382,50,329
"2858","NEF_GloFung-its2_32_2023",-6.13032,-50.174,122,304,346,134,382,50,329
"2859","NEF_GloFung-its2_33_2023",-6.05087,-50.2851,122,0,0,0,0,0,0
"2850.1","NEF_GloFung-its2_26_2023",-6.04904,-50.2851,122,0,0,0,0,0,0
"2861","NEF_GloFung-its2_34_2023",-6.0463,-50.2839,122,0,0,0,0,0,0
"2862","NEF_GloFung-its2_35_2023",-6.05616,-50.2504,122,0,0,0,0,0,0
"2818.2","NEF_GloFung-its2_3_2023",-6.05585,-50.2536,122,320,371,121,425,47,348
"2864","NEF_GloFung-its2_36_2023",-19.282,-43.596,123,228,400,150,449,50,310
"2864.1","NEF_GloFung-its2_36_2023",-19.282,-43.596,123,228,400,150,449,50,310
"2864.2","NEF_GloFung-its2_36_2023",-19.282,-43.596,123,228,400,150,449,50,310
"2864.3","NEF_GloFung-its2_36_2023",-19.282,-43.596,123,228,400,150,449,50,310
"2864.4","NEF_GloFung-its2_36_2023",-19.282,-43.596,123,228,400,150,449,50,310
"2864.5","NEF_GloFung-its2_36_2023",-19.282,-43.596,123,228,400,150,449,50,310
"2864.6","NEF_GloFung-its2_36_2023",-19.282,-43.596,123,228,400,150,449,50,310
"2864.7","NEF_GloFung-its2_36_2023",-19.282,-43.596,123,228,400,150,449,50,310
"2864.8","NEF_GloFung-its2_36_2023",-19.282,-43.596,123,228,400,150,449,50,310
"2864.9","NEF_GloFung-its2_36_2023",-19.282,-43.596,123,228,400,150,449,50,310
"2864.10","NEF_GloFung-its2_36_2023",-19.282,-43.596,123,228,400,150,449,50,310
"2864.11","NEF_GloFung-its2_36_2023",-19.282,-43.596,123,228,400,150,449,50,310
"2864.12","NEF_GloFung-its2_36_2023",-19.282,-43.596,123,228,400,150,449,50,310
"2864.13","NEF_GloFung-its2_36_2023",-19.282,-43.596,123,228,400,150,449,50,310
"2864.14","NEF_GloFung-its2_36_2023",-19.282,-43.596,123,228,400,150,449,50,310
"2864.15","NEF_GloFung-its2_36_2023",-19.282,-43.596,123,228,400,150,449,50,310
"2864.16","NEF_GloFung-its2_36_2023",-19.282,-43.596,123,228,400,150,449,50,310
"2864.17","NEF_GloFung-its2_36_2023",-19.282,-43.596,123,228,400,150,449,50,310
"2864.18","NEF_GloFung-its2_36_2023",-19.282,-43.596,123,228,400,150,449,50,310
"2864.19","NEF_GloFung-its2_36_2023",-19.282,-43.596,123,228,400,150,449,50,310
"2864.20","NEF_GloFung-its2_36_2023",-19.282,-43.596,123,228,400,150,449,50,310
"2864.21","NEF_GloFung-its2_36_2023",-19.282,-43.596,123,228,400,150,449,50,310
"2864.22","NEF_GloFung-its2_36_2023",-19.282,-43.596,123,228,400,150,449,50,310
"2864.23","NEF_GloFung-its2_36_2023",-19.282,-43.596,123,228,400,150,449,50,310
"2864.24","NEF_GloFung-its2_36_2023",-19.282,-43.596,123,228,400,150,449,50,310
"2864.25","NEF_GloFung-its2_36_2023",-19.282,-43.596,123,228,400,150,449,50,310
"2864.26","NEF_GloFung-its2_36_2023",-19.282,-43.596,123,228,400,150,449,50,310
"2864.27","NEF_GloFung-its2_36_2023",-19.282,-43.596,123,228,400,150,449,50,310
"2864.28","NEF_GloFung-its2_36_2023",-19.282,-43.596,123,228,400,150,449,50,310
"2864.29","NEF_GloFung-its2_36_2023",-19.282,-43.596,123,228,400,150,449,50,310
"2864.30","NEF_GloFung-its2_36_2023",-19.282,-43.596,123,228,400,150,449,50,310
"2864.31","NEF_GloFung-its2_36_2023",-19.282,-43.596,123,228,400,150,449,50,310
"2864.32","NEF_GloFung-its2_36_2023",-19.282,-43.596,123,228,400,150,449,50,310
"2864.33","NEF_GloFung-its2_36_2023",-19.282,-43.596,123,228,400,150,449,50,310
"2864.34","NEF_GloFung-its2_36_2023",-19.282,-43.596,123,228,400,150,449,50,310
"2864.35","NEF_GloFung-its2_36_2023",-19.282,-43.596,123,228,400,150,449,50,310
"2957","NEF_GloFung-its2_65_2022",-3.98242197,-79.08202859,126,778,425,318,1225,56,330
"2957.1","NEF_GloFung-its2_65_2022",-3.98242197,-79.08202859,126,778,425,318,1225,56,330
"2957.2","NEF_GloFung-its2_65_2022",-3.98242197,-79.08202859,126,778,425,318,1225,56,330
"2957.3","NEF_GloFung-its2_65_2022",-3.98242197,-79.08202859,126,778,425,318,1225,56,330
"2957.4","NEF_GloFung-its2_65_2022",-3.98242197,-79.08202859,126,778,425,318,1225,56,330
"2957.5","NEF_GloFung-its2_65_2022",-3.98242197,-79.08202859,126,778,425,318,1225,56,330
"2957.6","NEF_GloFung-its2_65_2022",-3.98242197,-79.08202859,126,778,425,318,1225,56,330
"2957.7","NEF_GloFung-its2_65_2022",-3.98242197,-79.08202859,126,778,425,318,1225,56,330
"2957.8","NEF_GloFung-its2_65_2022",-3.98242197,-79.08202859,126,778,425,318,1225,56,330
"2957.9","NEF_GloFung-its2_65_2022",-3.98242197,-79.08202859,126,778,425,318,1225,56,330
"2957.10","NEF_GloFung-its2_65_2022",-3.98242197,-79.08202859,126,778,425,318,1225,56,330
"2957.11","NEF_GloFung-its2_65_2022",-3.98242197,-79.08202859,126,778,425,318,1225,56,330
"2969","NEF_GloFung-its2_66_2022",-3.98109502,-79.08279602,126,820,417,314,1238,56,351
"2969.1","NEF_GloFung-its2_66_2022",-3.98109502,-79.08279602,126,820,417,314,1238,56,351
"2969.2","NEF_GloFung-its2_66_2022",-3.98109502,-79.08279602,126,820,417,314,1238,56,351
"2969.3","NEF_GloFung-its2_66_2022",-3.98109502,-79.08279602,126,820,417,314,1238,56,351
"2969.4","NEF_GloFung-its2_66_2022",-3.98109502,-79.08279602,126,820,417,314,1238,56,351
"2969.5","NEF_GloFung-its2_66_2022",-3.98109502,-79.08279602,126,820,417,314,1238,56,351
"2969.6","NEF_GloFung-its2_66_2022",-3.98109502,-79.08279602,126,820,417,314,1238,56,351
"2969.7","NEF_GloFung-its2_66_2022",-3.98109502,-79.08279602,126,820,417,314,1238,56,351
"2969.8","NEF_GloFung-its2_66_2022",-3.98109502,-79.08279602,126,820,417,314,1238,56,351
"2969.9","NEF_GloFung-its2_66_2022",-3.98109502,-79.08279602,126,820,417,314,1238,56,351
"2969.10","NEF_GloFung-its2_66_2022",-3.98109502,-79.08279602,126,820,417,314,1238,56,351
"2969.11","NEF_GloFung-its2_66_2022",-3.98109502,-79.08279602,126,820,417,314,1238,56,351
"2981","NEF_GloFung-its2_67_2022",-3.98086958,-79.08327461,126,820,417,314,1238,56,351
"2981.1","NEF_GloFung-its2_67_2022",-3.98086958,-79.08327461,126,820,417,314,1238,56,351
"2981.2","NEF_GloFung-its2_67_2022",-3.98086958,-79.08327461,126,820,417,314,1238,56,351
"2981.3","NEF_GloFung-its2_67_2022",-3.98086958,-79.08327461,126,820,417,314,1238,56,351
"2981.4","NEF_GloFung-its2_67_2022",-3.98086958,-79.08327461,126,820,417,314,1238,56,351
"2981.5","NEF_GloFung-its2_67_2022",-3.98086958,-79.08327461,126,820,417,314,1238,56,351
"2981.6","NEF_GloFung-its2_67_2022",-3.98086958,-79.08327461,126,820,417,314,1238,56,351
"2981.7","NEF_GloFung-its2_67_2022",-3.98086958,-79.08327461,126,820,417,314,1238,56,351
"2981.8","NEF_GloFung-its2_67_2022",-3.98086958,-79.08327461,126,820,417,314,1238,56,351
"2981.9","NEF_GloFung-its2_67_2022",-3.98086958,-79.08327461,126,820,417,314,1238,56,351
"2981.10","NEF_GloFung-its2_67_2022",-3.98086958,-79.08327461,126,820,417,314,1238,56,351
"2981.11","NEF_GloFung-its2_67_2022",-3.98086958,-79.08327461,126,820,417,314,1238,56,351
"2993","NEF_GloFung-its2_68_2022",-3.98008401,-79.0836453,126,780,425,328,1167,55,342
"2993.1","NEF_GloFung-its2_68_2022",-3.98008401,-79.0836453,126,780,425,328,1167,55,342
"2993.2","NEF_GloFung-its2_68_2022",-3.98008401,-79.0836453,126,780,425,328,1167,55,342
"2993.3","NEF_GloFung-its2_68_2022",-3.98008401,-79.0836453,126,780,425,328,1167,55,342
"2993.4","NEF_GloFung-its2_68_2022",-3.98008401,-79.0836453,126,780,425,328,1167,55,342
"2993.5","NEF_GloFung-its2_68_2022",-3.98008401,-79.0836453,126,780,425,328,1167,55,342
"2993.6","NEF_GloFung-its2_68_2022",-3.98008401,-79.0836453,126,780,425,328,1167,55,342
"2993.7","NEF_GloFung-its2_68_2022",-3.98008401,-79.0836453,126,780,425,328,1167,55,342
"2993.8","NEF_GloFung-its2_68_2022",-3.98008401,-79.0836453,126,780,425,328,1167,55,342
"2993.9","NEF_GloFung-its2_68_2022",-3.98008401,-79.0836453,126,780,425,328,1167,55,342
"2993.10","NEF_GloFung-its2_68_2022",-3.98008401,-79.0836453,126,780,425,328,1167,55,342
"2993.11","NEF_GloFung-its2_68_2022",-3.98008401,-79.0836453,126,780,425,328,1167,55,342
"3005","NEF_GloFung-its2_69_2022",-28.1448,-49.6229,127,529,188,247,762,51,282
"3006","NEF_GloFung-its2_70_2022",-28.1493,-49.6325,127,504,189,248,790,50,278
"3007","NEF_GloFung-its2_71_2022",-28.1638,-49.6159,127,461,157,270,914,48,276
"3008","NEF_GloFung-its2_72_2022",-28.1541,-49.6409,127,523,178,280,833,50,269
"3009","NEF_GloFung-its2_73_2022",-27.702,-48.963,127,449,225,222,564,51,359
"3010","NEF_GloFung-its2_74_2022",-27.6987,-49.2404,127,513,259,235,583,51,330
"3011","NEF_GloFung-its2_75_2022",-27.7062,-49.2646,127,502,286,268,586,50,296
"3012","NEF_GloFung-its2_76_2022",-27.8318,-48.5603,127,0,0,0,0,0,0
"3013","NEF_GloFung-its2_77_2022",-27.8218,-48.5635,127,354,310,237,803,52,346
"3014","NEF_GloFung-its2_78_2022",-27.5289,-48.5115,127,407,278,219,522,50,315
"3015","NEF_GloFung-its2_79_2022",-27.5282,-48.5106,127,430,260,219,542,50,307
"3016","NEF_GloFung-its2_80_2022",8.812,-82.5103,13,680,347,167,1298,50,388
"3016.1","NEF_GloFung-its2_80_2022",8.812,-82.5103,13,680,347,167,1298,50,388
"3018","NEF_GloFung-its2_81_2022",8.8097,-82.5151,13,588,344,169,1278,50,404
"3018.1","NEF_GloFung-its2_81_2022",8.8097,-82.5151,13,588,344,169,1278,50,404
"3020","NEF_GloFung-its2_82_2022",8.8106,-82.559,13,630,371,193,1071,52,350
"3021","NEF_GloFung-its2_83_2022",8.8112,-82.5594,13,630,371,193,1071,52,350
"3021.1","NEF_GloFung-its2_83_2022",8.8112,-82.5594,13,630,371,193,1071,52,350
"3023","NEF_GloFung-its2_84_2022",8.7223,-82.2388,13,672,343,216,853,52,342
"3023.1","NEF_GloFung-its2_84_2022",8.7223,-82.2388,13,672,343,216,853,52,342
"3025","NEF_GloFung-its2_85_2022",8.6846,-79.927,117,512,330,202,486,52,319
"3026","NEF_GloFung-its2_86_2022",8.6822,-79.9303,117,496,331,176,510,52,321
"3027","NEF_GloFung-its2_87_2022",9.1195,-79.6961,117,397,329,145,421,52,309
"3028","NEF_GloFung-its2_88_2022",9.2592,-82.1541,13,0,0,0,0,0,0
"3028.1","NEF_GloFung-its2_88_2022",9.2592,-82.1541,13,0,0,0,0,0,0
"3030","NEF_GloFung-its2_89_2022",8.0976,-82.366,13,0,0,0,0,0,0
"3030.1","NEF_GloFung-its2_89_2022",8.0976,-82.366,13,0,0,0,0,0,0
"3094","NEF_GloFung-its2_107_2022",19.55,-98.73,23,318,500,239,284,67,273
"3094.1","NEF_GloFung-its2_107_2022",19.55,-98.73,23,318,500,239,284,67,273
"3094.2","NEF_GloFung-its2_107_2022",19.55,-98.73,23,318,500,239,284,67,273
"3094.3","NEF_GloFung-its2_107_2022",19.55,-98.73,23,318,500,239,284,67,273
"3094.4","NEF_GloFung-its2_107_2022",19.55,-98.73,23,318,500,239,284,67,273
"3094.5","NEF_GloFung-its2_107_2022",19.55,-98.73,23,318,500,239,284,67,273
"3094.6","NEF_GloFung-its2_107_2022",19.55,-98.73,23,318,500,239,284,67,273
"3094.7","NEF_GloFung-its2_107_2022",19.55,-98.73,23,318,500,239,284,67,273
"3094.8","NEF_GloFung-its2_107_2022",19.55,-98.73,23,318,500,239,284,67,273
"3094.9","NEF_GloFung-its2_107_2022",19.55,-98.73,23,318,500,239,284,67,273
"3094.10","NEF_GloFung-its2_107_2022",19.55,-98.73,23,318,500,239,284,67,273
"3094.11","NEF_GloFung-its2_107_2022",19.55,-98.73,23,318,500,239,284,67,273
"3094.12","NEF_GloFung-its2_107_2022",19.55,-98.73,23,318,500,239,284,67,273
"3094.13","NEF_GloFung-its2_107_2022",19.55,-98.73,23,318,500,239,284,67,273
"3094.14","NEF_GloFung-its2_107_2022",19.55,-98.73,23,318,500,239,284,67,273
"3094.15","NEF_GloFung-its2_107_2022",19.55,-98.73,23,318,500,239,284,67,273
"3094.16","NEF_GloFung-its2_107_2022",19.55,-98.73,23,318,500,239,284,67,273
"3094.17","NEF_GloFung-its2_107_2022",19.55,-98.73,23,318,500,239,284,67,273
"3094.18","NEF_GloFung-its2_107_2022",19.55,-98.73,23,318,500,239,284,67,273
"3094.19","NEF_GloFung-its2_107_2022",19.55,-98.73,23,318,500,239,284,67,273
"3094.20","NEF_GloFung-its2_107_2022",19.55,-98.73,23,318,500,239,284,67,273
"3094.21","NEF_GloFung-its2_107_2022",19.55,-98.73,23,318,500,239,284,67,273
"3094.22","NEF_GloFung-its2_107_2022",19.55,-98.73,23,318,500,239,284,67,273
"3094.23","NEF_GloFung-its2_107_2022",19.55,-98.73,23,318,500,239,284,67,273
"3094.24","NEF_GloFung-its2_107_2022",19.55,-98.73,23,318,500,239,284,67,273
"3094.25","NEF_GloFung-its2_107_2022",19.55,-98.73,23,318,500,239,284,67,273
"3094.26","NEF_GloFung-its2_107_2022",19.55,-98.73,23,318,500,239,284,67,273
"3094.27","NEF_GloFung-its2_107_2022",19.55,-98.73,23,318,500,239,284,67,273
"3094.28","NEF_GloFung-its2_107_2022",19.55,-98.73,23,318,500,239,284,67,273
"3094.29","NEF_GloFung-its2_107_2022",19.55,-98.73,23,318,500,239,284,67,273
"3094.30","NEF_GloFung-its2_107_2022",19.55,-98.73,23,318,500,239,284,67,273
"3094.31","NEF_GloFung-its2_107_2022",19.55,-98.73,23,318,500,239,284,67,273
"3094.32","NEF_GloFung-its2_107_2022",19.55,-98.73,23,318,500,239,284,67,273
"3094.33","NEF_GloFung-its2_107_2022",19.55,-98.73,23,318,500,239,284,67,273
"3094.34","NEF_GloFung-its2_107_2022",19.55,-98.73,23,318,500,239,284,67,273
"3094.35","NEF_GloFung-its2_107_2022",19.55,-98.73,23,318,500,239,284,67,273
"3130","NEF_GloFung-its2_108_2021",17.583433,-96.3935,9,609,411,192,1098,52,276
"3236","NEF_GloFung-its2_119_2022",8.7608,-82.2175,13,702,379,206,736,53,354
"3237","NEF_GloFung-its2_120_2022",22.1989,-102.6003,14,261,478,263,333,61,265
"3238","NEF_GloFung-its2_121_2022",-28.1872,-65.8789,15,183,421,184,215,65,331
"3240","NEF_GloFung-its2_123_2022",4.5533,-52.2092,11,430,327,178,587,47,357
"3241","NEF_GloFung-its2_124_2022",25.2464,-100.9128,17,431,322,218,562,72,280
"3242","NEF_GloFung-its2_125_2022",-15.81,-48.8522,18,210,424,112,445,52,186
"3243","NEF_GloFung-its2_126_2022",-13.6367,-47.4783,19,173,425,106,337,51,246
"3244","NEF_GloFung-its2_127_2022",9.5958,-84.6139,20,432,322,212,381,55,275
"3246","NEF_GloFung-its2_129_2022",4.5542,-52.21,11,430,327,178,587,47,357
"3247","NEF_GloFung-its2_130_2022",-24.0653,-48.9878,22,305,468,175,379,55,238
"3248","NEF_GloFung-its2_131_2022",19.2822,-99.3681,23,386,510,267,534,62,291
"3249","NEF_GloFung-its2_132_2022",16.1581,-91.3106,24,453,378,227,435,59,264
"3250","NEF_GloFung-its2_133_2022",15.7167,-96.4128,25,356,572,219,253,62,256
"3251","NEF_GloFung-its2_134_2022",-18.1692,-63.5181,26,276,497,157,447,57,208
"3252","NEF_GloFung-its2_135_2022",-17.5814,-66.3442,27,241,463,185,218,74,283
"3253","NEF_GloFung-its2_136_2022",10.8483,-85.6081,28,428,450,191,557,63,259
"3255","NEF_GloFung-its2_138_2022",22.5431,-83.705,30,480,245,240,561,59,311
"3256","NEF_GloFung-its2_139_2022",-32.7689,-64.9406,31,246,456,187,271,67,386
"3257","NEF_GloFung-its2_140_2022",20.0064,-75.6167,32,559,164,313,896,56,408
"3258","NEF_GloFung-its2_141_2022",-0.5628,-72.1131,33,361,475,239,531,41,290
"3259","NEF_GloFung-its2_142_2022",18.1447,-66.9667,34,931,186,297,1315,51,365
"3260","NEF_GloFung-its2_143_2022",18.4044,-64.6603,35,607,288,292,727,57,390
"3261","NEF_GloFung-its2_144_2022",15.375,-61.34,36,659,235,299,804,55,356
"3262","NEF_GloFung-its2_145_2022",16.1856,-61.7447,36,721,295,274,863,60,261
"3263","NEF_GloFung-its2_146_2022",-4.4769,-38.8819,37,127,720,153,163,57,141
"3264","NEF_GloFung-its2_147_2022",-18.0997,-39.8911,38,363,465,159,438,52,220
"3265","NEF_GloFung-its2_148_2022",-8.4558,-39.1928,39,133,568,225,107,66,235
"3266","NEF_GloFung-its2_149_2022",-4.0086,-69.8975,40,362,441,186,388,42,306
"3267","NEF_GloFung-its2_150_2022",-11.6647,-37.4833,41,253,390,162,375,54,283
"3268","NEF_GloFung-its2_151_2022",-22.3978,-44.6706,42,611,384,225,651,51,282
"3269","NEF_GloFung-its2_152_2022",-25.6911,-54.4308,43,325,197,197,867,53,337
"3270","NEF_GloFung-its2_153_2022",-32.6047,-63.9519,31,135,345,170,178,65,455
"3271","NEF_GloFung-its2_154_2022",19.5083,-105.0486,44,268,551,245,214,66,233
"3272","NEF_GloFung-its2_155_2022",4.8669,-75.25,45,543,488,307,956,56,275
"3273","NEF_GloFung-its2_156_2022",-25.1008,-47.9275,46,485,213,251,727,48,401
"3274","NEF_GloFung-its2_157_2022",-23.3167,-45.0836,42,383,499,174,507,49,203
"3268.1","NEF_GloFung-its2_151_2022",-22.3978,-44.6706,42,611,384,225,651,51,282
"3276","NEF_GloFung-its2_158_2022",6.705,-75.4667,47,523,328,241,976,54,332
"3277","NEF_GloFung-its2_159_2022",-14.7919,-47.5569,48,160,269,106,204,53,286
"3278","NEF_GloFung-its2_160_2022",-23.9186,-64.9344,49,186,349,208,478,60,372
"3279","NEF_GloFung-its2_161_2022",16.1783,-61.7317,36,691,291,256,819,58,276
"3280","NEF_GloFung-its2_162_2022",19.9583,-89.1725,50,389,317,313,475,72,228
"3281","NEF_GloFung-its2_163_2022",20.1958,-87.4775,51,835,607,336,1093,72,180
"3282","NEF_GloFung-its2_164_2022",-28.8781,-66.2608,15,100,550,174,106,68,277
"3284","NEF_GloFung-its2_166_2022",-29.9697,-67.0914,52,83,621,158,100,79,251
"3285","NEF_GloFung-its2_167_2022",10.2211,-84.5992,20,784,353,214,769,53,344
"3286","NEF_GloFung-its2_168_2022",11.2842,-74.0114,53,386,349,242,432,66,298
"3287","NEF_GloFung-its2_169_2022",-3.7739,-70.3636,40,383,248,193,486,44,415
"3265.1","NEF_GloFung-its2_148_2022",-8.4558,-39.1928,39,133,568,225,107,66,235
"3289","NEF_GloFung-its2_170_2022",-13.5606,-47.4806,19,186,414,110,332,52,200
"3290","NEF_GloFung-its2_171_2022",-4.1231,-69.9481,40,373,257,182,485,45,476
"3291","NEF_GloFung-its2_172_2022",5.0964,-73.79,54,500,282,280,707,59,382
"3242.1","NEF_GloFung-its2_125_2022",-15.81,-48.8522,18,210,424,112,445,52,186
"3293","NEF_GloFung-its2_173_2022",-23.435,-45.2167,42,342,480,200,456,49,217
"3295","NEF_GloFung-its2_175_2022",21.21,-87.1933,51,897,440,289,1013,73,230
"3296","NEF_GloFung-its2_176_2022",18.3167,-65.8167,56,583,60,260,763,47,318
"3297","NEF_GloFung-its2_177_2022",5.4356,-60.0881,57,290,399,146,437,47,314
"3302","NEF_GloFung-its2_182_2021",-20.720917,-42.481667,130,413,575,169,391,49,191
"3302.1","NEF_GloFung-its2_182_2021",-20.720917,-42.481667,130,413,575,169,391,49,191
"3302.2","NEF_GloFung-its2_182_2021",-20.720917,-42.481667,130,413,575,169,391,49,191
"3305","NEF_GloFung-its2_183_2020",9.15,-79.85,117,478,320,231,585,52,314
"3305.1","NEF_GloFung-its2_183_2020",9.15,-79.85,117,478,320,231,585,52,314
"3305.2","NEF_GloFung-its2_183_2020",9.15,-79.85,117,478,320,231,585,52,314
"3305.3","NEF_GloFung-its2_183_2020",9.15,-79.85,117,478,320,231,585,52,314
"3305.4","NEF_GloFung-its2_183_2020",9.15,-79.85,117,478,320,231,585,52,314
"3305.5","NEF_GloFung-its2_183_2020",9.15,-79.85,117,478,320,231,585,52,314
"3305.6","NEF_GloFung-its2_183_2020",9.15,-79.85,117,478,320,231,585,52,314
"3305.7","NEF_GloFung-its2_183_2020",9.15,-79.85,117,478,320,231,585,52,314
"3305.8","NEF_GloFung-its2_183_2020",9.15,-79.85,117,478,320,231,585,52,314
"3305.9","NEF_GloFung-its2_183_2020",9.15,-79.85,117,478,320,231,585,52,314
"3305.10","NEF_GloFung-its2_183_2020",9.15,-79.85,117,478,320,231,585,52,314
"3305.11","NEF_GloFung-its2_183_2020",9.15,-79.85,117,478,320,231,585,52,314
"3305.12","NEF_GloFung-its2_183_2020",9.15,-79.85,117,478,320,231,585,52,314
"3305.13","NEF_GloFung-its2_183_2020",9.15,-79.85,117,478,320,231,585,52,314
"3305.14","NEF_GloFung-its2_183_2020",9.15,-79.85,117,478,320,231,585,52,314
"3305.15","NEF_GloFung-its2_183_2020",9.15,-79.85,117,478,320,231,585,52,314
"3305.16","NEF_GloFung-its2_183_2020",9.15,-79.85,117,478,320,231,585,52,314
"3305.17","NEF_GloFung-its2_183_2020",9.15,-79.85,117,478,320,231,585,52,314
"3305.18","NEF_GloFung-its2_183_2020",9.15,-79.85,117,478,320,231,585,52,314
"3305.19","NEF_GloFung-its2_183_2020",9.15,-79.85,117,478,320,231,585,52,314
"3305.20","NEF_GloFung-its2_183_2020",9.15,-79.85,117,478,320,231,585,52,314
"3326","NEF_GloFung-its2_184_2020",18.3,-65.8,56,607,208,256,816,50,463
"3326.1","NEF_GloFung-its2_184_2020",18.3,-65.8,56,607,208,256,816,50,463
"3326.2","NEF_GloFung-its2_184_2020",18.3,-65.8,56,607,208,256,816,50,463
"3326.3","NEF_GloFung-its2_184_2020",18.3,-65.8,56,607,208,256,816,50,463
"3326.4","NEF_GloFung-its2_184_2020",18.3,-65.8,56,607,208,256,816,50,463
"3326.5","NEF_GloFung-its2_184_2020",18.3,-65.8,56,607,208,256,816,50,463
"3326.6","NEF_GloFung-its2_184_2020",18.3,-65.8,56,607,208,256,816,50,463
"3326.7","NEF_GloFung-its2_184_2020",18.3,-65.8,56,607,208,256,816,50,463
"3326.8","NEF_GloFung-its2_184_2020",18.3,-65.8,56,607,208,256,816,50,463
"3326.9","NEF_GloFung-its2_184_2020",18.3,-65.8,56,607,208,256,816,50,463
"3326.10","NEF_GloFung-its2_184_2020",18.3,-65.8,56,607,208,256,816,50,463
"3326.11","NEF_GloFung-its2_184_2020",18.3,-65.8,56,607,208,256,816,50,463
"3326.12","NEF_GloFung-its2_184_2020",18.3,-65.8,56,607,208,256,816,50,463
"3326.13","NEF_GloFung-its2_184_2020",18.3,-65.8,56,607,208,256,816,50,463
"3326.14","NEF_GloFung-its2_184_2020",18.3,-65.8,56,607,208,256,816,50,463
"3326.15","NEF_GloFung-its2_184_2020",18.3,-65.8,56,607,208,256,816,50,463
"3326.16","NEF_GloFung-its2_184_2020",18.3,-65.8,56,607,208,256,816,50,463
"3326.17","NEF_GloFung-its2_184_2020",18.3,-65.8,56,607,208,256,816,50,463
"3326.18","NEF_GloFung-its2_184_2020",18.3,-65.8,56,607,208,256,816,50,463
"3326.19","NEF_GloFung-its2_184_2020",18.3,-65.8,56,607,208,256,816,50,463
"3326.20","NEF_GloFung-its2_184_2020",18.3,-65.8,56,607,208,256,816,50,463
"3347","NEF_GloFung-its2_185_2021",-22.783083,-48.412028,131,256,522,134,288,52,144
"3348","NEF_GloFung-its2_186_2021",-22.782778,-48.411528,131,256,522,134,288,52,144
"3347.1","NEF_GloFung-its2_185_2021",-22.783083,-48.412028,131,256,522,134,288,52,144
"3347.2","NEF_GloFung-its2_185_2021",-22.783083,-48.412028,131,256,522,134,288,52,144
"3351","NEF_GloFung-its2_187_2021",-22.817806,-48.39425,131,253,523,140,279,54,162
"3352","NEF_GloFung-its2_188_2021",-22.818444,-48.393528,131,253,523,140,279,54,162
"3353","NEF_GloFung-its2_189_2021",-22.818111,-48.392778,131,273,551,140,309,54,149
"3352.1","NEF_GloFung-its2_188_2021",-22.818444,-48.393528,131,253,523,140,279,54,162
"3355","NEF_GloFung-its2_190_2021",-22.814611,-48.401722,131,260,518,140,277,54,173
"3355.1","NEF_GloFung-its2_190_2021",-22.814611,-48.401722,131,260,518,140,277,54,173
"3355.2","NEF_GloFung-its2_190_2021",-22.814611,-48.401722,131,260,518,140,277,54,173
"3355.3","NEF_GloFung-its2_190_2021",-22.814611,-48.401722,131,260,518,140,277,54,173
"3359","NEF_GloFung-its2_191_2021",-22.893361,-48.495056,131,0,0,0,0,0,0
"3359.1","NEF_GloFung-its2_191_2021",-22.893361,-48.495056,131,0,0,0,0,0,0
"3361","NEF_GloFung-its2_192_2021",-22.892056,-48.493972,131,0,0,0,0,0,0
"3362","NEF_GloFung-its2_193_2021",-22.891389,-48.453639,131,0,0,0,0,0,0
"3363","NEF_GloFung-its2_194_2021",-22.870306,-48.460389,131,0,0,0,0,0,0
"3359.2","NEF_GloFung-its2_191_2021",-22.893361,-48.495056,131,0,0,0,0,0,0
"3359.3","NEF_GloFung-its2_191_2021",-22.893361,-48.495056,131,0,0,0,0,0,0
"3361.1","NEF_GloFung-its2_192_2021",-22.892056,-48.493972,131,0,0,0,0,0,0
"3363.1","NEF_GloFung-its2_194_2021",-22.870306,-48.460389,131,0,0,0,0,0,0
"3362.1","NEF_GloFung-its2_193_2021",-22.891389,-48.453639,131,0,0,0,0,0,0
"3369","NEF_GloFung-its2_195_2021",-22.786639,-48.410611,131,270,520,140,315,53,141
"3369.1","NEF_GloFung-its2_195_2021",-22.786639,-48.410611,131,270,520,140,315,53,141
"3371","NEF_GloFung-its2_196_2021",-22.786361,-48.408778,131,266,508,142,340,53,156
"3371.1","NEF_GloFung-its2_196_2021",-22.786361,-48.408778,131,266,508,142,340,53,156
"3373","NEF_GloFung-its2_197_2021",-22.885667,-48.506972,131,286,551,138,367,53,175
"3373.1","NEF_GloFung-its2_197_2021",-22.885667,-48.506972,131,286,551,138,367,53,175
"3373.2","NEF_GloFung-its2_197_2021",-22.885667,-48.506972,131,286,551,138,367,53,175
"3373.3","NEF_GloFung-its2_197_2021",-22.885667,-48.506972,131,286,551,138,367,53,175
"3377","NEF_GloFung-its2_198_2021",-22.817222,-48.393833,131,253,523,140,279,54,162
"3377.1","NEF_GloFung-its2_198_2021",-22.817222,-48.393833,131,253,523,140,279,54,162
"3379","NEF_GloFung-its2_199_2021",-22.839194,-48.427806,131,313,573,167,433,53,151
"3379.1","NEF_GloFung-its2_199_2021",-22.839194,-48.427806,131,313,573,167,433,53,151
"3379.2","NEF_GloFung-its2_199_2021",-22.839194,-48.427806,131,313,573,167,433,53,151
"3377.2","NEF_GloFung-its2_198_2021",-22.817222,-48.393833,131,253,523,140,279,54,162
"3377.3","NEF_GloFung-its2_198_2021",-22.817222,-48.393833,131,253,523,140,279,54,162
"3379.3","NEF_GloFung-its2_199_2021",-22.839194,-48.427806,131,313,573,167,433,53,151
"3379.4","NEF_GloFung-its2_199_2021",-22.839194,-48.427806,131,313,573,167,433,53,151
"3379.5","NEF_GloFung-its2_199_2021",-22.839194,-48.427806,131,313,573,167,433,53,151
"3387","NEF_GloFung-its2_200_2021",-22.843667,-48.427889,131,290,575,155,330,54,146
"3387.1","NEF_GloFung-its2_200_2021",-22.843667,-48.427889,131,290,575,155,330,54,146
"3387.2","NEF_GloFung-its2_200_2021",-22.843667,-48.427889,131,290,575,155,330,54,146
"3387.3","NEF_GloFung-its2_200_2021",-22.843667,-48.427889,131,290,575,155,330,54,146
"3391","NEF_GloFung-its2_201_2021",-18.17,-63.52,26,276,497,157,447,57,208
"3392","NEF_GloFung-its2_202_2021",-17.27,-64.38,26,329,293,161,518,54,431
"3393","NEF_GloFung-its2_203_2021",-18.18,-63.58,26,346,489,188,568,55,221
"3394","NEF_GloFung-its2_204_2021",-17.66,-66.42,27,266,404,225,287,69,319
"3395","NEF_GloFung-its2_205_2021",-17.67,-66.75,27,300,455,229,296,64,340
"3396","NEF_GloFung-its2_206_2021",-17.58,-66.34,27,210,474,189,193,73,309
"3397","NEF_GloFung-its2_207_2021",-17,-65.64,62,563,189,199,834,55,468
"3398","NEF_GloFung-its2_208_2021",-16.98,-65.41,62,480,98,198,693,53,534
"3399","NEF_GloFung-its2_209_2021",15.72,-96.41,25,291,590,213,280,63,238
"3400","NEF_GloFung-its2_210_2021",15.68,-96.47,25,252,569,219,277,67,244
"3401","NEF_GloFung-its2_211_2021",15.93,-95.78,25,167,605,164,206,68,237
"3402","NEF_GloFung-its2_212_2021",16.11,-95.32,63,261,615,180,270,65,196
"3403","NEF_GloFung-its2_213_2021",16.6,-95.02,63,160,571,173,179,64,232
"3404","NEF_GloFung-its2_214_2021",16.55,-93.88,64,180,533,194,197,65,243
"3405","NEF_GloFung-its2_215_2021",16.1,-91.69,24,616,404,206,730,53,243
"3406","NEF_GloFung-its2_216_2021",16.25,-90.83,24,508,355,196,456,61,291
"3407","NEF_GloFung-its2_217_2021",16.15,-90.89,24,491,362,194,556,59,285
"3408","NEF_GloFung-its2_218_2021",16.16,-91.31,24,453,378,227,435,59,264
"3409","NEF_GloFung-its2_219_2021",19.29,-99.19,23,265,454,271,310,62,294
"3410","NEF_GloFung-its2_220_2021",19.28,-99.37,23,375,514,266,507,62,286
"3410.1","NEF_GloFung-its2_220_2021",19.28,-99.37,23,375,514,266,507,62,286
"3412","NEF_GloFung-its2_221_2021",19,-99.1,23,451,446,274,444,60,302
"3413","NEF_GloFung-its2_222_2021",18.32,-65.82,56,660,128,287,847,51,301
"3414","NEF_GloFung-its2_223_2021",-15.52,-47.53,48,170,284,111,389,53,334
"3415","NEF_GloFung-its2_224_2021",-13.64,-47.48,19,176,442,111,387,50,246
"3416","NEF_GloFung-its2_225_2021",-14.15,-47.82,19,178,393,141,296,54,275
"3417","NEF_GloFung-its2_226_2021",-15.81,-48.85,18,214,434,107,437,53,202
"3420","NEF_GloFung-its2_229_2021",24.4,-99.92,65,294,452,179,361,75,286
"3421","NEF_GloFung-its2_230_2021",24.52,-99.98,65,433,420,205,685,68,266
"3422","NEF_GloFung-its2_231_2021",24.75,-100.03,65,194,381,165,250,79,307
"3424","NEF_GloFung-its2_233_2021",24.73,-100.11,65,297,449,148,357,71,288
"3425","NEF_GloFung-its2_234_2021",25.25,-100.93,17,364,369,181,460,71,292
"3426","NEF_GloFung-its2_235_2021",25.25,-100.85,17,318,389,215,417,71,275
"3427","NEF_GloFung-its2_236_2021",25.25,-100.91,17,366,307,223,493,73,278
"3429","NEF_GloFung-its2_238_2021",25.22,-100.39,17,500,421,226,692,67,292
"3430","NEF_GloFung-its2_239_2021",20.2,-87.48,51,807,610,350,1054,72,192
"3431","NEF_GloFung-its2_240_2021",19.96,-89.17,50,354,320,327,435,73,238
"3432","NEF_GloFung-its2_241_2021",20.86,-90.15,66,605,392,324,827,78,337
"3433","NEF_GloFung-its2_242_2021",20.94,-90.37,66,324,642,282,583,82,161
"3435","NEF_GloFung-its2_244_2021",9.86,-82.95,67,716,273,253,1292,54,378
"3436","NEF_GloFung-its2_245_2021",10.22,-84.6,20,778,348,198,773,53,356
"3437","NEF_GloFung-its2_246_2021",9.56,-83.71,67,570,358,253,1034,51,372
"3438","NEF_GloFung-its2_247_2021",-27.22,-65.63,68,277,377,201,388,57,432
"3439","NEF_GloFung-its2_248_2021",-26.77,-65.33,68,276,332,191,474,57,440
"3440","NEF_GloFung-its2_249_2021",-23.92,-64.93,49,219,334,207,455,59,368
"3441","NEF_GloFung-its2_250_2021",-27.32,-65.91,68,261,342,198,630,63,401
"3442","NEF_GloFung-its2_251_2021",-30.21,-67.31,52,67,599,160,79,77,231
"3443","NEF_GloFung-its2_252_2021",-30.21,-67.29,52,82,626,158,71,78,226
"3444","NEF_GloFung-its2_253_2021",-30.65,-65.6,69,97,457,181,111,72,355
"3445","NEF_GloFung-its2_254_2021",-30.63,-65.59,69,90,466,190,101,75,362
"3446","NEF_GloFung-its2_255_2021",-30.12,-66.63,52,74,465,183,111,76,317
"3447","NEF_GloFung-its2_256_2021",-30.9,-65.01,69,221,425,174,285,65,355
"3436.1","NEF_GloFung-its2_245_2021",10.22,-84.6,20,778,348,198,773,53,356
"3437.1","NEF_GloFung-its2_246_2021",9.56,-83.71,67,570,358,253,1034,51,372
"3450","NEF_GloFung-its2_257_2021",4.94,-52.3,11,0,0,0,0,0,0
"3435.1","NEF_GloFung-its2_244_2021",9.86,-82.95,67,716,273,253,1292,54,378
"3454","NEF_GloFung-its2_260_2021",3.32,-76.62,70,473,333,248,736,52,266
"3455","NEF_GloFung-its2_261_2021",3.91,-77.35,70,0,0,0,0,0,0
"3456","NEF_GloFung-its2_262_2021",3.29,-76.63,70,513,394,325,1034,53,272
"3457","NEF_GloFung-its2_263_2021",6.73,-75.49,47,524,323,246,939,54,365
"3472","NEF_GloFung-its2_278_2021",4.57,-52.19,11,379,309,191,608,46,344
"3473","NEF_GloFung-its2_279_2021",4.55,-52.21,11,422,341,169,593,46,345
"3474","NEF_GloFung-its2_280_2021",4.56,-52.2,11,407,326,185,550,48,334
"3476","NEF_GloFung-its2_282_2021",22.2,-102.6,14,261,478,263,333,61,265
"3477","NEF_GloFung-its2_283_2021",17.17,-96.64,9,465,486,220,779,50,278
"3478","NEF_GloFung-its2_284_2021",19.17,-97.3,72,446,514,183,622,55,311
"3479","NEF_GloFung-its2_285_2021",8.76,-82.27,13,567,366,191,774,52,331
"3480","NEF_GloFung-its2_286_2021",8.76,-82.24,13,747,376,204,920,52,290
"3481","NEF_GloFung-its2_287_2021",8.75,-82.24,13,536,319,235,731,53,292
"3482","NEF_GloFung-its2_288_2021",8.66,-82.22,13,517,345,167,566,51,320
"3483","NEF_GloFung-its2_289_2021",8.68,-82.21,13,640,343,149,516,51,311
"3484","NEF_GloFung-its2_290_2021",8.49,-82.43,13,348,338,163,424,53,345
"3485","NEF_GloFung-its2_291_2021",8.76,-82.22,13,680,382,225,768,54,342
"3487","NEF_GloFung-its2_293_2021",9.49,-75.42,73,378,337,237,480,61,327
"3488","NEF_GloFung-its2_294_2021",9.49,-75.46,73,374,325,193,494,60,364
"3489","NEF_GloFung-its2_295_2021",8.27,-75.2,73,0,0,0,0,0,0
"3490","NEF_GloFung-its2_296_2021",8.28,-75.12,73,318,338,187,378,53,401
"3491","NEF_GloFung-its2_297_2021",8.28,-75.13,73,324,318,212,323,54,380
"3492","NEF_GloFung-its2_298_2021",13.33,-59.63,74,0,0,0,0,0,0
"3493","NEF_GloFung-its2_299_2021",10.5,-84.69,20,654,365,120,391,56,342
"3494","NEF_GloFung-its2_300_2021",8.64,-83.72,75,456,339,191,419,54,345
"3495","NEF_GloFung-its2_301_2021",-3.83,-73.32,76,0,0,0,0,0,0
"3529","NEF_GloFung-its2_330_2021",5.31,-59.92,57,277,415,162,446,53,283
"3530","NEF_GloFung-its2_331_2021",5.28,-59.92,57,270,408,155,413,52,298
"3531","NEF_GloFung-its2_332_2021",5.3,-59.91,57,244,425,151,380,52,288
"3532","NEF_GloFung-its2_333_2021",5.31,-59.93,57,262,410,156,392,52,304
"3533","NEF_GloFung-its2_334_2021",5.43,-60.08,57,332,385,147,438,47,335
"3534","NEF_GloFung-its2_335_2021",5.44,-60.09,57,321,394,161,433,49,305
"3535","NEF_GloFung-its2_336_2021",5.44,-60.08,57,287,373,170,425,48,334
"3413.1","NEF_GloFung-its2_222_2021",18.32,-65.82,56,660,128,287,847,51,301
"3413.2","NEF_GloFung-its2_222_2021",18.32,-65.82,56,660,128,287,847,51,301
"3538","NEF_GloFung-its2_337_2021",18.32,-65.73,56,501,175,288,704,50,405
"3413.3","NEF_GloFung-its2_222_2021",18.32,-65.82,56,660,128,287,847,51,301
"3413.4","NEF_GloFung-its2_222_2021",18.32,-65.82,56,660,128,287,847,51,301
"3541","NEF_GloFung-its2_338_2021",21.21,-87.19,51,897,431,280,1065,73,238
"3542","NEF_GloFung-its2_339_2021",20.83,-103.85,81,491,472,254,426,60,247
"3543","NEF_GloFung-its2_340_2021",20.81,-103.86,81,595,463,251,447,61,249
"3544","NEF_GloFung-its2_341_2021",19.62,-101.33,82,337,450,279,490,59,300
"3545","NEF_GloFung-its2_342_2021",19.28,-99.36,23,494,505,260,781,59,315
"3546","NEF_GloFung-its2_343_2021",19.27,-98.04,72,474,505,242,696,56,358
"3547","NEF_GloFung-its2_344_2021",19.85,-97.22,3,417,479,233,562,55,232
"3548","NEF_GloFung-its2_345_2021",19.78,-97.1,3,499,355,239,626,53,278
"3549","NEF_GloFung-its2_346_2021",20.09,-89.55,50,356,331,325,454,72,200
"3550","NEF_GloFung-its2_347_2021",16.09,-91.68,24,615,379,205,759,54,269
"3551","NEF_GloFung-its2_348_2021",16.11,-91.68,24,554,426,192,757,55,249
"3552","NEF_GloFung-its2_349_2021",18.58,-95.08,83,412,450,170,474,54,276
"3553","NEF_GloFung-its2_350_2021",16.81,-91.11,24,459,413,200,544,62,247
"3554","NEF_GloFung-its2_351_2021",19.39,-97.7,72,339,537,204,352,67,240
"3555","NEF_GloFung-its2_352_2021",19.05,-99.31,23,429,434,254,636,58,326
"3556","NEF_GloFung-its2_353_2021",17.62,-92.47,85,529,499,196,535,57,266
"3557","NEF_GloFung-its2_354_2021",18.23,-89.8,86,519,350,311,603,74,166
"3558","NEF_GloFung-its2_355_2021",17.64,-96.38,9,593,456,217,785,52,285
"3559","NEF_GloFung-its2_356_2021",20.96,-98.68,87,681,370,285,756,55,316
"3560","NEF_GloFung-its2_357_2021",16.88,-93.45,64,374,399,203,379,58,267
"3561","NEF_GloFung-its2_358_2021",15.91,-97.08,25,239,719,197,237,64,185
"3562","NEF_GloFung-its2_359_2021",19.13,-98.66,23,416,471,215,631,61,334
"3563","NEF_GloFung-its2_360_2021",17.39,-96.46,9,471,441,222,849,51,317
"3564","NEF_GloFung-its2_361_2021",17.39,-96.45,9,503,431,209,750,48,315
"3565","NEF_GloFung-its2_362_2021",20.48,-98.67,87,370,419,257,349,69,228
"3566","NEF_GloFung-its2_363_2021",19.51,-105.05,44,268,551,245,214,66,233
"3567","NEF_GloFung-its2_364_2021",20.64,-98.6,87,511,424,282,552,58,297
"3568","NEF_GloFung-its2_365_2021",20.16,-98.55,87,340,443,254,337,64,256
"3569","NEF_GloFung-its2_366_2021",18.16,-97.3,9,243,478,194,370,76,309
"3570","NEF_GloFung-its2_367_2021",17.34,-96.47,9,385,431,219,696,51,285
"3571","NEF_GloFung-its2_368_2021",15.8,-96.11,25,213,680,217,287,64,197
"3572","NEF_GloFung-its2_369_2021",16.88,-93.46,64,403,406,195,384,58,256
"3556.1","NEF_GloFung-its2_353_2021",17.62,-92.47,85,529,499,196,535,57,266
"3552.1","NEF_GloFung-its2_349_2021",18.58,-95.08,83,412,450,170,474,54,276
"3575","NEF_GloFung-its2_370_2021",19.68,-96.85,3,555,487,284,740,55,350
"3576","NEF_GloFung-its2_371_2021",19.67,-100.29,82,499,496,229,825,57,296
"3577","NEF_GloFung-its2_372_2021",14.78,-91,88,446,433,235,645,61,371
"3578","NEF_GloFung-its2_373_2021",14.52,-90.88,88,492,418,228,801,58,377
"3579","NEF_GloFung-its2_374_2021",14.09,-90.62,88,278,297,252,490,63,363
"3580","NEF_GloFung-its2_375_2021",14.05,-90.48,88,297,300,234,409,61,378
"3581","NEF_GloFung-its2_376_2021",13.91,-90.42,88,251,320,217,261,63,370
"3582","NEF_GloFung-its2_377_2021",14.4,-90.47,88,294,335,223,469,59,320
"3583","NEF_GloFung-its2_378_2021",20.26,-87.39,51,0,0,0,0,0,0
"3584","NEF_GloFung-its2_379_2021",20.75,-88.47,50,866,369,292,632,74,208
"3585","NEF_GloFung-its2_380_2021",20.68,-88.57,50,797,356,319,540,72,228
"3586","NEF_GloFung-its2_381_2021",19.08,-91.06,89,0,0,0,0,0,0
"3587","NEF_GloFung-its2_382_2021",19.77,-90.55,89,301,354,289,458,74,219
"3588","NEF_GloFung-its2_383_2021",20.86,-90.14,66,562,384,331,854,79,341
"3589","NEF_GloFung-its2_384_2021",-25.69,-54.43,43,0,0,0,0,0,0
"3590","NEF_GloFung-its2_385_2021",-25.24,-53.96,90,374,153,151,483,55,346
"3591","NEF_GloFung-its2_386_2021",-25.16,-53.84,90,373,183,167,488,54,336
"3592","NEF_GloFung-its2_387_2021",-25.08,-53.19,90,393,147,208,546,52,310
"3593","NEF_GloFung-its2_388_2021",-25.47,-50.4,91,336,293,241,559,50,374
"3594","NEF_GloFung-its2_389_2021",-25.47,-49.7,91,352,252,205,602,51,317
"3595","NEF_GloFung-its2_390_2021",-25.67,-48.45,46,0,0,0,0,0,0
"3596","NEF_GloFung-its2_391_2021",-25.37,-48.87,46,430,288,218,668,47,306
"3597","NEF_GloFung-its2_392_2021",-24.6,-47.88,46,454,483,260,551,50,217
"3598","NEF_GloFung-its2_393_2021",-24.25,-46.92,92,414,413,253,586,49,224
"3599","NEF_GloFung-its2_394_2021",-22.39,-44.76,42,499,509,193,534,50,186
"3600","NEF_GloFung-its2_395_2021",-22.36,-44.74,42,637,451,221,1041,49,235
"3601","NEF_GloFung-its2_396_2021",-22.4,-44.67,42,640,398,223,710,51,287
"3602","NEF_GloFung-its2_397_2021",-22.6,-43.56,93,369,387,152,426,52,331
"3603","NEF_GloFung-its2_398_2021",-22.64,-42.47,93,247,510,176,370,56,201
"3604","NEF_GloFung-its2_399_2021",-22.1,-41.44,94,372,364,265,455,57,332
"3605","NEF_GloFung-its2_400_2021",-22.13,-41.35,94,381,368,253,542,59,339
"3606","NEF_GloFung-its2_401_2021",-22.09,-41.45,94,358,331,269,486,57,317
"3607","NEF_GloFung-its2_402_2021",-21.79,-41.44,94,292,492,189,456,55,180
"3608","NEF_GloFung-its2_403_2021",-21.2,-41.29,94,292,486,183,383,58,214
"3609","NEF_GloFung-its2_404_2021",-20.69,-40.73,95,298,445,201,469,56,256
"3610","NEF_GloFung-its2_405_2021",-19.66,-39.89,96,596,300,252,674,56,234
"3611","NEF_GloFung-its2_406_2021",-19,-40.01,96,333,469,149,413,53,207
"3612","NEF_GloFung-its2_407_2021",-18.1,-39.89,38,359,464,164,496,52,219
"3613","NEF_GloFung-its2_408_2021",-16.99,-39.57,38,291,457,180,460,54,241
"3614","NEF_GloFung-its2_409_2021",-15.88,-39.53,97,320,476,179,554,56,226
"3615","NEF_GloFung-its2_410_2021",-14.43,-39.05,98,324,375,172,391,51,273
"3616","NEF_GloFung-its2_411_2021",-14.16,-39,98,277,320,256,814,50,369
"3617","NEF_GloFung-its2_412_2021",-13.69,-39.06,99,0,0,0,0,0,0
"3618","NEF_GloFung-its2_413_2021",-12.8,-39.2,99,302,486,257,503,58,236
"3619","NEF_GloFung-its2_414_2021",-11.77,-37.73,41,211,492,172,346,53,220
"3620","NEF_GloFung-its2_415_2021",-11.66,-37.48,41,200,407,163,383,53,280
"3621","NEF_GloFung-its2_416_2021",-11.48,-37.48,41,197,420,144,333,51,306
"3622","NEF_GloFung-its2_417_2021",-10.97,-37.26,100,204,404,127,328,53,326
"3623","NEF_GloFung-its2_418_2021",-10.65,-36.87,100,161,491,133,305,54,256
"3624","NEF_GloFung-its2_419_2021",-10.69,-36.84,100,189,497,119,312,54,262
"3625","NEF_GloFung-its2_420_2021",-10.63,-36.76,100,165,423,127,248,53,286
"3626","NEF_GloFung-its2_421_2021",-10.62,-36.71,100,244,398,136,376,53,277
"3627","NEF_GloFung-its2_422_2021",-10.79,-36.91,100,222,340,175,439,54,317
"3628","NEF_GloFung-its2_423_2021",-10.76,-36.97,100,208,435,153,327,51,283
"3629","NEF_GloFung-its2_424_2021",-10.95,-37.15,100,232,402,145,373,52,338
"3630","NEF_GloFung-its2_425_2021",-10.8,-37.29,100,226,505,134,338,52,216
"3631","NEF_GloFung-its2_426_2021",-10.59,-37.49,100,247,522,181,330,61,211
"3632","NEF_GloFung-its2_427_2021",-9.88,-38.05,101,206,577,272,299,67,224
"3633","NEF_GloFung-its2_428_2021",-8.74,-38.47,39,76,643,199,78,67,203
"3634","NEF_GloFung-its2_429_2021",-8.68,-38.81,39,99,591,201,117,68,249
"3635","NEF_GloFung-its2_430_2021",-8.46,-39.19,39,112,582,210,102,66,224
"3636","NEF_GloFung-its2_431_2021",-7.31,-38.93,102,107,527,168,113,61,255
"3637","NEF_GloFung-its2_432_2021",-5.64,-38.99,103,125,664,194,131,60,183
"3638","NEF_GloFung-its2_433_2021",-4.89,-39.05,37,135,617,184,202,61,217
"3639","NEF_GloFung-its2_434_2021",-4.48,-38.88,37,120,738,154,166,58,137
"3640","NEF_GloFung-its2_435_2021",-4.41,-38.91,37,188,573,156,307,54,193
"3641","NEF_GloFung-its2_436_2021",-3.98,-38.63,37,319,480,158,509,51,261
"3642","NEF_GloFung-its2_437_2021",16.04,-61.64,36,735,300,288,908,53,323
"3643","NEF_GloFung-its2_438_2021",16.19,-61.74,36,700,286,271,810,59,267
"3644","NEF_GloFung-its2_439_2021",16.31,-61.8,36,0,0,0,0,0,0
"3645","NEF_GloFung-its2_440_2021",15.5,-61.26,36,671,298,262,613,57,338
"3646","NEF_GloFung-its2_441_2021",15.38,-61.34,36,682,254,288,813,56,349
"3647","NEF_GloFung-its2_442_2021",15.26,-61.34,36,607,241,276,913,57,328
"3648","NEF_GloFung-its2_443_2021",15.35,-61.32,36,629,292,229,959,53,310
"3649","NEF_GloFung-its2_444_2021",15.58,-61.47,36,0,0,0,0,0,0
"3650","NEF_GloFung-its2_445_2021",18.45,-64.53,35,0,0,0,0,0,0
"3651","NEF_GloFung-its2_446_2021",18.4,-64.66,35,585,313,289,697,57,393
"3652","NEF_GloFung-its2_447_2021",18.39,-64.71,35,0,0,0,0,0,0
"3653","NEF_GloFung-its2_448_2021",18.14,-66.97,34,976,203,298,1256,51,340
"3654","NEF_GloFung-its2_449_2021",17.94,-66.95,34,615,202,392,607,72,396
"3655","NEF_GloFung-its2_450_2021",18.18,-66.49,34,715,151,299,1028,52,361
"3656","NEF_GloFung-its2_451_2021",18.13,-66.07,56,466,202,259,538,54,316
"3657","NEF_GloFung-its2_452_2021",18.31,-65.75,56,589,168,266,709,50,407
"3658","NEF_GloFung-its2_453_2021",18.45,-65.91,56,0,0,0,0,0,0
"3666","NEF_GloFung-its2_460_2021",20.02,-75.78,32,420,180,408,424,72,355
"3667","NEF_GloFung-its2_461_2021",19.98,-75.84,32,566,154,384,728,68,403
"3668","NEF_GloFung-its2_462_2021",20.01,-75.64,32,593,145,337,882,56,372
"3669","NEF_GloFung-its2_463_2021",20.01,-75.62,32,593,156,305,859,56,427
"3670","NEF_GloFung-its2_464_2021",20.84,-76.13,32,504,213,439,435,70,374
"3671","NEF_GloFung-its2_465_2021",20.78,-76.3,32,262,213,401,347,71,332
"3672","NEF_GloFung-its2_466_2021",20.35,-76.55,32,254,206,407,333,69,314
"3673","NEF_GloFung-its2_467_2021",20.2,-76.45,32,668,294,278,919,60,327
"3674","NEF_GloFung-its2_468_2021",20.17,-76.51,32,587,248,332,708,61,361
"3675","NEF_GloFung-its2_469_2021",21.51,-77.04,105,909,286,343,1504,70,280
"3676","NEF_GloFung-its2_470_2021",22.35,-78.83,106,405,177,347,446,70,357
"3677","NEF_GloFung-its2_471_2021",22.3,-79.22,106,704,154,455,657,67,319
"3678","NEF_GloFung-its2_472_2021",22.16,-80.82,107,832,173,324,1146,68,339
"3679","NEF_GloFung-its2_473_2021",22.28,-81.19,107,0,0,0,0,0,0
"3680","NEF_GloFung-its2_474_2021",22.43,-81.15,107,880,186,309,1561,64,295
"3681","NEF_GloFung-its2_475_2021",22.6,-81.32,107,994,150,329,1493,66,274
"3682","NEF_GloFung-its2_476_2021",22.75,-83.38,30,476,279,234,611,59,279
"3683","NEF_GloFung-its2_477_2021",22.65,-83.71,30,507,264,240,579,60,318
"3684","NEF_GloFung-its2_478_2021",22.54,-83.71,30,445,237,242,516,59,330
"3685","NEF_GloFung-its2_479_2021",22.12,-83.97,30,0,0,0,0,0,0
"3691","NEF_GloFung-its2_485_2021",11.23,-73.83,53,451,335,264,482,60,290
"3692","NEF_GloFung-its2_486_2021",11.28,-74.01,53,436,339,255,475,65,308
"3693","NEF_GloFung-its2_487_2021",11.26,-73.7,53,0,0,0,0,0,0
"3694","NEF_GloFung-its2_488_2021",11.25,-73.67,53,0,0,0,0,0,0
"3695","NEF_GloFung-its2_489_2021",11.26,-73.6,53,0,0,0,0,0,0
"3696","NEF_GloFung-its2_490_2021",12.21,-72.18,109,0,0,0,0,0,0
"3697","NEF_GloFung-its2_491_2021",11.37,-73.12,109,0,0,0,0,0,0
"3698","NEF_GloFung-its2_492_2021",11.31,-73.93,53,0,0,0,0,0,0
"3699","NEF_GloFung-its2_493_2021",-2.58,-60.03,110,217,450,156,290,41,205
"3700","NEF_GloFung-its2_494_2021",-2.57,-60.02,110,230,453,145,319,41,225
"3701","NEF_GloFung-its2_495_2021",-2.59,-60.03,110,224,425,170,290,40,236
"3705","NEF_GloFung-its2_499_2021",-2.57,-60.32,110,231,356,179,334,40,346
"3706","NEF_GloFung-its2_500_2021",-2.56,-60.32,110,213,362,161,317,40,283
"3706.1","NEF_GloFung-its2_500_2021",-2.56,-60.32,110,213,362,161,317,40,283
"3708","NEF_GloFung-its2_501_2021",-2.56,-60.33,110,222,386,167,319,40,293
"3706.2","NEF_GloFung-its2_500_2021",-2.56,-60.32,110,213,362,161,317,40,283
"3706.3","NEF_GloFung-its2_500_2021",-2.56,-60.32,110,213,362,161,317,40,283
"3711","NEF_GloFung-its2_502_2021",-3.04,-60.77,110,256,345,138,307,41,335
"3712","NEF_GloFung-its2_503_2021",-3.08,-60.78,110,270,317,131,265,42,358
"3713","NEF_GloFung-its2_504_2021",-3.09,-60.84,110,257,368,130,261,40,272
"3714","NEF_GloFung-its2_505_2021",-1.97,-61.49,112,229,309,145,416,42,320
"3715","NEF_GloFung-its2_506_2021",-1.96,-61.44,112,250,328,153,382,43,268
"3716","NEF_GloFung-its2_507_2021",-1.94,-61.45,112,0,0,0,0,0,0
"3717","NEF_GloFung-its2_508_2021",-1.93,-61.45,112,0,0,0,0,0,0
"3718","NEF_GloFung-its2_509_2021",-1.91,-61.46,112,0,0,0,0,0,0
"3719","NEF_GloFung-its2_510_2021",-1.9,-61.46,112,221,350,145,474,43,325
"3720","NEF_GloFung-its2_511_2021",-1.74,-51.39,113,298,380,148,369,45,265
"3720.1","NEF_GloFung-its2_511_2021",-1.74,-51.39,113,298,380,148,369,45,265
"3720.2","NEF_GloFung-its2_511_2021",-1.74,-51.39,113,298,380,148,369,45,265
"3723","NEF_GloFung-its2_512_2021",-1.77,-51.42,113,301,416,142,460,46,240
"3724","NEF_GloFung-its2_513_2021",-1.77,-51.43,113,0,0,0,0,0,0
"3725","NEF_GloFung-its2_514_2021",-1.78,-51.43,113,296,304,226,639,49,302
"3726","NEF_GloFung-its2_515_2021",-1.74,-51.46,113,230,436,141,269,45,253
"3726.1","NEF_GloFung-its2_515_2021",-1.74,-51.46,113,230,436,141,269,45,253
"3726.2","NEF_GloFung-its2_515_2021",-1.74,-51.46,113,230,436,141,269,45,253
"3729","NEF_GloFung-its2_516_2021",-1.72,-51.45,113,290,398,159,299,45,230
"3729.1","NEF_GloFung-its2_516_2021",-1.72,-51.45,113,290,398,159,299,45,230
"3731","NEF_GloFung-its2_517_2021",-1.74,-51.44,113,239,464,170,596,44,216
"3732","NEF_GloFung-its2_518_2021",-4.35,-70.03,40,0,0,0,0,0,0
"3733","NEF_GloFung-its2_519_2021",-4.35,-70.02,40,318,140,162,493,44,628
"3734","NEF_GloFung-its2_520_2021",-4.34,-70.01,40,306,142,168,465,43,587
"3735","NEF_GloFung-its2_521_2021",-4.43,-70.08,40,337,180,173,426,43,506
"3736","NEF_GloFung-its2_522_2021",-4.42,-70.06,40,337,314,160,452,42,395
"3737","NEF_GloFung-its2_523_2021",-4.43,-70.07,40,347,240,163,500,43,451
"3738","NEF_GloFung-its2_524_2021",-4.32,-70,40,334,112,160,465,45,616
"3738.1","NEF_GloFung-its2_524_2021",-4.32,-70,40,334,112,160,465,45,616
"3740","NEF_GloFung-its2_525_2021",-4.33,-70.01,40,336,109,156,597,43,630
"3741","NEF_GloFung-its2_526_2021",6.75,-75.48,47,570,334,269,1080,53,349
"3742","NEF_GloFung-its2_527_2021",6.5,-75.55,47,623,386,300,1042,52,326
"3743","NEF_GloFung-its2_528_2021",5.89,-74.85,47,364,310,210,437,49,352
"3744","NEF_GloFung-its2_529_2021",11.18,-74.24,53,0,0,0,0,0,0
"3745","NEF_GloFung-its2_530_2021",-3.99,-69.9,40,355,368,191,397,42,301
"3746","NEF_GloFung-its2_531_2021",-4,-69.89,40,362,426,201,397,42,296
"3747","NEF_GloFung-its2_532_2021",-4.05,-69.99,40,351,338,189,470,43,357
"3748","NEF_GloFung-its2_533_2021",-4,-69.9,40,339,443,199,420,42,272
"3749","NEF_GloFung-its2_534_2021",-4.01,-69.9,40,339,437,189,396,42,306
"3748.1","NEF_GloFung-its2_533_2021",-4,-69.9,40,339,443,199,420,42,272
"3751","NEF_GloFung-its2_535_2021",5.72,-73.47,54,452,318,283,750,59,340
"3752","NEF_GloFung-its2_536_2021",5.72,-73.43,54,647,405,305,1132,56,321
"3753","NEF_GloFung-its2_537_2021",4.88,-75.18,45,609,414,307,1095,55,285
"3754","NEF_GloFung-its2_538_2021",4.88,-75.19,45,643,444,322,1167,55,236
"3755","NEF_GloFung-its2_539_2021",6.26,-75.5,47,564,367,239,1124,50,333
"3756","NEF_GloFung-its2_540_2021",6.15,-75.44,47,510,385,266,826,53,328
"3757","NEF_GloFung-its2_541_2021",4.92,-75.27,45,665,457,340,1400,54,281
"3758","NEF_GloFung-its2_542_2021",4.88,-75.17,45,669,399,336,1350,55,304
"3758.1","NEF_GloFung-its2_542_2021",4.88,-75.17,45,669,399,336,1350,55,304
"3760","NEF_GloFung-its2_543_2021",5.77,-73.43,54,455,339,294,767,54,305
"3761","NEF_GloFung-its2_544_2021",-0.6,-72.41,33,383,534,253,707,43,245
"3762","NEF_GloFung-its2_545_2021",-0.62,-72.4,33,393,534,228,675,43,265
"3762.1","NEF_GloFung-its2_545_2021",-0.62,-72.4,33,393,534,228,675,43,265
"3764","NEF_GloFung-its2_546_2021",-0.64,-72.07,33,418,477,234,531,41,257
"3765","NEF_GloFung-its2_547_2021",-0.63,-72.09,33,416,436,245,731,41,287
"3766","NEF_GloFung-its2_548_2021",-0.56,-72.11,33,377,460,238,566,41,284
"3764.1","NEF_GloFung-its2_546_2021",-0.64,-72.07,33,418,477,234,531,41,257
"3768","NEF_GloFung-its2_549_2021",6.7,-75.47,47,499,332,234,988,52,323
"3769","NEF_GloFung-its2_550_2021",6.71,-75.47,47,565,312,239,1070,54,361
"3770","NEF_GloFung-its2_551_2021",6.75,-75.49,47,566,334,229,1179,53,348
"3771","NEF_GloFung-its2_552_2021",4.87,-75.13,45,589,334,318,1003,54,314
"3773","NEF_GloFung-its2_554_2021",4.87,-75.17,45,612,383,318,1173,55,286
"3775","NEF_GloFung-its2_556_2021",4.87,-75.25,45,481,468,284,931,59,291
"3747.1","NEF_GloFung-its2_532_2021",-4.05,-69.99,40,351,338,189,470,43,357
"3748.2","NEF_GloFung-its2_533_2021",-4,-69.9,40,339,443,199,420,42,272
"3746.1","NEF_GloFung-its2_531_2021",-4,-69.89,40,362,426,201,397,42,296
"3748.3","NEF_GloFung-its2_533_2021",-4,-69.9,40,339,443,199,420,42,272
"3749.1","NEF_GloFung-its2_534_2021",-4.01,-69.9,40,339,437,189,396,42,306
"3749.2","NEF_GloFung-its2_534_2021",-4.01,-69.9,40,339,437,189,396,42,306
"3749.3","NEF_GloFung-its2_534_2021",-4.01,-69.9,40,339,437,189,396,42,306
"3749.4","NEF_GloFung-its2_534_2021",-4.01,-69.9,40,339,437,189,396,42,306
"3793","NEF_GloFung-its2_566_2021",-0.93,-71.61,33,448,422,246,502,43,319
"3764.2","NEF_GloFung-its2_546_2021",-0.64,-72.07,33,418,477,234,531,41,257
"3764.3","NEF_GloFung-its2_546_2021",-0.64,-72.07,33,418,477,234,531,41,257
"3799","NEF_GloFung-its2_570_2021",-0.64,-72.08,33,354,469,228,507,41,274
"3801","NEF_GloFung-its2_572_2021",-0.63,-72.39,33,338,460,240,635,44,308
"3803","NEF_GloFung-its2_574_2021",-0.63,-72.4,33,393,433,228,669,45,309
"3805","NEF_GloFung-its2_576_2021",-0.64,-72.4,33,364,501,241,632,43,278
"3745.1","NEF_GloFung-its2_530_2021",-3.99,-69.9,40,355,368,191,397,42,301
"3748.4","NEF_GloFung-its2_533_2021",-4,-69.9,40,339,443,199,420,42,272
"3748.5","NEF_GloFung-its2_533_2021",-4,-69.9,40,339,443,199,420,42,272
"3766.1","NEF_GloFung-its2_548_2021",-0.56,-72.11,33,377,460,238,566,41,284
"3765.1","NEF_GloFung-its2_547_2021",-0.63,-72.09,33,416,436,245,731,41,287
"3762.2","NEF_GloFung-its2_545_2021",-0.62,-72.4,33,393,534,228,675,43,265
"3762.3","NEF_GloFung-its2_545_2021",-0.62,-72.4,33,393,534,228,675,43,265
"4129","NEF_GloFung-its2_494_2020",-2.5708,-60.01995,110,230,453,145,319,41,225
"4130","NEF_GloFung-its2_615_2020",-4.32071666,-70.00263333,40,328,110,162,461,45,620
"4131","NEF_GloFung-its2_616_2020",-3.07933333,-60.77676667,110,248,266,134,307,42,410
"4132","NEF_GloFung-its2_617_2020",-1.73676666,-51.46168333,113,206,436,138,269,45,228
"4133","NEF_GloFung-its2_618_2020",-4.32608333,-70.00603333,40,319,145,156,442,45,585
"4134","NEF_GloFung-its2_619_2020",-4.42538333,-70.07126667,40,325,226,163,453,43,515
"4135","NEF_GloFung-its2_620_2020",-1.95511666,-61.44468333,112,249,316,160,460,42,302
"4136","NEF_GloFung-its2_621_2020",-4.42648333,-70.07526667,40,327,190,157,444,42,498
"4137","NEF_GloFung-its2_622_2020",-1.7403,-51.44491667,113,0,0,0,0,0,0
"4138","NEF_GloFung-its2_623_2020",-1.71751666,-51.45273333,113,290,407,160,300,45,229
"4139","NEF_GloFung-its2_624_2020",-1.78038333,-51.42853333,113,0,0,0,0,0,0
"4135.1","NEF_GloFung-its2_620_2020",-1.95511666,-61.44468333,112,249,316,160,460,42,302
"4141","NEF_GloFung-its2_625_2020",-1.74335,-51.3872,113,308,350,177,410,47,312
"4142","NEF_GloFung-its2_626_2020",-4.33586666,-70.01043333,40,315,138,166,591,43,611
"4143","NEF_GloFung-its2_627_2020",-2.55518333,-60.31978333,110,265,318,194,357,42,336
"4144","NEF_GloFung-its2_628_2020",-1.93945,-61.44631667,112,240,255,179,539,43,388
"4145","NEF_GloFung-its2_629_2020",-1.46143333,-61.46143333,112,236,244,141,368,40,389
"4143.1","NEF_GloFung-its2_627_2020",-2.55518333,-60.31978333,110,265,318,194,357,42,336
"4147","NEF_GloFung-its2_630_2020",-1.73941666,-51.45631667,113,229,441,141,276,44,240
"4148","NEF_GloFung-its2_631_2020",-3.08725,-60.84361667,110,263,371,128,267,41,270
"4149","NEF_GloFung-its2_632_2020",-1.926,-61.4529,112,0,0,0,0,0,0
"4141.1","NEF_GloFung-its2_625_2020",-1.74335,-51.3872,113,308,350,177,410,47,312
"4141.2","NEF_GloFung-its2_625_2020",-1.74335,-51.3872,113,308,350,177,410,47,312
"4137.1","NEF_GloFung-its2_622_2020",-1.7403,-51.44491667,113,0,0,0,0,0,0
"4153","NEF_GloFung-its2_633_2020",-4.34593333,-70.02085,40,318,126,169,731,43,617
"4154","NEF_GloFung-its2_634_2020",-1.7245,-51.45428333,113,211,411,143,284,44,207
"4155","NEF_GloFung-its2_635_2020",-1.96526666,-61.48538333,112,229,324,139,521,42,348
"4156","NEF_GloFung-its2_636_2020",-2.55621666,-60.32216667,110,251,248,198,378,43,442
"4155.1","NEF_GloFung-its2_635_2020",-1.96526666,-61.48538333,112,229,324,139,521,42,348
"4138.1","NEF_GloFung-its2_623_2020",-1.71751666,-51.45273333,113,290,407,160,300,45,229
"4136.1","NEF_GloFung-its2_621_2020",-4.42648333,-70.07526667,40,327,190,157,444,42,498
"4160","NEF_GloFung-its2_637_2020",-2.56315,-60.32613333,110,238,320,190,373,42,388
"4161","NEF_GloFung-its2_638_2020",-1.91293333,-61.46016667,112,0,0,0,0,0,0
"4132.1","NEF_GloFung-its2_617_2020",-1.73676666,-51.46168333,113,206,436,138,269,45,228
"4163","NEF_GloFung-its2_639_2020",-2.56035,-60.32283333,110,255,296,208,405,43,385
"4156.1","NEF_GloFung-its2_636_2020",-2.55621666,-60.32216667,110,251,248,198,378,43,442
"4149.1","NEF_GloFung-its2_632_2020",-1.926,-61.4529,112,0,0,0,0,0,0
"4141.3","NEF_GloFung-its2_625_2020",-1.74335,-51.3872,113,308,350,177,410,47,312
"4167","NEF_GloFung-its2_502_2020",-3.03988333,-60.76948333,110,248,330,137,318,42,349
"4142.1","NEF_GloFung-its2_626_2020",-4.33586666,-70.01043333,40,315,138,166,591,43,611
"4169","NEF_GloFung-its2_640_2020",-2.55666666,-60.32081667,110,251,248,198,378,43,442
"4141.4","NEF_GloFung-its2_625_2020",-1.74335,-51.3872,113,308,350,177,410,47,312
"4167.1","NEF_GloFung-its2_502_2020",-3.03988333,-60.76948333,110,248,330,137,318,42,349
"4129.1","NEF_GloFung-its2_494_2020",-2.5708,-60.01995,110,230,453,145,319,41,225
"4173","NEF_GloFung-its2_641_2020",-2.58758333,-60.03291667,110,255,440,170,297,41,218
"4174","NEF_GloFung-its2_642_2020",-2.566,-60.32075,110,225,307,201,338,43,394
"4141.5","NEF_GloFung-its2_625_2020",-1.74335,-51.3872,113,308,350,177,410,47,312
"4176","NEF_GloFung-its2_643_2020",-4.35276666,-70.02735,40,305,119,180,544,44,668
"4147.1","NEF_GloFung-its2_630_2020",-1.73941666,-51.45631667,113,229,441,141,276,44,240
"4178","NEF_GloFung-its2_644_2020",-1.73831666,-51.4586,113,230,443,139,263,45,245
"4153.1","NEF_GloFung-its2_633_2020",-4.34593333,-70.02085,40,318,126,169,731,43,617
"4144.1","NEF_GloFung-its2_628_2020",-1.93945,-61.44631667,112,240,255,179,539,43,388
"4181","NEF_GloFung-its2_645_2020",-4.32335,-70.00291667,40,307,132,153,448,45,601
"4182","NEF_GloFung-its2_646_2020",-4.42538333,-70.05903333,40,355,312,160,430,44,424
"4182.1","NEF_GloFung-its2_646_2020",-4.42538333,-70.05903333,40,355,312,160,430,44,424
"4145.1","NEF_GloFung-its2_629_2020",-1.46143333,-61.46143333,112,236,244,141,368,40,389
"4185","NEF_GloFung-its2_647_2020",-1.7747,-51.41778333,113,0,0,0,0,0,0
"4176.1","NEF_GloFung-its2_643_2020",-4.35276666,-70.02735,40,305,119,180,544,44,668
"4148.1","NEF_GloFung-its2_631_2020",-3.08725,-60.84361667,110,263,371,128,267,41,270
"4161.1","NEF_GloFung-its2_638_2020",-1.91293333,-61.46016667,112,0,0,0,0,0,0
"4163.1","NEF_GloFung-its2_639_2020",-2.56035,-60.32283333,110,255,296,208,405,43,385
"4169.1","NEF_GloFung-its2_640_2020",-2.55666666,-60.32081667,110,251,248,198,378,43,442
"4130.1","NEF_GloFung-its2_615_2020",-4.32071666,-70.00263333,40,328,110,162,461,45,620
"4178.1","NEF_GloFung-its2_644_2020",-1.73831666,-51.4586,113,230,443,139,263,45,245
"4160.1","NEF_GloFung-its2_637_2020",-2.56315,-60.32613333,110,238,320,190,373,42,388
"4139.1","NEF_GloFung-its2_624_2020",-1.78038333,-51.42853333,113,0,0,0,0,0,0
"4154.1","NEF_GloFung-its2_634_2020",-1.7245,-51.45428333,113,211,411,143,284,44,207
"4131.1","NEF_GloFung-its2_616_2020",-3.07933333,-60.77676667,110,248,266,134,307,42,410
"4133.1","NEF_GloFung-its2_618_2020",-4.32608333,-70.00603333,40,319,145,156,442,45,585
"4134.1","NEF_GloFung-its2_619_2020",-4.42538333,-70.07126667,40,325,226,163,453,43,515
"4173.1","NEF_GloFung-its2_641_2020",-2.58758333,-60.03291667,110,255,440,170,297,41,218
"4200","NEF_GloFung-its2_648_2020",-1.77133333,-51.41043333,113,0,0,0,0,0,0
"4200.1","NEF_GloFung-its2_648_2020",-1.77133333,-51.41043333,113,0,0,0,0,0,0
"4185.1","NEF_GloFung-its2_647_2020",-1.7747,-51.41778333,113,0,0,0,0,0,0
"4181.1","NEF_GloFung-its2_645_2020",-4.32335,-70.00291667,40,307,132,153,448,45,601
"4204","NEF_GloFung-its2_649_2020",-2.58156666,-60.03063333,110,219,427,161,312,41,198
"4205","NEF_GloFung-its2_650_2021",-2.959,-78.855,126,620,361,270,1119,52,391
"4206","NEF_GloFung-its2_651_2021",-2.936,-78.8339,126,556,411,281,906,55,348
"4207","NEF_GloFung-its2_652_2021",-2.936,-78.842,126,671,401,283,1090,53,355
"4217","NEF_GloFung-its2_654_2019",11.55251389,-72.90038889,109,0,0,0,0,0,0
"4217.1","NEF_GloFung-its2_654_2019",11.55251389,-72.90038889,109,0,0,0,0,0,0
"4217.2","NEF_GloFung-its2_654_2019",11.55251389,-72.90038889,109,0,0,0,0,0,0
"4220","NEF_GloFung-its2_655_2019",11.55316667,-72.90097222,109,0,0,0,0,0,0
"4217.3","NEF_GloFung-its2_654_2019",11.55251389,-72.90038889,109,0,0,0,0,0,0
"4231","NEF_GloFung-its2_659_2019",10.27,-84.16,20,671,343,173,554,54,344
"4231.1","NEF_GloFung-its2_659_2019",10.27,-84.16,20,671,343,173,554,54,344
"4231.2","NEF_GloFung-its2_659_2019",10.27,-84.16,20,671,343,173,554,54,344
"4231.3","NEF_GloFung-its2_659_2019",10.27,-84.16,20,671,343,173,554,54,344
"4231.4","NEF_GloFung-its2_659_2019",10.27,-84.16,20,671,343,173,554,54,344
"4231.5","NEF_GloFung-its2_659_2019",10.27,-84.16,20,671,343,173,554,54,344
"4231.6","NEF_GloFung-its2_659_2019",10.27,-84.16,20,671,343,173,554,54,344
"4231.7","NEF_GloFung-its2_659_2019",10.27,-84.16,20,671,343,173,554,54,344
"4231.8","NEF_GloFung-its2_659_2019",10.27,-84.16,20,671,343,173,554,54,344
"4231.9","NEF_GloFung-its2_659_2019",10.27,-84.16,20,671,343,173,554,54,344
"4231.10","NEF_GloFung-its2_659_2019",10.27,-84.16,20,671,343,173,554,54,344
"4231.11","NEF_GloFung-its2_659_2019",10.27,-84.16,20,671,343,173,554,54,344
"4231.12","NEF_GloFung-its2_659_2019",10.27,-84.16,20,671,343,173,554,54,344
"4231.13","NEF_GloFung-its2_659_2019",10.27,-84.16,20,671,343,173,554,54,344
"4231.14","NEF_GloFung-its2_659_2019",10.27,-84.16,20,671,343,173,554,54,344
"4231.15","NEF_GloFung-its2_659_2019",10.27,-84.16,20,671,343,173,554,54,344
"4231.16","NEF_GloFung-its2_659_2019",10.27,-84.16,20,671,343,173,554,54,344
"4231.17","NEF_GloFung-its2_659_2019",10.27,-84.16,20,671,343,173,554,54,344
"4249","NEF_GloFung-its2_660_2019",-2.8719,-79.1188,126,597,374,386,1292,52,386
"4250","NEF_GloFung-its2_661_2019",-2.8433,-79.1436,126,620,377,377,1271,52,404
"4250.1","NEF_GloFung-its2_661_2019",-2.8433,-79.1436,126,620,377,377,1271,52,404
"4250.2","NEF_GloFung-its2_661_2019",-2.8433,-79.1436,126,620,377,377,1271,52,404
"4253","NEF_GloFung-its2_662_2019",-2.8405,-79.1747,126,826,411,462,1721,51,380
"4249.1","NEF_GloFung-its2_660_2019",-2.8719,-79.1188,126,597,374,386,1292,52,386
"4249.2","NEF_GloFung-its2_660_2019",-2.8719,-79.1188,126,597,374,386,1292,52,386
"4249.3","NEF_GloFung-its2_660_2019",-2.8719,-79.1188,126,597,374,386,1292,52,386
"4250.3","NEF_GloFung-its2_661_2019",-2.8433,-79.1436,126,620,377,377,1271,52,404
"4249.4","NEF_GloFung-its2_660_2019",-2.8719,-79.1188,126,597,374,386,1292,52,386
"4249.5","NEF_GloFung-its2_660_2019",-2.8719,-79.1188,126,597,374,386,1292,52,386
"4253.1","NEF_GloFung-its2_662_2019",-2.8405,-79.1747,126,826,411,462,1721,51,380
"4253.2","NEF_GloFung-its2_662_2019",-2.8405,-79.1747,126,826,411,462,1721,51,380
"4250.4","NEF_GloFung-its2_661_2019",-2.8433,-79.1436,126,620,377,377,1271,52,404
"4253.3","NEF_GloFung-its2_662_2019",-2.8405,-79.1747,126,826,411,462,1721,51,380
"4250.5","NEF_GloFung-its2_661_2019",-2.8433,-79.1436,126,620,377,377,1271,52,404
"4249.6","NEF_GloFung-its2_660_2019",-2.8719,-79.1188,126,597,374,386,1292,52,386
"4266","NEF_GloFung-its2_663_2019",-2.8702,-79.1238,126,584,415,391,1193,52,376
"4266.1","NEF_GloFung-its2_663_2019",-2.8702,-79.1238,126,584,415,391,1193,52,376
"4249.7","NEF_GloFung-its2_660_2019",-2.8719,-79.1188,126,597,374,386,1292,52,386
"4250.6","NEF_GloFung-its2_661_2019",-2.8433,-79.1436,126,620,377,377,1271,52,404
"4249.8","NEF_GloFung-its2_660_2019",-2.8719,-79.1188,126,597,374,386,1292,52,386
"4253.4","NEF_GloFung-its2_662_2019",-2.8405,-79.1747,126,826,411,462,1721,51,380
"4250.7","NEF_GloFung-its2_661_2019",-2.8433,-79.1436,126,620,377,377,1271,52,404
"4266.2","NEF_GloFung-its2_663_2019",-2.8702,-79.1238,126,584,415,391,1193,52,376
"4253.5","NEF_GloFung-its2_662_2019",-2.8405,-79.1747,126,826,411,462,1721,51,380
"4253.6","NEF_GloFung-its2_662_2019",-2.8405,-79.1747,126,826,411,462,1721,51,380
"4253.7","NEF_GloFung-its2_662_2019",-2.8405,-79.1747,126,826,411,462,1721,51,380
"4253.8","NEF_GloFung-its2_662_2019",-2.8405,-79.1747,126,826,411,462,1721,51,380
"4266.3","NEF_GloFung-its2_663_2019",-2.8702,-79.1238,126,584,415,391,1193,52,376
"4253.9","NEF_GloFung-its2_662_2019",-2.8405,-79.1747,126,826,411,462,1721,51,380
"4249.9","NEF_GloFung-its2_660_2019",-2.8719,-79.1188,126,597,374,386,1292,52,386
"4266.4","NEF_GloFung-its2_663_2019",-2.8702,-79.1238,126,584,415,391,1193,52,376
"4266.5","NEF_GloFung-its2_663_2019",-2.8702,-79.1238,126,584,415,391,1193,52,376
"4266.6","NEF_GloFung-its2_663_2019",-2.8702,-79.1238,126,584,415,391,1193,52,376
"4266.7","NEF_GloFung-its2_663_2019",-2.8702,-79.1238,126,584,415,391,1193,52,376
"4266.8","NEF_GloFung-its2_663_2019",-2.8702,-79.1238,126,584,415,391,1193,52,376
"4266.9","NEF_GloFung-its2_663_2019",-2.8702,-79.1238,126,584,415,391,1193,52,376
"4250.8","NEF_GloFung-its2_661_2019",-2.8433,-79.1436,126,620,377,377,1271,52,404
"4266.10","NEF_GloFung-its2_663_2019",-2.8702,-79.1238,126,584,415,391,1193,52,376
"4250.9","NEF_GloFung-its2_661_2019",-2.8433,-79.1436,126,620,377,377,1271,52,404
"4253.10","NEF_GloFung-its2_662_2019",-2.8405,-79.1747,126,826,411,462,1721,51,380
"4253.11","NEF_GloFung-its2_662_2019",-2.8405,-79.1747,126,826,411,462,1721,51,380
"4253.12","NEF_GloFung-its2_662_2019",-2.8405,-79.1747,126,826,411,462,1721,51,380
"4250.10","NEF_GloFung-its2_661_2019",-2.8433,-79.1436,126,620,377,377,1271,52,404
"4249.10","NEF_GloFung-its2_660_2019",-2.8719,-79.1188,126,597,374,386,1292,52,386
"4253.13","NEF_GloFung-its2_662_2019",-2.8405,-79.1747,126,826,411,462,1721,51,380
"4253.14","NEF_GloFung-its2_662_2019",-2.8405,-79.1747,126,826,411,462,1721,51,380
"4266.11","NEF_GloFung-its2_663_2019",-2.8702,-79.1238,126,584,415,391,1193,52,376
"4253.15","NEF_GloFung-its2_662_2019",-2.8405,-79.1747,126,826,411,462,1721,51,380
"4266.12","NEF_GloFung-its2_663_2019",-2.8702,-79.1238,126,584,415,391,1193,52,376
"4266.13","NEF_GloFung-its2_663_2019",-2.8702,-79.1238,126,584,415,391,1193,52,376
"4266.14","NEF_GloFung-its2_663_2019",-2.8702,-79.1238,126,584,415,391,1193,52,376
"4249.11","NEF_GloFung-its2_660_2019",-2.8719,-79.1188,126,597,374,386,1292,52,386
"4250.11","NEF_GloFung-its2_661_2019",-2.8433,-79.1436,126,620,377,377,1271,52,404
"4266.15","NEF_GloFung-its2_663_2019",-2.8702,-79.1238,126,584,415,391,1193,52,376
"4249.12","NEF_GloFung-its2_660_2019",-2.8719,-79.1188,126,597,374,386,1292,52,386
"4249.13","NEF_GloFung-its2_660_2019",-2.8719,-79.1188,126,597,374,386,1292,52,386
"4249.14","NEF_GloFung-its2_660_2019",-2.8719,-79.1188,126,597,374,386,1292,52,386
"4266.16","NEF_GloFung-its2_663_2019",-2.8702,-79.1238,126,584,415,391,1193,52,376
"4253.16","NEF_GloFung-its2_662_2019",-2.8405,-79.1747,126,826,411,462,1721,51,380
"4266.17","NEF_GloFung-its2_663_2019",-2.8702,-79.1238,126,584,415,391,1193,52,376
"4250.12","NEF_GloFung-its2_661_2019",-2.8433,-79.1436,126,620,377,377,1271,52,404
"4266.18","NEF_GloFung-its2_663_2019",-2.8702,-79.1238,126,584,415,391,1193,52,376
"4253.17","NEF_GloFung-its2_662_2019",-2.8405,-79.1747,126,826,411,462,1721,51,380
"4249.15","NEF_GloFung-its2_660_2019",-2.8719,-79.1188,126,597,374,386,1292,52,386
"4249.16","NEF_GloFung-its2_660_2019",-2.8719,-79.1188,126,597,374,386,1292,52,386
"4250.13","NEF_GloFung-its2_661_2019",-2.8433,-79.1436,126,620,377,377,1271,52,404
"4266.19","NEF_GloFung-its2_663_2019",-2.8702,-79.1238,126,584,415,391,1193,52,376
"4250.14","NEF_GloFung-its2_661_2019",-2.8433,-79.1436,126,620,377,377,1271,52,404
"4250.15","NEF_GloFung-its2_661_2019",-2.8433,-79.1436,126,620,377,377,1271,52,404
"4266.20","NEF_GloFung-its2_663_2019",-2.8702,-79.1238,126,584,415,391,1193,52,376
"4253.18","NEF_GloFung-its2_662_2019",-2.8405,-79.1747,126,826,411,462,1721,51,380
"4249.17","NEF_GloFung-its2_660_2019",-2.8719,-79.1188,126,597,374,386,1292,52,386
"4249.18","NEF_GloFung-its2_660_2019",-2.8719,-79.1188,126,597,374,386,1292,52,386
"4250.16","NEF_GloFung-its2_661_2019",-2.8433,-79.1436,126,620,377,377,1271,52,404
"4253.19","NEF_GloFung-its2_662_2019",-2.8405,-79.1747,126,826,411,462,1721,51,380
"4249.19","NEF_GloFung-its2_660_2019",-2.8719,-79.1188,126,597,374,386,1292,52,386
"4253.20","NEF_GloFung-its2_662_2019",-2.8405,-79.1747,126,826,411,462,1721,51,380
"4249.20","NEF_GloFung-its2_660_2019",-2.8719,-79.1188,126,597,374,386,1292,52,386
"4250.17","NEF_GloFung-its2_661_2019",-2.8433,-79.1436,126,620,377,377,1271,52,404
"4250.18","NEF_GloFung-its2_661_2019",-2.8433,-79.1436,126,620,377,377,1271,52,404
"4253.21","NEF_GloFung-its2_662_2019",-2.8405,-79.1747,126,826,411,462,1721,51,380
"4352","NEF_GloFung-its2_672_2019",22.644511,-100.420636,138,301,425,206,412,69,305
"4357","NEF_GloFung-its2_677_2019",9.666497,-69.946911,144,243,354,184,315,62,336
"4358","NEF_GloFung-its2_678_2019",22.352438,-102.455579,14,219,515,271,208,67,274
"4360","NEF_GloFung-its2_680_2019",-26.73333333,-54.68333333,121,327,190,179,397,53,308
"4361","NEF_GloFung-its2_681_2019",-12.63333333,-71.23333333,145,401,270,241,916,52,358
"4399","NEF_GloFung-its2_686_2017",-23.6853,-64.8997,49,347,323,227,671,57,347
"4400","NEF_GloFung-its2_687_2017",-27.3226,-65.9147,68,236,352,210,592,64,427
"4401","NEF_GloFung-its2_688_2017",-26.7701,-65.3251,68,270,335,192,462,57,431
"4402","NEF_GloFung-its2_689_2017",-22.2778,-64.7252,147,287,398,195,532,58,296
"4403","NEF_GloFung-its2_690_2017",-22.3556,-64.7225,147,186,429,188,228,60,252
"4404","NEF_GloFung-its2_691_2017",-23.6948,-64.8636,49,274,343,226,550,56,333
"4405","NEF_GloFung-its2_692_2017",-27.2198,-65.6318,68,277,377,201,388,57,432
"4406","NEF_GloFung-its2_693_2017",-24.0937,-65.4827,49,419,430,221,518,63,341
"4407","NEF_GloFung-its2_694_2017",-27.2218,-65.6256,68,279,375,208,379,57,443
"4408","NEF_GloFung-its2_695_2017",-26.8091,-65.283,68,0,0,0,0,0,0
"4409","NEF_GloFung-its2_696_2017",-24.1206,-65.4541,49,342,395,207,502,60,383
"4410","NEF_GloFung-its2_697_2017",-22.3833,-64.7257,147,311,396,224,591,58,306
"4411","NEF_GloFung-its2_698_2017",-22.399,-64.7293,147,310,371,189,460,58,314
"4412","NEF_GloFung-its2_699_2017",-23.705,-64.8659,49,269,341,207,520,56,338
"4413","NEF_GloFung-its2_700_2017",-22.3424,-64.7256,147,243,409,181,410,57,299
"4414","NEF_GloFung-its2_701_2017",-23.6847,-64.891,49,351,326,231,652,58,358
"4415","NEF_GloFung-its2_702_2017",-23.6966,-64.8617,49,272,345,205,541,56,326
"4416","NEF_GloFung-its2_703_2017",-23.7522,-64.851,49,227,319,197,500,57,341
"4417","NEF_GloFung-its2_704_2017",-23.7571,-64.8503,49,224,341,194,500,57,348
"4418","NEF_GloFung-its2_705_2017",-27.3335,-65.8781,68,214,352,208,413,58,415
"4419","NEF_GloFung-its2_706_2017",-23.6823,-64.9019,49,343,322,221,618,57,347
"4420","NEF_GloFung-its2_707_2017",-23.7554,-64.8534,49,211,334,199,511,58,340
"4421","NEF_GloFung-its2_160_2017",-23.9188,-64.9345,49,172,344,190,237,61,371
"4422","NEF_GloFung-its2_708_2017",-27.3309,-65.9513,68,312,341,222,646,62,382
"4423","NEF_GloFung-its2_709_2016",18.302196,-65.834263,56,589,138,304,964,48,309
"4424","NEF_GloFung-its2_710_2016",17.951319,-67.130843,34,0,0,0,0,0,0
"4425","NEF_GloFung-its2_711_2016",17.973813,-66.869982,34,598,221,355,666,77,339
"4426","NEF_GloFung-its2_712_2016",17.951602,-67.128362,34,435,228,315,569,74,283
"4427","NEF_GloFung-its2_713_2016",17.981283,-66.876891,34,647,222,367,874,75,315
"4428","NEF_GloFung-its2_714_2016",18.296329,-65.839069,56,592,147,297,910,49,321
"4429","NEF_GloFung-its2_715_2016",18.135879,-66.971133,34,796,183,276,1118,51,324
"4430","NEF_GloFung-its2_716_2016",17.97467,-66.878436,34,574,255,357,674,71,341
"4431","NEF_GloFung-its2_717_2016",18.293129,-65.792442,56,684,440,238,829,49,273
"4432","NEF_GloFung-its2_718_2016",18.294128,-65.785082,56,722,174,299,863,48,393
"4433","NEF_GloFung-its2_719_2016",18.290552,-65.782132,56,707,218,298,766,49,408
"4434","NEF_GloFung-its2_720_2016",18.310345,-65.828255,56,0,0,0,0,0,0
"4435","NEF_GloFung-its2_721_2016",18.14844,-66.988986,34,987,245,356,1506,52,307
"4436","NEF_GloFung-its2_722_2016",18.513611,-67.056878,34,0,0,0,0,0,0
"4437","NEF_GloFung-its2_723_2016",18.51239,-67.040742,34,0,0,0,0,0,0
"4438","NEF_GloFung-its2_724_2016",18.420966,-66.966498,34,449,128,281,591,51,348
"4439","NEF_GloFung-its2_725_2016",18.512065,-67.071898,34,523,501,321,633,58,185
"4440","NEF_GloFung-its2_726_2016",18.161489,-67.010787,34,721,203,297,1090,51,410
"4441","NEF_GloFung-its2_727_2016",17.951948,-67.126791,34,422,226,325,589,74,283
"4442","NEF_GloFung-its2_728_2016",18.411682,-66.966284,34,453,124,261,564,50,342
"4443","NEF_GloFung-its2_729_2016",18.404516,-66.967743,34,468,126,254,566,50,354
"4555","NEF_GloFung-its2_175_2014",21.21018,-87.19355,51,897,440,289,1013,73,230
"4556","NEF_GloFung-its2_731_2014",-4.133,-69.91,40,381,286,194,450,42,400
"4559","NEF_GloFung-its2_733_2014",-0.3738,-72.231,33,375,511,274,604,42,240
"4560","NEF_GloFung-its2_734_2014",-0.395,-72.08,33,389,505,251,577,42,252
"4562","NEF_GloFung-its2_177_2014",5.435667,-60.08825,57,290,399,146,437,47,314
"4565","NEF_GloFung-its2_737_2014",-0.3919,-72.046,33,409,453,262,573,41,286
"4567","NEF_GloFung-its2_739_2014",8.34,-82.2394,13,482,284,201,412,54,396
"4568","NEF_GloFung-its2_740_2014",-0.3806,-72.236,33,370,524,284,547,42,238
"4569","NEF_GloFung-its2_741_2014",18.32096,-65.81974,56,660,128,287,847,51,301
"4565.1","NEF_GloFung-its2_737_2014",-0.3919,-72.046,33,409,453,262,573,41,286
"4572","NEF_GloFung-its2_743_2014",5.279528,-59.915861,57,248,395,147,391,52,290
"4574","NEF_GloFung-its2_745_2014",8.75703,-82.24106,13,592,363,189,631,51,290
"4575","NEF_GloFung-its2_746_2014",5.305306,-59.925056,57,250,406,174,391,51,302
"4576","NEF_GloFung-its2_747_2014",6.33,-75.4917,47,586,353,266,1073,50,309
"4577","NEF_GloFung-its2_748_2014",6.17,-75.4717,47,622,367,247,1266,50,358
"4578","NEF_GloFung-its2_158_2014",6.705,-75.4667,47,523,328,241,976,54,332
"4580","NEF_GloFung-its2_749_2014",4.867,-75.167,45,622,401,313,1252,53,287
"4575.1","NEF_GloFung-its2_746_2014",5.305306,-59.925056,57,250,406,174,391,51,302
"4582","NEF_GloFung-its2_750_2014",-4,-69.883,40,401,434,198,442,42,297
"4586","NEF_GloFung-its2_753_2014",-0.55,-71.36,33,444,474,240,608,43,243
"4587","NEF_GloFung-its2_284_2014",19.1697,-97.30001,72,446,514,183,622,55,311
"4588","NEF_GloFung-its2_754_2014",-3.9997,-69.8947,40,357,431,198,406,43,309
"4591","NEF_GloFung-its2_756_2014",-0.3466,-72.059,33,476,435,277,729,42,281
"4592","NEF_GloFung-its2_757_2014",-4.0083,-69.8964,40,362,441,186,388,42,306
"4593","NEF_GloFung-its2_758_2014",-0.3837,-72.2324,33,386,528,287,597,42,222
"4595","NEF_GloFung-its2_149_2014",-4.0086,-69.8975,40,362,441,186,388,42,306
"4597","NEF_GloFung-its2_761_2014",5.296917,-59.910361,57,245,398,157,352,52,298
"4598","NEF_GloFung-its2_762_2014",4.867,-75.133,45,553,332,315,1182,52,318
"4599","NEF_GloFung-its2_763_2014",5.433972,-60.084167,57,326,392,149,399,47,353
"4600","NEF_GloFung-its2_119_2014",8.7611,-82.2177,13,702,379,206,736,53,354
"4601","NEF_GloFung-its2_764_2014",-4.0086,-69.8984,40,339,437,189,396,42,306
"4602","NEF_GloFung-its2_176_2014",18.3167,-65.8167,56,583,60,260,763,47,318
"4605","NEF_GloFung-its2_767_2014",-0.3629,-72.2417,33,393,549,275,669,42,217
"4606","NEF_GloFung-its2_768_2014",8.68,-82.4336,13,494,349,180,477,52,321
"4608","NEF_GloFung-its2_770_2014",-3.598,-69.53,40,361,128,189,569,43,600
"4609","NEF_GloFung-its2_771_2014",8.74,-82.26828,13,687,333,184,937,51,360
"4610","NEF_GloFung-its2_772_2014",-4.0175,-69.8983,40,348,444,189,443,42,299
"4611","NEF_GloFung-its2_773_2014",-4.028,-72.54,76,315,463,217,770,45,299
"4612","NEF_GloFung-its2_774_2014",18.32482,-65.73021,56,0,0,0,0,0,0
"4616","NEF_GloFung-its2_155_2014",4.867,-75.25,45,543,488,307,956,56,275
"4617","NEF_GloFung-its2_120_2014",22.1989,-102.60055,14,261,478,263,333,61,265
"4619","NEF_GloFung-its2_777_2014",-4.0125,-69.8972,40,337,441,187,390,42,298
"4620","NEF_GloFung-its2_336_2014",5.439917,-60.079306,57,334,395,162,343,50,265
"4621","NEF_GloFung-its2_778_2014",-4.025,-69.54,40,333,129,165,437,43,497
"4626","NEF_GloFung-its2_783_2014",17.1666,-96.635,9,470,478,219,725,50,279
"4678","NEF_GloFung-its2_786_2017",5.266007883,-59.765625,57,283,403,147,440,52,266
"4678.1","NEF_GloFung-its2_786_2017",5.266007883,-59.765625,57,283,403,147,440,52,266
"4678.2","NEF_GloFung-its2_786_2017",5.266007883,-59.765625,57,283,403,147,440,52,266
"4678.3","NEF_GloFung-its2_786_2017",5.266007883,-59.765625,57,283,403,147,440,52,266
"4678.4","NEF_GloFung-its2_786_2017",5.266007883,-59.765625,57,283,403,147,440,52,266
"4678.5","NEF_GloFung-its2_786_2017",5.266007883,-59.765625,57,283,403,147,440,52,266
"4678.6","NEF_GloFung-its2_786_2017",5.266007883,-59.765625,57,283,403,147,440,52,266
"4678.7","NEF_GloFung-its2_786_2017",5.266007883,-59.765625,57,283,403,147,440,52,266
"4678.8","NEF_GloFung-its2_786_2017",5.266007883,-59.765625,57,283,403,147,440,52,266
"4678.9","NEF_GloFung-its2_786_2017",5.266007883,-59.765625,57,283,403,147,440,52,266
"4678.10","NEF_GloFung-its2_786_2017",5.266007883,-59.765625,57,283,403,147,440,52,266
"4678.11","NEF_GloFung-its2_786_2017",5.266007883,-59.765625,57,283,403,147,440,52,266
"4678.12","NEF_GloFung-its2_786_2017",5.266007883,-59.765625,57,283,403,147,440,52,266
"4678.13","NEF_GloFung-its2_786_2017",5.266007883,-59.765625,57,283,403,147,440,52,266
"4678.14","NEF_GloFung-its2_786_2017",5.266007883,-59.765625,57,283,403,147,440,52,266
"4678.15","NEF_GloFung-its2_786_2017",5.266007883,-59.765625,57,283,403,147,440,52,266
"4678.16","NEF_GloFung-its2_786_2017",5.266007883,-59.765625,57,283,403,147,440,52,266
"4678.17","NEF_GloFung-its2_786_2017",5.266007883,-59.765625,57,283,403,147,440,52,266
"4678.18","NEF_GloFung-its2_786_2017",5.266007883,-59.765625,57,283,403,147,440,52,266
"4678.19","NEF_GloFung-its2_786_2017",5.266007883,-59.765625,57,283,403,147,440,52,266
"4678.20","NEF_GloFung-its2_786_2017",5.266007883,-59.765625,57,283,403,147,440,52,266
"4678.21","NEF_GloFung-its2_786_2017",5.266007883,-59.765625,57,283,403,147,440,52,266
"4678.22","NEF_GloFung-its2_786_2017",5.266007883,-59.765625,57,283,403,147,440,52,266
"4678.23","NEF_GloFung-its2_786_2017",5.266007883,-59.765625,57,283,403,147,440,52,266
"4678.24","NEF_GloFung-its2_786_2017",5.266007883,-59.765625,57,283,403,147,440,52,266
"4824","NEF_GloFung-its2_788_2013",-4.8997,-73.6299,118,350,237,218,807,42,406
"4825","NEF_GloFung-its2_789_2013",-4.1291,-73.4707,76,330,287,211,1008,45,379
"4825.1","NEF_GloFung-its2_789_2013",-4.1291,-73.4707,76,330,287,211,1008,45,379
"4827","NEF_GloFung-its2_790_2013",-3.833,-73.5979,76,301,327,207,586,46,367
"4828","NEF_GloFung-its2_791_2013",-4.8793,-73.6479,118,379,194,245,795,42,435
"4824.1","NEF_GloFung-its2_788_2013",-4.8997,-73.6299,118,350,237,218,807,42,406
"4825.2","NEF_GloFung-its2_789_2013",-4.1291,-73.4707,76,330,287,211,1008,45,379
"4831","NEF_GloFung-its2_792_2013",-3.8918,-73.5603,76,327,401,197,682,45,315
"4825.3","NEF_GloFung-its2_789_2013",-4.1291,-73.4707,76,330,287,211,1008,45,379
"4825.4","NEF_GloFung-its2_789_2013",-4.1291,-73.4707,76,330,287,211,1008,45,379
"4831.1","NEF_GloFung-its2_792_2013",-3.8918,-73.5603,76,327,401,197,682,45,315
"4825.5","NEF_GloFung-its2_789_2013",-4.1291,-73.4707,76,330,287,211,1008,45,379
"4836","NEF_GloFung-its2_793_2013",-3.9758,-73.427,76,313,285,179,889,45,383
"4828.1","NEF_GloFung-its2_791_2013",-4.8793,-73.6479,118,379,194,245,795,42,435
"4831.2","NEF_GloFung-its2_792_2013",-3.8918,-73.5603,76,327,401,197,682,45,315
"4827.1","NEF_GloFung-its2_790_2013",-3.833,-73.5979,76,301,327,207,586,46,367
"4824.2","NEF_GloFung-its2_788_2013",-4.8997,-73.6299,118,350,237,218,807,42,406
"4825.6","NEF_GloFung-its2_789_2013",-4.1291,-73.4707,76,330,287,211,1008,45,379
"4836.1","NEF_GloFung-its2_793_2013",-3.9758,-73.427,76,313,285,179,889,45,383
"4824.3","NEF_GloFung-its2_788_2013",-4.8997,-73.6299,118,350,237,218,807,42,406
"4828.2","NEF_GloFung-its2_791_2013",-4.8793,-73.6479,118,379,194,245,795,42,435
"4845","NEF_GloFung-its2_794_2013",-4.9336,-73.7221,118,355,236,187,776,43,454
"4831.3","NEF_GloFung-its2_792_2013",-3.8918,-73.5603,76,327,401,197,682,45,315
"4828.3","NEF_GloFung-its2_791_2013",-4.8793,-73.6479,118,379,194,245,795,42,435
"4845.1","NEF_GloFung-its2_794_2013",-4.9336,-73.7221,118,355,236,187,776,43,454
"4824.4","NEF_GloFung-its2_788_2013",-4.8997,-73.6299,118,350,237,218,807,42,406
"4836.2","NEF_GloFung-its2_793_2013",-3.9758,-73.427,76,313,285,179,889,45,383
"4824.5","NEF_GloFung-its2_788_2013",-4.8997,-73.6299,118,350,237,218,807,42,406
"4845.2","NEF_GloFung-its2_794_2013",-4.9336,-73.7221,118,355,236,187,776,43,454
"4836.3","NEF_GloFung-its2_793_2013",-3.9758,-73.427,76,313,285,179,889,45,383
"4836.4","NEF_GloFung-its2_793_2013",-3.9758,-73.427,76,313,285,179,889,45,383
"4825.7","NEF_GloFung-its2_789_2013",-4.1291,-73.4707,76,330,287,211,1008,45,379
"4845.3","NEF_GloFung-its2_794_2013",-4.9336,-73.7221,118,355,236,187,776,43,454
"4831.4","NEF_GloFung-its2_792_2013",-3.8918,-73.5603,76,327,401,197,682,45,315
"4827.2","NEF_GloFung-its2_790_2013",-3.833,-73.5979,76,301,327,207,586,46,367
"4827.3","NEF_GloFung-its2_790_2013",-3.833,-73.5979,76,301,327,207,586,46,367
"4828.4","NEF_GloFung-its2_791_2013",-4.8793,-73.6479,118,379,194,245,795,42,435
"4831.5","NEF_GloFung-its2_792_2013",-3.8918,-73.5603,76,327,401,197,682,45,315
"4845.4","NEF_GloFung-its2_794_2013",-4.9336,-73.7221,118,355,236,187,776,43,454
"4845.5","NEF_GloFung-its2_794_2013",-4.9336,-73.7221,118,355,236,187,776,43,454
"4827.4","NEF_GloFung-its2_790_2013",-3.833,-73.5979,76,301,327,207,586,46,367
"4836.5","NEF_GloFung-its2_793_2013",-3.9758,-73.427,76,313,285,179,889,45,383
"4828.5","NEF_GloFung-its2_791_2013",-4.8793,-73.6479,118,379,194,245,795,42,435
"4824.6","NEF_GloFung-its2_788_2013",-4.8997,-73.6299,118,350,237,218,807,42,406
"4825.8","NEF_GloFung-its2_789_2013",-4.1291,-73.4707,76,330,287,211,1008,45,379
"4824.7","NEF_GloFung-its2_788_2013",-4.8997,-73.6299,118,350,237,218,807,42,406
"4836.6","NEF_GloFung-its2_793_2013",-3.9758,-73.427,76,313,285,179,889,45,383
"4836.7","NEF_GloFung-its2_793_2013",-3.9758,-73.427,76,313,285,179,889,45,383
"4827.5","NEF_GloFung-its2_790_2013",-3.833,-73.5979,76,301,327,207,586,46,367
"4845.6","NEF_GloFung-its2_794_2013",-4.9336,-73.7221,118,355,236,187,776,43,454
"4836.8","NEF_GloFung-its2_793_2013",-3.9758,-73.427,76,313,285,179,889,45,383
"4836.9","NEF_GloFung-its2_793_2013",-3.9758,-73.427,76,313,285,179,889,45,383
"4828.6","NEF_GloFung-its2_791_2013",-4.8793,-73.6479,118,379,194,245,795,42,435
"4824.8","NEF_GloFung-its2_788_2013",-4.8997,-73.6299,118,350,237,218,807,42,406
"4831.6","NEF_GloFung-its2_792_2013",-3.8918,-73.5603,76,327,401,197,682,45,315
"4824.9","NEF_GloFung-its2_788_2013",-4.8997,-73.6299,118,350,237,218,807,42,406
"4898","NEF_GloFung-its2_796_2017",5.302186111,-53.04910278,12,445,293,189,630,47,364
"4899","NEF_GloFung-its2_797_2017",5.543888889,-53.49694444,148,412,339,199,568,47,344
"4898.1","NEF_GloFung-its2_796_2017",5.302186111,-53.04910278,12,445,293,189,630,47,364
"4901","NEF_GloFung-its2_798_2017",5.473611111,-53.58083333,148,398,399,195,618,44,246
"4902","NEF_GloFung-its2_799_2017",5.28,-52.91793333,12,428,328,175,599,48,337
"4903","NEF_GloFung-its2_800_2017",5.066388889,-52.68472222,12,487,304,235,635,46,391
"4904","NEF_GloFung-its2_801_2017",5.471666667,-53.57722222,148,438,418,186,673,45,241
"4898.2","NEF_GloFung-its2_796_2017",5.302186111,-53.04910278,12,445,293,189,630,47,364
"4901.1","NEF_GloFung-its2_798_2017",5.473611111,-53.58083333,148,398,399,195,618,44,246
"4907","NEF_GloFung-its2_802_2017",-14.21777778,-39.96666667,98,330,506,188,476,56,197
"4908","NEF_GloFung-its2_803_2017",4.195166667,-52.14958333,11,338,326,231,670,46,323
"4898.3","NEF_GloFung-its2_796_2017",5.302186111,-53.04910278,12,445,293,189,630,47,364
"4910","NEF_GloFung-its2_804_2017",5.135519444,-53.04910278,12,394,327,203,709,45,346
"4907.1","NEF_GloFung-its2_802_2017",-14.21777778,-39.96666667,98,330,506,188,476,56,197
"4912","NEF_GloFung-its2_805_2017",-14.46805556,-39.06805556,98,339,374,175,447,51,296
"4898.4","NEF_GloFung-its2_796_2017",5.302186111,-53.04910278,12,445,293,189,630,47,364
"4914","NEF_GloFung-its2_806_2017",5.3,-53.6,148,370,444,154,680,43,231
"4901.2","NEF_GloFung-its2_798_2017",5.473611111,-53.58083333,148,398,399,195,618,44,246
"4901.3","NEF_GloFung-its2_798_2017",5.473611111,-53.58083333,148,398,399,195,618,44,246
"4903.1","NEF_GloFung-its2_800_2017",5.066388889,-52.68472222,12,487,304,235,635,46,391
"4902.1","NEF_GloFung-its2_799_2017",5.28,-52.91793333,12,428,328,175,599,48,337
"4903.2","NEF_GloFung-its2_800_2017",5.066388889,-52.68472222,12,487,304,235,635,46,391
"4920","NEF_GloFung-its2_807_2017",-13.56805556,-39.70694444,99,407,408,190,625,53,236
"4899.1","NEF_GloFung-its2_797_2017",5.543888889,-53.49694444,148,412,339,199,568,47,344
"4922","NEF_GloFung-its2_808_2017",-15.24805556,-39.06805556,97,382,354,201,670,50,331
"4903.3","NEF_GloFung-its2_800_2017",5.066388889,-52.68472222,12,487,304,235,635,46,391
"4908.1","NEF_GloFung-its2_803_2017",4.195166667,-52.14958333,11,338,326,231,670,46,323
"4912.1","NEF_GloFung-its2_805_2017",-14.46805556,-39.06805556,98,339,374,175,447,51,296
"4903.4","NEF_GloFung-its2_800_2017",5.066388889,-52.68472222,12,487,304,235,635,46,391
"4902.2","NEF_GloFung-its2_799_2017",5.28,-52.91793333,12,428,328,175,599,48,337
"4928","NEF_GloFung-its2_809_2017",5.533333333,-53.56583333,148,536,363,189,522,47,366
"4898.5","NEF_GloFung-its2_796_2017",5.302186111,-53.04910278,12,445,293,189,630,47,364
"4902.3","NEF_GloFung-its2_799_2017",5.28,-52.91793333,12,428,328,175,599,48,337
"4902.4","NEF_GloFung-its2_799_2017",5.28,-52.91793333,12,428,328,175,599,48,337
"4928.1","NEF_GloFung-its2_809_2017",5.533333333,-53.56583333,148,536,363,189,522,47,366
"4922.1","NEF_GloFung-its2_808_2017",-15.24805556,-39.06805556,97,382,354,201,670,50,331
"4903.5","NEF_GloFung-its2_800_2017",5.066388889,-52.68472222,12,487,304,235,635,46,391
"4935","NEF_GloFung-its2_810_2017",-12.99888889,-41.04861111,149,199,573,217,302,58,163
"4904.1","NEF_GloFung-its2_801_2017",5.471666667,-53.57722222,148,438,418,186,673,45,241
"4903.6","NEF_GloFung-its2_800_2017",5.066388889,-52.68472222,12,487,304,235,635,46,391
"4903.7","NEF_GloFung-its2_800_2017",5.066388889,-52.68472222,12,487,304,235,635,46,391
"4908.2","NEF_GloFung-its2_803_2017",4.195166667,-52.14958333,11,338,326,231,670,46,323
"4904.2","NEF_GloFung-its2_801_2017",5.471666667,-53.57722222,148,438,418,186,673,45,241
"4904.3","NEF_GloFung-its2_801_2017",5.471666667,-53.57722222,148,438,418,186,673,45,241
"4904.4","NEF_GloFung-its2_801_2017",5.471666667,-53.57722222,148,438,418,186,673,45,241
"4904.5","NEF_GloFung-its2_801_2017",5.471666667,-53.57722222,148,438,418,186,673,45,241
"4904.6","NEF_GloFung-its2_801_2017",5.471666667,-53.57722222,148,438,418,186,673,45,241
"4904.7","NEF_GloFung-its2_801_2017",5.471666667,-53.57722222,148,438,418,186,673,45,241
"4901.4","NEF_GloFung-its2_798_2017",5.473611111,-53.58083333,148,398,399,195,618,44,246
"4904.8","NEF_GloFung-its2_801_2017",5.471666667,-53.57722222,148,438,418,186,673,45,241
"4901.5","NEF_GloFung-its2_798_2017",5.473611111,-53.58083333,148,398,399,195,618,44,246
"4908.3","NEF_GloFung-its2_803_2017",4.195166667,-52.14958333,11,338,326,231,670,46,323
"4908.4","NEF_GloFung-its2_803_2017",4.195166667,-52.14958333,11,338,326,231,670,46,323
"4908.5","NEF_GloFung-its2_803_2017",4.195166667,-52.14958333,11,338,326,231,670,46,323
"4920.1","NEF_GloFung-its2_807_2017",-13.56805556,-39.70694444,99,407,408,190,625,53,236
"4904.9","NEF_GloFung-its2_801_2017",5.471666667,-53.57722222,148,438,418,186,673,45,241
"4954","NEF_GloFung-its2_811_2017",-13.58,-39.69555556,99,422,381,186,763,53,254
"4954.1","NEF_GloFung-its2_811_2017",-13.58,-39.69555556,99,422,381,186,763,53,254
"4898.6","NEF_GloFung-its2_796_2017",5.302186111,-53.04910278,12,445,293,189,630,47,364
"4957","NEF_GloFung-its2_812_2017",5.745861111,-53.93527778,148,0,0,0,0,0,0
"4922.2","NEF_GloFung-its2_808_2017",-15.24805556,-39.06805556,97,382,354,201,670,50,331
"4908.6","NEF_GloFung-its2_803_2017",4.195166667,-52.14958333,11,338,326,231,670,46,323
"4908.7","NEF_GloFung-its2_803_2017",4.195166667,-52.14958333,11,338,326,231,670,46,323
"4922.3","NEF_GloFung-its2_808_2017",-15.24805556,-39.06805556,97,382,354,201,670,50,331
"4962","NEF_GloFung-its2_813_2017",-14.46805556,-39.10805556,98,384,364,173,405,51,273
"4901.6","NEF_GloFung-its2_798_2017",5.473611111,-53.58083333,148,398,399,195,618,44,246
"4912.2","NEF_GloFung-its2_805_2017",-14.46805556,-39.06805556,98,339,374,175,447,51,296
"4908.8","NEF_GloFung-its2_803_2017",4.195166667,-52.14958333,11,338,326,231,670,46,323
"4908.9","NEF_GloFung-its2_803_2017",4.195166667,-52.14958333,11,338,326,231,670,46,323
"4962.1","NEF_GloFung-its2_813_2017",-14.46805556,-39.10805556,98,384,364,173,405,51,273
"4920.2","NEF_GloFung-its2_807_2017",-13.56805556,-39.70694444,99,407,408,190,625,53,236
"4922.4","NEF_GloFung-its2_808_2017",-15.24805556,-39.06805556,97,382,354,201,670,50,331
"4912.3","NEF_GloFung-its2_805_2017",-14.46805556,-39.06805556,98,339,374,175,447,51,296
"4962.2","NEF_GloFung-its2_813_2017",-14.46805556,-39.10805556,98,384,364,173,405,51,273
"4908.10","NEF_GloFung-its2_803_2017",4.195166667,-52.14958333,11,338,326,231,670,46,323
"4912.4","NEF_GloFung-its2_805_2017",-14.46805556,-39.06805556,98,339,374,175,447,51,296
"4962.3","NEF_GloFung-its2_813_2017",-14.46805556,-39.10805556,98,384,364,173,405,51,273
"4914.1","NEF_GloFung-its2_806_2017",5.3,-53.6,148,370,444,154,680,43,231
"4903.8","NEF_GloFung-its2_800_2017",5.066388889,-52.68472222,12,487,304,235,635,46,391
"4904.10","NEF_GloFung-its2_801_2017",5.471666667,-53.57722222,148,438,418,186,673,45,241
"4898.7","NEF_GloFung-its2_796_2017",5.302186111,-53.04910278,12,445,293,189,630,47,364
"4962.4","NEF_GloFung-its2_813_2017",-14.46805556,-39.10805556,98,384,364,173,405,51,273
"4954.2","NEF_GloFung-its2_811_2017",-13.58,-39.69555556,99,422,381,186,763,53,254
"4908.11","NEF_GloFung-its2_803_2017",4.195166667,-52.14958333,11,338,326,231,670,46,323
"4928.2","NEF_GloFung-its2_809_2017",5.533333333,-53.56583333,148,536,363,189,522,47,366
"4920.3","NEF_GloFung-its2_807_2017",-13.56805556,-39.70694444,99,407,408,190,625,53,236
"4907.2","NEF_GloFung-its2_802_2017",-14.21777778,-39.96666667,98,330,506,188,476,56,197
"4898.8","NEF_GloFung-its2_796_2017",5.302186111,-53.04910278,12,445,293,189,630,47,364
"4954.3","NEF_GloFung-its2_811_2017",-13.58,-39.69555556,99,422,381,186,763,53,254
"4962.5","NEF_GloFung-its2_813_2017",-14.46805556,-39.10805556,98,384,364,173,405,51,273
"4904.11","NEF_GloFung-its2_801_2017",5.471666667,-53.57722222,148,438,418,186,673,45,241
"4901.7","NEF_GloFung-its2_798_2017",5.473611111,-53.58083333,148,398,399,195,618,44,246
"4901.8","NEF_GloFung-its2_798_2017",5.473611111,-53.58083333,148,398,399,195,618,44,246
"4910.1","NEF_GloFung-its2_804_2017",5.135519444,-53.04910278,12,394,327,203,709,45,346
"4904.12","NEF_GloFung-its2_801_2017",5.471666667,-53.57722222,148,438,418,186,673,45,241
"4904.13","NEF_GloFung-its2_801_2017",5.471666667,-53.57722222,148,438,418,186,673,45,241
"4904.14","NEF_GloFung-its2_801_2017",5.471666667,-53.57722222,148,438,418,186,673,45,241
"4962.6","NEF_GloFung-its2_813_2017",-14.46805556,-39.10805556,98,384,364,173,405,51,273
"4908.12","NEF_GloFung-its2_803_2017",4.195166667,-52.14958333,11,338,326,231,670,46,323
"4962.7","NEF_GloFung-its2_813_2017",-14.46805556,-39.10805556,98,384,364,173,405,51,273
"4901.9","NEF_GloFung-its2_798_2017",5.473611111,-53.58083333,148,398,399,195,618,44,246
"4903.9","NEF_GloFung-its2_800_2017",5.066388889,-52.68472222,12,487,304,235,635,46,391
"4904.15","NEF_GloFung-its2_801_2017",5.471666667,-53.57722222,148,438,418,186,673,45,241
"4922.5","NEF_GloFung-its2_808_2017",-15.24805556,-39.06805556,97,382,354,201,670,50,331
"4920.4","NEF_GloFung-its2_807_2017",-13.56805556,-39.70694444,99,407,408,190,625,53,236
"4954.4","NEF_GloFung-its2_811_2017",-13.58,-39.69555556,99,422,381,186,763,53,254
"4954.5","NEF_GloFung-its2_811_2017",-13.58,-39.69555556,99,422,381,186,763,53,254
"4904.16","NEF_GloFung-its2_801_2017",5.471666667,-53.57722222,148,438,418,186,673,45,241
"4903.10","NEF_GloFung-its2_800_2017",5.066388889,-52.68472222,12,487,304,235,635,46,391
"4920.5","NEF_GloFung-its2_807_2017",-13.56805556,-39.70694444,99,407,408,190,625,53,236
"4903.11","NEF_GloFung-its2_800_2017",5.066388889,-52.68472222,12,487,304,235,635,46,391
"4912.5","NEF_GloFung-its2_805_2017",-14.46805556,-39.06805556,98,339,374,175,447,51,296
"4901.10","NEF_GloFung-its2_798_2017",5.473611111,-53.58083333,148,398,399,195,618,44,246
"4920.6","NEF_GloFung-its2_807_2017",-13.56805556,-39.70694444,99,407,408,190,625,53,236
"4902.5","NEF_GloFung-its2_799_2017",5.28,-52.91793333,12,428,328,175,599,48,337
"4902.6","NEF_GloFung-its2_799_2017",5.28,-52.91793333,12,428,328,175,599,48,337
"4908.13","NEF_GloFung-its2_803_2017",4.195166667,-52.14958333,11,338,326,231,670,46,323
"5015","NEF_GloFung-its2_814_2017",4.550591667,-52.02464167,11,542,227,268,781,46,429
"4957.1","NEF_GloFung-its2_812_2017",5.745861111,-53.93527778,148,0,0,0,0,0,0
"4903.12","NEF_GloFung-its2_800_2017",5.066388889,-52.68472222,12,487,304,235,635,46,391
"4902.7","NEF_GloFung-its2_799_2017",5.28,-52.91793333,12,428,328,175,599,48,337
"4920.7","NEF_GloFung-its2_807_2017",-13.56805556,-39.70694444,99,407,408,190,625,53,236
"4904.17","NEF_GloFung-its2_801_2017",5.471666667,-53.57722222,148,438,418,186,673,45,241
"4904.18","NEF_GloFung-its2_801_2017",5.471666667,-53.57722222,148,438,418,186,673,45,241
"4903.13","NEF_GloFung-its2_800_2017",5.066388889,-52.68472222,12,487,304,235,635,46,391
"4920.8","NEF_GloFung-its2_807_2017",-13.56805556,-39.70694444,99,407,408,190,625,53,236
"5024","NEF_GloFung-its2_815_2017",4.80627,-52.17409,11,631,277,298,835,50,398
"4901.11","NEF_GloFung-its2_798_2017",5.473611111,-53.58083333,148,398,399,195,618,44,246
"4920.9","NEF_GloFung-its2_807_2017",-13.56805556,-39.70694444,99,407,408,190,625,53,236
"4954.6","NEF_GloFung-its2_811_2017",-13.58,-39.69555556,99,422,381,186,763,53,254
"4908.14","NEF_GloFung-its2_803_2017",4.195166667,-52.14958333,11,338,326,231,670,46,323
"4898.9","NEF_GloFung-its2_796_2017",5.302186111,-53.04910278,12,445,293,189,630,47,364
"4898.10","NEF_GloFung-its2_796_2017",5.302186111,-53.04910278,12,445,293,189,630,47,364
"4912.6","NEF_GloFung-its2_805_2017",-14.46805556,-39.06805556,98,339,374,175,447,51,296
"4922.6","NEF_GloFung-its2_808_2017",-15.24805556,-39.06805556,97,382,354,201,670,50,331
"4901.12","NEF_GloFung-its2_798_2017",5.473611111,-53.58083333,148,398,399,195,618,44,246
"4922.7","NEF_GloFung-its2_808_2017",-15.24805556,-39.06805556,97,382,354,201,670,50,331
"4901.13","NEF_GloFung-its2_798_2017",5.473611111,-53.58083333,148,398,399,195,618,44,246
"4920.10","NEF_GloFung-its2_807_2017",-13.56805556,-39.70694444,99,407,408,190,625,53,236
"4922.8","NEF_GloFung-its2_808_2017",-15.24805556,-39.06805556,97,382,354,201,670,50,331
"5088","NEF_GloFung-its2_678_2015",22.352438,-102.455579,14,219,515,271,208,67,274
"5090","NEF_GloFung-its2_827_2015",10.002322,-69.648175,144,162,363,190,205,68,309
"5088.1","NEF_GloFung-its2_678_2015",22.352438,-102.455579,14,219,515,271,208,67,274
"5096","NEF_GloFung-its2_677_2015",9.666497,-69.946911,144,243,354,184,315,62,336
"5102","NEF_GloFung-its2_672_2015",22.644511,-100.420636,138,301,425,206,412,69,305
"5103","NEF_GloFung-its2_830_2015",9.767953,-69.8208,144,211,335,188,244,65,335
"5102.1","NEF_GloFung-its2_672_2015",22.644511,-100.420636,138,301,425,206,412,69,305
"5090.1","NEF_GloFung-its2_827_2015",10.002322,-69.648175,144,162,363,190,205,68,309
"5096.1","NEF_GloFung-its2_677_2015",9.666497,-69.946911,144,243,354,184,315,62,336
"5103.1","NEF_GloFung-its2_830_2015",9.767953,-69.8208,144,211,335,188,244,65,335
"5175","NEF_GloFung-its2_841_2016",-16.2245,-67.67655556,150,405,380,196,457,54,356
"5176","NEF_GloFung-its2_842_2016",-16.11404167,-67.1997,150,404,443,176,540,55,271
"5177","NEF_GloFung-its2_843_2016",-16.121915,-67.71937,150,364,370,154,602,53,434
"5178","NEF_GloFung-its2_844_2016",-16.29055556,-67.86944444,150,584,403,283,862,56,311
"5179","NEF_GloFung-its2_845_2016",-16.24402778,-67.66419444,150,478,395,178,743,52,329
"5180","NEF_GloFung-its2_846_2016",-16.25494444,-67.69822222,150,488,408,190,622,52,303
"5181","NEF_GloFung-its2_847_2016",-16.28419444,-67.57266667,150,390,430,206,619,55,314
"5182","NEF_GloFung-its2_848_2016",-16.47205556,-67.44008333,150,363,397,167,438,56,298
"5183","NEF_GloFung-its2_849_2016",-16.27611111,-68.6333333,151,0,0,0,0,0,0
"5184","NEF_GloFung-its2_850_2016",-16.38099444,-67.51694722,150,347,402,185,565,55,328
"5185","NEF_GloFung-its2_851_2016",-16.28875,-67.569,150,472,378,186,508,54,342
"5186","NEF_GloFung-its2_852_2016",-16.76069444,-67.20977778,150,289,396,200,413,58,301
"5187","NEF_GloFung-its2_853_2016",-16.25436111,-67.6975,150,488,408,190,622,52,303
"5188","NEF_GloFung-its2_854_2016",-16.131915,-67.71937,150,385,364,181,521,53,402
"5189","NEF_GloFung-its2_855_2016",-17.8491667,-67.22097222,27,174,514,172,189,70,274
"5190","NEF_GloFung-its2_856_2016",-16.28055556,-67.87944444,150,528,414,282,930,57,296
"5191","NEF_GloFung-its2_857_2016",-16.43338889,-67.46844444,150,333,399,180,489,54,322
"5192","NEF_GloFung-its2_858_2016",-16.75069444,-67.20977778,150,348,393,190,474,59,299
"5193","NEF_GloFung-its2_859_2016",-16.75330556,-67.22875,150,451,379,191,525,57,332
"5194","NEF_GloFung-its2_860_2016",-16.40288889,-67.47805556,150,435,412,163,494,55,307
"5195","NEF_GloFung-its2_861_2016",-16.42875,-67.46738889,150,439,400,168,489,55,322
